date,temperature_2m_k,total_precip_m_day,snow_depth_m_we
2016-01-01,248.23,0.0,0.3183
2016-01-02,254.23,0.0,0.1811
2016-01-03,254.47,0.003861,0.3092
2016-01-04,255.7,0.000494,0.2505
2016-01-05,253.23,0.001066,0.2492
2016-01-06,253.66,0.0,0.3314
2016-01-07,252.04,0.0,0.538
2016-01-08,252.6,0.0,0.2875
2016-01-09,254.05,0.000294,0.5036
2016-01-10,256.78,0.0,0.3651
2016-01-11,256.17,0.0,0.2584
2016-01-12,252.36,0.0,0.4627
2016-01-13,252.24,0.0,0.4012
2016-01-14,253.76,0.0,0.5333
2016-01-15,255.36,0.0,0.3154
2016-01-16,256.02,0.000641,0.379
2016-01-17,256.21,0.000405,0.4689
2016-01-18,254.13,0.0,0.5444
2016-01-19,256.29,0.0,0.4262
2016-01-20,255.68,0.000155,0.3423
2016-01-21,254.67,0.0,0.2129
2016-01-22,254.34,0.0,0.4494
2016-01-23,257.26,0.0,0.4942
2016-01-24,253.84,0.0,0.3959
2016-01-25,252.95,0.0,0.631
2016-01-26,255.12,0.0,0.6516
2016-01-27,252.93,0.0,0.2997
2016-01-28,254.94,0.0,0.3278
2016-01-29,255.93,0.0,0.4816
2016-01-30,256.71,0.0,0.3921
2016-01-31,256.57,0.0,0.3962
2016-02-01,256.92,0.0,0.5662
2016-02-02,255.53,0.0,0.3348
2016-02-03,255.5,0.000738,0.5982
2016-02-04,257.56,0.0,0.2914
2016-02-05,255.4,0.000699,0.6246
2016-02-06,255.36,0.000244,0.5623
2016-02-07,256.75,0.0,0.516
2016-02-08,254.77,0.0,0.5083
2016-02-09,259.07,0.0,0.4167
2016-02-10,257.95,0.0,0.4965
2016-02-11,255.16,0.0,0.2737
2016-02-12,256.26,0.0,0.3996
2016-02-13,259.8,0.0,0.4968
2016-02-14,255.07,0.0,0.2462
2016-02-15,257.69,0.0,0.4097
2016-02-16,258.93,0.0,0.2887
2016-02-17,260.18,0.0,0.4974
2016-02-18,258.92,0.000356,0.6449
2016-02-19,259.37,0.0,0.593
2016-02-20,262.11,0.0,0.5663
2016-02-21,260.55,0.0,0.4165
2016-02-22,258.98,0.0,0.5048
2016-02-23,261.8,0.0,0.5502
2016-02-24,258.81,0.0,0.5093
2016-02-25,258.34,0.000472,0.2324
2016-02-26,260.39,0.0,0.433
2016-02-27,261.49,0.0,0.0708
2016-02-28,258.68,0.000371,0.5415
2016-02-29,263.32,0.0,0.4863
2016-03-01,259.96,0.0,0.241
2016-03-02,261.22,0.0,0.6025
2016-03-03,261.26,0.0,0.5056
2016-03-04,263.39,0.000419,0.4245
2016-03-05,262.02,0.0,0.4763
2016-03-06,264.64,0.0,0.4816
2016-03-07,258.88,0.0,0.4397
2016-03-08,266.57,0.000314,0.4197
2016-03-09,261.61,0.0,0.5461
2016-03-10,261.13,0.0,0.4976
2016-03-11,265.99,0.0,0.4268
2016-03-12,261.86,0.0,0.6737
2016-03-13,261.0,0.0,0.4821
2016-03-14,262.75,0.0,0.5309
2016-03-15,265.45,0.0,0.2361
2016-03-16,264.83,0.0,0.3227
2016-03-17,265.54,0.0,0.6594
2016-03-18,265.88,0.0,0.7911
2016-03-19,264.82,0.0,0.5816
2016-03-20,264.18,0.0,0.2725
2016-03-21,264.83,0.000566,0.322
2016-03-22,266.64,0.0,0.6214
2016-03-23,266.69,0.0,0.1521
2016-03-24,267.12,0.0,0.4972
2016-03-25,267.16,0.0,0.5508
2016-03-26,267.13,0.0,0.5805
2016-03-27,269.53,0.0,0.2975
2016-03-28,267.42,0.0,0.5506
2016-03-29,265.98,0.0,0.3673
2016-03-30,269.65,0.0,0.4991
2016-03-31,265.97,0.0,0.3723
2016-04-01,266.32,0.000989,0.46
2016-04-02,267.86,0.0,0.3826
2016-04-03,266.68,0.0,0.5393
2016-04-04,269.26,0.001352,0.6028
2016-04-05,268.86,0.0,0.325
2016-04-06,267.07,0.000437,0.5416
2016-04-07,267.78,0.0,0.4312
2016-04-08,270.25,0.0,0.3329
2016-04-09,269.34,0.0,0.4126
2016-04-10,268.03,0.0,0.4604
2016-04-11,270.7,0.000228,0.429
2016-04-12,271.44,0.0,0.2876
2016-04-13,268.49,0.0,0.6069
2016-04-14,269.58,0.0,0.1266
2016-04-15,271.5,0.000123,0.2913
2016-04-16,270.65,0.0,0.2262
2016-04-17,270.27,0.0,0.2274
2016-04-18,270.37,0.0,0.3392
2016-04-19,271.77,0.0,0.6748
2016-04-20,270.19,0.0,0.5012
2016-04-21,269.9,0.0,0.4144
2016-04-22,272.98,0.0,0.634
2016-04-23,274.14,0.0,0.6459
2016-04-24,273.93,0.0,0.3698
2016-04-25,269.86,0.00133,0.4465
2016-04-26,271.71,0.0,0.4121
2016-04-27,269.91,0.0,0.4019
2016-04-28,273.3,0.0,0.5568
2016-04-29,271.33,0.0,0.3858
2016-04-30,275.41,0.001692,0.3932
2016-05-01,273.43,0.0,0.0623
2016-05-02,269.69,0.0,0.0105
2016-05-03,274.96,0.0,0.0
2016-05-04,272.9,0.0,0.0104
2016-05-05,275.3,0.0,0.0477
2016-05-06,273.27,0.0,0.0773
2016-05-07,272.57,0.000904,0.0692
2016-05-08,273.4,0.0,0.0288
2016-05-09,274.18,0.0,0.0
2016-05-10,274.1,0.0,0.0
2016-05-11,273.94,0.0,0.0074
2016-05-12,271.26,0.000721,0.0046
2016-05-13,276.65,0.0,0.0365
2016-05-14,274.99,0.0,0.1189
2016-05-15,273.42,0.0,0.0328
2016-05-16,273.09,0.001226,0.0273
2016-05-17,275.3,0.0,0.0
2016-05-18,273.07,0.0,0.0
2016-05-19,279.6,0.0,0.1213
2016-05-20,274.34,0.0,0.0108
2016-05-21,276.28,0.0,0.0787
2016-05-22,273.07,0.0,0.0764
2016-05-23,276.51,0.0,0.0
2016-05-24,276.0,0.0,0.0634
2016-05-25,277.23,0.0,0.0
2016-05-26,276.74,0.0,0.0186
2016-05-27,273.33,0.000377,0.0151
2016-05-28,276.84,0.0,0.0008
2016-05-29,275.26,0.0,0.0041
2016-05-30,276.35,0.0,0.0358
2016-05-31,276.23,0.0,0.0453
2016-06-01,275.96,0.0,0.0
2016-06-02,277.12,0.007637,0.0773
2016-06-03,277.41,0.0,0.0573
2016-06-04,271.43,0.001297,0.0568
2016-06-05,278.12,0.0,0.0466
2016-06-06,280.07,0.005589,0.006
2016-06-07,274.91,0.0,0.0247
2016-06-08,275.72,0.001114,0.0772
2016-06-09,278.32,0.0,0.0629
2016-06-10,276.83,0.0,0.0028
2016-06-11,275.95,0.0,0.0027
2016-06-12,276.28,0.018422,0.0553
2016-06-13,276.99,0.039644,0.0993
2016-06-14,277.37,0.00384,0.1154
2016-06-15,274.78,0.0044,0.0434
2016-06-16,277.19,0.006254,0.0713
2016-06-17,278.99,0.00993,0.0413
2016-06-18,278.7,0.043233,0.0646
2016-06-19,275.15,0.0,0.034
2016-06-20,274.84,0.0,0.0087
2016-06-21,279.66,0.037639,0.0041
2016-06-22,278.03,0.004884,0.0966
2016-06-23,275.48,0.0,0.0181
2016-06-24,279.22,0.005191,0.0462
2016-06-25,274.41,0.0,0.1344
2016-06-26,276.22,0.00691,0.0549
2016-06-27,278.49,0.0,0.0728
2016-06-28,275.26,0.011854,0.0957
2016-06-29,277.06,0.060527,0.0036
2016-06-30,273.32,0.006151,0.0178
2016-07-01,276.42,0.04151,0.0036
2016-07-02,276.48,0.217163,0.0391
2016-07-03,279.61,0.0,0.0873
2016-07-04,275.63,0.013725,0.1037
2016-07-05,277.45,0.123837,0.0216
2016-07-06,275.94,0.034629,0.0435
2016-07-07,274.01,0.000454,0.0854
2016-07-08,275.58,0.022071,0.0
2016-07-09,274.3,0.009954,0.0414
2016-07-10,277.7,0.000253,0.0293
2016-07-11,276.1,0.0,0.0795
2016-07-12,274.97,0.0,0.0564
2016-07-13,278.67,0.0,0.0866
2016-07-14,275.02,0.013485,0.0163
2016-07-15,276.54,0.011881,0.0719
2016-07-16,279.19,0.073685,0.0505
2016-07-17,277.0,0.011359,0.0049
2016-07-18,276.01,0.001641,0.0228
2016-07-19,272.38,0.001414,0.0244
2016-07-20,274.22,0.053245,0.1195
2016-07-21,274.89,0.017878,0.1024
2016-07-22,275.45,0.0,0.0594
2016-07-23,275.43,0.025826,0.0999
2016-07-24,275.32,0.0,0.0588
2016-07-25,272.62,0.002226,0.0747
2016-07-26,274.44,0.009699,0.0569
2016-07-27,275.21,0.029928,0.0
2016-07-28,271.68,0.0,0.0606
2016-07-29,274.7,0.0,0.0664
2016-07-30,273.38,0.028747,0.0596
2016-07-31,273.9,0.008535,0.0253
2016-08-01,272.79,0.009039,0.0496
2016-08-02,275.2,0.0,0.0144
2016-08-03,271.74,0.021529,0.0625
2016-08-04,277.04,0.003167,0.0215
2016-08-05,276.06,0.015473,0.1271
2016-08-06,273.46,0.005775,0.1288
2016-08-07,271.39,0.000533,0.067
2016-08-08,271.12,0.00259,0.057
2016-08-09,273.32,0.012166,0.0457
2016-08-10,270.34,0.010033,0.1143
2016-08-11,271.78,0.004551,0.0697
2016-08-12,273.7,0.003956,0.121
2016-08-13,273.16,0.057967,0.0624
2016-08-14,271.24,0.002403,0.0
2016-08-15,271.27,0.016624,0.1003
2016-08-16,275.92,0.00358,0.0613
2016-08-17,272.6,0.01778,0.0
2016-08-18,270.84,0.00045,0.0844
2016-08-19,267.65,0.027078,0.0658
2016-08-20,270.48,0.000219,0.0647
2016-08-21,270.07,0.0,0.0837
2016-08-22,268.75,0.0,0.0708
2016-08-23,270.96,0.010422,0.0334
2016-08-24,274.33,0.041407,0.0523
2016-08-25,272.7,0.000222,0.1674
2016-08-26,272.47,0.0,0.0548
2016-08-27,272.23,0.009238,0.0732
2016-08-28,270.96,0.0,0.0
2016-08-29,269.35,0.029868,0.0829
2016-08-30,272.24,0.0,0.0624
2016-08-31,267.12,0.003972,0.0765
2016-09-01,268.55,0.006548,0.0583
2016-09-02,269.51,0.001661,0.0928
2016-09-03,268.51,0.029953,0.0441
2016-09-04,268.48,0.0,0.1341
2016-09-05,269.27,0.006849,0.0362
2016-09-06,268.51,0.004732,0.0207
2016-09-07,268.93,0.208865,0.0477
2016-09-08,269.46,0.0,0.0975
2016-09-09,266.73,0.013601,0.0715
2016-09-10,266.46,0.001337,0.1246
2016-09-11,264.43,0.008625,0.0866
2016-09-12,267.8,0.001296,0.025
2016-09-13,266.06,0.025056,0.0035
2016-09-14,266.0,0.000242,0.0
2016-09-15,264.99,0.0,0.0
2016-09-16,266.88,0.016588,0.0561
2016-09-17,266.21,0.0,0.0938
2016-09-18,266.45,0.000522,0.0709
2016-09-19,263.16,0.0,0.0102
2016-09-20,263.7,0.001056,0.0357
2016-09-21,266.2,0.0,0.0353
2016-09-22,265.35,0.010735,0.0954
2016-09-23,261.19,0.003351,0.0458
2016-09-24,262.39,0.005303,0.0
2016-09-25,264.86,0.043404,0.0
2016-09-26,263.1,0.005489,0.1001
2016-09-27,265.07,0.0,0.048
2016-09-28,264.43,0.005959,0.0
2016-09-29,265.53,0.0,0.1048
2016-09-30,264.48,0.003184,0.0311
2016-10-01,261.8,0.0,0.1003
2016-10-02,262.52,0.000583,0.0
2016-10-03,261.64,0.0,0.0671
2016-10-04,262.39,0.0,0.0092
2016-10-05,261.07,0.000667,0.056
2016-10-06,262.77,0.0,0.0419
2016-10-07,260.24,0.0,0.1138
2016-10-08,260.23,0.0,0.0902
2016-10-09,263.06,0.0,0.0244
2016-10-10,261.51,0.0,0.0387
2016-10-11,260.99,0.0,0.0265
2016-10-12,260.27,0.0,0.0608
2016-10-13,256.72,0.0,0.0796
2016-10-14,261.1,0.000779,0.0738
2016-10-15,260.18,0.0,0.0402
2016-10-16,261.53,0.0,0.0416
2016-10-17,261.15,0.0,0.115
2016-10-18,256.38,0.0,0.1087
2016-10-19,256.29,0.0,0.0177
2016-10-20,259.01,0.0,0.0271
2016-10-21,258.02,0.001529,0.0
2016-10-22,260.46,0.000702,0.0476
2016-10-23,259.89,0.0,0.0574
2016-10-24,256.67,0.0,0.0
2016-10-25,259.51,0.0,0.0781
2016-10-26,257.21,0.0,0.0609
2016-10-27,257.76,0.000728,0.0
2016-10-28,254.05,0.000221,0.0855
2016-10-29,258.39,0.000724,0.0239
2016-10-30,255.92,0.0,0.0715
2016-10-31,254.8,0.0,0.0494
2016-11-01,260.49,0.0,0.6523
2016-11-02,256.38,0.0,0.5213
2016-11-03,256.28,0.0,0.5277
2016-11-04,253.06,0.0,0.4392
2016-11-05,255.89,0.000295,0.5486
2016-11-06,257.85,0.0,0.3435
2016-11-07,255.44,0.002043,0.664
2016-11-08,257.61,0.0,0.5094
2016-11-09,255.01,0.0,0.3232
2016-11-10,255.36,0.0,0.3824
2016-11-11,256.08,0.0,0.5314
2016-11-12,254.13,0.0,0.463
2016-11-13,254.69,0.001091,0.4414
2016-11-14,256.36,0.0,0.45
2016-11-15,254.73,0.0,0.7348
2016-11-16,258.64,0.0,0.3557
2016-11-17,255.42,0.002633,0.4731
2016-11-18,256.49,0.0,0.4524
2016-11-19,255.51,0.0,0.5023
2016-11-20,253.71,0.000824,0.3473
2016-11-21,252.3,0.0,0.4723
2016-11-22,255.01,0.0,0.2646
2016-11-23,255.45,0.0,0.3593
2016-11-24,252.34,0.0,0.4453
2016-11-25,252.43,0.0,0.6122
2016-11-26,250.42,0.0,0.4844
2016-11-27,255.48,0.0,0.4678
2016-11-28,252.56,0.0,0.3565
2016-11-29,255.03,0.0,0.5303
2016-11-30,249.69,0.001608,0.2917
2016-12-01,251.93,0.0,0.5822
2016-12-02,249.51,0.0,0.2736
2016-12-03,254.48,0.000241,0.4417
2016-12-04,251.82,0.0,0.2624
2016-12-05,252.56,0.000398,0.6129
2016-12-06,255.19,0.00057,0.341
2016-12-07,251.5,0.0,0.4869
2016-12-08,251.3,0.0,0.5759
2016-12-09,253.88,0.000307,0.6223
2016-12-10,250.82,0.0,0.1455
2016-12-11,254.48,0.0,0.5059
2016-12-12,251.75,0.0,0.3017
2016-12-13,249.47,0.000422,0.4287
2016-12-14,253.54,0.0,0.474
2016-12-15,251.35,0.0,0.4166
2016-12-16,254.03,0.0,0.3756
2016-12-17,253.3,0.0,0.3619
2016-12-18,254.15,0.0,0.6607
2016-12-19,249.02,0.0,0.5026
2016-12-20,252.63,0.0,0.3434
2016-12-21,256.2,0.0,0.6906
2016-12-22,250.82,0.000379,0.3516
2016-12-23,252.29,0.000649,0.479
2016-12-24,254.84,0.000448,0.3313
2016-12-25,254.85,0.0,0.3987
2016-12-26,257.15,0.000463,0.3955
2016-12-27,250.31,0.001576,0.1499
2016-12-28,252.35,0.00087,0.6511
2016-12-29,252.96,0.0,0.5381
2016-12-30,253.42,0.000503,0.5084
2016-12-31,254.15,0.0,0.483
2017-01-01,250.46,0.0,0.4386
2017-01-02,255.88,0.0,0.301
2017-01-03,253.9,0.0,0.3861
2017-01-04,255.56,0.000601,0.4432
2017-01-05,249.63,0.0,0.3583
2017-01-06,253.87,0.0,0.5367
2017-01-07,254.61,0.00051,0.2843
2017-01-08,251.9,0.0,0.4388
2017-01-09,252.97,0.0,0.5031
2017-01-10,250.77,0.0,0.4655
2017-01-11,252.04,0.0,0.3066
2017-01-12,254.97,0.0,0.1686
2017-01-13,252.74,0.001262,0.2944
2017-01-14,252.43,0.0,0.4682
2017-01-15,256.72,0.0,0.4364
2017-01-16,255.6,8.5e-05,0.4606
2017-01-17,250.13,0.0,0.4402
2017-01-18,252.34,0.0,0.5605
2017-01-19,253.82,0.0,0.5655
2017-01-20,254.06,0.0,0.305
2017-01-21,254.05,0.0,0.4402
2017-01-22,254.93,0.0,0.5516
2017-01-23,254.19,0.0,0.4602
2017-01-24,254.9,0.0,0.5287
2017-01-25,254.92,0.0,0.3756
2017-01-26,255.59,0.0,0.5322
2017-01-27,256.43,0.0,0.3977
2017-01-28,253.89,0.0,0.5471
2017-01-29,258.39,0.0,0.5389
2017-01-30,253.66,0.0,0.5007
2017-01-31,257.46,0.0,0.4243
2017-02-01,257.36,0.0,0.4217
2017-02-02,255.63,0.0,0.4129
2017-02-03,257.1,0.0,0.4785
2017-02-04,257.66,0.0,0.3929
2017-02-05,256.39,0.0,0.6409
2017-02-06,258.68,0.000578,0.5782
2017-02-07,255.07,0.0,0.2839
2017-02-08,256.15,0.0,0.4343
2017-02-09,258.21,0.0,0.5003
2017-02-10,257.07,0.0,0.3163
2017-02-11,257.02,0.0,0.489
2017-02-12,255.83,0.0,0.2931
2017-02-13,259.57,0.0,0.5687
2017-02-14,259.62,0.001063,0.6071
2017-02-15,260.08,0.0,0.668
2017-02-16,258.85,0.0,0.4726
2017-02-17,259.41,0.0,0.1682
2017-02-18,261.43,0.0,0.2009
2017-02-19,261.2,0.0,0.3981
2017-02-20,260.24,0.0,0.414
2017-02-21,259.25,0.0,0.5809
2017-02-22,258.17,0.0,0.404
2017-02-23,261.04,0.000775,0.3121
2017-02-24,259.65,0.000352,0.3208
2017-02-25,259.11,0.0,0.4683
2017-02-26,261.31,0.0,0.4092
2017-02-27,259.61,0.0,0.6307
2017-02-28,261.76,0.00041,0.511
2017-03-01,258.92,0.000255,0.4389
2017-03-02,259.53,0.0,0.225
2017-03-03,260.15,0.0,0.481
2017-03-04,258.71,0.0,0.182
2017-03-05,263.53,0.0,0.4926
2017-03-06,260.18,0.0,0.4305
2017-03-07,262.32,0.0,0.586
2017-03-08,265.27,0.0,0.2492
2017-03-09,262.15,0.000476,0.5478
2017-03-10,264.17,0.0,0.7386
2017-03-11,263.06,0.0,0.595
2017-03-12,263.69,0.002432,0.5179
2017-03-13,262.3,0.0,0.4221
2017-03-14,262.49,0.000277,0.5761
2017-03-15,262.89,0.0,0.5313
2017-03-16,263.46,0.0,0.2634
2017-03-17,260.68,0.0,0.4241
2017-03-18,265.27,0.0,0.6336
2017-03-19,266.7,0.000674,0.3058
2017-03-20,265.24,0.000314,0.6106
2017-03-21,266.31,0.001058,0.5173
2017-03-22,265.34,0.0,0.4734
2017-03-23,263.01,0.0,0.4307
2017-03-24,267.22,0.000374,0.5339
2017-03-25,267.02,0.0,0.4165
2017-03-26,267.82,0.000312,0.4682
2017-03-27,262.55,0.0,0.5097
2017-03-28,267.65,0.0,0.4702
2017-03-29,265.57,0.0,0.4435
2017-03-30,268.84,0.0,0.5167
2017-03-31,266.47,0.0,0.3838
2017-04-01,264.42,0.000341,0.4149
2017-04-02,264.03,0.0,0.3343
2017-04-03,268.48,0.0,0.6311
2017-04-04,271.7,0.0,0.3945
2017-04-05,267.99,0.0,0.3834
2017-04-06,266.31,0.0,0.329
2017-04-07,270.47,0.0,0.292
2017-04-08,270.82,6.8e-05,0.5506
2017-04-09,268.9,0.0,0.3451
2017-04-10,268.06,0.0,0.3957
2017-04-11,267.67,0.0,0.3246
2017-04-12,267.01,0.0,0.3202
2017-04-13,266.65,0.0,0.4308
2017-04-14,270.64,0.0,0.4273
2017-04-15,270.35,0.0,0.457
2017-04-16,267.64,0.0,0.3331
2017-04-17,271.34,0.001327,0.6296
2017-04-18,269.17,0.0,0.5823
2017-04-19,267.87,0.0,0.2173
2017-04-20,269.72,0.00115,0.2117
2017-04-21,273.63,0.0,0.4609
2017-04-22,268.33,0.0,0.5861
2017-04-23,270.22,0.0,0.6564
2017-04-24,272.49,0.0,0.5102
2017-04-25,267.96,0.0,0.3523
2017-04-26,276.02,0.0,0.3199
2017-04-27,270.89,0.0,0.2638
2017-04-28,273.62,0.00017,0.4922
2017-04-29,273.11,0.000819,0.4639
2017-04-30,273.36,0.0,0.4791
2017-05-01,270.79,0.0,0.034
2017-05-02,267.98,0.0,0.0466
2017-05-03,275.9,0.0,0.0569
2017-05-04,274.85,0.0,0.0288
2017-05-05,271.55,0.0,0.0785
2017-05-06,274.89,0.0,0.1078
2017-05-07,273.93,0.0,0.0135
2017-05-08,272.99,0.0,0.0518
2017-05-09,273.48,0.0,0.0713
2017-05-10,270.96,0.0,0.0392
2017-05-11,271.92,0.0,0.0019
2017-05-12,276.41,0.0,0.0
2017-05-13,273.06,0.0,0.0111
2017-05-14,273.2,0.0,0.1175
2017-05-15,274.69,0.0,0.0781
2017-05-16,274.96,0.0,0.0058
2017-05-17,272.68,0.0,0.0353
2017-05-18,276.11,0.0,0.0601
2017-05-19,274.81,0.000266,0.0
2017-05-20,278.98,0.0,0.0691
2017-05-21,275.03,0.000124,0.0331
2017-05-22,273.14,0.0,0.0415
2017-05-23,272.68,0.0,0.0482
2017-05-24,276.74,0.0,0.0445
2017-05-25,275.29,0.0,0.0
2017-05-26,272.88,0.0,0.0412
2017-05-27,282.01,0.0,0.0844
2017-05-28,273.83,0.0,0.0847
2017-05-29,276.09,0.0,0.078
2017-05-30,278.49,0.000473,0.0877
2017-05-31,273.24,0.0,0.0
2017-06-01,277.35,0.014407,0.054
2017-06-02,273.07,0.004809,0.0448
2017-06-03,275.0,0.0,0.0167
2017-06-04,276.23,0.006574,0.0155
2017-06-05,277.87,0.004762,0.0214
2017-06-06,280.69,0.0,0.1087
2017-06-07,278.75,0.003979,0.1121
2017-06-08,277.02,0.004682,0.0614
2017-06-09,276.07,0.0,0.0797
2017-06-10,275.1,0.0,0.0413
2017-06-11,277.56,0.026273,0.0836
2017-06-12,274.34,0.001068,0.05
2017-06-13,276.22,0.011241,0.0123
2017-06-14,273.62,0.018391,0.0
2017-06-15,274.57,0.02201,0.075
2017-06-16,278.26,0.002443,0.0284
2017-06-17,274.58,0.006403,0.0871
2017-06-18,274.85,0.031956,0.0334
2017-06-19,277.39,0.018126,0.0556
2017-06-20,276.03,0.006144,0.0336
2017-06-21,276.39,0.002985,0.0788
2017-06-22,277.02,0.009265,0.0127
2017-06-23,275.05,0.004599,0.0
2017-06-24,274.1,0.009869,0.0881
2017-06-25,276.09,0.000105,0.0164
2017-06-26,276.58,0.0,0.0136
2017-06-27,276.38,0.0,0.1184
2017-06-28,278.7,0.001271,0.0
2017-06-29,279.45,0.011219,0.0899
2017-06-30,278.92,0.018107,0.0663
2017-07-01,280.2,0.00182,0.0978
2017-07-02,277.62,0.004124,0.0265
2017-07-03,276.9,0.0,0.0473
2017-07-04,276.78,0.0,0.0756
2017-07-05,278.73,0.0,0.0773
2017-07-06,275.83,0.0,0.0502
2017-07-07,276.95,0.0,0.0682
2017-07-08,275.85,0.17028,0.052
2017-07-09,279.91,0.0,0.0052
2017-07-10,275.43,0.0,0.0079
2017-07-11,272.61,0.0,0.0524
2017-07-12,276.7,0.014273,0.0
2017-07-13,274.18,0.001569,0.0172
2017-07-14,277.31,0.001874,0.0798
2017-07-15,277.21,0.009779,0.0551
2017-07-16,277.66,0.0,0.0621
2017-07-17,275.54,0.0,0.0542
2017-07-18,277.94,0.0,0.1002
2017-07-19,272.94,0.0,0.0539
2017-07-20,275.98,0.0,0.047
2017-07-21,277.76,0.015581,0.0885
2017-07-22,274.74,0.004158,0.0693
2017-07-23,274.85,0.019613,0.1183
2017-07-24,273.71,0.015873,0.0454
2017-07-25,275.77,0.010354,0.0616
2017-07-26,275.24,0.0,0.1173
2017-07-27,278.49,0.0,0.0848
2017-07-28,273.44,0.004064,0.1425
2017-07-29,272.97,0.069734,0.0574
2017-07-30,272.96,0.004263,0.0797
2017-07-31,273.2,0.044454,0.037
2017-08-01,275.29,0.011382,0.0716
2017-08-02,270.58,0.030759,0.0305
2017-08-03,274.44,0.010298,0.0047
2017-08-04,272.63,0.028874,0.0494
2017-08-05,275.73,0.011389,0.0632
2017-08-06,270.94,0.0,0.066
2017-08-07,274.08,0.0,0.0708
2017-08-08,273.02,0.000651,0.0644
2017-08-09,272.13,0.0,0.0
2017-08-10,274.37,0.002817,0.0101
2017-08-11,272.87,0.00618,0.1037
2017-08-12,272.11,0.012165,0.0083
2017-08-13,271.1,0.020312,0.047
2017-08-14,275.45,0.000448,0.1017
2017-08-15,272.69,0.02081,0.0092
2017-08-16,269.52,0.017161,0.0976
2017-08-17,271.72,0.048769,0.0
2017-08-18,273.54,0.046793,0.0555
2017-08-19,274.31,0.005544,0.0
2017-08-20,274.21,0.019798,0.0
2017-08-21,272.06,0.003584,0.0
2017-08-22,270.93,0.018453,0.0351
2017-08-23,267.7,0.033187,0.0
2017-08-24,269.81,0.047402,0.0669
2017-08-25,269.56,0.000335,0.0208
2017-08-26,270.26,0.005861,0.0957
2017-08-27,268.58,0.001375,0.0
2017-08-28,272.66,0.030243,0.0394
2017-08-29,267.76,0.002952,0.0
2017-08-30,269.65,0.01222,0.0192
2017-08-31,270.03,0.0,0.0644
2017-09-01,268.38,0.0,0.0
2017-09-02,267.47,0.002769,0.0767
2017-09-03,267.61,0.008061,0.0831
2017-09-04,270.78,0.0,0.0
2017-09-05,265.03,0.021672,0.0217
2017-09-06,267.16,0.008594,0.0423
2017-09-07,268.22,0.020955,0.0521
2017-09-08,267.15,0.011839,0.0
2017-09-09,264.73,0.005139,0.0306
2017-09-10,263.45,0.003219,0.0
2017-09-11,265.38,0.0,0.0766
2017-09-12,266.82,0.0,0.0313
2017-09-13,263.23,0.043686,0.0246
2017-09-14,270.31,0.0,0.041
2017-09-15,266.41,0.030133,0.0444
2017-09-16,264.64,0.000479,0.0872
2017-09-17,265.0,0.011192,0.0849
2017-09-18,269.18,0.02762,0.0
2017-09-19,264.62,0.014909,0.0171
2017-09-20,267.71,0.012731,0.0202
2017-09-21,262.74,0.012948,0.0333
2017-09-22,263.16,0.0,0.0078
2017-09-23,264.11,0.0,0.1099
2017-09-24,260.33,0.000196,0.0593
2017-09-25,266.55,0.046541,0.0403
2017-09-26,264.09,0.013924,0.0885
2017-09-27,263.87,0.0,0.0208
2017-09-28,262.52,0.024387,0.0054
2017-09-29,263.64,0.021376,0.1176
2017-09-30,265.06,0.0,0.0953
2017-10-01,263.81,0.0,0.0253
2017-10-02,258.66,0.0,0.0551
2017-10-03,262.24,0.0,0.0736
2017-10-04,259.91,0.0,0.0697
2017-10-05,260.26,0.0,0.0427
2017-10-06,264.02,0.000431,0.0364
2017-10-07,259.11,0.000596,0.0866
2017-10-08,263.66,0.0,0.0811
2017-10-09,263.12,0.0,0.1144
2017-10-10,262.36,0.0,0.0
2017-10-11,261.97,0.0,0.0
2017-10-12,257.44,0.0,0.0843
2017-10-13,257.67,0.0,0.0348
2017-10-14,260.82,0.0,0.063
2017-10-15,262.01,0.002016,0.0
2017-10-16,262.88,0.0,0.0122
2017-10-17,261.66,0.0,0.0794
2017-10-18,259.58,0.0,0.0874
2017-10-19,258.0,0.0,0.0671
2017-10-20,258.66,0.0,0.0511
2017-10-21,260.04,0.0,0.0546
2017-10-22,256.74,0.0,0.0202
2017-10-23,258.45,0.0,0.0914
2017-10-24,257.84,0.001227,0.0039
2017-10-25,254.53,0.0,0.0301
2017-10-26,257.29,0.0,0.0278
2017-10-27,257.5,0.0,0.0589
2017-10-28,257.43,0.0,0.0929
2017-10-29,260.22,0.0,0.0466
2017-10-30,254.75,0.0,0.044
2017-10-31,258.48,0.0,0.075
2017-11-01,255.27,0.001515,0.4445
2017-11-02,259.47,0.0,0.5931
2017-11-03,256.78,0.000331,0.2505
2017-11-04,256.84,0.0,0.7196
2017-11-05,254.31,0.0,0.2189
2017-11-06,256.13,0.000646,0.4317
2017-11-07,258.41,0.0,0.6278
2017-11-08,256.33,0.0,0.2954
2017-11-09,258.11,0.000466,0.4232
2017-11-10,255.14,0.0,0.264
2017-11-11,255.03,0.0,0.6036
2017-11-12,257.55,0.0,0.4519
2017-11-13,255.84,0.0,0.4287
2017-11-14,254.08,0.0,0.6373
2017-11-15,256.67,0.0,0.322
2017-11-16,255.13,0.0,0.599
2017-11-17,255.64,0.000908,0.524
2017-11-18,254.51,0.0,0.5897
2017-11-19,256.08,0.0,0.5989
2017-11-20,259.38,0.0,0.4483
2017-11-21,254.86,0.0,0.5122
2017-11-22,252.74,0.0,0.3542
2017-11-23,253.1,0.000485,0.3537
2017-11-24,255.12,0.001293,0.332
2017-11-25,253.94,0.000381,0.3847
2017-11-26,255.87,0.0,0.3219
2017-11-27,257.44,0.0,0.3402
2017-11-28,254.97,0.0,0.7992
2017-11-29,251.49,0.0,0.6097
2017-11-30,257.07,0.000365,0.3086
2017-12-01,253.13,0.0,0.616
2017-12-02,253.05,0.0,0.7975
2017-12-03,253.18,0.0,0.4889
2017-12-04,255.87,0.0,0.431
2017-12-05,253.13,0.0,0.3573
2017-12-06,255.13,0.000837,0.5336
2017-12-07,251.91,0.0,0.4969
2017-12-08,250.38,0.0,0.4015
2017-12-09,253.34,0.001345,0.5044
2017-12-10,255.13,0.001249,0.4483
2017-12-11,253.52,0.0,0.481
2017-12-12,255.38,0.0,0.0877
2017-12-13,251.67,0.000867,0.5024
2017-12-14,250.42,0.000614,0.1426
2017-12-15,250.93,0.0,0.7217
2017-12-16,253.22,0.0,0.4172
2017-12-17,254.24,0.0,0.1785
2017-12-18,250.96,0.0,0.2777
2017-12-19,249.62,0.0,0.3912
2017-12-20,255.43,0.0,0.4116
2017-12-21,252.19,0.0,0.4736
2017-12-22,250.2,0.0,0.4535
2017-12-23,252.29,0.000455,0.2898
2017-12-24,253.76,0.0,0.4129
2017-12-25,254.6,0.0,0.4935
2017-12-26,254.88,0.0,0.2494
2017-12-27,252.56,0.0,0.555
2017-12-28,254.66,0.0,0.1908
2017-12-29,253.23,0.0,0.4502
2017-12-30,253.14,0.0,0.3234
2017-12-31,251.89,0.0,0.5237
2018-01-01,252.78,0.000649,0.247
2018-01-02,255.05,0.000238,0.5382
2018-01-03,251.46,0.001318,0.4669
2018-01-04,252.51,0.0,0.4666
2018-01-05,251.89,0.0,0.4459
2018-01-06,253.99,0.0,0.3556
2018-01-07,253.68,0.0,0.3458
2018-01-08,252.28,0.0,0.4642
2018-01-09,255.54,0.000192,0.4548
2018-01-10,253.78,0.0,0.5592
2018-01-11,252.88,0.0,0.6286
2018-01-12,250.75,0.0,0.4696
2018-01-13,254.85,0.0,0.4689
2018-01-14,255.09,0.0,0.6018
2018-01-15,255.73,0.0,0.5897
2018-01-16,252.85,0.0,0.3849
2018-01-17,251.67,0.0,0.2806
2018-01-18,250.78,0.0,0.524
2018-01-19,255.1,0.000853,0.398
2018-01-20,256.5,0.0,0.578
2018-01-21,257.63,0.0,0.4678
2018-01-22,254.82,0.0,0.3777
2018-01-23,253.02,0.0,0.2819
2018-01-24,254.02,0.0,0.4332
2018-01-25,257.39,0.000176,0.2571
2018-01-26,253.52,0.0,0.1154
2018-01-27,256.59,0.001337,0.6727
2018-01-28,254.39,0.0,0.4028
2018-01-29,255.01,0.000173,0.1853
2018-01-30,256.43,0.000357,0.4385
2018-01-31,256.04,0.0,0.4046
2018-02-01,256.68,0.0,0.5538
2018-02-02,257.68,0.0,0.3851
2018-02-03,255.02,0.0,0.4653
2018-02-04,255.27,0.0,0.4221
2018-02-05,258.95,6.7e-05,0.3391
2018-02-06,254.43,0.0,0.2902
2018-02-07,258.07,0.0,0.5244
2018-02-08,257.48,0.0,0.5423
2018-02-09,258.59,0.0,0.4332
2018-02-10,257.51,0.00015,0.2497
2018-02-11,253.93,0.0,0.3781
2018-02-12,260.22,0.0,0.5059
2018-02-13,259.91,0.0,0.3366
2018-02-14,256.27,0.000856,0.6566
2018-02-15,256.83,0.0,0.2053
2018-02-16,257.69,0.0,0.5629
2018-02-17,259.91,0.0,0.4927
2018-02-18,259.52,0.0,0.662
2018-02-19,255.21,0.001295,0.3288
2018-02-20,263.15,0.0,0.5717
2018-02-21,260.34,0.0,0.3812
2018-02-22,259.81,0.0,0.7104
2018-02-23,257.3,0.001826,0.3996
2018-02-24,257.29,0.0,0.4859
2018-02-25,261.85,0.0,0.6205
2018-02-26,261.95,0.0,0.5203
2018-02-27,262.76,0.0,0.5124
2018-02-28,260.48,0.0,0.3771
2018-03-01,263.2,0.001386,0.4383
2018-03-02,258.3,0.0,0.3345
2018-03-03,260.57,0.0,0.4141
2018-03-04,264.33,0.001541,0.4513
2018-03-05,262.71,0.000222,0.2591
2018-03-06,260.66,0.0,0.399
2018-03-07,263.49,0.0,0.6062
2018-03-08,262.13,0.0,0.3405
2018-03-09,262.04,0.0,0.2832
2018-03-10,262.15,0.0,0.4761
2018-03-11,264.31,0.0,0.5479
2018-03-12,263.16,0.000345,0.406
2018-03-13,261.76,0.0,0.4883
2018-03-14,263.94,0.0,0.5163
2018-03-15,263.93,0.0,0.5066
2018-03-16,264.52,0.000483,0.0985
2018-03-17,262.29,0.0,0.3859
2018-03-18,266.46,0.0,0.482
2018-03-19,263.55,0.0,0.5864
2018-03-20,265.17,0.0,0.6562
2018-03-21,266.72,0.0,0.3928
2018-03-22,267.09,0.0,0.566
2018-03-23,264.46,0.0,0.5673
2018-03-24,263.62,0.0,0.2311
2018-03-25,263.34,0.0,0.4444
2018-03-26,263.76,0.0,0.4445
2018-03-27,267.6,0.004071,0.3527
2018-03-28,266.3,4.8e-05,0.2954
2018-03-29,265.93,0.0,0.5584
2018-03-30,264.38,0.0,0.5392
2018-03-31,261.77,0.0,0.5092
2018-04-01,266.13,0.0,0.3959
2018-04-02,269.07,0.0,0.4013
2018-04-03,266.56,0.0,0.3186
2018-04-04,264.39,0.000347,0.2199
2018-04-05,268.31,0.000272,0.5457
2018-04-06,267.77,0.0,0.3428
2018-04-07,271.67,0.0,0.3896
2018-04-08,266.88,0.0,0.509
2018-04-09,266.15,0.0,0.476
2018-04-10,271.73,0.0,0.6545
2018-04-11,267.79,0.0,0.295
2018-04-12,264.67,0.0,0.4714
2018-04-13,269.97,0.0,0.4384
2018-04-14,272.77,0.0,0.3643
2018-04-15,270.37,0.000354,0.4632
2018-04-16,271.37,0.0,0.43
2018-04-17,270.72,0.000424,0.538
2018-04-18,270.3,0.0,0.5704
2018-04-19,271.79,0.0,0.3771
2018-04-20,272.61,0.0,0.5325
2018-04-21,267.38,0.0,0.4628
2018-04-22,270.85,0.0,0.3619
2018-04-23,271.37,0.0,0.3595
2018-04-24,273.35,0.001055,0.2686
2018-04-25,270.34,0.0,0.3477
2018-04-26,269.4,0.0,0.6484
2018-04-27,269.44,0.000691,0.4039
2018-04-28,275.13,0.0,0.3427
2018-04-29,275.86,0.0,0.2631
2018-04-30,272.5,0.0,0.6293
2018-05-01,273.95,0.0,0.0747
2018-05-02,272.43,0.0,0.0335
2018-05-03,272.69,0.0,0.0774
2018-05-04,271.4,0.0,0.0758
2018-05-05,269.15,0.0,0.0138
2018-05-06,272.65,0.0,0.0755
2018-05-07,273.41,0.0,0.0543
2018-05-08,273.68,0.0,0.0717
2018-05-09,274.63,0.0,0.0279
2018-05-10,271.47,0.000681,0.0401
2018-05-11,275.98,0.000363,0.1183
2018-05-12,275.08,0.0,0.0285
2018-05-13,274.61,0.0,0.1143
2018-05-14,276.66,0.0,0.0208
2018-05-15,275.51,0.0,0.0
2018-05-16,273.27,0.001424,0.0
2018-05-17,275.33,0.0,0.0206
2018-05-18,275.27,0.0,0.0407
2018-05-19,276.02,0.0,0.0721
2018-05-20,272.25,0.0,0.0907
2018-05-21,273.82,0.0,0.0487
2018-05-22,278.57,0.0,0.0
2018-05-23,278.74,0.0,0.0
2018-05-24,276.45,0.0,0.0237
2018-05-25,277.05,0.000126,0.0414
2018-05-26,275.49,0.0,0.0306
2018-05-27,280.58,0.0,0.0444
2018-05-28,273.82,0.0,0.0621
2018-05-29,274.16,0.0,0.0805
2018-05-30,276.76,0.0,0.0668
2018-05-31,273.59,0.0,0.0905
2018-06-01,277.75,0.000974,0.0
2018-06-02,278.42,0.0,0.097
2018-06-03,277.37,0.0,0.0924
2018-06-04,276.92,0.002754,0.0065
2018-06-05,274.77,0.006884,0.0065
2018-06-06,279.23,0.005264,0.134
2018-06-07,280.05,0.008276,0.119
2018-06-08,279.78,0.033216,0.0
2018-06-09,277.28,0.055853,0.0563
2018-06-10,276.52,0.0,0.0813
2018-06-11,279.47,0.0,0.0807
2018-06-12,278.67,0.012231,0.0125
2018-06-13,276.05,0.013834,0.023
2018-06-14,279.57,0.0,0.1187
2018-06-15,277.67,0.0,0.0361
2018-06-16,276.15,0.007543,0.0448
2018-06-17,275.19,0.04673,0.0
2018-06-18,276.77,0.0,0.0216
2018-06-19,277.02,0.004071,0.0195
2018-06-20,278.78,0.0,0.0744
2018-06-21,278.64,0.0,0.0783
2018-06-22,275.29,0.017428,0.1126
2018-06-23,276.91,0.005751,0.0205
2018-06-24,275.73,0.009674,0.0
2018-06-25,273.75,0.0,0.097
2018-06-26,276.8,0.005362,0.096
2018-06-27,277.41,0.010363,0.0601
2018-06-28,273.09,0.021268,0.0091
2018-06-29,275.94,0.014437,0.0466
2018-06-30,277.43,0.004515,0.0302
2018-07-01,278.01,0.012675,0.0073
2018-07-02,273.59,0.016992,0.052
2018-07-03,277.95,0.004664,0.028
2018-07-04,276.85,0.002598,0.0087
2018-07-05,275.98,0.0,0.046
2018-07-06,275.05,0.0,0.1102
2018-07-07,278.72,0.008203,0.0406
2018-07-08,278.28,0.005719,0.0238
2018-07-09,273.18,0.0,0.0378
2018-07-10,274.25,0.012787,0.0405
2018-07-11,276.84,0.000707,0.0634
2018-07-12,279.16,0.003108,0.0139
2018-07-13,276.37,0.015261,0.1129
2018-07-14,277.61,0.0,0.1234
2018-07-15,272.91,0.011141,0.0548
2018-07-16,272.51,0.008984,0.0299
2018-07-17,277.33,0.038021,0.0129
2018-07-18,275.3,0.015827,0.0702
2018-07-19,272.01,0.0,0.1067
2018-07-20,275.86,0.0,0.1496
2018-07-21,275.17,0.002649,0.0457
2018-07-22,273.6,0.006466,0.0434
2018-07-23,275.84,0.002651,0.0573
2018-07-24,273.81,0.0,0.0794
2018-07-25,276.71,0.000435,0.0955
2018-07-26,274.34,0.04281,0.0431
2018-07-27,271.86,0.005106,0.0033
2018-07-28,273.18,0.0,0.0695
2018-07-29,276.0,0.0,0.0247
2018-07-30,271.15,0.007449,0.0532
2018-07-31,271.74,0.011864,0.1006
2018-08-01,274.09,0.002996,0.0805
2018-08-02,274.77,0.0,0.0
2018-08-03,277.26,0.011982,0.0
2018-08-04,274.76,0.0,0.007
2018-08-05,271.1,0.007743,0.0653
2018-08-06,272.19,0.008831,0.0292
2018-08-07,273.37,0.008605,0.0531
2018-08-08,271.46,0.007829,0.0703
2018-08-09,272.39,0.001075,0.0
2018-08-10,270.45,0.0,0.0213
2018-08-11,269.37,0.017151,0.0355
2018-08-12,273.59,0.051175,0.0843
2018-08-13,271.3,0.013925,0.071
2018-08-14,272.66,0.131332,0.0588
2018-08-15,271.67,0.00702,0.0
2018-08-16,273.0,0.005043,0.0164
2018-08-17,269.18,0.033431,0.0268
2018-08-18,269.66,0.009577,0.0754
2018-08-19,270.69,0.005053,0.0314
2018-08-20,270.45,0.0,0.0148
2018-08-21,268.0,0.031712,0.0748
2018-08-22,272.03,0.005386,0.032
2018-08-23,269.14,0.035902,0.0827
2018-08-24,266.7,0.0,0.0428
2018-08-25,271.96,0.038817,0.0008
2018-08-26,275.01,0.029277,0.0942
2018-08-27,271.51,0.006317,0.0576
2018-08-28,270.62,0.0,0.0322
2018-08-29,269.57,0.01509,0.0432
2018-08-30,268.76,0.0,0.0208
2018-08-31,270.66,0.018069,0.0778
2018-09-01,268.66,0.0,0.0
2018-09-02,270.09,0.049649,0.0491
2018-09-03,265.1,0.0,0.0132
2018-09-04,271.35,0.028461,0.0425
2018-09-05,265.61,0.002021,0.0343
2018-09-06,266.08,0.0,0.0645
2018-09-07,265.63,0.0,0.0507
2018-09-08,271.24,0.009131,0.0
2018-09-09,265.2,0.0,0.0545
2018-09-10,267.96,0.003757,0.0612
2018-09-11,265.65,0.002403,0.0349
2018-09-12,263.78,0.004002,0.1135
2018-09-13,263.78,0.009642,0.0501
2018-09-14,266.06,0.003045,0.069
2018-09-15,264.64,0.01174,0.0
2018-09-16,263.76,0.0,0.075
2018-09-17,266.75,0.014709,0.0154
2018-09-18,265.55,0.01316,0.1077
2018-09-19,265.92,0.011979,0.0
2018-09-20,266.72,0.006522,0.0598
2018-09-21,267.98,0.027137,0.0251
2018-09-22,265.5,0.026699,0.0106
2018-09-23,265.64,0.0,0.0337
2018-09-24,264.92,0.014808,0.0787
2018-09-25,264.03,0.004137,0.0456
2018-09-26,265.86,0.0,0.0572
2018-09-27,264.44,0.011765,0.0491
2018-09-28,265.32,0.015213,0.0
2018-09-29,260.9,0.076392,0.0194
2018-09-30,262.78,0.0,0.0577
2018-10-01,263.14,0.0,0.0718
2018-10-02,263.26,0.0,0.0539
2018-10-03,261.49,0.002646,0.0873
2018-10-04,263.56,0.0,0.0552
2018-10-05,262.9,0.0,0.0525
2018-10-06,262.3,0.0,0.0819
2018-10-07,261.7,0.0,0.0314
2018-10-08,260.61,0.0,0.0338
2018-10-09,262.08,0.0,0.0359
2018-10-10,258.7,0.0,0.0189
2018-10-11,264.99,0.0,0.0332
2018-10-12,261.46,0.0,0.0573
2018-10-13,263.31,0.0,0.0843
2018-10-14,260.69,0.0,0.1057
2018-10-15,261.52,0.0,0.074
2018-10-16,264.48,0.0,0.068
2018-10-17,260.94,0.0,0.038
2018-10-18,259.26,0.0,0.0071
2018-10-19,260.22,0.0,0.0473
2018-10-20,263.06,0.0,0.0493
2018-10-21,259.76,0.0,0.0688
2018-10-22,259.12,0.003917,0.0852
2018-10-23,259.95,0.0,0.1111
2018-10-24,257.72,0.0,0.0875
2018-10-25,257.17,0.0,0.0604
2018-10-26,257.44,0.0,0.1059
2018-10-27,257.82,0.0,0.0215
2018-10-28,258.0,0.0,0.0905
2018-10-29,256.37,0.0,0.0921
2018-10-30,254.13,0.0,0.0
2018-10-31,254.54,0.0,0.0
2018-11-01,255.24,0.0,0.6273
2018-11-02,259.25,0.0,0.123
2018-11-03,254.74,0.0,0.5684
2018-11-04,255.34,0.0,0.3593
2018-11-05,253.81,0.0,0.5409
2018-11-06,256.5,0.0,0.462
2018-11-07,256.92,0.000196,0.5297
2018-11-08,255.86,0.0,0.4094
2018-11-09,256.53,0.0,0.4885
2018-11-10,255.48,0.0,0.4471
2018-11-11,254.33,0.000171,0.4999
2018-11-12,257.8,0.0,0.3831
2018-11-13,252.78,0.0,0.5873
2018-11-14,254.16,0.0,0.5719
2018-11-15,252.65,0.0,0.4956
2018-11-16,256.96,0.0,0.6739
2018-11-17,256.3,0.0,0.4037
2018-11-18,254.31,0.0,0.4469
2018-11-19,253.5,0.0,0.3756
2018-11-20,254.2,0.0,0.2591
2018-11-21,254.87,0.0,0.709
2018-11-22,258.49,0.000698,0.5892
2018-11-23,256.47,0.0,0.4017
2018-11-24,255.25,0.000784,0.2184
2018-11-25,253.38,0.0,0.4759
2018-11-26,253.33,0.0,0.4643
2018-11-27,256.62,0.001357,0.4991
2018-11-28,253.27,0.000436,0.745
2018-11-29,253.89,0.0,0.5416
2018-11-30,250.24,0.0,0.5265
2018-12-01,251.36,0.0,0.4947
2018-12-02,250.45,0.0,0.3742
2018-12-03,253.73,0.00059,0.5432
2018-12-04,254.75,0.003274,0.5144
2018-12-05,251.67,0.001343,0.4263
2018-12-06,251.4,0.0,0.6245
2018-12-07,253.38,0.000472,0.3899
2018-12-08,256.54,0.0,0.5652
2018-12-09,253.9,0.001224,0.4807
2018-12-10,253.69,0.0,0.5768
2018-12-11,252.62,0.0,0.6714
2018-12-12,254.61,0.0,0.6279
2018-12-13,255.48,0.004512,0.1113
2018-12-14,252.38,0.0004,0.5628
2018-12-15,254.65,0.0,0.5375
2018-12-16,252.56,0.00147,0.6611
2018-12-17,253.99,0.0,0.3822
2018-12-18,255.15,0.000138,0.4137
2018-12-19,253.85,0.0,0.5782
2018-12-20,255.85,0.0,0.5539
2018-12-21,253.48,0.0,0.4406
2018-12-22,252.85,0.0,0.5387
2018-12-23,253.3,0.0,0.5858
2018-12-24,251.86,0.0,0.3315
2018-12-25,252.71,0.000307,0.4803
2018-12-26,251.09,0.0,0.2473
2018-12-27,253.5,0.000842,0.2364
2018-12-28,256.15,0.0,0.3951
2018-12-29,255.26,0.0,0.3443
2018-12-30,254.67,0.0,0.3322
2018-12-31,253.54,0.0,0.3343
2019-01-01,255.12,0.000644,0.4539
2019-01-02,251.02,0.0,0.5236
2019-01-03,254.63,0.0,0.6245
2019-01-04,250.96,0.0,0.296
2019-01-05,252.92,0.0,0.2954
2019-01-06,249.18,0.0,0.3617
2019-01-07,249.51,0.0,0.1857
2019-01-08,253.18,0.0,0.575
2019-01-09,249.63,0.0,0.3968
2019-01-10,255.32,0.0,0.3824
2019-01-11,252.31,0.0,0.4835
2019-01-12,251.35,0.0,0.4457
2019-01-13,251.21,0.001162,0.4065
2019-01-14,254.77,0.0,0.5257
2019-01-15,254.5,0.0,0.4397
2019-01-16,254.75,0.0,0.4289
2019-01-17,253.15,0.0,0.288
2019-01-18,253.74,0.0,0.3065
2019-01-19,252.48,0.0,0.6385
2019-01-20,253.62,0.0,0.541
2019-01-21,255.95,0.0,0.4348
2019-01-22,256.62,0.0,0.4476
2019-01-23,255.59,0.0,0.4463
2019-01-24,257.08,0.0,0.4566
2019-01-25,252.56,0.000669,0.5093
2019-01-26,256.1,0.0,0.3995
2019-01-27,254.59,0.001223,0.3346
2019-01-28,255.38,0.0,0.5573
2019-01-29,256.41,0.000379,0.4607
2019-01-30,257.81,0.0,0.4338
2019-01-31,257.41,0.0,0.4104
2019-02-01,256.55,0.0,0.5048
2019-02-02,259.54,0.0,0.4756
2019-02-03,252.86,0.0,0.5197
2019-02-04,258.18,0.0,0.5908
2019-02-05,254.46,0.0,0.5011
2019-02-06,258.25,0.0,0.5004
2019-02-07,254.99,0.0,0.3788
2019-02-08,255.41,0.0,0.6927
2019-02-09,258.56,0.0,0.2561
2019-02-10,257.9,0.0,0.4743
2019-02-11,257.28,0.0,0.476
2019-02-12,256.51,0.00011,0.5384
2019-02-13,259.08,0.0,0.4595
2019-02-14,259.11,0.0,0.4758
2019-02-15,256.97,0.0,0.4363
2019-02-16,256.75,0.0,0.4635
2019-02-17,257.68,0.0,0.6921
2019-02-18,255.37,0.0,0.2681
2019-02-19,260.94,0.000617,0.4266
2019-02-20,259.14,0.000384,0.5303
2019-02-21,261.06,0.0,0.5375
2019-02-22,260.73,0.0,0.5371
2019-02-23,259.13,0.001222,0.5434
2019-02-24,260.33,0.0,0.4204
2019-02-25,261.26,0.0,0.4665
2019-02-26,262.22,0.0,0.5077
2019-02-27,258.06,0.0,0.515
2019-02-28,258.92,0.001521,0.4075
2019-03-01,261.66,0.0,0.3736
2019-03-02,259.74,0.0,0.4793
2019-03-03,259.92,0.0,0.7711
2019-03-04,261.13,0.0,0.2898
2019-03-05,262.78,0.0,0.4399
2019-03-06,263.28,0.000309,0.4664
2019-03-07,262.11,0.0,0.6342
2019-03-08,261.21,0.001019,0.569
2019-03-09,261.48,0.0,0.4707
2019-03-10,261.11,0.0,0.7834
2019-03-11,263.58,0.0,0.1727
2019-03-12,262.01,0.0,0.5272
2019-03-13,262.63,0.0,0.3537
2019-03-14,264.3,0.000283,0.3981
2019-03-15,260.39,0.0,0.835
2019-03-16,264.42,0.0,0.5903
2019-03-17,262.22,0.0,0.4611
2019-03-18,264.96,0.0,0.3366
2019-03-19,267.29,0.0,0.7811
2019-03-20,264.49,0.0,0.4191
2019-03-21,264.04,0.000222,0.2544
2019-03-22,268.02,0.0,0.5143
2019-03-23,266.76,0.0,0.561
2019-03-24,268.45,0.0,0.4743
2019-03-25,265.29,0.0,0.6821
2019-03-26,266.74,0.000567,0.633
2019-03-27,266.93,0.0,0.4594
2019-03-28,266.71,0.0,0.6796
2019-03-29,265.82,0.000894,0.4234
2019-03-30,268.4,0.0,0.5727
2019-03-31,267.74,0.0,0.1318
2019-04-01,268.35,0.000317,0.3926
2019-04-02,270.5,0.0,0.5628
2019-04-03,266.26,0.0,0.5185
2019-04-04,265.35,0.0,0.4699
2019-04-05,268.06,0.0,0.5376
2019-04-06,269.29,0.0,0.5852
2019-04-07,270.65,0.000115,0.4122
2019-04-08,268.48,0.0,0.3759
2019-04-09,269.96,0.0,0.5007
2019-04-10,268.43,0.0,0.5498
2019-04-11,270.72,0.0,0.3966
2019-04-12,269.36,0.0,0.4774
2019-04-13,265.95,0.000249,0.4914
2019-04-14,271.8,0.0,0.4497
2019-04-15,271.87,0.0,0.4174
2019-04-16,271.38,0.0,0.4056
2019-04-17,267.86,0.0,0.4416
2019-04-18,271.52,0.0,0.4781
2019-04-19,270.11,0.0,0.4407
2019-04-20,267.03,0.000589,0.3599
2019-04-21,273.05,0.0,0.486
2019-04-22,270.7,0.0,0.3499
2019-04-23,272.45,0.000307,0.601
2019-04-24,273.32,0.000215,0.3884
2019-04-25,270.6,0.0,0.5866
2019-04-26,274.69,0.000706,0.5352
2019-04-27,270.01,0.0,0.6644
2019-04-28,270.86,0.0,0.5306
2019-04-29,273.67,0.0,0.5092
2019-04-30,268.35,0.0,0.4519
2019-05-01,272.41,0.000371,0.0576
2019-05-02,270.24,0.0,0.0763
2019-05-03,268.69,0.00103,0.0037
2019-05-04,270.01,0.0,0.0183
2019-05-05,271.75,0.003683,0.1066
2019-05-06,275.4,0.000233,0.0461
2019-05-07,274.5,0.0,0.0116
2019-05-08,271.09,0.000749,0.0
2019-05-09,273.06,0.0,0.0689
2019-05-10,278.62,0.0,0.0329
2019-05-11,276.55,0.0,0.0369
2019-05-12,276.37,0.0,0.1
2019-05-13,274.26,0.0,0.0
2019-05-14,275.78,0.0,0.0692
2019-05-15,274.08,0.0,0.0
2019-05-16,275.5,0.0,0.0572
2019-05-17,275.22,0.0,0.0338
2019-05-18,274.18,0.0,0.0
2019-05-19,273.0,0.000123,0.0513
2019-05-20,274.99,0.0,0.0687
2019-05-21,276.47,0.0,0.0706
2019-05-22,277.48,0.0,0.0261
2019-05-23,273.24,0.0,0.0447
2019-05-24,277.47,0.0,0.0393
2019-05-25,274.85,0.000347,0.0582
2019-05-26,275.57,0.0,0.1023
2019-05-27,275.56,0.0,0.0264
2019-05-28,273.32,0.0,0.1173
2019-05-29,274.8,0.0,0.0081
2019-05-30,272.74,0.0,0.0065
2019-05-31,276.59,0.0,0.0
2019-06-01,278.47,0.067265,0.0
2019-06-02,274.53,0.080747,0.0586
2019-06-03,275.22,0.000263,0.1072
2019-06-04,283.16,0.004518,0.0493
2019-06-05,278.21,0.000608,0.0684
2019-06-06,277.12,0.070195,0.0655
2019-06-07,277.14,0.0,0.0349
2019-06-08,275.86,0.010139,0.0241
2019-06-09,280.84,0.0,0.0262
2019-06-10,276.34,0.030039,0.1337
2019-06-11,275.89,0.033086,0.0648
2019-06-12,278.39,0.024592,0.1063
2019-06-13,276.49,0.012031,0.0343
2019-06-14,273.93,0.0,0.0705
2019-06-15,277.34,0.004896,0.0177
2019-06-16,279.75,0.003006,0.0823
2019-06-17,275.31,0.0,0.1212
2019-06-18,277.96,0.003845,0.0303
2019-06-19,277.79,0.002055,0.0807
2019-06-20,277.96,0.0,0.0465
2019-06-21,276.05,0.018058,0.0
2019-06-22,275.28,0.017674,0.0217
2019-06-23,275.1,0.000327,0.0
2019-06-24,277.04,0.030851,0.041
2019-06-25,281.19,0.074227,0.0751
2019-06-26,278.54,0.0,0.0998
2019-06-27,275.88,0.0,0.0655
2019-06-28,275.62,0.006863,0.0229
2019-06-29,278.99,0.0,0.0793
2019-06-30,278.51,0.0,0.0581
2019-07-01,276.01,0.001435,0.0374
2019-07-02,278.0,0.0,0.0524
2019-07-03,278.76,0.0,0.0165
2019-07-04,272.05,0.000576,0.0506
2019-07-05,277.83,0.041374,0.1216
2019-07-06,278.05,0.014121,0.1448
2019-07-07,275.87,0.034829,0.0705
2019-07-08,275.48,0.0,0.0
2019-07-09,279.89,0.022664,0.1233
2019-07-10,275.42,0.002436,0.043
2019-07-11,276.27,0.008848,0.0242
2019-07-12,278.05,0.012083,0.0178
2019-07-13,274.62,0.005699,0.0956
2019-07-14,277.36,0.0,0.0548
2019-07-15,273.83,0.0,0.0398
2019-07-16,274.49,0.01689,0.0416
2019-07-17,277.07,0.00089,0.0752
2019-07-18,275.08,0.009993,0.0833
2019-07-19,277.97,0.0,0.0
2019-07-20,275.93,0.0,0.0534
2019-07-21,275.97,0.006807,0.1016
2019-07-22,270.35,0.006652,0.0894
2019-07-23,274.64,0.000661,0.0641
2019-07-24,273.58,0.006603,0.0833
2019-07-25,275.82,0.019876,0.0711
2019-07-26,275.69,0.0,0.0871
2019-07-27,273.63,0.0,0.0361
2019-07-28,275.42,0.000519,0.0361
2019-07-29,271.82,0.033038,0.082
2019-07-30,275.09,0.014592,0.0746
2019-07-31,276.49,0.0,0.0645
2019-08-01,276.72,0.007775,0.0357
2019-08-02,275.68,0.103737,0.0125
2019-08-03,273.33,0.00824,0.0772
2019-08-04,277.15,0.0,0.0613
2019-08-05,273.21,0.015981,0.0444
2019-08-06,272.84,0.004937,0.0386
2019-08-07,273.9,0.004567,0.1107
2019-08-08,271.11,0.005886,0.0065
2019-08-09,271.75,0.006849,0.0
2019-08-10,271.74,0.009877,0.043
2019-08-11,271.21,0.000216,0.1126
2019-08-12,273.08,0.002439,0.0161
2019-08-13,272.64,0.0,0.0028
2019-08-14,272.72,0.019967,0.0
2019-08-15,271.05,0.0,0.0775
2019-08-16,270.09,0.00262,0.0393
2019-08-17,269.14,0.0,0.0392
2019-08-18,271.66,0.002437,0.0
2019-08-19,271.74,0.009013,0.0548
2019-08-20,269.37,0.003805,0.1243
2019-08-21,272.46,0.025529,0.1018
2019-08-22,269.11,0.0,0.0658
2019-08-23,269.62,0.008795,0.0678
2019-08-24,270.28,0.017771,0.0665
2019-08-25,274.46,0.0,0.0353
2019-08-26,270.28,0.024592,0.0149
2019-08-27,271.67,0.0,0.0388
2019-08-28,266.85,0.004591,0.0665
2019-08-29,267.65,0.0,0.1193
2019-08-30,272.88,0.0,0.0306
2019-08-31,268.5,0.0,0.0887
2019-09-01,266.15,0.008034,0.0233
2019-09-02,267.45,0.0,0.0249
2019-09-03,267.99,0.04081,0.0555
2019-09-04,267.11,0.0,0.0
2019-09-05,266.71,0.098962,0.1039
2019-09-06,272.73,0.0,0.0919
2019-09-07,266.43,0.002025,0.0503
2019-09-08,272.21,0.077848,0.0804
2019-09-09,269.66,0.004435,0.0392
2019-09-10,267.06,0.0,0.0833
2019-09-11,268.08,0.002581,0.0566
2019-09-12,262.85,0.001844,0.0315
2019-09-13,267.27,0.0,0.0605
2019-09-14,268.46,0.0,0.0
2019-09-15,265.16,0.336461,0.0663
2019-09-16,265.19,0.010101,0.1231
2019-09-17,266.72,0.013773,0.0525
2019-09-18,264.45,0.009847,0.0483
2019-09-19,264.07,0.002418,0.0641
2019-09-20,266.42,0.0,0.0856
2019-09-21,266.43,0.0,0.033
2019-09-22,266.04,0.016969,0.0629
2019-09-23,267.52,0.0,0.0806
2019-09-24,262.0,0.010238,0.0722
2019-09-25,260.57,0.050912,0.089
2019-09-26,264.26,0.006256,0.1231
2019-09-27,262.46,0.012231,0.1316
2019-09-28,263.11,0.0,0.03
2019-09-29,263.07,0.0,0.0285
2019-09-30,265.1,0.021766,0.0502
2019-10-01,265.03,0.0,0.0785
2019-10-02,261.26,0.0,0.0271
2019-10-03,263.43,0.000117,0.1389
2019-10-04,261.42,0.000196,0.0
2019-10-05,263.13,0.0,0.1089
2019-10-06,259.89,0.0,0.046
2019-10-07,262.73,0.003033,0.0278
2019-10-08,261.97,0.0,0.0185
2019-10-09,263.7,0.0,0.0164
2019-10-10,260.93,0.001234,0.0383
2019-10-11,260.21,0.0,0.0
2019-10-12,261.43,0.00046,0.0561
2019-10-13,258.41,0.0,0.0362
2019-10-14,260.16,0.0,0.0709
2019-10-15,260.33,0.000385,0.0438
2019-10-16,261.76,0.0,0.1219
2019-10-17,259.1,0.0,0.0136
2019-10-18,255.58,0.0,0.0449
2019-10-19,258.48,0.0,0.0232
2019-10-20,259.49,0.0,0.0
2019-10-21,260.25,0.0,0.1102
2019-10-22,259.64,0.0,0.0964
2019-10-23,259.02,0.000952,0.0772
2019-10-24,255.84,0.0,0.0612
2019-10-25,260.84,0.0,0.0
2019-10-26,256.51,0.0,0.1565
2019-10-27,255.6,0.0,0.1008
2019-10-28,256.36,0.00031,0.0842
2019-10-29,258.62,0.0,0.0
2019-10-30,256.74,0.002947,0.083
2019-10-31,256.78,0.000973,0.0564
2019-11-01,254.68,0.0,0.397
2019-11-02,260.2,0.0,0.525
2019-11-03,253.25,0.0,0.3051
2019-11-04,258.62,0.000286,0.6361
2019-11-05,256.31,0.0,0.2948
2019-11-06,257.87,0.0,0.1922
2019-11-07,256.66,0.0,0.3374
2019-11-08,259.94,0.0,0.6333
2019-11-09,256.45,0.0,0.4963
2019-11-10,252.49,0.0,0.4564
2019-11-11,256.05,0.0,0.367
2019-11-12,252.03,0.0,0.4535
2019-11-13,253.07,0.0,0.4855
2019-11-14,253.65,0.0,0.3495
2019-11-15,255.8,0.0,0.4088
2019-11-16,253.61,0.0,0.1611
2019-11-17,258.63,0.0,0.689
2019-11-18,255.38,0.0,0.4695
2019-11-19,252.74,0.0,0.5476
2019-11-20,255.4,0.00209,0.3438
2019-11-21,255.76,0.0,0.1896
2019-11-22,255.1,0.0,0.4173
2019-11-23,256.16,0.0,0.2969
2019-11-24,253.03,0.0,0.4684
2019-11-25,255.43,0.0,0.2536
2019-11-26,257.18,0.0,0.459
2019-11-27,253.61,0.0,0.5448
2019-11-28,249.52,0.0,0.7363
2019-11-29,252.68,0.0,0.4777
2019-11-30,255.58,0.0,0.5782
2019-12-01,249.3,0.000283,0.4481
2019-12-02,260.05,0.0,0.5685
2019-12-03,253.68,0.0,0.7543
2019-12-04,253.98,0.000231,0.4591
2019-12-05,251.6,0.0,0.3258
2019-12-06,249.32,0.0,0.5571
2019-12-07,253.4,0.0,0.4773
2019-12-08,251.67,0.0,0.4788
2019-12-09,253.81,0.0,0.4391
2019-12-10,254.33,0.0,0.3743
2019-12-11,256.23,0.0,0.416
2019-12-12,252.56,0.0,0.3793
2019-12-13,254.09,0.0,0.3932
2019-12-14,250.86,0.000365,0.5514
2019-12-15,253.31,0.001932,0.4588
2019-12-16,251.89,0.0,0.4337
2019-12-17,249.47,0.000197,0.4424
2019-12-18,253.2,0.0,0.6386
2019-12-19,253.68,0.0,0.3212
2019-12-20,252.93,0.000379,0.4255
2019-12-21,253.03,0.0,0.4446
2019-12-22,253.27,0.0,0.295
2019-12-23,249.42,0.000509,0.4118
2019-12-24,253.51,0.0,0.6668
2019-12-25,252.81,0.0,0.5159
2019-12-26,253.65,0.0,0.57
2019-12-27,254.36,0.0,0.4724
2019-12-28,255.56,0.000208,0.4513
2019-12-29,252.83,0.0,0.6989
2019-12-30,252.16,0.0,0.5852
2019-12-31,254.77,0.0,0.4238
2020-01-01,251.55,0.0,0.3575
2020-01-02,254.26,0.0,0.2289
2020-01-03,250.16,0.0,0.3725
2020-01-04,253.47,0.000391,0.3632
2020-01-05,252.27,0.0,0.6936
2020-01-06,251.73,0.0,0.4676
2020-01-07,253.26,0.000432,0.3216
2020-01-08,252.38,0.0,0.6138
2020-01-09,253.6,0.0,0.3654
2020-01-10,252.22,0.0,0.3716
2020-01-11,255.33,0.0,0.6121
2020-01-12,255.79,0.0,0.4702
2020-01-13,255.01,0.0,0.4001
2020-01-14,252.66,0.0,0.5251
2020-01-15,253.38,0.0,0.4068
2020-01-16,258.49,0.0,0.6038
2020-01-17,255.94,0.0,0.4133
2020-01-18,254.94,0.00026,0.5878
2020-01-19,253.45,0.0,0.4357
2020-01-20,254.38,0.0,0.2628
2020-01-21,257.14,0.0,0.4259
2020-01-22,255.68,0.0,0.4141
2020-01-23,255.81,0.000138,0.2225
2020-01-24,252.96,0.0,0.5628
2020-01-25,253.4,0.000567,0.4043
2020-01-26,258.89,0.0,0.4156
2020-01-27,253.5,0.0,0.5245
2020-01-28,257.55,0.0,0.5034
2020-01-29,254.58,0.0,0.4101
2020-01-30,255.38,0.0,0.6591
2020-01-31,255.89,0.0,0.2652
2020-02-01,256.61,0.0,0.4946
2020-02-02,256.05,0.0,0.3214
2020-02-03,259.35,0.0,0.2332
2020-02-04,257.28,0.0,0.5973
2020-02-05,253.76,0.0,0.5007
2020-02-06,256.24,0.0,0.5755
2020-02-07,256.11,0.0,0.4525
2020-02-08,257.42,0.0,0.6494
2020-02-09,256.09,0.0,0.3978
2020-02-10,250.97,0.0,0.4974
2020-02-11,257.11,0.0,0.589
2020-02-12,256.78,0.0,0.3416
2020-02-13,256.11,0.0,0.5176
2020-02-14,254.98,0.0,0.4253
2020-02-15,257.6,0.0,0.681
2020-02-16,257.79,0.0,0.5361
2020-02-17,260.02,0.0,0.5104
2020-02-18,258.76,0.000415,0.2642
2020-02-19,257.4,0.0,0.5641
2020-02-20,257.47,0.0,0.6294
2020-02-21,258.87,0.0,0.5008
2020-02-22,260.64,0.0,0.2168
2020-02-23,262.88,0.0,0.5269
2020-02-24,259.09,0.0,0.4796
2020-02-25,259.45,0.0,0.3329
2020-02-26,263.66,0.0,0.4937
2020-02-27,261.18,0.0,0.5965
2020-02-28,261.77,0.0,0.4284
2020-02-29,261.17,0.0,0.2466
2020-03-01,263.64,0.0,0.6219
2020-03-02,264.01,0.0,0.4144
2020-03-03,261.33,0.000148,0.4108
2020-03-04,259.09,0.0,0.6881
2020-03-05,260.85,0.0,0.4867
2020-03-06,261.66,0.0,0.531
2020-03-07,263.59,0.0,0.3589
2020-03-08,261.53,0.0,0.496
2020-03-09,263.52,0.0,0.4706
2020-03-10,265.9,0.0,0.5849
2020-03-11,262.29,0.0,0.4616
2020-03-12,264.94,0.0,0.5796
2020-03-13,262.96,0.0,0.5764
2020-03-14,260.81,0.000316,0.3686
2020-03-15,263.84,0.0,0.3914
2020-03-16,266.89,0.000362,0.406
2020-03-17,264.2,0.0,0.401
2020-03-18,263.76,0.00112,0.4686
2020-03-19,263.83,0.0,0.4068
2020-03-20,266.5,0.0,0.5169
2020-03-21,263.17,0.0,0.4754
2020-03-22,263.78,0.0,0.392
2020-03-23,267.32,0.0,0.6223
2020-03-24,269.57,0.000626,0.5763
2020-03-25,265.0,0.000682,0.2353
2020-03-26,264.58,0.00034,0.5278
2020-03-27,266.05,0.0,0.604
2020-03-28,264.18,0.0,0.5089
2020-03-29,266.24,0.000216,0.5468
2020-03-30,267.77,0.0,0.5824
2020-03-31,270.64,0.0,0.659
2020-04-01,266.55,0.0,0.3378
2020-04-02,265.51,0.0,0.2472
2020-04-03,265.46,0.0,0.6797
2020-04-04,268.69,0.0,0.5062
2020-04-05,267.02,0.0,0.5483
2020-04-06,268.27,0.0,0.54
2020-04-07,269.18,0.0,0.2995
2020-04-08,265.46,0.0,0.4633
2020-04-09,267.72,0.0,0.4051
2020-04-10,265.42,0.000775,0.5218
2020-04-11,267.94,0.0,0.6689
2020-04-12,271.31,0.0,0.5494
2020-04-13,269.46,0.0,0.2167
2020-04-14,268.51,0.0,0.6498
2020-04-15,270.07,0.0,0.4798
2020-04-16,273.2,0.0,0.3891
2020-04-17,267.07,0.0,0.5593
2020-04-18,272.23,0.0,0.6516
2020-04-19,273.31,0.0,0.2771
2020-04-20,272.26,0.0,0.4297
2020-04-21,268.71,0.0,0.2675
2020-04-22,270.5,0.0,0.3954
2020-04-23,271.65,0.0,0.5159
2020-04-24,270.99,0.0,0.4052
2020-04-25,270.79,0.0,0.3261
2020-04-26,270.53,0.0,0.6856
2020-04-27,274.09,0.0,0.3693
2020-04-28,273.46,0.0,0.4812
2020-04-29,272.96,0.0,0.6844
2020-04-30,272.3,0.0,0.5046
2020-05-01,272.89,0.0,0.0364
2020-05-02,272.24,0.0,0.0578
2020-05-03,274.16,0.000894,0.0685
2020-05-04,274.15,0.0,0.1019
2020-05-05,273.47,0.0,0.1119
2020-05-06,275.27,0.000538,0.0318
2020-05-07,273.27,0.0,0.0053
2020-05-08,273.52,0.00072,0.0199
2020-05-09,275.98,0.0,0.0564
2020-05-10,277.42,0.0,0.041
2020-05-11,274.8,0.0,0.0549
2020-05-12,272.06,0.0,0.0899
2020-05-13,280.82,0.0,0.0
2020-05-14,273.13,0.0,0.0118
2020-05-15,273.54,0.002058,0.0511
2020-05-16,274.48,0.0,0.073
2020-05-17,274.12,0.0,0.0296
2020-05-18,275.38,0.0,0.0325
2020-05-19,274.0,0.0,0.1063
2020-05-20,275.85,0.000377,0.0774
2020-05-21,276.0,0.0,0.0422
2020-05-22,273.37,0.0,0.0516
2020-05-23,273.54,0.0,0.0903
2020-05-24,272.66,0.0,0.0705
2020-05-25,276.45,0.0,0.1401
2020-05-26,272.77,0.0,0.0202
2020-05-27,277.61,0.001363,0.0544
2020-05-28,281.34,0.0,0.0998
2020-05-29,276.89,0.0,0.0139
2020-05-30,277.25,0.000773,0.1158
2020-05-31,278.45,0.0,0.0
2020-06-01,275.33,0.022829,0.0316
2020-06-02,276.68,0.0,0.0172
2020-06-03,279.21,0.004835,0.0384
2020-06-04,275.55,0.007116,0.0307
2020-06-05,274.71,0.009123,0.0774
2020-06-06,275.21,0.0,0.0831
2020-06-07,275.76,0.006585,0.0288
2020-06-08,274.27,0.018673,0.0801
2020-06-09,274.99,0.007009,0.0499
2020-06-10,277.15,0.002986,0.0622
2020-06-11,275.59,0.0,0.0124
2020-06-12,278.5,0.001834,0.0339
2020-06-13,278.16,0.002742,0.026
2020-06-14,273.56,0.0,0.0157
2020-06-15,279.16,0.002111,0.0565
2020-06-16,277.35,0.02136,0.1387
2020-06-17,278.28,0.0,0.0
2020-06-18,275.55,0.011654,0.0148
2020-06-19,276.89,0.003988,0.0022
2020-06-20,274.54,0.00162,0.0309
2020-06-21,278.6,0.022694,0.0614
2020-06-22,278.37,0.0,0.0643
2020-06-23,280.36,0.0,0.0
2020-06-24,275.63,0.000236,0.0192
2020-06-25,276.37,0.018524,0.0501
2020-06-26,276.52,0.0,0.0932
2020-06-27,275.22,0.009497,0.0486
2020-06-28,279.07,0.0,0.0524
2020-06-29,279.11,0.0,0.0254
2020-06-30,278.71,0.004694,0.0796
2020-07-01,277.44,0.016524,0.1014
2020-07-02,278.45,0.009634,0.0602
2020-07-03,275.17,0.018835,0.0815
2020-07-04,276.02,0.0,0.1355
2020-07-05,273.21,0.0,0.0419
2020-07-06,275.96,0.064865,0.0151
2020-07-07,277.31,0.013354,0.056
2020-07-08,277.4,0.000458,0.0
2020-07-09,276.76,0.009784,0.0191
2020-07-10,274.96,0.007477,0.0992
2020-07-11,278.35,0.012741,0.0909
2020-07-12,275.02,0.028406,0.0274
2020-07-13,274.59,0.015193,0.0191
2020-07-14,275.36,0.232907,0.0441
2020-07-15,276.15,0.0,0.0059
2020-07-16,277.48,0.006264,0.0501
2020-07-17,277.9,0.035074,0.084
2020-07-18,277.73,0.015724,0.1065
2020-07-19,274.46,0.005066,0.0379
2020-07-20,271.0,0.0,0.0236
2020-07-21,274.06,0.006439,0.0
2020-07-22,275.08,0.006308,0.0868
2020-07-23,274.87,0.007872,0.0741
2020-07-24,275.85,0.082074,0.0051
2020-07-25,273.69,0.000337,0.0506
2020-07-26,276.82,0.0067,0.0427
2020-07-27,274.64,0.026876,0.0658
2020-07-28,273.68,0.028836,0.0
2020-07-29,272.78,0.003492,0.0785
2020-07-30,275.67,0.060857,0.0224
2020-07-31,278.75,0.009411,0.1527
2020-08-01,273.78,0.003811,0.0884
2020-08-02,272.25,0.003824,0.0074
2020-08-03,273.86,0.0,0.0165
2020-08-04,276.59,0.0,0.0345
2020-08-05,272.46,0.012953,0.0268
2020-08-06,274.97,0.0,0.0483
2020-08-07,273.8,0.019398,0.047
2020-08-08,272.55,0.0,0.0382
2020-08-09,271.2,0.0,0.0676
2020-08-10,270.9,0.0,0.0284
2020-08-11,272.87,0.032427,0.1117
2020-08-12,272.47,0.008787,0.0376
2020-08-13,273.32,0.012344,0.0442
2020-08-14,271.63,0.00013,0.0596
2020-08-15,272.48,0.015252,0.1194
2020-08-16,273.55,0.07012,0.0177
2020-08-17,271.11,0.024894,0.0158
2020-08-18,271.31,0.001318,0.016
2020-08-19,271.55,0.004954,0.077
2020-08-20,269.55,0.006809,0.0588
2020-08-21,267.75,0.052004,0.0852
2020-08-22,270.82,0.006873,0.0364
2020-08-23,269.67,0.002973,0.0432
2020-08-24,269.4,0.010483,0.071
2020-08-25,272.2,0.038123,0.0467
2020-08-26,266.46,0.0,0.0
2020-08-27,272.45,0.0,0.0917
2020-08-28,271.34,0.0,0.1001
2020-08-29,267.36,0.000747,0.0821
2020-08-30,265.35,0.030982,0.0461
2020-08-31,271.15,0.003357,0.1258
2020-09-01,267.97,0.0,0.0529
2020-09-02,265.74,0.052313,0.0843
2020-09-03,270.77,0.001688,0.073
2020-09-04,269.26,0.0,0.0796
2020-09-05,269.2,0.00188,0.042
2020-09-06,265.74,0.020375,0.0851
2020-09-07,266.49,0.0,0.0921
2020-09-08,269.32,0.008463,0.0452
2020-09-09,265.13,0.032897,0.0
2020-09-10,266.86,0.001015,0.1212
2020-09-11,264.83,0.0,0.0982
2020-09-12,263.7,0.002712,0.0939
2020-09-13,267.54,0.003662,0.0261
2020-09-14,266.43,0.006091,0.0384
2020-09-15,265.88,0.044342,0.0726
2020-09-16,266.45,0.04758,0.0664
2020-09-17,266.26,0.012935,0.0472
2020-09-18,264.72,0.015803,0.0557
2020-09-19,265.93,0.019678,0.0746
2020-09-20,264.39,0.0,0.0777
2020-09-21,264.98,0.00483,0.0767
2020-09-22,261.3,0.006997,0.0
2020-09-23,264.54,0.0,0.0
2020-09-24,265.85,0.0,0.1033
2020-09-25,263.26,0.018379,0.0617
2020-09-26,263.12,0.013874,0.085
2020-09-27,264.16,0.016074,0.0797
2020-09-28,264.15,0.00879,0.0772
2020-09-29,262.44,0.002034,0.0504
2020-09-30,261.95,0.004449,0.0
2020-10-01,264.52,0.001343,0.042
2020-10-02,262.29,0.0,0.1014
2020-10-03,259.92,0.0,0.0037
2020-10-04,262.2,0.0,0.0327
2020-10-05,262.58,0.000894,0.038
2020-10-06,265.17,0.0,0.0967
2020-10-07,262.69,0.0,0.027
2020-10-08,260.23,0.0,0.1144
2020-10-09,262.8,0.00028,0.089
2020-10-10,261.95,0.0,0.1059
2020-10-11,260.84,0.0,0.0353
2020-10-12,261.44,0.0,0.1127
2020-10-13,261.5,0.0,0.0
2020-10-14,261.57,0.0,0.0743
2020-10-15,262.04,0.000444,0.1146
2020-10-16,260.87,0.0,0.0371
2020-10-17,255.41,0.001093,0.022
2020-10-18,260.11,0.0,0.0653
2020-10-19,258.13,0.0,0.0122
2020-10-20,259.26,0.0,0.087
2020-10-21,263.68,0.0,0.1037
2020-10-22,261.16,0.0,0.0222
2020-10-23,260.16,0.0,0.0098
2020-10-24,260.68,0.0,0.0797
2020-10-25,261.58,0.000231,0.0
2020-10-26,256.1,0.0,0.0059
2020-10-27,262.05,0.000307,0.0101
2020-10-28,255.1,0.0,0.0799
2020-10-29,255.84,0.0,0.0112
2020-10-30,254.6,0.0,0.0744
2020-10-31,256.63,0.0,0.1206
2020-11-01,259.29,0.0,0.4998
2020-11-02,259.16,0.000466,0.5281
2020-11-03,257.37,0.0,0.5718
2020-11-04,256.8,0.0,0.399
2020-11-05,257.78,0.0,0.5246
2020-11-06,256.91,0.0,0.5725
2020-11-07,257.26,0.0,0.6108
2020-11-08,259.16,0.000299,0.7015
2020-11-09,256.61,0.0,0.2256
2020-11-10,254.91,0.0,0.3445
2020-11-11,256.31,0.0,0.4207
2020-11-12,256.64,0.00028,0.3379
2020-11-13,258.65,0.0,0.4818
2020-11-14,257.75,0.0,0.3738
2020-11-15,255.53,0.0,0.5757
2020-11-16,255.02,0.0,0.6311
2020-11-17,257.49,0.0,0.5028
2020-11-18,254.78,0.0,0.4019
2020-11-19,256.34,0.0,0.5148
2020-11-20,252.47,0.0,0.443
2020-11-21,254.09,0.0,0.468
2020-11-22,255.43,0.0,0.4042
2020-11-23,255.26,0.0,0.3065
2020-11-24,255.56,0.0,0.4332
2020-11-25,254.5,0.000561,0.5824
2020-11-26,252.64,0.000226,0.6061
2020-11-27,253.62,0.0,0.5208
2020-11-28,252.15,0.0,0.5116
2020-11-29,254.15,0.000653,0.5344
2020-11-30,257.34,0.0,0.4708
2020-12-01,250.78,0.0,0.6873
2020-12-02,250.51,0.000251,0.3392
2020-12-03,254.75,0.0,0.5503
2020-12-04,254.41,0.0,0.6217
2020-12-05,251.99,0.0,0.4611
2020-12-06,255.55,0.0,0.3905
2020-12-07,250.05,0.0,0.4631
2020-12-08,255.24,0.0,0.5796
2020-12-09,251.88,0.0,0.5045
2020-12-10,254.9,0.0,0.324
2020-12-11,252.04,0.0,0.2851
2020-12-12,254.63,0.0,0.5297
2020-12-13,253.29,0.0,0.3573
2020-12-14,252.84,0.0,0.3334
2020-12-15,250.31,0.0,0.1585
2020-12-16,250.34,0.0,0.6889
2020-12-17,252.47,0.0,0.4984
2020-12-18,252.12,0.0,0.307
2020-12-19,252.28,0.0,0.6085
2020-12-20,251.5,0.000531,0.3002
2020-12-21,250.03,0.0,0.6233
2020-12-22,251.7,0.000661,0.3671
2020-12-23,256.96,0.0,0.6369
2020-12-24,252.53,0.0,0.5846
2020-12-25,254.66,0.0,0.5968
2020-12-26,254.44,0.0,0.5974
2020-12-27,254.35,0.0,0.5227
2020-12-28,251.08,0.0,0.4678
2020-12-29,252.33,0.0,0.7197
2020-12-30,252.24,0.0,0.6833
2020-12-31,253.64,0.0,0.424
2021-01-01,253.87,0.0,0.4576
2021-01-02,252.96,0.0,0.5017
2021-01-03,251.77,0.0,0.4807
2021-01-04,253.4,0.0,0.3792
2021-01-05,257.26,0.000971,0.3589
2021-01-06,251.44,0.0,0.3361
2021-01-07,252.51,0.0,0.3215
2021-01-08,252.5,0.0,0.3119
2021-01-09,252.5,0.0,0.6524
2021-01-10,256.83,0.0,0.5775
2021-01-11,254.71,0.0,0.3688
2021-01-12,251.82,0.0,0.3028
2021-01-13,256.05,0.0,0.4857
2021-01-14,253.43,0.002104,0.2153
2021-01-15,255.68,0.0,0.4712
2021-01-16,252.13,0.0,0.2661
2021-01-17,252.32,0.001947,0.4265
2021-01-18,256.12,0.000375,0.4983
2021-01-19,254.54,0.000667,0.238
2021-01-20,256.55,0.0,0.4778
2021-01-21,253.2,0.0,0.4151
2021-01-22,256.08,0.000543,0.6593
2021-01-23,255.2,0.0,0.2288
2021-01-24,254.93,0.0,0.5775
2021-01-25,254.27,0.0,0.2572
2021-01-26,256.53,0.0,0.4056
2021-01-27,257.12,0.0,0.3838
2021-01-28,254.77,0.0,0.4047
2021-01-29,256.08,0.000834,0.5102
2021-01-30,258.36,0.0,0.3747
2021-01-31,259.89,0.0,0.3717
2021-02-01,252.97,0.001746,0.5073
2021-02-02,252.09,0.0,0.5004
2021-02-03,257.56,0.000268,0.3264
2021-02-04,256.38,0.0,0.5666
2021-02-05,257.18,0.000282,0.286
2021-02-06,255.8,0.0,0.374
2021-02-07,252.18,0.0,0.4872
2021-02-08,255.87,0.0,0.1168
2021-02-09,258.74,0.0,0.1745
2021-02-10,258.31,0.001217,0.4096
2021-02-11,260.72,0.0,0.4797
2021-02-12,258.39,0.0,0.3829
2021-02-13,259.35,0.0,0.4728
2021-02-14,257.13,0.000705,0.4365
2021-02-15,256.85,0.001566,0.334
2021-02-16,256.58,0.0,0.3872
2021-02-17,257.86,0.000589,0.3766
2021-02-18,257.72,0.0,0.5015
2021-02-19,257.6,0.0,0.5427
2021-02-20,261.25,0.000848,0.4991
2021-02-21,258.38,0.0,0.4997
2021-02-22,258.32,0.0,0.4953
2021-02-23,259.33,0.0,0.4875
2021-02-24,258.42,0.0,0.5231
2021-02-25,261.11,0.0,0.6082
2021-02-26,258.9,0.0,0.3225
2021-02-27,258.73,0.0,0.5531
2021-02-28,263.9,0.0,0.4386
2021-03-01,262.52,0.0,0.6639
2021-03-02,258.28,0.0,0.3629
2021-03-03,262.53,0.0,0.2404
2021-03-04,260.49,0.000522,0.4324
2021-03-05,263.43,0.0,0.5276
2021-03-06,260.66,0.000422,0.4043
2021-03-07,261.71,0.001163,0.2462
2021-03-08,264.48,0.0,0.5198
2021-03-09,262.31,0.000523,0.4787
2021-03-10,260.26,0.0,0.6145
2021-03-11,264.53,0.0,0.2137
2021-03-12,263.37,0.0,0.3147
2021-03-13,263.79,0.0,0.2821
2021-03-14,259.49,0.0,0.2477
2021-03-15,261.35,0.0,0.2604
2021-03-16,262.03,0.0,0.8625
2021-03-17,263.29,0.0,0.4351
2021-03-18,264.47,0.0,0.501
2021-03-19,261.58,0.0,0.5358
2021-03-20,265.55,0.0,0.4078
2021-03-21,263.32,0.0,0.417
2021-03-22,264.29,0.0,0.3672
2021-03-23,268.91,0.0,0.1101
2021-03-24,263.86,0.0,0.4879
2021-03-25,267.98,0.0,0.3655
2021-03-26,265.59,0.0,0.2141
2021-03-27,265.68,0.000355,0.249
2021-03-28,268.48,0.0,0.4099
2021-03-29,266.76,0.0,0.4708
2021-03-30,266.67,0.000552,0.2961
2021-03-31,266.56,0.0,0.4907
2021-04-01,265.27,0.0,0.5214
2021-04-02,263.4,0.0,0.1855
2021-04-03,270.89,0.0,0.4532
2021-04-04,268.94,0.0,0.6331
2021-04-05,268.46,0.001529,0.3633
2021-04-06,270.18,0.0,0.4628
2021-04-07,266.2,7e-05,0.595
2021-04-08,270.26,0.0,0.5042
2021-04-09,271.16,0.0,0.5856
2021-04-10,268.4,0.0,0.2439
2021-04-11,273.18,0.000316,0.561
2021-04-12,269.73,0.0,0.5756
2021-04-13,271.23,0.000122,0.6537
2021-04-14,270.7,0.0,0.6952
2021-04-15,270.82,0.0,0.5774
2021-04-16,268.81,0.0,0.2629
2021-04-17,274.93,0.0,0.4286
2021-04-18,267.06,0.000148,0.382
2021-04-19,271.85,0.001836,0.6406
2021-04-20,272.19,0.0,0.6141
2021-04-21,270.94,0.000924,0.6031
2021-04-22,268.24,0.0,0.4416
2021-04-23,269.79,0.0,0.6785
2021-04-24,268.35,0.0,0.4998
2021-04-25,273.88,0.0,0.3929
2021-04-26,269.0,0.002239,0.6181
2021-04-27,269.66,0.0,0.3496
2021-04-28,271.42,0.0,0.3113
2021-04-29,274.36,0.0,0.4114
2021-04-30,271.83,0.0,0.5382
2021-05-01,269.54,0.0,0.1064
2021-05-02,271.65,0.0,0.063
2021-05-03,268.54,0.0,0.1349
2021-05-04,268.76,0.0,0.0529
2021-05-05,271.34,0.00063,0.0556
2021-05-06,273.01,0.0,0.0
2021-05-07,274.8,0.000562,0.0114
2021-05-08,273.34,0.0,0.0729
2021-05-09,275.71,0.0,0.0
2021-05-10,270.46,0.0,0.0262
2021-05-11,271.82,0.0,0.058
2021-05-12,273.98,0.0,0.0
2021-05-13,273.49,0.0,0.0
2021-05-14,276.1,0.0,0.0414
2021-05-15,273.96,0.0,0.0392
2021-05-16,274.63,0.001747,0.0137
2021-05-17,276.19,0.0,0.071
2021-05-18,272.47,0.002203,0.1104
2021-05-19,276.59,0.0,0.0
2021-05-20,278.32,0.0,0.0217
2021-05-21,276.85,0.0,0.056
2021-05-22,275.38,0.0,0.0757
2021-05-23,276.66,0.0,0.0
2021-05-24,276.75,0.0,0.0
2021-05-25,274.39,0.0,0.0063
2021-05-26,276.69,0.0,0.1142
2021-05-27,276.28,0.000529,0.0297
2021-05-28,279.44,0.000307,0.0733
2021-05-29,277.23,0.0,0.0632
2021-05-30,276.58,0.0,0.0031
2021-05-31,279.15,0.0,0.1039
2021-06-01,274.45,0.029186,0.0333
2021-06-02,277.15,0.009727,0.0827
2021-06-03,274.83,0.0,0.101
2021-06-04,275.21,0.017072,0.081
2021-06-05,277.52,0.050394,0.0
2021-06-06,276.65,0.002671,0.1068
2021-06-07,275.33,0.007229,0.0837
2021-06-08,275.55,0.0,0.05
2021-06-09,277.15,0.00085,0.0586
2021-06-10,280.15,0.003958,0.0029
2021-06-11,276.45,0.02293,0.0312
2021-06-12,276.04,0.001291,0.0
2021-06-13,276.07,0.0,0.0599
2021-06-14,276.6,0.01344,0.0667
2021-06-15,274.97,0.001831,0.0612
2021-06-16,278.3,0.021827,0.0469
2021-06-17,275.14,0.002506,0.0752
2021-06-18,278.32,0.0,0.0354
2021-06-19,278.51,0.060922,0.048
2021-06-20,278.11,0.013083,0.0
2021-06-21,275.55,0.011996,0.0233
2021-06-22,275.73,0.0,0.0925
2021-06-23,276.74,0.0,0.1095
2021-06-24,277.56,0.001979,0.0302
2021-06-25,275.17,0.041356,0.0181
2021-06-26,280.69,0.007227,0.0685
2021-06-27,281.11,0.000155,0.0733
2021-06-28,276.76,0.01153,0.0
2021-06-29,274.68,0.000275,0.0024
2021-06-30,275.36,0.012016,0.098
2021-07-01,276.4,0.017237,0.0927
2021-07-02,277.87,0.112838,0.1173
2021-07-03,275.74,0.019068,0.0772
2021-07-04,276.87,0.007826,0.0
2021-07-05,278.3,0.004082,0.0015
2021-07-06,277.09,0.007621,0.0247
2021-07-07,275.24,0.03765,0.0196
2021-07-08,274.05,0.0,0.0821
2021-07-09,273.47,0.0,0.0264
2021-07-10,279.38,0.056597,0.0773
2021-07-11,276.85,0.036731,0.0596
2021-07-12,274.77,0.004873,0.0948
2021-07-13,280.19,0.027046,0.0617
2021-07-14,275.31,0.045563,0.0404
2021-07-15,274.09,0.000399,0.0197
2021-07-16,275.44,0.016994,0.0437
2021-07-17,275.47,0.059178,0.1085
2021-07-18,275.08,0.0,0.0351
2021-07-19,274.86,0.0,0.0603
2021-07-20,276.6,0.0,0.0867
2021-07-21,273.49,0.005479,0.0989
2021-07-22,273.4,0.007202,0.0326
2021-07-23,275.74,0.0,0.035
2021-07-24,274.35,0.005486,0.0427
2021-07-25,275.61,0.009017,0.0
2021-07-26,275.59,0.032351,0.0314
2021-07-27,274.98,0.0,0.0337
2021-07-28,275.08,0.008778,0.0103
2021-07-29,273.72,0.005296,0.03
2021-07-30,275.22,0.022602,0.1232
2021-07-31,274.3,0.0,0.0326
2021-08-01,276.34,0.028582,0.0
2021-08-02,275.52,0.0,0.0779
2021-08-03,271.31,0.015307,0.0922
2021-08-04,272.81,0.038923,0.0596
2021-08-05,272.97,0.071874,0.063
2021-08-06,276.88,0.0,0.0753
2021-08-07,271.47,0.0,0.0697
2021-08-08,271.14,0.044897,0.0
2021-08-09,271.61,0.019094,0.0296
2021-08-10,271.69,0.0,0.089
2021-08-11,269.65,0.010426,0.0468
2021-08-12,270.62,0.000443,0.0
2021-08-13,274.87,0.0,0.0434
2021-08-14,271.96,0.01424,0.0886
2021-08-15,272.06,0.029196,0.1088
2021-08-16,269.81,0.0,0.065
2021-08-17,270.29,0.011095,0.0
2021-08-18,271.82,0.001524,0.0471
2021-08-19,270.76,0.001757,0.0819
2021-08-20,273.12,0.004597,0.0519
2021-08-21,269.71,0.043103,0.0323
2021-08-22,270.45,0.005855,0.1168
2021-08-23,273.28,0.0,0.0528
2021-08-24,270.19,0.0,0.0037
2021-08-25,272.15,0.006175,0.0538
2021-08-26,268.25,0.010904,0.0296
2021-08-27,270.81,0.0,0.0277
2021-08-28,267.66,0.032814,0.0041
2021-08-29,269.49,0.00683,0.0
2021-08-30,272.39,0.078452,0.0
2021-08-31,268.49,0.012418,0.0801
2021-09-01,269.22,0.0252,0.0
2021-09-02,266.21,0.033984,0.0372
2021-09-03,267.68,0.024593,0.0294
2021-09-04,266.9,0.0,0.0019
2021-09-05,269.02,0.0,0.0934
2021-09-06,265.16,0.001322,0.1184
2021-09-07,266.93,0.02435,0.0242
2021-09-08,264.64,0.0,0.0654
2021-09-09,265.5,0.005955,0.1997
2021-09-10,264.89,0.0,0.0818
2021-09-11,269.03,0.0,0.1161
2021-09-12,267.28,0.040716,0.076
2021-09-13,265.69,0.024492,0.0474
2021-09-14,267.26,0.0,0.0
2021-09-15,272.59,0.005423,0.0
2021-09-16,268.15,0.04209,0.1051
2021-09-17,265.71,0.0,0.0539
2021-09-18,266.97,0.025407,0.0
2021-09-19,267.71,0.012517,0.0534
2021-09-20,267.01,0.012665,0.0639
2021-09-21,269.63,0.002489,0.0527
2021-09-22,261.32,0.0,0.0802
2021-09-23,261.5,0.000473,0.0044
2021-09-24,261.36,0.001354,0.0214
2021-09-25,263.09,0.026212,0.0374
2021-09-26,261.7,0.001128,0.0553
2021-09-27,264.03,0.000794,0.0193
2021-09-28,266.2,0.0,0.1202
2021-09-29,257.95,0.006448,0.0523
2021-09-30,263.84,0.003806,0.0785
2021-10-01,265.57,0.0,0.0506
2021-10-02,264.87,0.0,0.092
2021-10-03,264.28,0.0,0.0022
2021-10-04,264.26,0.001225,0.0691
2021-10-05,264.19,0.0,0.0765
2021-10-06,264.01,0.000886,0.0
2021-10-07,256.67,0.001635,0.0
2021-10-08,260.62,0.0,0.0
2021-10-09,259.62,0.000597,0.0225
2021-10-10,259.23,0.0,0.0577
2021-10-11,257.93,0.0,0.0741
2021-10-12,262.32,0.0,0.0027
2021-10-13,259.85,0.0,0.045
2021-10-14,261.65,0.0,0.0394
2021-10-15,260.62,0.0,0.0155
2021-10-16,263.15,0.0,0.0903
2021-10-17,259.82,0.0,0.0805
2021-10-18,257.78,0.0,0.0464
2021-10-19,259.52,0.0,0.0122
2021-10-20,260.79,0.0,0.0461
2021-10-21,262.31,0.0,0.1255
2021-10-22,258.67,0.001093,0.0647
2021-10-23,260.11,0.0,0.1224
2021-10-24,255.7,0.0,0.0536
2021-10-25,258.69,0.000622,0.0612
2021-10-26,258.48,0.0,0.0159
2021-10-27,259.46,0.0,0.1101
2021-10-28,257.8,0.00039,0.0
2021-10-29,257.54,0.000165,0.0733
2021-10-30,254.45,0.0,0.1461
2021-10-31,258.52,0.0,0.1007
2021-11-01,257.03,0.0,0.4394
2021-11-02,257.91,0.0,0.4931
2021-11-03,257.13,0.0,0.3852
2021-11-04,257.31,0.000829,0.6115
2021-11-05,257.0,0.0,0.5462
2021-11-06,258.24,0.0,0.5449
2021-11-07,256.08,0.0,0.2843
2021-11-08,257.22,0.0,0.5353
2021-11-09,254.44,0.0,0.4947
2021-11-10,259.5,0.0,0.4964
2021-11-11,255.43,0.0,0.2908
2021-11-12,254.99,0.0,0.5127
2021-11-13,254.83,0.0,0.4519
2021-11-14,256.18,0.000262,0.4124
2021-11-15,255.79,0.0,0.2967
2021-11-16,253.36,0.0,0.5132
2021-11-17,257.77,0.0,0.4144
2021-11-18,256.32,0.0,0.2939
2021-11-19,257.28,0.0,0.3702
2021-11-20,252.3,0.0,0.3995
2021-11-21,256.51,0.0,0.444
2021-11-22,255.07,0.001505,0.5975
2021-11-23,257.26,0.0,0.1555
2021-11-24,254.4,0.0,0.2512
2021-11-25,253.15,0.0,0.3412
2021-11-26,258.66,0.0,0.6141
2021-11-27,257.15,0.0,0.4444
2021-11-28,252.85,0.0,0.3007
2021-11-29,252.66,0.0,0.3914
2021-11-30,253.73,0.0,0.435
2021-12-01,252.57,0.000611,0.5076
2021-12-02,255.73,0.0,0.4586
2021-12-03,252.38,0.0,0.2962
2021-12-04,254.81,0.0,0.5749
2021-12-05,252.88,0.0,0.6485
2021-12-06,252.01,0.0,0.4075
2021-12-07,254.55,0.000252,0.35
2021-12-08,252.53,0.0,0.3696
2021-12-09,252.01,0.0,0.2346
2021-12-10,251.69,0.0,0.082
2021-12-11,255.35,0.0,0.4477
2021-12-12,254.61,0.0,0.4058
2021-12-13,253.57,0.00115,0.5061
2021-12-14,252.18,0.000847,0.5204
2021-12-15,257.1,0.0,0.2564
2021-12-16,252.41,0.0,0.4192
2021-12-17,251.53,0.0,0.4751
2021-12-18,252.06,0.0,0.4204
2021-12-19,252.14,5.8e-05,0.3312
2021-12-20,255.58,0.0,0.3693
2021-12-21,252.0,0.000231,0.33
2021-12-22,250.79,0.000638,0.3651
2021-12-23,251.58,0.0,0.3304
2021-12-24,253.62,0.0,0.3159
2021-12-25,253.9,0.0,0.2405
2021-12-26,256.05,0.0,0.1823
2021-12-27,254.4,0.0,0.3766
2021-12-28,253.61,0.0,0.2983
2021-12-29,249.43,0.0,0.3938
2021-12-30,255.77,0.003127,0.4965
2021-12-31,251.15,0.0,0.5773
2022-01-01,250.59,0.000609,0.3625
2022-01-02,254.38,0.000319,0.4177
2022-01-03,253.95,0.00032,0.3679
2022-01-04,251.52,0.0,0.4396
2022-01-05,253.17,0.001413,0.5341
2022-01-06,252.26,0.0,0.5156
2022-01-07,254.38,0.0,0.1748
2022-01-08,253.27,0.0,0.4522
2022-01-09,255.36,0.0,0.607
2022-01-10,257.76,0.000721,0.6006
2022-01-11,256.92,0.0,0.5798
2022-01-12,255.21,0.0,0.6032
2022-01-13,254.06,0.0,0.4625
2022-01-14,251.13,0.000357,0.4604
2022-01-15,259.85,0.0,0.5593
2022-01-16,253.16,0.0,0.3497
2022-01-17,254.62,0.0,0.2722
2022-01-18,258.92,0.0,0.4458
2022-01-19,252.78,0.0,0.6531
2022-01-20,255.74,0.0,0.28
2022-01-21,253.7,0.0,0.3465
2022-01-22,254.99,0.0,0.3175
2022-01-23,252.56,0.001225,0.357
2022-01-24,253.28,0.000266,0.316
2022-01-25,251.18,0.0,0.4785
2022-01-26,255.38,0.001373,0.4749
2022-01-27,258.27,0.000244,0.5995
2022-01-28,254.03,0.0,0.5628
2022-01-29,253.1,0.0,0.5586
2022-01-30,255.23,0.0,0.353
2022-01-31,254.52,0.0,0.4785
2022-02-01,258.28,0.000693,0.4314
2022-02-02,257.33,0.0,0.3379
2022-02-03,253.49,0.0,0.5348
2022-02-04,259.94,0.0,0.3535
2022-02-05,254.79,0.00056,0.3427
2022-02-06,259.74,0.0,0.4798
2022-02-07,257.01,0.000137,0.4306
2022-02-08,259.45,0.0,0.5381
2022-02-09,256.93,0.0,0.651
2022-02-10,260.67,0.0,0.3671
2022-02-11,256.42,0.0,0.5229
2022-02-12,256.66,0.0,0.2861
2022-02-13,259.49,0.0,0.5594
2022-02-14,257.67,0.0,0.4673
2022-02-15,258.03,0.0,0.4127
2022-02-16,260.0,0.0,0.5204
2022-02-17,261.67,0.0,0.4825
2022-02-18,260.43,0.0,0.5564
2022-02-19,259.44,0.001277,0.4567
2022-02-20,258.59,0.0,0.4263
2022-02-21,261.71,0.0,0.5614
2022-02-22,258.33,0.000122,0.4252
2022-02-23,257.79,0.0,0.4222
2022-02-24,257.84,0.0,0.2454
2022-02-25,259.6,0.0,0.371
2022-02-26,261.33,6.4e-05,0.4375
2022-02-27,260.71,0.0,0.5492
2022-02-28,258.98,0.002133,0.4463
2022-03-01,262.8,0.0,0.1534
2022-03-02,260.95,0.000456,0.3779
2022-03-03,257.29,0.000549,0.5081
2022-03-04,257.98,0.0,0.5213
2022-03-05,262.86,0.0,0.5309
2022-03-06,261.49,0.000286,0.5405
2022-03-07,259.49,0.0,0.459
2022-03-08,260.32,0.0,0.1855
2022-03-09,263.57,0.0,0.5683
2022-03-10,262.45,0.0,0.4733
2022-03-11,264.19,0.0,0.3373
2022-03-12,264.17,0.0,0.6856
2022-03-13,266.0,0.0,0.5346
2022-03-14,263.18,0.000384,0.4695
2022-03-15,262.76,0.0,0.4984
2022-03-16,262.26,0.000969,0.4266
2022-03-17,263.93,0.0,0.5472
2022-03-18,263.17,0.0,0.3761
2022-03-19,262.22,0.0,0.591
2022-03-20,261.3,0.0,0.5222
2022-03-21,261.01,0.0,0.3102
2022-03-22,265.14,0.000939,0.2192
2022-03-23,264.92,0.0,0.4232
2022-03-24,268.97,0.0,0.3159
2022-03-25,264.44,0.0,0.1667
2022-03-26,265.9,0.0,0.5779
2022-03-27,268.01,0.0,0.4261
2022-03-28,267.25,0.0,0.367
2022-03-29,265.46,0.001063,0.5097
2022-03-30,265.57,0.0,0.3242
2022-03-31,270.4,0.0,0.5242
2022-04-01,266.12,0.0,0.4948
2022-04-02,265.03,0.0,0.3243
2022-04-03,268.12,0.0,0.4444
2022-04-04,270.26,0.0,0.3256
2022-04-05,266.7,0.000569,0.336
2022-04-06,269.1,0.0,0.2852
2022-04-07,268.2,0.0,0.3906
2022-04-08,264.96,0.0,0.5764
2022-04-09,267.92,0.0,0.5686
2022-04-10,265.92,0.0,0.545
2022-04-11,270.67,0.0,0.3267
2022-04-12,271.34,0.0,0.4403
2022-04-13,268.3,0.0,0.3455
2022-04-14,270.52,0.0,0.5967
2022-04-15,268.61,0.0,0.2759
2022-04-16,269.1,0.0,0.4936
2022-04-17,270.91,0.0,0.4745
2022-04-18,267.45,0.0,0.371
2022-04-19,272.85,0.0,0.4418
2022-04-20,271.17,0.003082,0.3779
2022-04-21,271.25,0.0,0.3332
2022-04-22,270.97,0.0,0.7553
2022-04-23,270.82,0.0,0.3968
2022-04-24,272.84,0.0,0.3061
2022-04-25,272.03,0.000196,0.5884
2022-04-26,273.02,0.0,0.4218
2022-04-27,271.64,0.0006,0.407
2022-04-28,274.17,0.0,0.5643
2022-04-29,273.43,0.0,0.3703
2022-04-30,273.71,0.0,0.5583
2022-05-01,273.22,0.0,0.0324
2022-05-02,273.98,0.0,0.026
2022-05-03,274.3,0.0,0.0
2022-05-04,275.16,0.0,0.1041
2022-05-05,272.04,0.0,0.0098
2022-05-06,274.47,0.0,0.057
2022-05-07,272.99,0.0,0.1101
2022-05-08,274.57,0.0,0.0
2022-05-09,274.15,0.0,0.1106
2022-05-10,272.57,0.0,0.1022
2022-05-11,273.18,0.001445,0.0
2022-05-12,273.47,0.0,0.0
2022-05-13,271.25,0.0,0.0144
2022-05-14,274.65,0.0,0.0118
2022-05-15,273.87,0.002117,0.0824
2022-05-16,275.4,0.0,0.0584
2022-05-17,275.85,0.0,0.1452
2022-05-18,278.17,0.0,0.0611
2022-05-19,277.1,0.0,0.0
2022-05-20,279.19,0.0,0.0
2022-05-21,276.8,0.0,0.0475
2022-05-22,274.11,0.0,0.132
2022-05-23,274.77,0.0,0.0692
2022-05-24,274.27,0.0,0.0675
2022-05-25,276.14,0.0,0.0591
2022-05-26,275.39,0.0,0.0418
2022-05-27,277.81,0.0,0.0214
2022-05-28,275.04,0.0,0.0604
2022-05-29,274.91,0.0,0.0755
2022-05-30,278.54,0.0,0.0652
2022-05-31,275.39,0.0,0.0686
2022-06-01,275.38,0.005115,0.0383
2022-06-02,277.64,0.0,0.1009
2022-06-03,277.15,0.0,0.0585
2022-06-04,276.29,0.022893,0.0933
2022-06-05,277.72,0.0,0.0483
2022-06-06,274.97,0.0,0.0627
2022-06-07,276.59,0.035392,0.009
2022-06-08,279.58,0.021993,0.0116
2022-06-09,276.96,0.001675,0.0451
2022-06-10,276.33,0.023021,0.1034
2022-06-11,275.83,0.008563,0.1081
2022-06-12,276.49,0.0,0.0403
2022-06-13,277.08,0.003389,0.0917
2022-06-14,277.8,0.014832,0.0414
2022-06-15,277.97,0.009853,0.0254
2022-06-16,275.01,0.0,0.0
2022-06-17,275.4,0.0,0.0884
2022-06-18,277.06,0.000745,0.0972
2022-06-19,277.53,0.0,0.0783
2022-06-20,276.62,0.000592,0.0
2022-06-21,275.79,0.0,0.0322
2022-06-22,275.69,0.005167,0.1145
2022-06-23,279.23,0.010579,0.0455
2022-06-24,276.75,0.0,0.0
2022-06-25,277.31,0.0,0.0498
2022-06-26,276.0,0.000107,0.0745
2022-06-27,274.24,0.0,0.0731
2022-06-28,278.32,0.006869,0.1102
2022-06-29,274.3,0.0,0.0421
2022-06-30,277.38,0.011829,0.0274
2022-07-01,277.18,0.004099,0.0739
2022-07-02,278.13,0.0037,0.0469
2022-07-03,280.33,0.002705,0.1093
2022-07-04,277.77,0.0,0.0792
2022-07-05,275.22,0.005504,0.0308
2022-07-06,275.25,0.012266,0.0182
2022-07-07,277.72,0.022721,0.0119
2022-07-08,275.89,0.0,0.0025
2022-07-09,275.79,0.0,0.0
2022-07-10,277.38,0.0,0.0285
2022-07-11,276.51,0.001767,0.0601
2022-07-12,274.8,0.011449,0.0517
2022-07-13,277.58,0.0,0.0772
2022-07-14,274.76,0.001473,0.0611
2022-07-15,276.67,0.002809,0.0564
2022-07-16,273.2,0.018525,0.0954
2022-07-17,277.37,0.0041,0.0616
2022-07-18,276.06,0.024318,0.0961
2022-07-19,277.08,0.00782,0.0763
2022-07-20,276.45,0.0,0.0595
2022-07-21,275.31,0.014794,0.079
2022-07-22,277.03,0.02382,0.0098
2022-07-23,276.42,0.0,0.0112
2022-07-24,277.06,0.015353,0.0354
2022-07-25,274.6,0.000276,0.0596
2022-07-26,274.84,0.0,0.0551
2022-07-27,270.14,0.0,0.0918
2022-07-28,272.61,0.014597,0.0709
2022-07-29,273.77,0.001288,0.0145
2022-07-30,273.7,0.001757,0.0458
2022-07-31,272.35,0.000345,0.028
2022-08-01,274.78,0.0,0.1496
2022-08-02,274.0,0.0,0.0446
2022-08-03,274.26,0.006242,0.0337
2022-08-04,274.56,0.018363,0.0686
2022-08-05,274.68,0.0,0.0766
2022-08-06,270.95,0.007543,0.0137
2022-08-07,273.01,0.010641,0.0104
2022-08-08,271.4,0.007957,0.0424
2022-08-09,274.06,0.00375,0.0651
2022-08-10,272.82,0.00388,0.0554
2022-08-11,273.24,0.011738,0.0539
2022-08-12,268.62,0.0,0.0574
2022-08-13,272.17,0.020005,0.0396
2022-08-14,272.43,0.000475,0.0314
2022-08-15,271.04,0.011061,0.0079
2022-08-16,269.42,0.037152,0.0
2022-08-17,273.31,0.005928,0.0026
2022-08-18,270.78,0.0,0.0147
2022-08-19,271.18,0.010406,0.0878
2022-08-20,269.18,0.003913,0.081
2022-08-21,274.46,0.009891,0.1125
2022-08-22,272.87,0.066422,0.1113
2022-08-23,271.98,0.006752,0.0282
2022-08-24,269.26,0.004457,0.0018
2022-08-25,269.69,0.0,0.0
2022-08-26,270.84,0.041767,0.0617
2022-08-27,270.25,0.02376,0.056
2022-08-28,268.9,0.006023,0.0177
2022-08-29,272.11,0.002063,0.0302
2022-08-30,270.6,0.0,0.0842
2022-08-31,269.42,0.016257,0.0804
2022-09-01,271.65,0.0,0.0216
2022-09-02,269.28,0.001329,0.0229
2022-09-03,270.62,0.010533,0.0506
2022-09-04,267.82,0.003592,0.0
2022-09-05,266.36,0.0,0.0482
2022-09-06,266.96,0.01449,0.0596
2022-09-07,268.19,0.001995,0.1423
2022-09-08,266.89,0.0,0.0488
2022-09-09,268.33,0.008631,0.0726
2022-09-10,268.08,0.078321,0.071
2022-09-11,267.47,0.0,0.0
2022-09-12,264.91,0.0,0.007
2022-09-13,264.84,0.0,0.0208
2022-09-14,264.09,0.0,0.0
2022-09-15,267.84,0.000398,0.0342
2022-09-16,264.04,0.03117,0.0361
2022-09-17,267.8,0.0,0.0175
2022-09-18,265.69,0.008895,0.0188
2022-09-19,263.4,0.0,0.0571
2022-09-20,264.36,0.008705,0.0876
2022-09-21,265.97,0.003228,0.0872
2022-09-22,265.55,0.002936,0.0618
2022-09-23,264.73,0.002922,0.0885
2022-09-24,265.35,0.031383,0.0
2022-09-25,263.63,0.026343,0.057
2022-09-26,264.65,0.004989,0.044
2022-09-27,264.03,0.015144,0.036
2022-09-28,265.64,0.082463,0.0089
2022-09-29,265.18,0.009118,0.0663
2022-09-30,264.9,0.007671,0.0687
2022-10-01,263.07,0.0,0.0901
2022-10-02,263.19,0.0,0.017
2022-10-03,261.49,0.0,0.108
2022-10-04,262.05,0.0,0.0618
2022-10-05,261.55,0.001282,0.0099
2022-10-06,260.64,0.0,0.0079
2022-10-07,259.11,0.0,0.0529
2022-10-08,261.24,0.0,0.0432
2022-10-09,258.74,0.0,0.0737
2022-10-10,264.17,0.0,0.0148
2022-10-11,262.96,0.0,0.101
2022-10-12,260.74,0.0,0.0333
2022-10-13,258.66,0.0,0.1381
2022-10-14,256.85,0.0,0.0503
2022-10-15,260.22,0.0,0.0474
2022-10-16,258.25,0.0,0.0754
2022-10-17,258.15,0.0,0.0705
2022-10-18,261.8,0.000863,0.0386
2022-10-19,256.61,0.0,0.0305
2022-10-20,261.14,0.0,0.0533
2022-10-21,258.45,0.0,0.1061
2022-10-22,260.79,0.0,0.0168
2022-10-23,258.25,0.000561,0.0403
2022-10-24,258.53,0.0,0.0449
2022-10-25,260.08,0.0,0.0281
2022-10-26,259.54,0.0,0.0873
2022-10-27,255.77,0.0,0.0581
2022-10-28,255.75,0.0,0.0361
2022-10-29,255.18,0.000401,0.0
2022-10-30,256.65,0.0,0.0466
2022-10-31,260.33,0.0,0.0217
2022-11-01,257.65,0.0,0.2269
2022-11-02,258.67,0.0,0.6379
2022-11-03,257.72,0.0,0.6107
2022-11-04,256.17,0.0,0.3661
2022-11-05,257.28,0.000676,0.4482
2022-11-06,254.47,0.0,0.5962
2022-11-07,257.48,0.0,0.3479
2022-11-08,256.9,0.0,0.452
2022-11-09,256.8,0.0,0.4793
2022-11-10,253.18,0.0,0.1775
2022-11-11,257.92,0.0,0.3582
2022-11-12,253.93,0.0,0.4202
2022-11-13,257.72,0.0,0.4508
2022-11-14,254.58,0.000327,0.2959
2022-11-15,254.74,0.0,0.3687
2022-11-16,255.16,0.0,0.594
2022-11-17,256.58,0.001211,0.4876
2022-11-18,254.06,0.0,0.6664
2022-11-19,255.86,0.0,0.6856
2022-11-20,253.43,0.0,0.4528
2022-11-21,253.71,0.0,0.4268
2022-11-22,254.19,0.0,0.4352
2022-11-23,254.52,0.001214,0.2772
2022-11-24,260.79,0.0,0.2865
2022-11-25,258.1,8.8e-05,0.2484
2022-11-26,252.22,0.0,0.3948
2022-11-27,253.43,0.0003,0.4238
2022-11-28,253.25,0.00092,0.2461
2022-11-29,253.96,0.0,0.4427
2022-11-30,255.59,0.0,0.5335
2022-12-01,255.89,0.0,0.3637
2022-12-02,253.64,0.0,0.3031
2022-12-03,252.14,0.000172,0.6452
2022-12-04,255.06,0.0,0.1353
2022-12-05,255.57,0.000254,0.2176
2022-12-06,255.07,0.0,0.5456
2022-12-07,253.38,0.0,0.523
2022-12-08,251.97,0.0,0.603
2022-12-09,253.07,0.0,0.5344
2022-12-10,252.9,0.0,0.4694
2022-12-11,254.49,0.0,0.6663
2022-12-12,257.16,0.0,0.6666
2022-12-13,254.12,0.0,0.325
2022-12-14,252.34,0.0,0.4818
2022-12-15,254.33,0.0,0.5012
2022-12-16,254.23,0.0,0.406
2022-12-17,254.32,0.0,0.3819
2022-12-18,253.11,0.0,0.3983
2022-12-19,253.92,0.0,0.3535
2022-12-20,254.11,0.0,0.4942
2022-12-21,250.87,0.0,0.4537
2022-12-22,256.28,0.0,0.4126
2022-12-23,252.75,0.0,0.6077
2022-12-24,254.33,0.0,0.5826
2022-12-25,253.02,0.0,0.6405
2022-12-26,256.68,0.0,0.5404
2022-12-27,249.17,0.000955,0.4917
2022-12-28,254.77,0.000469,0.5249
2022-12-29,254.1,0.0,0.2449
2022-12-30,249.39,0.0,0.3934
2022-12-31,253.15,0.0,0.4956
2023-01-01,251.19,0.0,0.214
2023-01-02,253.79,0.0,0.4079
2023-01-03,249.45,0.0,0.2806
2023-01-04,254.3,0.001639,0.5511
2023-01-05,256.94,0.0,0.5837
2023-01-06,252.75,0.0,0.2312
2023-01-07,253.32,0.0,0.628
2023-01-08,253.37,0.0,0.4982
2023-01-09,252.64,0.0,0.434
2023-01-10,257.03,0.0,0.3749
2023-01-11,252.5,0.0,0.6265
2023-01-12,255.18,0.0,0.6246
2023-01-13,249.52,0.0,0.3499
2023-01-14,251.49,0.0,0.4829
2023-01-15,253.05,0.0,0.2709
2023-01-16,257.42,0.000409,0.6074
2023-01-17,256.91,0.0,0.3923
2023-01-18,255.08,0.0,0.6066
2023-01-19,253.5,0.000693,0.7402
2023-01-20,252.67,0.0,0.5804
2023-01-21,254.87,0.0,0.3567
2023-01-22,253.11,0.00027,0.3139
2023-01-23,254.25,0.0,0.3545
2023-01-24,254.18,0.0,0.3697
2023-01-25,255.47,0.0,0.4234
2023-01-26,254.18,0.0,0.4222
2023-01-27,255.68,0.0,0.6914
2023-01-28,253.47,0.0,0.4016
2023-01-29,256.14,0.00159,0.602
2023-01-30,255.19,0.0,0.4781
2023-01-31,255.62,0.0,0.5189
2023-02-01,256.2,0.0,0.4273
2023-02-02,256.02,0.0,0.3497
2023-02-03,255.46,0.0,0.5269
2023-02-04,257.84,0.0,0.6646
2023-02-05,256.47,0.0,0.4345
2023-02-06,258.49,0.0,0.5015
2023-02-07,255.2,0.0,0.3997
2023-02-08,257.96,0.0,0.4327
2023-02-09,259.32,0.0,0.3911
2023-02-10,257.19,0.0,0.4722
2023-02-11,254.97,0.0,0.4671
2023-02-12,255.02,0.0,0.6281
2023-02-13,257.67,0.0,0.5166
2023-02-14,255.73,0.0,0.6
2023-02-15,259.63,0.0,0.4451
2023-02-16,259.33,0.0,0.4769
2023-02-17,257.62,0.000383,0.3089
2023-02-18,262.39,0.00084,0.42
2023-02-19,258.42,0.000672,0.3241
2023-02-20,258.55,0.0,0.1244
2023-02-21,263.3,0.0,0.3503
2023-02-22,260.9,0.0,0.3694
2023-02-23,259.75,0.0,0.2972
2023-02-24,259.75,0.003324,0.4849
2023-02-25,259.13,0.0,0.5926
2023-02-26,261.73,0.0,0.4272
2023-02-27,263.45,0.0,0.5142
2023-02-28,260.02,7.2e-05,0.2235
2023-03-01,257.56,0.0,0.4496
2023-03-02,260.65,0.0,0.6259
2023-03-03,259.83,0.0,0.5024
2023-03-04,263.21,0.000201,0.3954
2023-03-05,262.01,0.0,0.6191
2023-03-06,261.39,0.0,0.2845
2023-03-07,262.5,0.0,0.5457
2023-03-08,263.31,0.0,0.3921
2023-03-09,264.53,0.0,0.6332
2023-03-10,265.69,0.0,0.4061
2023-03-11,263.26,0.0,0.3187
2023-03-12,263.56,0.0,0.5069
2023-03-13,261.81,0.0,0.1885
2023-03-14,262.23,0.0,0.4382
2023-03-15,263.87,0.0,0.4814
2023-03-16,261.07,0.0,0.6051
2023-03-17,263.77,0.0,0.5086
2023-03-18,262.5,0.0,0.3801
2023-03-19,266.49,0.0,0.5048
2023-03-20,265.01,0.0,0.3796
2023-03-21,265.23,0.0,0.3903
2023-03-22,267.02,0.0,0.3503
2023-03-23,264.08,0.0,0.5405
2023-03-24,264.88,0.000306,0.3017
2023-03-25,265.04,0.0,0.6638
2023-03-26,264.89,0.0,0.4711
2023-03-27,266.58,0.0,0.5307
2023-03-28,264.55,0.0,0.3977
2023-03-29,265.53,0.0,0.1321
2023-03-30,268.17,0.0,0.5849
2023-03-31,264.46,0.0,0.3074
2023-04-01,268.11,0.002563,0.4675
2023-04-02,264.34,0.0,0.4529
2023-04-03,264.61,0.0,0.569
2023-04-04,267.37,0.0,0.5953
2023-04-05,269.09,0.0,0.4924
2023-04-06,268.06,0.000893,0.414
2023-04-07,270.08,0.0,0.3146
2023-04-08,268.32,0.0,0.4874
2023-04-09,268.54,0.0,0.5865
2023-04-10,266.53,0.000743,0.5733
2023-04-11,267.22,0.0,0.307
2023-04-12,266.45,0.000564,0.4183
2023-04-13,269.47,0.0,0.4308
2023-04-14,274.02,0.0,0.3723
2023-04-15,270.87,0.0,0.3022
2023-04-16,267.74,0.000447,0.2027
2023-04-17,272.78,0.0,0.4748
2023-04-18,275.33,0.0,0.7027
2023-04-19,272.64,0.0,0.4101
2023-04-20,269.66,0.0,0.2854
2023-04-21,270.1,0.000214,0.5315
2023-04-22,268.98,0.000288,0.5868
2023-04-23,271.42,0.0,0.4817
2023-04-24,274.13,0.0,0.5841
2023-04-25,272.38,0.0,0.5915
2023-04-26,271.5,0.0,0.584
2023-04-27,272.65,0.000835,0.5952
2023-04-28,272.04,0.0,0.2688
2023-04-29,270.24,0.0,0.3908
2023-04-30,274.56,0.0,0.435
2023-05-01,272.5,0.0,0.0
2023-05-02,271.2,0.000432,0.0222
2023-05-03,272.3,0.0,0.0
2023-05-04,270.8,0.0,0.0014
2023-05-05,274.25,0.0,0.0373
2023-05-06,271.74,0.000555,0.0
2023-05-07,274.33,0.0,0.0
2023-05-08,273.08,0.0,0.1181
2023-05-09,274.6,0.0,0.0657
2023-05-10,276.07,0.0,0.0499
2023-05-11,274.37,0.0,0.0647
2023-05-12,272.24,0.0,0.0
2023-05-13,276.17,0.0,0.011
2023-05-14,277.7,0.0,0.1211
2023-05-15,273.23,0.0,0.0256
2023-05-16,275.5,0.0,0.086
2023-05-17,277.8,0.000738,0.0022
2023-05-18,276.1,0.003918,0.0206
2023-05-19,272.89,0.0,0.0423
2023-05-20,274.5,0.0,0.074
2023-05-21,275.79,0.0,0.0
2023-05-22,271.32,0.0,0.1199
2023-05-23,277.76,0.0,0.0227
2023-05-24,274.66,0.0,0.137
2023-05-25,276.61,0.0,0.0532
2023-05-26,277.3,0.0,0.0353
2023-05-27,275.95,0.0,0.0808
2023-05-28,273.15,0.0,0.0011
2023-05-29,276.6,0.0,0.1031
2023-05-30,275.68,0.0,0.0271
2023-05-31,275.39,0.0,0.0807
2023-06-01,279.41,0.022155,0.0643
2023-06-02,277.79,0.0,0.0201
2023-06-03,274.93,0.051785,0.0473
2023-06-04,275.76,0.0,0.0687
2023-06-05,277.42,0.007577,0.0476
2023-06-06,276.24,0.003093,0.0571
2023-06-07,279.26,0.002466,0.0286
2023-06-08,277.9,0.0,0.0
2023-06-09,274.23,0.0,0.0776
2023-06-10,274.66,0.038386,0.0
2023-06-11,273.8,0.0,0.1123
2023-06-12,276.88,0.053245,0.05
2023-06-13,279.25,0.00612,0.0882
2023-06-14,280.22,0.002274,0.0162
2023-06-15,277.53,0.008611,0.0383
2023-06-16,275.64,0.011022,0.0014
2023-06-17,276.32,0.000818,0.1246
2023-06-18,279.84,0.00591,0.069
2023-06-19,279.97,0.00503,0.0918
2023-06-20,275.8,0.031935,0.043
2023-06-21,275.55,0.018036,0.0081
2023-06-22,277.54,0.006646,0.0118
2023-06-23,272.11,0.007175,0.0298
2023-06-24,277.42,0.065652,0.0
2023-06-25,277.03,0.0,0.0342
2023-06-26,278.78,0.001875,0.047
2023-06-27,276.89,0.0,0.0646
2023-06-28,274.42,0.000563,0.052
2023-06-29,278.79,0.003318,0.1131
2023-06-30,276.86,0.002972,0.0155
2023-07-01,277.25,0.002861,0.0
2023-07-02,279.32,0.0,0.0
2023-07-03,277.42,0.038382,0.0507
2023-07-04,279.87,0.027392,0.0639
2023-07-05,278.98,0.035324,0.0449
2023-07-06,275.74,0.0,0.0561
2023-07-07,274.44,0.0,0.0196
2023-07-08,275.36,0.0,0.0106
2023-07-09,278.8,0.009063,0.1227
2023-07-10,275.44,0.002953,0.059
2023-07-11,274.67,0.009046,0.0282
2023-07-12,274.27,0.0,0.0486
2023-07-13,279.46,0.0134,0.0928
2023-07-14,274.86,0.017617,0.0943
2023-07-15,273.44,0.004191,0.0879
2023-07-16,275.38,0.006238,0.1522
2023-07-17,273.84,0.002445,0.0174
2023-07-18,273.23,0.0,0.0408
2023-07-19,274.75,0.040035,0.0785
2023-07-20,275.82,0.009606,0.0487
2023-07-21,273.14,0.004155,0.0948
2023-07-22,271.46,0.0,0.0739
2023-07-23,275.5,0.0,0.0787
2023-07-24,275.13,0.0,0.0951
2023-07-25,277.3,0.049975,0.0363
2023-07-26,273.95,0.001563,0.0383
2023-07-27,272.81,0.0,0.0389
2023-07-28,279.07,0.003596,0.0488
2023-07-29,274.09,0.008873,0.108
2023-07-30,276.01,0.00371,0.0839
2023-07-31,274.37,0.015759,0.0934
2023-08-01,274.27,0.0,0.0643
2023-08-02,272.16,0.01737,0.0432
2023-08-03,273.07,0.010054,0.0568
2023-08-04,275.37,0.005742,0.0562
2023-08-05,276.46,0.0,0.0953
2023-08-06,272.14,0.006185,0.0908
2023-08-07,276.26,0.011076,0.0602
2023-08-08,274.61,0.011402,0.013
2023-08-09,269.64,0.001004,0.0616
2023-08-10,273.6,0.00044,0.0226
2023-08-11,271.78,0.016958,0.0901
2023-08-12,274.8,0.018956,0.0133
2023-08-13,276.03,0.0,0.0187
2023-08-14,269.4,0.004427,0.1173
2023-08-15,273.0,0.000343,0.0
2023-08-16,269.1,0.021784,0.0879
2023-08-17,269.62,0.007207,0.0
2023-08-18,273.14,0.0,0.0898
2023-08-19,274.25,0.0,0.1087
2023-08-20,271.96,0.008392,0.0216
2023-08-21,270.53,0.022293,0.0865
2023-08-22,269.1,0.0,0.0322
2023-08-23,271.95,0.009632,0.0258
2023-08-24,269.07,0.011618,0.0207
2023-08-25,271.99,0.0045,0.1013
2023-08-26,266.99,0.0,0.031
2023-08-27,270.14,0.024663,0.0698
2023-08-28,269.84,0.00642,0.0
2023-08-29,270.55,0.020431,0.0
2023-08-30,270.27,0.005864,0.1204
2023-08-31,269.13,0.0,0.1004
2023-09-01,268.67,0.0,0.0342
2023-09-02,270.06,0.011957,0.0643
2023-09-03,266.56,0.046043,0.0446
2023-09-04,269.16,0.054119,0.0292
2023-09-05,266.2,0.003892,0.0154
2023-09-06,269.27,0.0,0.0
2023-09-07,269.46,0.042452,0.0859
2023-09-08,265.06,0.025868,0.0723
2023-09-09,267.26,0.0,0.0809
2023-09-10,265.92,0.0,0.0605
2023-09-11,265.88,0.0,0.1257
2023-09-12,267.75,0.008014,0.0375
2023-09-13,266.22,0.003681,0.101
2023-09-14,268.87,0.022068,0.0109
2023-09-15,265.72,0.004984,0.1404
2023-09-16,261.86,0.0,0.0761
2023-09-17,265.03,0.001336,0.0989
2023-09-18,262.08,0.009018,0.0179
2023-09-19,263.48,0.006616,0.0642
2023-09-20,267.12,0.0,0.014
2023-09-21,264.81,0.076622,0.0365
2023-09-22,268.75,0.011231,0.0005
2023-09-23,261.37,0.023672,0.0312
2023-09-24,262.97,0.008811,0.0368
2023-09-25,264.8,0.006305,0.1155
2023-09-26,261.39,0.006851,0.0684
2023-09-27,266.16,0.0,0.0847
2023-09-28,263.64,0.016263,0.0388
2023-09-29,266.78,0.0,0.1019
2023-09-30,266.13,0.015804,0.0539
2023-10-01,263.55,0.0,0.0509
2023-10-02,266.24,0.000144,0.0365
2023-10-03,265.73,0.0,0.1015
2023-10-04,260.27,0.0,0.0552
2023-10-05,263.22,0.0,0.0619
2023-10-06,261.87,0.005217,0.0
2023-10-07,259.6,0.0,0.0633
2023-10-08,260.93,0.000882,0.0397
2023-10-09,260.33,0.000445,0.0132
2023-10-10,261.38,0.000617,0.0557
2023-10-11,260.98,0.000443,0.092
2023-10-12,261.17,0.002652,0.0395
2023-10-13,259.15,0.0,0.0902
2023-10-14,260.35,0.0,0.0402
2023-10-15,263.1,0.0,0.0558
2023-10-16,257.27,0.0,0.0608
2023-10-17,255.79,0.0,0.0647
2023-10-18,258.54,0.0,0.1491
2023-10-19,257.95,0.0,0.0289
2023-10-20,257.86,0.0,0.0036
2023-10-21,258.58,0.0,0.0483
2023-10-22,257.28,0.000712,0.0679
2023-10-23,254.67,0.0,0.039
2023-10-24,256.89,0.0,0.0707
2023-10-25,260.25,0.0,0.0837
2023-10-26,259.06,0.0,0.0597
2023-10-27,257.79,0.0,0.0297
2023-10-28,257.11,0.0,0.0163
2023-10-29,256.52,0.0,0.0846
2023-10-30,255.75,0.0,0.1339
2023-10-31,260.27,0.0,0.0335
2023-11-01,258.73,0.000186,0.5203
2023-11-02,256.64,0.0,0.3218
2023-11-03,256.47,0.0,0.4414
2023-11-04,256.53,0.0,0.6599
2023-11-05,257.13,0.0,0.6265
2023-11-06,258.43,0.0,0.6562
2023-11-07,254.69,0.0,0.4144
2023-11-08,255.67,0.0,0.7587
2023-11-09,254.2,0.0,0.3656
2023-11-10,256.98,0.0,0.5214
2023-11-11,262.05,0.0,0.4025
2023-11-12,256.95,0.0,0.3312
2023-11-13,254.09,0.000805,0.6175
2023-11-14,253.43,0.0,0.4583
2023-11-15,255.2,0.0,0.6446
2023-11-16,257.01,0.000517,0.3431
2023-11-17,252.28,0.0,0.3248
2023-11-18,256.81,0.0,0.6991
2023-11-19,252.95,0.0,0.3176
2023-11-20,256.85,0.0,0.4794
2023-11-21,252.73,0.0,0.4027
2023-11-22,254.67,0.0,0.4124
2023-11-23,249.17,0.0,0.4138
2023-11-24,251.81,0.00038,0.5968
2023-11-25,253.89,0.0,0.3253
2023-11-26,254.39,0.0,0.3458
2023-11-27,254.61,0.0,0.5371
2023-11-28,253.96,0.0,0.1875
2023-11-29,253.49,0.0,0.5965
2023-11-30,256.51,0.0,0.6031
2023-12-01,253.52,0.000324,0.4618
2023-12-02,253.44,0.0,0.6976
2023-12-03,252.72,0.0,0.5109
2023-12-04,248.82,0.0,0.3748
2023-12-05,253.54,0.0,0.6285
2023-12-06,254.2,0.0,0.4149
2023-12-07,255.81,0.0,0.4402
2023-12-08,252.96,0.000547,0.623
2023-12-09,254.52,0.0,0.3433
2023-12-10,253.85,0.0,0.3697
2023-12-11,252.37,0.0,0.4822
2023-12-12,252.82,0.0,0.398
2023-12-13,255.18,0.0,0.4112
2023-12-14,251.5,0.0,0.6337
2023-12-15,255.24,0.0,0.3859
2023-12-16,253.53,0.0,0.3298
2023-12-17,251.65,0.0,0.6552
2023-12-18,251.98,0.0,0.4049
2023-12-19,252.0,0.0,0.4311
2023-12-20,252.81,0.000536,0.4845
2023-12-21,252.85,0.0,0.4258
2023-12-22,255.06,0.0,0.6188
2023-12-23,250.59,0.0,0.3591
2023-12-24,252.31,0.0,0.3508
2023-12-25,250.08,0.001158,0.6378
2023-12-26,255.97,0.0,0.2251
2023-12-27,251.48,0.0,0.6613
2023-12-28,251.94,0.0,0.3576
2023-12-29,253.26,0.001381,0.5424
2023-12-30,255.43,0.0,0.5005
2023-12-31,253.64,0.0,0.6869
2024-01-01,250.57,0.000388,0.6185
2024-01-02,254.73,0.0,0.4054
2024-01-03,253.3,0.0,0.5098
2024-01-04,252.04,0.000304,0.3446
2024-01-05,250.81,0.000463,0.6102
2024-01-06,252.04,0.0,0.5423
2024-01-07,254.1,0.0,0.4551
2024-01-08,255.33,0.0,0.4787
2024-01-09,256.05,0.00057,0.5213
2024-01-10,249.48,0.0,0.4799
2024-01-11,257.58,0.000122,0.3178
2024-01-12,255.11,0.0,0.2947
2024-01-13,251.9,0.0,0.5336
2024-01-14,255.88,0.0,0.4672
2024-01-15,255.07,0.0,0.5123
2024-01-16,255.94,0.0,0.4298
2024-01-17,253.59,0.0,0.0611
2024-01-18,254.64,0.0,0.3066
2024-01-19,255.59,0.0,0.535
2024-01-20,254.37,0.0,0.5192
2024-01-21,252.77,0.0,0.4085
2024-01-22,253.75,0.0,0.4338
2024-01-23,251.48,0.0,0.3379
2024-01-24,254.59,0.000879,0.8507
2024-01-25,255.46,0.0,0.6355
2024-01-26,254.38,0.000211,0.441
2024-01-27,254.6,0.0,0.4448
2024-01-28,252.68,0.0,0.4823
2024-01-29,255.7,0.0,0.4278
2024-01-30,256.11,0.0,0.4576
2024-01-31,255.9,0.0,0.6374
2024-02-01,256.2,0.0,0.2686
2024-02-02,255.71,0.000111,0.2828
2024-02-03,254.96,0.0,0.6554
2024-02-04,259.33,0.0,0.3435
2024-02-05,254.42,0.000426,0.2493
2024-02-06,256.74,0.0,0.401
2024-02-07,256.77,0.0,0.4055
2024-02-08,259.4,0.0,0.419
2024-02-09,255.29,0.00119,0.4048
2024-02-10,258.12,0.0,0.5706
2024-02-11,257.6,0.00052,0.5624
2024-02-12,258.52,0.0,0.4048
2024-02-13,257.18,0.0,0.3616
2024-02-14,256.24,0.0,0.141
2024-02-15,260.78,0.0,0.4067
2024-02-16,258.49,0.0,0.6159
2024-02-17,259.37,0.0,0.3782
2024-02-18,257.48,0.0,0.5665
2024-02-19,258.12,0.0,0.5373
2024-02-20,258.67,0.0,0.6189
2024-02-21,261.6,0.0,0.5862
2024-02-22,258.99,0.0,0.3993
2024-02-23,261.62,0.000912,0.4644
2024-02-24,260.87,0.0,0.4577
2024-02-25,259.05,0.0,0.4168
2024-02-26,261.37,0.000258,0.5658
2024-02-27,260.93,0.0,0.7396
2024-02-28,258.91,0.0,0.5174
2024-02-29,260.99,0.0,0.4338
2024-03-01,262.75,0.0,0.3909
2024-03-02,262.04,0.0,0.7078
2024-03-03,262.42,0.0,0.324
2024-03-04,260.59,0.0,0.466
2024-03-05,264.26,0.0,0.2914
2024-03-06,261.96,0.0,0.3659
2024-03-07,260.29,0.0,0.5381
2024-03-08,261.16,0.0,0.4558
2024-03-09,261.56,0.0,0.5138
2024-03-10,259.23,0.0,0.4735
2024-03-11,260.97,0.0,0.4983
2024-03-12,259.85,0.0,0.496
2024-03-13,263.93,0.001023,0.3417
2024-03-14,261.55,0.0,0.5347
2024-03-15,264.65,0.0,0.5021
2024-03-16,263.94,0.0,0.6025
2024-03-17,262.63,0.0,0.5716
2024-03-18,266.89,0.0,0.3364
2024-03-19,264.63,0.0,0.4807
2024-03-20,266.37,0.0,0.2943
2024-03-21,265.77,0.0,0.4116
2024-03-22,267.26,0.0,0.4979
2024-03-23,261.96,0.0,0.5338
2024-03-24,264.69,0.0,0.424
2024-03-25,265.02,0.0,0.2082
2024-03-26,268.98,0.0,0.4741
2024-03-27,266.44,0.0,0.6447
2024-03-28,266.88,0.0,0.4226
2024-03-29,263.8,0.0,0.5123
2024-03-30,268.53,0.0,0.4095
2024-03-31,266.08,0.000477,0.2943
2024-04-01,269.92,0.0,0.4105
2024-04-02,268.25,0.0,0.3239
2024-04-03,264.82,0.000322,0.5418
2024-04-04,267.5,0.0,0.4964
2024-04-05,266.27,0.0,0.2344
2024-04-06,268.16,0.0,0.4726
2024-04-07,267.64,0.0,0.645
2024-04-08,270.67,0.0,0.3373
2024-04-09,268.63,0.0,0.4062
2024-04-10,268.13,0.0,0.351
2024-04-11,268.8,0.0,0.5773
2024-04-12,267.55,0.0,0.5716
2024-04-13,273.14,0.0,0.3744
2024-04-14,272.89,0.0,0.3785
2024-04-15,268.9,0.0,0.2979
2024-04-16,271.44,0.0,0.5076
2024-04-17,270.82,0.0,0.2709
2024-04-18,271.57,0.0,0.4194
2024-04-19,269.72,0.0,0.0776
2024-04-20,269.39,0.0,0.5713
2024-04-21,270.22,0.0,0.2814
2024-04-22,271.77,0.0,0.274
2024-04-23,273.02,0.0,0.6197
2024-04-24,270.97,0.0,0.4898
2024-04-25,273.99,0.0,0.3837
2024-04-26,272.78,0.0,0.3409
2024-04-27,275.0,0.0,0.5219
2024-04-28,272.05,0.0,0.6121
2024-04-29,271.33,0.0,0.407
2024-04-30,274.1,0.0,0.4327
2024-05-01,274.03,0.0,0.0461
2024-05-02,272.77,0.0,0.0931
2024-05-03,272.63,0.0,0.1342
2024-05-04,271.57,0.0,0.0422
2024-05-05,272.72,0.0,0.0126
2024-05-06,272.71,0.0,0.1204
2024-05-07,273.59,0.0,0.0365
2024-05-08,271.15,0.0,0.024
2024-05-09,273.44,0.0,0.0
2024-05-10,275.65,0.0,0.0663
2024-05-11,275.27,0.0,0.053
2024-05-12,272.0,0.0,0.1358
2024-05-13,275.56,0.0,0.0267
2024-05-14,277.64,0.0,0.0661
2024-05-15,272.45,0.0,0.0367
2024-05-16,276.06,0.0,0.041
2024-05-17,276.03,0.000168,0.0914
2024-05-18,275.78,0.0,0.0523
2024-05-19,273.06,0.0,0.1139
2024-05-20,273.03,0.0,0.0
2024-05-21,274.34,0.0,0.0397
2024-05-22,277.62,0.0,0.0617
2024-05-23,277.56,0.0,0.0691
2024-05-24,276.45,0.0,0.0684
2024-05-25,276.85,0.0,0.0767
2024-05-26,275.9,0.0,0.0
2024-05-27,274.43,0.0,0.0829
2024-05-28,274.39,0.0,0.0842
2024-05-29,274.75,0.0,0.0457
2024-05-30,281.66,0.000501,0.0
2024-05-31,272.85,0.0,0.0563
2024-06-01,279.72,0.0,0.0473
2024-06-02,275.0,0.021772,0.0412
2024-06-03,276.51,0.05474,0.133
2024-06-04,277.03,0.002625,0.0139
2024-06-05,276.11,0.032197,0.0662
2024-06-06,278.28,0.045152,0.0468
2024-06-07,273.65,0.0,0.0147
2024-06-08,279.17,0.004263,0.0735
2024-06-09,277.6,0.004449,0.0398
2024-06-10,274.05,0.014649,0.0306
2024-06-11,276.29,0.000431,0.0
2024-06-12,277.07,0.0,0.0089
2024-06-13,274.27,0.005642,0.0387
2024-06-14,278.35,0.0,0.0484
2024-06-15,278.31,0.106896,0.0476
2024-06-16,276.05,0.000883,0.0
2024-06-17,275.62,0.055517,0.0381
2024-06-18,273.01,0.006525,0.1152
2024-06-19,276.83,0.047638,0.1109
2024-06-20,278.02,0.004984,0.0511
2024-06-21,279.47,0.0,0.0106
2024-06-22,276.26,0.014697,0.1122
2024-06-23,274.67,0.0,0.0432
2024-06-24,275.63,0.000566,0.0642
2024-06-25,277.81,0.000296,0.0492
2024-06-26,277.5,0.007257,0.0
2024-06-27,277.5,0.013939,0.0302
2024-06-28,280.13,0.013804,0.03
2024-06-29,277.1,0.004101,0.0904
2024-06-30,275.62,0.0,0.0336
2024-07-01,279.14,0.036024,0.0418
2024-07-02,275.87,0.001444,0.0044
2024-07-03,276.89,0.000331,0.1149
2024-07-04,278.59,0.036421,0.0262
2024-07-05,277.64,0.003954,0.0557
2024-07-06,277.74,0.004233,0.1769
2024-07-07,279.38,0.004938,0.0577
2024-07-08,274.45,0.001026,0.047
2024-07-09,278.73,0.009888,0.0848
2024-07-10,276.05,0.007299,0.0474
2024-07-11,278.97,0.01164,0.002
2024-07-12,275.51,0.0,0.0192
2024-07-13,277.27,0.0,0.1177
2024-07-14,277.8,0.0,0.0766
2024-07-15,274.68,0.0,0.0391
2024-07-16,277.7,0.0,0.084
2024-07-17,274.07,0.0,0.022
2024-07-18,277.3,0.000272,0.0
2024-07-19,274.32,0.013801,0.074
2024-07-20,276.23,0.00328,0.0894
2024-07-21,274.94,0.015973,0.0093
2024-07-22,276.47,0.010243,0.0887
2024-07-23,276.01,0.0,0.0908
2024-07-24,277.54,0.045924,0.0203
2024-07-25,274.75,0.0,0.0421
2024-07-26,274.51,0.001202,0.059
2024-07-27,272.77,0.000604,0.0521
2024-07-28,274.1,0.00931,0.0
2024-07-29,275.3,0.0,0.0674
2024-07-30,274.75,0.009737,0.0428
2024-07-31,277.05,0.0,0.0903
2024-08-01,276.55,0.037826,0.0093
2024-08-02,274.24,0.009056,0.0344
2024-08-03,272.87,0.0,0.0202
2024-08-04,272.0,0.0,0.0703
2024-08-05,276.88,0.004887,0.053
2024-08-06,275.21,0.067614,0.1006
2024-08-07,270.57,0.006384,0.075
2024-08-08,271.97,0.00857,0.132
2024-08-09,271.14,0.008494,0.0412
2024-08-10,273.13,0.008504,0.0322
2024-08-11,270.91,0.0,0.0423
2024-08-12,275.88,0.002584,0.0542
2024-08-13,273.67,0.017295,0.0647
2024-08-14,271.29,0.0,0.0102
2024-08-15,269.11,0.005901,0.0252
2024-08-16,273.62,0.003432,0.0
2024-08-17,270.14,0.007124,0.0484
2024-08-18,270.07,0.06137,0.0349
2024-08-19,270.05,0.013619,0.0582
2024-08-20,268.24,0.003866,0.0
2024-08-21,268.7,0.00714,0.1076
2024-08-22,274.23,0.0,0.0195
2024-08-23,274.12,0.007287,0.0412
2024-08-24,269.11,0.02979,0.0043
2024-08-25,272.73,0.0,0.1168
2024-08-26,268.9,0.008469,0.0457
2024-08-27,268.4,0.000635,0.0968
2024-08-28,268.53,0.038661,0.0451
2024-08-29,271.5,0.021424,0.0128
2024-08-30,268.65,0.009842,0.0194
2024-08-31,270.43,0.037184,0.0219
2024-09-01,267.05,0.007292,0.0321
2024-09-02,269.34,0.029846,0.0879
2024-09-03,267.89,0.089703,0.0181
2024-09-04,265.56,0.109818,0.1003
2024-09-05,266.23,0.0,0.0
2024-09-06,268.6,0.012662,0.019
2024-09-07,268.36,0.0,0.0302
2024-09-08,267.98,0.038749,0.0418
2024-09-09,263.42,0.00393,0.1108
2024-09-10,266.49,0.006779,0.0247
2024-09-11,268.01,0.011318,0.0825
2024-09-12,269.18,0.012955,0.0695
2024-09-13,264.01,0.002277,0.0677
2024-09-14,265.18,0.007334,0.0484
2024-09-15,265.89,0.004019,0.0155
2024-09-16,267.26,0.0,0.0324
2024-09-17,263.09,0.017549,0.0052
2024-09-18,265.58,0.001244,0.0801
2024-09-19,267.32,0.0,0.0714
2024-09-20,266.67,0.0,0.0623
2024-09-21,264.49,0.005873,0.0739
2024-09-22,263.94,0.005498,0.0228
2024-09-23,262.57,0.002831,0.0416
2024-09-24,266.92,0.010694,0.0219
2024-09-25,263.55,0.007601,0.0492
2024-09-26,260.72,0.023984,0.0217
2024-09-27,262.31,0.044645,0.105
2024-09-28,262.23,0.0,0.1052
2024-09-29,266.09,0.006238,0.0549
2024-09-30,265.62,0.002275,0.1021
2024-10-01,262.59,0.0,0.0666
2024-10-02,262.36,0.0,0.0513
2024-10-03,262.77,0.0,0.0
2024-10-04,262.88,0.001726,0.0574
2024-10-05,260.74,0.000507,0.0542
2024-10-06,261.84,0.0,0.0316
2024-10-07,262.06,0.0,0.0576
2024-10-08,259.79,0.0,0.0
2024-10-09,263.75,0.0,0.0453
2024-10-10,262.22,0.0,0.0678
2024-10-11,261.65,0.0,0.0745
2024-10-12,259.16,0.0,0.0505
2024-10-13,260.62,0.0,0.0306
2024-10-14,261.4,0.0,0.025
2024-10-15,259.11,0.000349,0.0885
2024-10-16,259.44,0.0,0.0477
2024-10-17,256.83,0.0,0.1098
2024-10-18,259.5,0.0,0.1025
2024-10-19,260.65,0.0,0.066
2024-10-20,259.6,0.0,0.0098
2024-10-21,254.95,0.0,0.0397
2024-10-22,258.18,0.0,0.0
2024-10-23,258.1,0.0,0.0785
2024-10-24,257.33,0.0,0.0515
2024-10-25,254.58,0.0,0.0423
2024-10-26,259.6,0.0,0.0
2024-10-27,255.33,0.0,0.0748
2024-10-28,259.34,0.0,0.0342
2024-10-29,256.31,0.000786,0.052
2024-10-30,259.41,0.0,0.0
2024-10-31,256.21,0.000722,0.1001
