date,temperature_2m_k,total_precip_m_day,snow_depth_m_we
2016-01-01,272.3,0.000217,0.05
2016-01-02,271.63,0.000496,0.05
2016-01-03,271.01,0.000713,0.05
2016-01-04,272.51,1.9e-05,0.05
2016-01-05,271.11,0.002567,0.05
2016-01-06,271.47,0.001393,0.05
2016-01-07,271.97,0.002166,0.05
2016-01-08,269.68,0.003412,0.05
2016-01-09,268.97,0.000824,0.05
2016-01-10,270.07,0.000749,0.05
2016-01-11,271.84,0.000392,0.05
2016-01-12,272.21,0.001602,0.05
2016-01-13,270.44,0.005206,0.05
2016-01-14,270.72,0.001632,0.05
2016-01-15,268.59,0.002696,0.05
2016-01-16,268.81,0.000736,0.05
2016-01-17,269.28,0.000738,0.05
2016-01-18,270.13,0.001468,0.05
2016-01-19,269.52,0.008605,0.05
2016-01-20,267.93,0.006412,0.05
2016-01-21,266.91,0.003286,0.05
2016-01-22,266.71,0.000623,0.05
2016-01-23,266.82,0.001503,0.05
2016-01-24,267.3,0.002311,0.05
2016-01-25,266.38,0.003852,0.05
2016-01-26,266.44,0.007229,0.05
2016-01-27,266.69,0.002956,0.05
2016-01-28,269.18,0.001215,0.05
2016-01-29,271.93,0.000148,0.05
2016-01-30,271.73,0.001971,0.05
2016-01-31,272.84,0.005286,0.05
2016-02-01,272.24,0.001075,0.05
2016-02-02,272.83,0.001217,0.05
2016-02-03,273.94,0.000163,0.05
2016-02-04,275.81,3e-06,0.05
2016-02-05,277.47,9e-06,0.05
2016-02-06,277.4,1e-06,0.05
2016-02-07,273.58,0.006226,0.05
2016-02-08,268.21,0.008832,0.05
2016-02-09,269.64,0.00184,0.05
2016-02-10,270.41,0.002488,0.05
2016-02-11,269.23,0.000279,0.05
2016-02-12,271.48,8.9e-05,0.05
2016-02-13,270.8,3.1e-05,0.05
2016-02-14,271.01,0.0,0.05
2016-02-15,271.96,3e-06,0.05
2016-02-16,272.91,1e-06,0.05
2016-02-17,274.13,1e-06,0.05
2016-02-18,276.35,0.0,0.05
2016-02-19,278.96,0.000284,0.05
2016-02-20,277.67,0.002029,0.05
2016-02-21,275.62,0.00024,0.05
2016-02-22,275.77,0.001388,0.05
2016-02-23,274.26,0.004298,0.05
2016-02-24,271.75,0.002293,0.05
2016-02-25,272.37,0.000351,0.05
2016-02-26,271.95,0.001785,0.05
2016-02-27,271.98,0.002248,0.05
2016-02-28,272.17,0.003687,0.05
2016-02-29,273.31,0.001274,0.05
2016-03-01,272.91,0.000993,0.05
2016-03-02,273.96,0.001168,0.05
2016-03-03,273.79,0.00117,0.05
2016-03-04,274.21,0.001065,0.05
2016-03-05,274.19,0.002362,0.05
2016-03-06,273.45,0.001035,0.05
2016-03-07,274.13,0.000121,0.05
2016-03-08,273.8,0.000322,0.05
2016-03-09,273.53,0.000518,0.05
2016-03-10,275.44,0.000406,0.05
2016-03-11,276.49,0.000428,0.05
2016-03-12,276.54,0.00075,0.05
2016-03-13,275.38,0.001784,0.05
2016-03-14,273.65,0.002765,0.05
2016-03-15,273.37,0.00065,0.05
2016-03-16,273.3,0.000459,0.05
2016-03-17,274.84,0.000902,0.05
2016-03-18,275.21,0.001431,0.05
2016-03-19,275.75,0.00207,0.05
2016-03-20,275.85,0.001263,0.05
2016-03-21,274.54,0.003313,0.05
2016-03-22,273.44,0.001011,0.05
2016-03-23,276.08,0.000113,0.05
2016-03-24,278.08,3e-06,0.05
2016-03-25,280.36,3e-06,0.05
2016-03-26,279.69,0.000597,0.05
2016-03-27,278.66,0.003937,0.05
2016-03-28,273.22,0.009892,0.05
2016-03-29,276.92,6.4e-05,0.05
2016-03-30,276.62,0.005391,0.05
2016-03-31,275.43,0.007418,0.05
2016-04-01,277.23,0.00311,0.05
2016-04-02,279.11,0.006053,0.05
2016-04-03,280.14,0.006025,0.05
2016-04-04,279.71,0.002441,0.05
2016-04-05,279.0,0.001668,0.05
2016-04-06,277.27,0.000689,0.05
2016-04-07,277.83,0.000514,0.05
2016-04-08,276.97,0.000828,0.05
2016-04-09,277.73,0.000275,0.05
2016-04-10,279.68,0.000202,0.05
2016-04-11,278.62,0.001335,0.05
2016-04-12,277.98,0.000475,0.05
2016-04-13,278.22,0.002788,0.05
2016-04-14,277.09,0.00611,0.05
2016-04-15,279.63,0.002607,0.05
2016-04-16,278.43,0.003533,0.05
2016-04-17,279.89,0.002359,0.05
2016-04-18,279.5,0.002937,0.05
2016-04-19,280.26,0.001115,0.05
2016-04-20,280.05,0.0024,0.05
2016-04-21,279.35,0.003303,0.05
2016-04-22,279.6,0.00259,0.05
2016-04-23,277.41,0.001268,0.05
2016-04-24,277.09,0.000323,0.05
2016-04-25,277.98,4e-06,0.05
2016-04-26,278.78,0.000162,0.05
2016-04-27,278.53,0.000351,0.05
2016-04-28,277.73,0.00065,0.05
2016-04-29,277.53,0.000312,0.05
2016-04-30,278.23,8.7e-05,0.05
2016-05-01,279.56,0.000882,0.05
2016-05-02,279.7,0.001087,0.05
2016-05-03,279.39,0.002923,0.05
2016-05-04,278.94,0.006503,0.05
2016-05-05,278.56,0.004077,0.05
2016-05-06,278.63,0.002663,0.05
2016-05-07,278.86,0.00266,0.05
2016-05-08,279.38,0.007914,0.05
2016-05-09,280.98,0.005592,0.05
2016-05-10,281.49,0.006996,0.05
2016-05-11,281.34,0.002669,0.05
2016-05-12,280.67,0.008681,0.05
2016-05-13,280.42,0.002881,0.05
2016-05-14,281.16,0.008459,0.05
2016-05-15,281.3,0.005144,0.05
2016-05-16,280.77,0.006993,0.05
2016-05-17,280.49,0.003829,0.05
2016-05-18,282.21,0.000653,0.05
2016-05-19,282.44,0.00619,0.05
2016-05-20,281.12,0.014298,0.05
2016-05-21,281.2,0.008297,0.05
2016-05-22,282.86,0.004359,0.05
2016-05-23,282.3,0.005013,0.05
2016-05-24,281.09,0.007419,0.05
2016-05-25,280.22,0.00453,0.05
2016-05-26,279.63,0.006898,0.05
2016-05-27,281.3,0.007694,0.05
2016-05-28,280.63,0.014473,0.05
2016-05-29,280.7,0.005098,0.05
2016-05-30,280.67,0.005256,0.05
2016-05-31,280.21,0.00439,0.05
2016-06-01,281.7,0.002371,0.05
2016-06-02,282.14,0.005147,0.05
2016-06-03,283.09,0.001802,0.05
2016-06-04,282.86,0.009979,0.05
2016-06-05,282.9,0.012523,0.05
2016-06-06,282.85,0.009378,0.05
2016-06-07,283.01,0.006338,0.05
2016-06-08,283.08,0.005674,0.05
2016-06-09,283.31,0.009576,0.05
2016-06-10,283.36,0.011018,0.05
2016-06-11,283.88,0.004867,0.05
2016-06-12,283.98,0.012936,0.05
2016-06-13,283.61,0.007802,0.05
2016-06-14,284.58,0.011668,0.05
2016-06-15,284.74,0.018228,0.05
2016-06-16,284.13,0.015984,0.05
2016-06-17,284.66,0.012712,0.05
2016-06-18,284.91,0.020382,0.05
2016-06-19,284.5,0.034989,0.05
2016-06-20,284.36,0.017927,0.05
2016-06-21,284.58,0.023683,0.05
2016-06-22,284.65,0.014128,0.05
2016-06-23,284.72,0.015381,0.05
2016-06-24,285.1,0.023478,0.05
2016-06-25,285.17,0.023492,0.05
2016-06-26,285.54,0.029223,0.05
2016-06-27,285.43,0.030365,0.05
2016-06-28,285.63,0.035053,0.05
2016-06-29,285.44,0.042768,0.05
2016-06-30,285.76,0.045329,0.05
2016-07-01,284.53,0.054775,0.05
2016-07-02,284.61,0.014669,0.05
2016-07-03,285.48,0.016609,0.05
2016-07-04,285.69,0.0227,0.05
2016-07-05,285.47,0.025883,0.05
2016-07-06,285.35,0.025108,0.05
2016-07-07,285.65,0.050362,0.05
2016-07-08,285.59,0.020099,0.05
2016-07-09,285.61,0.028682,0.05
2016-07-10,285.75,0.041195,0.05
2016-07-11,285.0,0.047274,0.05
2016-07-12,285.33,0.033127,0.05
2016-07-13,285.44,0.028941,0.05
2016-07-14,285.64,0.019251,0.05
2016-07-15,285.77,0.056038,0.05
2016-07-16,285.43,0.017337,0.05
2016-07-17,285.02,0.023224,0.05
2016-07-18,285.01,0.017293,0.05
2016-07-19,285.89,0.021051,0.05
2016-07-20,285.51,0.02126,0.05
2016-07-21,284.93,0.024759,0.05
2016-07-22,283.97,0.024944,0.05
2016-07-23,284.31,0.019859,0.05
2016-07-24,284.65,0.022525,0.05
2016-07-25,284.7,0.062113,0.05
2016-07-26,284.18,0.046739,0.05
2016-07-27,283.72,0.038035,0.05
2016-07-28,283.37,0.044915,0.05
2016-07-29,283.61,0.029748,0.05
2016-07-30,283.76,0.037587,0.05
2016-07-31,283.04,0.031922,0.05
2016-08-01,283.77,0.007895,0.05
2016-08-02,284.26,0.006935,0.05
2016-08-03,285.11,0.005935,0.05
2016-08-04,285.31,0.011771,0.05
2016-08-05,285.44,0.01877,0.05
2016-08-06,285.17,0.019497,0.05
2016-08-07,284.68,0.011801,0.05
2016-08-08,284.84,0.012702,0.05
2016-08-09,284.67,0.018955,0.05
2016-08-10,284.44,0.012739,0.05
2016-08-11,284.87,0.010454,0.05
2016-08-12,285.23,0.015054,0.05
2016-08-13,285.2,0.011667,0.05
2016-08-14,285.12,0.018791,0.05
2016-08-15,285.17,0.012865,0.05
2016-08-16,285.08,0.012946,0.05
2016-08-17,284.74,0.009172,0.05
2016-08-18,285.21,0.007706,0.05
2016-08-19,285.04,0.014039,0.05
2016-08-20,285.35,0.00207,0.05
2016-08-21,285.9,0.007187,0.05
2016-08-22,284.5,0.010281,0.05
2016-08-23,284.55,0.009774,0.05
2016-08-24,284.62,0.012539,0.05
2016-08-25,285.18,0.00468,0.05
2016-08-26,284.86,0.005253,0.05
2016-08-27,284.63,0.001978,0.05
2016-08-28,284.49,0.003459,0.05
2016-08-29,284.47,0.011185,0.05
2016-08-30,284.37,0.009455,0.05
2016-08-31,284.44,0.010016,0.05
2016-09-01,284.65,0.0083,0.05
2016-09-02,284.84,0.023189,0.05
2016-09-03,284.83,0.033103,0.05
2016-09-04,283.9,0.022964,0.05
2016-09-05,284.7,0.022758,0.05
2016-09-06,284.17,0.027966,0.05
2016-09-07,284.23,0.013236,0.05
2016-09-08,283.7,0.012141,0.05
2016-09-09,284.11,0.011687,0.05
2016-09-10,284.25,0.021246,0.05
2016-09-11,283.61,0.025705,0.05
2016-09-12,282.9,0.034974,0.05
2016-09-13,283.03,0.011309,0.05
2016-09-14,283.31,0.009536,0.05
2016-09-15,283.71,0.009972,0.05
2016-09-16,283.31,0.007379,0.05
2016-09-17,283.1,0.004348,0.05
2016-09-18,283.18,0.006242,0.05
2016-09-19,283.63,0.004835,0.05
2016-09-20,283.72,0.017123,0.05
2016-09-21,282.16,0.016694,0.05
2016-09-22,282.25,0.010137,0.05
2016-09-23,282.19,0.002283,0.05
2016-09-24,281.81,0.007731,0.05
2016-09-25,281.87,0.010552,0.05
2016-09-26,282.08,0.007041,0.05
2016-09-27,282.69,0.002641,0.05
2016-09-28,282.25,0.005805,0.05
2016-09-29,282.71,0.004976,0.05
2016-09-30,283.19,0.0105,0.05
2016-10-01,283.62,0.013897,0.05
2016-10-02,283.34,0.006666,0.05
2016-10-03,283.3,0.001489,0.05
2016-10-04,282.65,0.009475,0.05
2016-10-05,282.54,0.007112,0.05
2016-10-06,282.31,0.007302,0.05
2016-10-07,282.58,0.007674,0.05
2016-10-08,282.59,0.006317,0.05
2016-10-09,281.78,0.004791,0.05
2016-10-10,280.77,0.00085,0.05
2016-10-11,280.83,0.001091,0.05
2016-10-12,281.06,0.002102,0.05
2016-10-13,280.53,0.002402,0.05
2016-10-14,280.32,0.004876,0.05
2016-10-15,280.34,0.009844,0.05
2016-10-16,279.84,0.006988,0.05
2016-10-17,279.22,0.002909,0.05
2016-10-18,279.03,0.002439,0.05
2016-10-19,278.15,0.004256,0.05
2016-10-20,279.29,0.000849,0.05
2016-10-21,278.92,0.00034,0.05
2016-10-22,278.71,0.003021,0.05
2016-10-23,278.93,0.002745,0.05
2016-10-24,279.67,0.002792,0.05
2016-10-25,278.31,0.002054,0.05
2016-10-26,277.4,0.000685,0.05
2016-10-27,277.02,1e-05,0.05
2016-10-28,277.08,0.001452,0.05
2016-10-29,276.5,0.00183,0.05
2016-10-30,276.53,0.000301,0.05
2016-10-31,276.49,0.00112,0.05
2016-11-01,276.16,0.000477,0.05
2016-11-02,276.22,3.9e-05,0.05
2016-11-03,275.67,0.000471,0.05
2016-11-04,276.21,9.3e-05,0.05
2016-11-05,275.7,0.000453,0.05
2016-11-06,276.05,0.000146,0.05
2016-11-07,276.01,4.7e-05,0.05
2016-11-08,277.63,0.000226,0.05
2016-11-09,279.22,1e-06,0.05
2016-11-10,279.31,0.000248,0.05
2016-11-11,278.19,0.000923,0.05
2016-11-12,278.14,0.000193,0.05
2016-11-13,277.38,1e-06,0.05
2016-11-14,276.77,0.0,0.05
2016-11-15,275.31,1e-06,0.05
2016-11-16,274.8,3e-06,0.05
2016-11-17,276.26,0.0,0.05
2016-11-18,277.06,1e-06,0.05
2016-11-19,276.38,0.001525,0.05
2016-11-20,276.88,0.001599,0.05
2016-11-21,277.86,2.5e-05,0.05
2016-11-22,279.57,4.7e-05,0.05
2016-11-23,278.26,0.000809,0.05
2016-11-24,278.14,0.000193,0.05
2016-11-25,279.05,0.000102,0.05
2016-11-26,278.54,0.000181,0.05
2016-11-27,277.58,0.002641,0.05
2016-11-28,276.61,0.001164,0.05
2016-11-29,276.58,0.000791,0.05
2016-11-30,276.13,0.004763,0.05
2016-12-01,275.45,0.005892,0.05
2016-12-02,274.45,0.0057,0.05
2016-12-03,274.15,0.000513,0.05
2016-12-04,275.93,3e-06,0.05
2016-12-05,276.2,0.0,0.05
2016-12-06,276.59,3.9e-05,0.05
2016-12-07,277.98,1e-06,0.05
2016-12-08,277.13,2e-06,0.05
2016-12-09,277.07,1e-06,0.05
2016-12-10,277.35,-0.0,0.05
2016-12-11,277.28,1e-06,0.05
2016-12-12,278.43,1e-06,0.05
2016-12-13,278.46,0.0,0.05
2016-12-14,276.08,9.8e-05,0.05
2016-12-15,276.91,0.000239,0.05
2016-12-16,277.82,0.000176,0.05
2016-12-17,277.96,1.3e-05,0.05
2016-12-18,277.37,2.9e-05,0.05
2016-12-19,278.35,2e-06,0.05
2016-12-20,279.49,8.8e-05,0.05
2016-12-21,280.08,0.000304,0.05
2016-12-22,278.53,0.000839,0.05
2016-12-23,276.48,0.006434,0.05
2016-12-24,275.17,0.001707,0.05
2016-12-25,272.74,0.001192,0.05
2016-12-26,271.2,0.000657,0.05
2016-12-27,274.75,3.6e-05,0.05
2016-12-28,275.26,1.6e-05,0.05
2016-12-29,274.89,0.000912,0.05
2016-12-30,272.19,0.003429,0.05
2016-12-31,270.65,0.002681,0.05
2017-01-01,269.49,0.001726,0.05
2017-01-02,267.54,0.000312,0.05
2017-01-03,267.79,0.000126,0.05
2017-01-04,269.27,6.8e-05,0.05
2017-01-05,268.4,0.000404,0.05
2017-01-06,269.99,0.001424,0.05
2017-01-07,269.01,0.001485,0.05
2017-01-08,268.7,0.000575,0.05
2017-01-09,266.53,0.000178,0.05
2017-01-10,267.05,0.000353,0.05
2017-01-11,266.77,0.002354,0.05
2017-01-12,266.06,0.003452,0.05
2017-01-13,266.86,0.000186,0.05
2017-01-14,268.76,3e-06,0.05
2017-01-15,269.61,7.1e-05,0.05
2017-01-16,269.32,0.000253,0.05
2017-01-17,269.6,0.000133,0.05
2017-01-18,269.93,5e-06,0.05
2017-01-19,270.68,1e-06,0.05
2017-01-20,271.79,1e-06,0.05
2017-01-21,274.34,0.0,0.05
2017-01-22,273.45,1e-06,0.05
2017-01-23,272.72,2e-06,0.05
2017-01-24,274.86,1e-06,0.05
2017-01-25,275.48,7e-06,0.05
2017-01-26,275.73,0.002482,0.05
2017-01-27,271.15,0.013488,0.05
2017-01-28,270.58,0.000107,0.05
2017-01-29,270.0,4e-06,0.05
2017-01-30,271.25,0.000409,0.05
2017-01-31,270.06,0.001326,0.05
2017-02-01,268.97,0.001619,0.05
2017-02-02,270.56,0.001374,0.05
2017-02-03,274.05,2.8e-05,0.05
2017-02-04,276.52,3e-06,0.05
2017-02-05,276.49,0.0,0.05
2017-02-06,271.84,0.000422,0.05
2017-02-07,273.58,6.1e-05,0.05
2017-02-08,274.61,0.000802,0.05
2017-02-09,272.51,3e-05,0.05
2017-02-10,271.66,1e-06,0.05
2017-02-11,272.49,1.3e-05,0.05
2017-02-12,272.06,1.1e-05,0.05
2017-02-13,271.64,0.000748,0.05
2017-02-14,273.47,0.00153,0.05
2017-02-15,273.9,0.000795,0.05
2017-02-16,274.72,0.001444,0.05
2017-02-17,276.71,0.000262,0.05
2017-02-18,277.56,0.000274,0.05
2017-02-19,276.24,0.00208,0.05
2017-02-20,274.13,0.009297,0.05
2017-02-21,272.19,0.000347,0.05
2017-02-22,271.48,0.000414,0.05
2017-02-23,272.14,0.001095,0.05
2017-02-24,273.21,0.000299,0.05
2017-02-25,273.89,0.003171,0.05
2017-02-26,273.54,0.003233,0.05
2017-02-27,272.04,0.00435,0.05
2017-02-28,273.91,0.000455,0.05
2017-03-01,274.02,0.002614,0.05
2017-03-02,272.46,0.000323,0.05
2017-03-03,271.97,0.000679,0.05
2017-03-04,271.76,2.3e-05,0.05
2017-03-05,271.09,1.5e-05,0.05
2017-03-06,271.49,3.3e-05,0.05
2017-03-07,271.84,0.000212,0.05
2017-03-08,271.89,0.001429,0.05
2017-03-09,272.04,0.00497,0.05
2017-03-10,271.5,0.034537,0.05
2017-03-11,269.65,0.024635,0.05
2017-03-12,268.56,0.0013,0.05
2017-03-13,270.99,0.000313,0.05
2017-03-14,270.08,0.00019,0.05
2017-03-15,272.2,0.000301,0.05
2017-03-16,271.32,0.003241,0.05
2017-03-17,270.54,0.008943,0.05
2017-03-18,269.79,0.000845,0.05
2017-03-19,270.76,0.001872,0.05
2017-03-20,271.91,0.004523,0.05
2017-03-21,274.79,0.001188,0.05
2017-03-22,277.09,0.000182,0.05
2017-03-23,277.14,0.001116,0.05
2017-03-24,275.86,0.005468,0.05
2017-03-25,277.43,0.00323,0.05
2017-03-26,277.53,0.003658,0.05
2017-03-27,277.83,0.006648,0.05
2017-03-28,278.4,0.004231,0.05
2017-03-29,278.61,0.01033,0.05
2017-03-30,279.16,0.002936,0.05
2017-03-31,278.59,0.004979,0.05
2017-04-01,277.33,0.003316,0.05
2017-04-02,276.83,0.000808,0.05
2017-04-03,276.22,0.002165,0.05
2017-04-04,277.69,0.000658,0.05
2017-04-05,278.0,0.005463,0.05
2017-04-06,277.56,0.001065,0.05
2017-04-07,277.38,0.000717,0.05
2017-04-08,275.35,0.000434,0.05
2017-04-09,276.72,2e-06,0.05
2017-04-10,275.5,9.1e-05,0.05
2017-04-11,276.49,0.00025,0.05
2017-04-12,276.19,0.00095,0.05
2017-04-13,277.01,0.000791,0.05
2017-04-14,277.03,0.016818,0.05
2017-04-15,276.14,0.004317,0.05
2017-04-16,278.29,0.003697,0.05
2017-04-17,280.12,0.001503,0.05
2017-04-18,280.79,0.005155,0.05
2017-04-19,280.11,0.011941,0.05
2017-04-20,279.5,0.010614,0.05
2017-04-21,280.58,0.00563,0.05
2017-04-22,280.33,0.010557,0.05
2017-04-23,280.26,0.018509,0.05
2017-04-24,279.59,0.005098,0.05
2017-04-25,278.14,0.00138,0.05
2017-04-26,277.37,0.001271,0.05
2017-04-27,277.11,0.0007,0.05
2017-04-28,277.54,0.001122,0.05
2017-04-29,278.18,0.002057,0.05
2017-04-30,278.39,0.002588,0.05
2017-05-01,277.13,0.002641,0.05
2017-05-02,278.44,0.000719,0.05
2017-05-03,279.1,0.004355,0.05
2017-05-04,278.3,0.003918,0.05
2017-05-05,279.02,0.00188,0.05
2017-05-06,279.41,0.003531,0.05
2017-05-07,280.31,0.002411,0.05
2017-05-08,280.48,0.003284,0.05
2017-05-09,279.89,0.010619,0.05
2017-05-10,279.55,0.010059,0.05
2017-05-11,279.81,0.008237,0.05
2017-05-12,280.88,0.008413,0.05
2017-05-13,280.22,0.007582,0.05
2017-05-14,280.9,0.011821,0.05
2017-05-15,280.8,0.009711,0.05
2017-05-16,281.46,0.008973,0.05
2017-05-17,280.04,0.015123,0.05
2017-05-18,280.94,0.001283,0.05
2017-05-19,280.6,0.001233,0.05
2017-05-20,280.66,0.00504,0.05
2017-05-21,281.09,0.001539,0.05
2017-05-22,281.59,0.002337,0.05
2017-05-23,281.64,0.001572,0.05
2017-05-24,281.91,0.000253,0.05
2017-05-25,282.26,0.001859,0.05
2017-05-26,282.02,0.012253,0.05
2017-05-27,280.91,0.024829,0.05
2017-05-28,281.31,0.013825,0.05
2017-05-29,281.74,0.006755,0.05
2017-05-30,281.69,0.007599,0.05
2017-05-31,281.87,0.009568,0.05
2017-06-01,282.7,0.005876,0.05
2017-06-02,281.69,0.000883,0.05
2017-06-03,282.93,0.002528,0.05
2017-06-04,284.42,0.001374,0.05
2017-06-05,284.05,0.010215,0.05
2017-06-06,283.38,0.004044,0.05
2017-06-07,283.28,0.003354,0.05
2017-06-08,282.66,0.013014,0.05
2017-06-09,282.92,0.003165,0.05
2017-06-10,283.25,0.008031,0.05
2017-06-11,283.75,0.004242,0.05
2017-06-12,283.68,0.0019,0.05
2017-06-13,283.52,0.001845,0.05
2017-06-14,283.78,0.006814,0.05
2017-06-15,284.05,0.009482,0.05
2017-06-16,283.56,0.008939,0.05
2017-06-17,283.39,0.008861,0.05
2017-06-18,284.14,0.007359,0.05
2017-06-19,284.09,0.011113,0.05
2017-06-20,284.26,0.01091,0.05
2017-06-21,283.31,0.020334,0.05
2017-06-22,283.97,0.01235,0.05
2017-06-23,284.19,0.005748,0.05
2017-06-24,284.75,0.013873,0.05
2017-06-25,284.75,0.015136,0.05
2017-06-26,285.21,0.030397,0.05
2017-06-27,284.94,0.057491,0.05
2017-06-28,284.69,0.022169,0.05
2017-06-29,284.91,0.015198,0.05
2017-06-30,285.4,0.014848,0.05
2017-07-01,285.6,0.01415,0.05
2017-07-02,285.09,0.022885,0.05
2017-07-03,285.48,0.018595,0.05
2017-07-04,285.26,0.041689,0.05
2017-07-05,285.19,0.024274,0.05
2017-07-06,285.32,0.023403,0.05
2017-07-07,285.19,0.014935,0.05
2017-07-08,285.92,0.041116,0.05
2017-07-09,284.62,0.08173,0.05
2017-07-10,284.27,0.018678,0.05
2017-07-11,283.8,0.018918,0.05
2017-07-12,283.82,0.015924,0.05
2017-07-13,284.33,0.02291,0.05
2017-07-14,284.73,0.042465,0.05
2017-07-15,284.75,0.037467,0.05
2017-07-16,285.57,0.019035,0.05
2017-07-17,285.4,0.011688,0.05
2017-07-18,285.55,0.01211,0.05
2017-07-19,285.55,0.011483,0.05
2017-07-20,285.04,0.011751,0.05
2017-07-21,284.56,0.025335,0.05
2017-07-22,284.57,0.014086,0.05
2017-07-23,284.79,0.01709,0.05
2017-07-24,284.75,0.021359,0.05
2017-07-25,284.65,0.02394,0.05
2017-07-26,284.26,0.029552,0.05
2017-07-27,284.82,0.010835,0.05
2017-07-28,284.94,0.015563,0.05
2017-07-29,284.4,0.030648,0.05
2017-07-30,284.14,0.014894,0.05
2017-07-31,284.93,0.012097,0.05
2017-08-01,285.47,0.018451,0.05
2017-08-02,285.44,0.025643,0.05
2017-08-03,285.6,0.01157,0.05
2017-08-04,285.61,0.027937,0.05
2017-08-05,285.75,0.016419,0.05
2017-08-06,285.98,0.019666,0.05
2017-08-07,285.71,0.031825,0.05
2017-08-08,285.54,0.062855,0.05
2017-08-09,284.72,0.053635,0.05
2017-08-10,284.69,0.045995,0.05
2017-08-11,285.11,0.071209,0.05
2017-08-12,284.79,0.103244,0.05
2017-08-13,283.26,0.034919,0.05
2017-08-14,284.12,0.010536,0.05
2017-08-15,284.7,0.020989,0.05
2017-08-16,285.11,0.020172,0.05
2017-08-17,284.71,0.017235,0.05
2017-08-18,284.78,0.026878,0.05
2017-08-19,283.88,0.030038,0.05
2017-08-20,284.09,0.022792,0.05
2017-08-21,284.18,0.035258,0.05
2017-08-22,284.29,0.032058,0.05
2017-08-23,284.55,0.012647,0.05
2017-08-24,284.6,0.006312,0.05
2017-08-25,284.52,0.008176,0.05
2017-08-26,284.79,0.007987,0.05
2017-08-27,284.56,0.01575,0.05
2017-08-28,284.53,0.009504,0.05
2017-08-29,284.57,0.007158,0.05
2017-08-30,284.78,0.010446,0.05
2017-08-31,284.36,0.010633,0.05
2017-09-01,284.28,0.016884,0.05
2017-09-02,283.94,0.016982,0.05
2017-09-03,283.6,0.008964,0.05
2017-09-04,283.5,0.002369,0.05
2017-09-05,283.54,0.004696,0.05
2017-09-06,283.86,0.005671,0.05
2017-09-07,283.59,0.004297,0.05
2017-09-08,283.86,0.001802,0.05
2017-09-09,284.17,0.003816,0.05
2017-09-10,283.8,0.004088,0.05
2017-09-11,283.53,0.002972,0.05
2017-09-12,283.47,0.0063,0.05
2017-09-13,283.46,0.004757,0.05
2017-09-14,283.4,0.004465,0.05
2017-09-15,283.89,0.007992,0.05
2017-09-16,284.13,0.006056,0.05
2017-09-17,284.55,0.004059,0.05
2017-09-18,284.01,0.012215,0.05
2017-09-19,284.3,0.006055,0.05
2017-09-20,283.93,0.018759,0.05
2017-09-21,283.0,0.027314,0.05
2017-09-22,283.18,0.012038,0.05
2017-09-23,283.67,0.002165,0.05
2017-09-24,283.6,0.002159,0.05
2017-09-25,283.24,0.002167,0.05
2017-09-26,283.25,0.004762,0.05
2017-09-27,283.41,0.003995,0.05
2017-09-28,283.31,0.005717,0.05
2017-09-29,282.69,0.006701,0.05
2017-09-30,282.52,0.003384,0.05
2017-10-01,282.75,0.001956,0.05
2017-10-02,282.04,0.002674,0.05
2017-10-03,282.33,0.00164,0.05
2017-10-04,282.82,0.002677,0.05
2017-10-05,282.74,0.002407,0.05
2017-10-06,283.26,0.000814,0.05
2017-10-07,282.89,0.001472,0.05
2017-10-08,281.91,0.00201,0.05
2017-10-09,281.54,0.003975,0.05
2017-10-10,281.52,0.001626,0.05
2017-10-11,280.69,0.00173,0.05
2017-10-12,281.31,0.000349,0.05
2017-10-13,281.63,0.000376,0.05
2017-10-14,281.05,0.000259,0.05
2017-10-15,280.67,0.001263,0.05
2017-10-16,279.43,0.001336,0.05
2017-10-17,280.41,0.001131,0.05
2017-10-18,281.5,0.001304,0.05
2017-10-19,281.63,0.000109,0.05
2017-10-20,281.0,0.000893,0.05
2017-10-21,280.36,0.001244,0.05
2017-10-22,280.09,0.006059,0.05
2017-10-23,278.13,0.001819,0.05
2017-10-24,277.04,0.001539,0.05
2017-10-25,276.67,0.002172,0.05
2017-10-26,277.22,0.000931,0.05
2017-10-27,276.66,0.003886,0.05
2017-10-28,275.3,0.005039,0.05
2017-10-29,273.69,0.003175,0.05
2017-10-30,274.04,0.000599,0.05
2017-10-31,274.78,0.000698,0.05
2017-11-01,275.39,0.001139,0.05
2017-11-02,275.62,0.001483,0.05
2017-11-03,275.18,0.000735,0.05
2017-11-04,274.94,0.000516,0.05
2017-11-05,276.13,3e-06,0.05
2017-11-06,276.86,1.9e-05,0.05
2017-11-07,276.74,0.000285,0.05
2017-11-08,275.07,0.001342,0.05
2017-11-09,274.6,0.00209,0.05
2017-11-10,275.33,0.000349,0.05
2017-11-11,276.18,0.000832,0.05
2017-11-12,277.15,0.000255,0.05
2017-11-13,277.8,4.1e-05,0.05
2017-11-14,277.63,2.4e-05,0.05
2017-11-15,277.36,7e-06,0.05
2017-11-16,276.71,0.001127,0.05
2017-11-17,277.32,3.5e-05,0.05
2017-11-18,276.89,0.000313,0.05
2017-11-19,276.16,2e-06,0.05
2017-11-20,275.56,1e-06,0.05
2017-11-21,276.65,9.9e-05,0.05
2017-11-22,274.68,0.000139,0.05
2017-11-23,274.23,0.000651,0.05
2017-11-24,274.65,0.00062,0.05
2017-11-25,275.7,0.000693,0.05
2017-11-26,273.7,0.005762,0.05
2017-11-27,271.92,0.007106,0.05
2017-11-28,272.77,0.001622,0.05
2017-11-29,272.21,0.005004,0.05
2017-11-30,272.19,0.001618,0.05
2017-12-01,273.16,0.001614,0.05
2017-12-02,274.66,0.002043,0.05
2017-12-03,277.12,0.001009,0.05
2017-12-04,278.41,0.000284,0.05
2017-12-05,279.11,0.000409,0.05
2017-12-06,278.63,0.000898,0.05
2017-12-07,277.94,0.00014,0.05
2017-12-08,277.68,0.00095,0.05
2017-12-09,277.56,0.000152,0.05
2017-12-10,277.13,0.000358,0.05
2017-12-11,277.17,0.002332,0.05
2017-12-12,274.62,0.001734,0.05
2017-12-13,275.05,1.5e-05,0.05
2017-12-14,274.12,2e-06,0.05
2017-12-15,274.68,0.0,0.05
2017-12-16,274.92,1e-06,0.05
2017-12-17,274.27,2e-06,0.05
2017-12-18,276.27,1e-06,0.05
2017-12-19,277.97,0.0,0.05
2017-12-20,277.73,3.6e-05,0.05
2017-12-21,276.85,0.000754,0.05
2017-12-22,276.27,0.000351,0.05
2017-12-23,276.76,0.000152,0.05
2017-12-24,275.54,1.9e-05,0.05
2017-12-25,271.29,0.003709,0.05
2017-12-26,272.47,0.0,0.05
2017-12-27,274.42,2e-06,0.05
2017-12-28,274.49,1e-06,0.05
2017-12-29,273.84,1e-06,0.05
2017-12-30,273.86,1e-06,0.05
2017-12-31,273.02,1.5e-05,0.05
2018-01-01,271.3,0.002354,0.05
2018-01-02,268.99,0.000736,0.05
2018-01-03,269.49,2.7e-05,0.05
2018-01-04,270.92,6e-06,0.05
2018-01-05,269.09,9.3e-05,0.05
2018-01-06,270.05,0.000544,0.05
2018-01-07,271.27,0.000701,0.05
2018-01-08,273.69,1.4e-05,0.05
2018-01-09,276.16,0.0,0.05
2018-01-10,278.08,1e-06,0.05
2018-01-11,279.42,1e-06,0.05
2018-01-12,278.51,1.3e-05,0.05
2018-01-13,275.44,0.000793,0.05
2018-01-14,274.72,0.000645,0.05
2018-01-15,274.0,0.000373,0.05
2018-01-16,275.55,0.0,0.05
2018-01-17,275.62,0.0,0.05
2018-01-18,276.36,2e-06,0.05
2018-01-19,276.82,3e-06,0.05
2018-01-20,276.01,0.000304,0.05
2018-01-21,276.13,0.000531,0.05
2018-01-22,277.6,0.000189,0.05
2018-01-23,275.01,0.00404,0.05
2018-01-24,266.56,0.010822,0.05
2018-01-25,267.53,0.00059,0.05
2018-01-26,266.51,0.000968,0.05
2018-01-27,268.29,0.002272,0.05
2018-01-28,271.61,0.000263,0.05
2018-01-29,273.68,1.9e-05,0.05
2018-01-30,275.45,2e-06,0.05
2018-01-31,276.82,4e-05,0.05
2018-02-01,275.57,2.5e-05,0.05
2018-02-02,274.96,0.000825,0.05
2018-02-03,272.43,0.003439,0.05
2018-02-04,273.22,8.3e-05,0.05
2018-02-05,275.76,0.000365,0.05
2018-02-06,275.2,0.000646,0.05
2018-02-07,274.24,0.000307,0.05
2018-02-08,272.26,0.000298,0.05
2018-02-09,270.18,0.000311,0.05
2018-02-10,271.24,0.0,0.05
2018-02-11,272.41,0.000409,0.05
2018-02-12,273.11,0.002432,0.05
2018-02-13,271.45,0.002505,0.05
2018-02-14,270.52,9.3e-05,0.05
2018-02-15,274.11,2e-06,0.05
2018-02-16,273.37,0.000673,0.05
2018-02-17,272.66,0.005513,0.05
2018-02-18,272.39,0.000997,0.05
2018-02-19,271.88,0.000662,0.05
2018-02-20,272.15,0.001461,0.05
2018-02-21,271.87,0.006723,0.05
2018-02-22,270.39,0.005516,0.05
2018-02-23,271.54,0.001068,0.05
2018-02-24,273.4,0.001193,0.05
2018-02-25,272.01,0.000812,0.05
2018-02-26,274.61,0.000396,0.05
2018-02-27,276.31,0.000203,0.05
2018-02-28,275.4,0.000532,0.05
2018-03-01,274.94,0.002339,0.05
2018-03-02,272.82,0.002451,0.05
2018-03-03,275.09,0.000724,0.05
2018-03-04,274.36,0.000405,0.05
2018-03-05,272.8,0.003345,0.05
2018-03-06,271.72,0.000533,0.05
2018-03-07,274.02,9.4e-05,0.05
2018-03-08,273.67,0.0013,0.05
2018-03-09,272.99,0.000947,0.05
2018-03-10,273.32,0.000679,0.05
2018-03-11,273.16,0.004149,0.05
2018-03-12,271.71,0.004526,0.05
2018-03-13,274.33,0.000314,0.05
2018-03-14,275.75,0.001041,0.05
2018-03-15,274.76,0.003711,0.05
2018-03-16,274.2,0.000921,0.05
2018-03-17,272.35,0.000427,0.05
2018-03-18,273.88,0.000269,0.05
2018-03-19,275.81,0.000769,0.05
2018-03-20,275.78,0.000752,0.05
2018-03-21,275.82,0.001487,0.05
2018-03-22,274.04,0.001338,0.05
2018-03-23,274.8,0.000364,0.05
2018-03-24,276.14,0.000762,0.05
2018-03-25,275.37,0.002028,0.05
2018-03-26,274.78,0.002848,0.05
2018-03-27,277.76,2.3e-05,0.05
2018-03-28,276.31,0.008131,0.05
2018-03-29,275.71,0.004287,0.05
2018-03-30,273.89,0.001097,0.05
2018-03-31,274.71,0.00103,0.05
2018-04-01,275.62,0.004248,0.05
2018-04-02,276.86,0.002417,0.05
2018-04-03,276.66,0.003097,0.05
2018-04-04,276.93,0.007337,0.05
2018-04-05,276.87,0.007606,0.05
2018-04-06,277.75,0.007358,0.05
2018-04-07,277.76,0.005989,0.05
2018-04-08,277.0,0.001729,0.05
2018-04-09,276.89,0.006667,0.05
2018-04-10,278.11,0.006482,0.05
2018-04-11,277.59,0.003841,0.05
2018-04-12,276.94,0.006955,0.05
2018-04-13,275.55,0.000435,0.05
2018-04-14,276.77,0.003015,0.05
2018-04-15,277.35,0.00473,0.05
2018-04-16,276.98,0.002599,0.05
2018-04-17,278.15,0.015408,0.05
2018-04-18,276.49,0.003641,0.05
2018-04-19,278.08,0.005841,0.05
2018-04-20,277.72,0.002425,0.05
2018-04-21,277.56,0.001488,0.05
2018-04-22,277.59,1.2e-05,0.05
2018-04-23,276.97,0.001189,0.05
2018-04-24,277.08,0.001334,0.05
2018-04-25,277.7,0.002614,0.05
2018-04-26,277.97,0.004127,0.05
2018-04-27,277.64,0.007359,0.05
2018-04-28,277.84,0.005068,0.05
2018-04-29,278.16,0.019855,0.05
2018-04-30,277.03,0.015005,0.05
2018-05-01,277.59,0.004533,0.05
2018-05-02,278.59,0.00454,0.05
2018-05-03,278.03,0.003428,0.05
2018-05-04,277.83,0.006392,0.05
2018-05-05,279.13,0.011397,0.05
2018-05-06,279.9,0.006795,0.05
2018-05-07,280.05,0.00246,0.05
2018-05-08,280.21,0.001891,0.05
2018-05-09,278.62,0.001165,0.05
2018-05-10,277.76,0.002939,0.05
2018-05-11,280.59,0.000248,0.05
2018-05-12,280.74,0.006726,0.05
2018-05-13,280.09,0.0123,0.05
2018-05-14,279.17,0.010574,0.05
2018-05-15,278.69,0.008412,0.05
2018-05-16,280.21,0.008527,0.05
2018-05-17,279.41,0.009837,0.05
2018-05-18,280.51,0.0131,0.05
2018-05-19,280.78,0.009376,0.05
2018-05-20,282.2,0.00921,0.05
2018-05-21,283.18,0.008293,0.05
2018-05-22,282.63,0.014607,0.05
2018-05-23,282.74,0.009961,0.05
2018-05-24,282.42,0.01753,0.05
2018-05-25,282.95,0.000958,0.05
2018-05-26,282.59,0.001362,0.05
2018-05-27,281.72,0.000482,0.05
2018-05-28,280.49,0.003823,0.05
2018-05-29,280.59,0.002556,0.05
2018-05-30,280.85,0.006436,0.05
2018-05-31,282.09,0.008013,0.05
2018-06-01,281.84,0.010709,0.05
2018-06-02,281.4,0.009484,0.05
2018-06-03,282.82,0.014014,0.05
2018-06-04,282.98,0.018078,0.05
2018-06-05,283.98,0.006602,0.05
2018-06-06,284.22,0.005328,0.05
2018-06-07,283.65,0.00894,0.05
2018-06-08,283.86,0.012501,0.05
2018-06-09,284.59,0.012224,0.05
2018-06-10,284.6,0.010834,0.05
2018-06-11,284.75,0.009326,0.05
2018-06-12,284.45,0.015033,0.05
2018-06-13,283.7,0.015933,0.05
2018-06-14,283.37,0.020748,0.05
2018-06-15,283.57,0.027496,0.05
2018-06-16,283.55,0.042498,0.05
2018-06-17,283.61,0.046466,0.05
2018-06-18,283.4,0.001758,0.05
2018-06-19,283.48,0.001317,0.05
2018-06-20,283.87,0.00467,0.05
2018-06-21,284.12,0.002186,0.05
2018-06-22,284.29,0.005084,0.05
2018-06-23,284.34,0.003358,0.05
2018-06-24,284.93,0.035739,0.05
2018-06-25,284.45,0.02293,0.05
2018-06-26,284.78,0.011524,0.05
2018-06-27,285.17,0.019767,0.05
2018-06-28,284.68,0.022522,0.05
2018-06-29,284.62,0.035354,0.05
2018-06-30,284.65,0.029029,0.05
2018-07-01,284.69,0.033264,0.05
2018-07-02,284.3,0.06038,0.05
2018-07-03,284.37,0.027006,0.05
2018-07-04,284.44,0.018681,0.05
2018-07-05,285.12,0.006764,0.05
2018-07-06,285.87,0.013703,0.05
2018-07-07,285.75,0.028428,0.05
2018-07-08,285.6,0.047736,0.05
2018-07-09,285.15,0.043006,0.05
2018-07-10,284.78,0.050224,0.05
2018-07-11,285.16,0.043205,0.05
2018-07-12,285.13,0.025143,0.05
2018-07-13,285.1,0.059928,0.05
2018-07-14,285.53,0.036532,0.05
2018-07-15,285.26,0.059984,0.05
2018-07-16,285.49,0.030361,0.05
2018-07-17,285.82,0.014155,0.05
2018-07-18,285.45,0.019935,0.05
2018-07-19,285.87,0.008069,0.05
2018-07-20,286.09,0.01157,0.05
2018-07-21,285.19,0.018922,0.05
2018-07-22,285.12,0.016617,0.05
2018-07-23,285.3,0.023858,0.05
2018-07-24,285.58,0.031558,0.05
2018-07-25,285.41,0.024459,0.05
2018-07-26,285.0,0.026154,0.05
2018-07-27,284.78,0.01715,0.05
2018-07-28,284.91,0.016367,0.05
2018-07-29,285.04,0.020609,0.05
2018-07-30,284.72,0.023854,0.05
2018-07-31,284.78,0.011593,0.05
2018-08-01,284.63,0.025282,0.05
2018-08-02,284.74,0.02157,0.05
2018-08-03,284.58,0.017971,0.05
2018-08-04,284.96,0.037424,0.05
2018-08-05,284.68,0.041907,0.05
2018-08-06,284.84,0.018116,0.05
2018-08-07,284.66,0.007881,0.05
2018-08-08,284.82,0.034234,0.05
2018-08-09,284.38,0.037096,0.05
2018-08-10,284.7,0.027906,0.05
2018-08-11,285.0,0.018366,0.05
2018-08-12,284.96,0.031147,0.05
2018-08-13,284.66,0.037117,0.05
2018-08-14,285.15,0.015729,0.05
2018-08-15,285.22,0.011745,0.05
2018-08-16,285.56,0.015007,0.05
2018-08-17,285.42,0.023057,0.05
2018-08-18,285.28,0.018262,0.05
2018-08-19,285.4,0.008742,0.05
2018-08-20,285.46,0.013481,0.05
2018-08-21,285.18,0.024646,0.05
2018-08-22,285.0,0.025126,0.05
2018-08-23,285.01,0.023286,0.05
2018-08-24,284.95,0.035549,0.05
2018-08-25,284.69,0.024205,0.05
2018-08-26,285.1,0.017222,0.05
2018-08-27,285.08,0.024753,0.05
2018-08-28,284.24,0.033931,0.05
2018-08-29,285.02,0.01998,0.05
2018-08-30,284.66,0.030611,0.05
2018-08-31,284.4,0.025162,0.05
2018-09-01,284.73,0.023574,0.05
2018-09-02,284.31,0.031234,0.05
2018-09-03,284.34,0.024939,0.05
2018-09-04,284.42,0.015329,0.05
2018-09-05,284.38,0.006824,0.05
2018-09-06,284.55,0.017132,0.05
2018-09-07,284.25,0.014306,0.05
2018-09-08,284.16,0.009874,0.05
2018-09-09,284.51,0.008099,0.05
2018-09-10,284.05,0.02467,0.05
2018-09-11,283.43,0.01796,0.05
2018-09-12,282.93,0.014932,0.05
2018-09-13,282.75,0.003802,0.05
2018-09-14,282.63,0.006259,0.05
2018-09-15,282.71,0.008003,0.05
2018-09-16,282.27,0.007772,0.05
2018-09-17,282.69,0.000802,0.05
2018-09-18,282.87,0.000208,0.05
2018-09-19,282.68,0.000935,0.05
2018-09-20,282.76,0.010051,0.05
2018-09-21,283.02,0.00848,0.05
2018-09-22,282.55,0.008058,0.05
2018-09-23,282.37,0.0041,0.05
2018-09-24,282.31,0.003807,0.05
2018-09-25,282.54,0.001278,0.05
2018-09-26,282.14,0.005043,0.05
2018-09-27,281.65,0.005376,0.05
2018-09-28,281.85,0.002154,0.05
2018-09-29,281.95,0.00285,0.05
2018-09-30,281.31,0.006032,0.05
2018-10-01,281.22,0.001789,0.05
2018-10-02,280.36,0.001442,0.05
2018-10-03,279.63,0.001931,0.05
2018-10-04,279.08,0.001578,0.05
2018-10-05,279.19,0.001005,0.05
2018-10-06,278.0,0.001918,0.05
2018-10-07,277.22,0.000154,0.05
2018-10-08,276.07,0.002311,0.05
2018-10-09,277.71,0.003783,0.05
2018-10-10,278.39,0.004199,0.05
2018-10-11,279.2,0.00252,0.05
2018-10-12,278.52,0.001583,0.05
2018-10-13,278.6,0.002128,0.05
2018-10-14,278.55,0.001563,0.05
2018-10-15,277.98,0.001674,0.05
2018-10-16,278.96,0.004677,0.05
2018-10-17,278.53,0.00163,0.05
2018-10-18,278.07,0.000309,0.05
2018-10-19,277.76,0.000593,0.05
2018-10-20,277.64,0.001047,0.05
2018-10-21,277.29,0.000413,0.05
2018-10-22,275.98,0.000539,0.05
2018-10-23,275.12,0.00053,0.05
2018-10-24,274.3,0.000769,0.05
2018-10-25,273.96,0.003376,0.05
2018-10-26,275.0,0.000138,0.05
2018-10-27,275.64,0.000235,0.05
2018-10-28,275.4,0.000278,0.05
2018-10-29,275.96,0.00105,0.05
2018-10-30,276.66,0.00028,0.05
2018-10-31,276.41,0.000373,0.05
2018-11-01,277.35,7e-05,0.05
2018-11-02,277.02,0.000133,0.05
2018-11-03,276.37,0.000715,0.05
2018-11-04,275.4,0.000247,0.05
2018-11-05,275.75,2.4e-05,0.05
2018-11-06,275.45,3e-06,0.05
2018-11-07,276.0,5.1e-05,0.05
2018-11-08,275.8,0.000591,0.05
2018-11-09,275.2,0.001996,0.05
2018-11-10,273.83,0.006506,0.05
2018-11-11,275.07,0.000862,0.05
2018-11-12,275.75,0.004714,0.05
2018-11-13,274.25,0.006696,0.05
2018-11-14,273.14,0.001733,0.05
2018-11-15,273.0,0.000264,0.05
2018-11-16,274.41,0.000964,0.05
2018-11-17,274.11,0.000799,0.05
2018-11-18,274.42,0.003681,0.05
2018-11-19,274.6,0.003225,0.05
2018-11-20,272.96,0.004211,0.05
2018-11-21,275.15,0.000444,0.05
2018-11-22,277.04,0.001705,0.05
2018-11-23,275.3,0.003579,0.05
2018-11-24,276.43,0.000248,0.05
2018-11-25,276.98,0.00039,0.05
2018-11-26,275.94,0.001634,0.05
2018-11-27,277.06,0.0,0.05
2018-11-28,278.5,8e-06,0.05
2018-11-29,277.13,0.000447,0.05
2018-11-30,275.33,0.0035,0.05
2018-12-01,274.56,0.003204,0.05
2018-12-02,273.76,0.003807,0.05
2018-12-03,274.04,0.002215,0.05
2018-12-04,275.3,0.001444,0.05
2018-12-05,274.2,0.003664,0.05
2018-12-06,272.12,0.002211,0.05
2018-12-07,270.55,0.000163,0.05
2018-12-08,272.08,0.000495,0.05
2018-12-09,271.9,0.001964,0.05
2018-12-10,270.81,0.000884,0.05
2018-12-11,269.31,0.000977,0.05
2018-12-12,269.99,0.000989,0.05
2018-12-13,269.11,0.003152,0.05
2018-12-14,269.25,0.000454,0.05
2018-12-15,270.4,1e-06,0.05
2018-12-16,271.67,1e-06,0.05
2018-12-17,273.81,0.008298,0.05
2018-12-18,269.37,0.004484,0.05
2018-12-19,273.97,1.1e-05,0.05
2018-12-20,271.42,2.2e-05,0.05
2018-12-21,271.25,0.000181,0.05
2018-12-22,272.38,0.000144,0.05
2018-12-23,274.06,0.000145,0.05
2018-12-24,273.8,3e-06,0.05
2018-12-25,272.62,2.5e-05,0.05
2018-12-26,272.14,0.003451,0.05
2018-12-27,267.03,0.00792,0.05
2018-12-28,265.3,0.000655,0.05
2018-12-29,266.67,0.000167,0.05
2018-12-30,267.28,8e-06,0.05
2018-12-31,268.29,2.4e-05,0.05
2019-01-01,269.8,2e-06,0.05
2019-01-02,267.64,0.001947,0.05
2019-01-03,265.05,0.000542,0.05
2019-01-04,268.43,3e-05,0.05
2019-01-05,269.13,0.00095,0.05
2019-01-06,268.14,0.00185,0.05
2019-01-07,265.09,0.008357,0.05
2019-01-08,265.11,0.000597,0.05
2019-01-09,266.7,0.001785,0.05
2019-01-10,268.48,7.3e-05,0.05
2019-01-11,268.66,0.001077,0.05
2019-01-12,269.61,0.000206,0.05
2019-01-13,267.17,0.000425,0.05
2019-01-14,266.42,7.3e-05,0.05
2019-01-15,269.43,4.2e-05,0.05
2019-01-16,271.08,0.00065,0.05
2019-01-17,268.95,0.002286,0.05
2019-01-18,267.03,0.000203,0.05
2019-01-19,268.46,0.001083,0.05
2019-01-20,270.61,2.8e-05,0.05
2019-01-21,270.99,0.00018,0.05
2019-01-22,270.01,0.013409,0.05
2019-01-23,269.09,0.009331,0.05
2019-01-24,267.23,0.001859,0.05
2019-01-25,267.84,0.015723,0.05
2019-01-26,268.52,0.004795,0.05
2019-01-27,267.02,0.000891,0.05
2019-01-28,265.73,0.001748,0.05
2019-01-29,266.8,0.000657,0.05
2019-01-30,269.07,3e-06,0.05
2019-01-31,269.76,0.001869,0.05
2019-02-01,268.82,0.001768,0.05
2019-02-02,267.89,2e-06,0.05
2019-02-03,268.99,6e-06,0.05
2019-02-04,270.31,2e-06,0.05
2019-02-05,270.97,1e-06,0.05
2019-02-06,271.78,0.000841,0.05
2019-02-07,271.6,0.043294,0.05
2019-02-08,271.07,0.010168,0.05
2019-02-09,267.67,0.0061,0.05
2019-02-10,270.54,2.8e-05,0.05
2019-02-11,268.68,0.000166,0.05
2019-02-12,271.17,0.00073,0.05
2019-02-13,272.63,0.000112,0.05
2019-02-14,272.29,0.001753,0.05
2019-02-15,271.36,0.000719,0.05
2019-02-16,268.95,0.000904,0.05
2019-02-17,270.31,0.001378,0.05
2019-02-18,270.44,0.004374,0.05
2019-02-19,270.02,0.002963,0.05
2019-02-20,272.75,3.2e-05,0.05
2019-02-21,273.78,0.000164,0.05
2019-02-22,271.22,0.00044,0.05
2019-02-23,270.66,9.4e-05,0.05
2019-02-24,271.74,0.002181,0.05
2019-02-25,268.79,0.003859,0.05
2019-02-26,269.24,0.003322,0.05
2019-02-27,268.41,0.027899,0.05
2019-02-28,265.13,0.0045,0.05
2019-03-01,268.67,0.00063,0.05
2019-03-02,272.0,0.000797,0.05
2019-03-03,271.36,0.009141,0.05
2019-03-04,270.45,0.002464,0.05
2019-03-05,270.29,0.000839,0.05
2019-03-06,271.51,0.001211,0.05
2019-03-07,271.41,0.000784,0.05
2019-03-08,271.51,0.002363,0.05
2019-03-09,272.0,0.00284,0.05
2019-03-10,273.32,0.000464,0.05
2019-03-11,274.25,0.000981,0.05
2019-03-12,274.26,1.5e-05,0.05
2019-03-13,276.47,0.000101,0.05
2019-03-14,275.11,0.0003,0.05
2019-03-15,273.16,1e-05,0.05
2019-03-16,273.7,2e-06,0.05
2019-03-17,274.54,0.000313,0.05
2019-03-18,272.37,0.00081,0.05
2019-03-19,272.91,0.005407,0.05
2019-03-20,271.29,0.001905,0.05
2019-03-21,272.87,0.00016,0.05
2019-03-22,273.05,0.000384,0.05
2019-03-23,274.42,0.000197,0.05
2019-03-24,275.24,8.7e-05,0.05
2019-03-25,274.92,0.005602,0.05
2019-03-26,272.34,0.007457,0.05
2019-03-27,275.99,0.002184,0.05
2019-03-28,277.36,0.000921,0.05
2019-03-29,277.33,0.002706,0.05
2019-03-30,276.27,0.003686,0.05
2019-03-31,275.79,0.001367,0.05
2019-04-01,274.84,0.000174,0.05
2019-04-02,275.4,0.001086,0.05
2019-04-03,276.09,0.002272,0.05
2019-04-04,276.98,0.001945,0.05
2019-04-05,277.07,0.004435,0.05
2019-04-06,276.64,0.008268,0.05
2019-04-07,274.76,0.006911,0.05
2019-04-08,276.35,0.0031,0.05
2019-04-09,276.43,0.002301,0.05
2019-04-10,278.83,0.000213,0.05
2019-04-11,278.0,0.002525,0.05
2019-04-12,277.89,0.001856,0.05
2019-04-13,277.83,0.001885,0.05
2019-04-14,277.42,0.002675,0.05
2019-04-15,277.19,0.002304,0.05
2019-04-16,278.5,0.006733,0.05
2019-04-17,277.17,0.007924,0.05
2019-04-18,275.39,0.000444,0.05
2019-04-19,274.47,0.00398,0.05
2019-04-20,275.21,0.000948,0.05
2019-04-21,275.92,0.002501,0.05
2019-04-22,275.81,0.006805,0.05
2019-04-23,277.56,0.002704,0.05
2019-04-24,279.41,0.003476,0.05
2019-04-25,278.69,0.004466,0.05
2019-04-26,280.51,0.005964,0.05
2019-04-27,280.84,0.004791,0.05
2019-04-28,281.89,0.000492,0.05
2019-04-29,280.7,0.004584,0.05
2019-04-30,279.63,0.003042,0.05
2019-05-01,280.15,0.000932,0.05
2019-05-02,280.52,0.00088,0.05
2019-05-03,280.91,0.000822,0.05
2019-05-04,280.8,0.00375,0.05
2019-05-05,279.37,0.000728,0.05
2019-05-06,279.44,0.000328,0.05
2019-05-07,280.35,0.001123,0.05
2019-05-08,280.57,0.000787,0.05
2019-05-09,281.02,0.00157,0.05
2019-05-10,281.63,0.000338,0.05
2019-05-11,280.73,0.000852,0.05
2019-05-12,279.75,0.001227,0.05
2019-05-13,279.03,0.001483,0.05
2019-05-14,279.38,0.00258,0.05
2019-05-15,279.35,0.003241,0.05
2019-05-16,279.58,0.003728,0.05
2019-05-17,279.98,0.001997,0.05
2019-05-18,279.92,0.000772,0.05
2019-05-19,280.43,0.00062,0.05
2019-05-20,281.19,0.006951,0.05
2019-05-21,281.17,0.005266,0.05
2019-05-22,281.4,0.002995,0.05
2019-05-23,280.54,0.006034,0.05
2019-05-24,282.5,0.002641,0.05
2019-05-25,281.29,0.0015,0.05
2019-05-26,280.04,0.001811,0.05
2019-05-27,281.48,0.001649,0.05
2019-05-28,281.46,0.00161,0.05
2019-05-29,281.03,0.003297,0.05
2019-05-30,281.21,0.012407,0.05
2019-05-31,281.03,0.005308,0.05
2019-06-01,281.94,0.009361,0.05
2019-06-02,281.47,0.008136,0.05
2019-06-03,281.51,0.002197,0.05
2019-06-04,282.41,0.004748,0.05
2019-06-05,282.81,0.008785,0.05
2019-06-06,283.01,0.016639,0.05
2019-06-07,282.79,0.010571,0.05
2019-06-08,282.86,0.002899,0.05
2019-06-09,282.38,0.002907,0.05
2019-06-10,282.84,0.00354,0.05
2019-06-11,283.58,0.009103,0.05
2019-06-12,283.48,0.005102,0.05
2019-06-13,284.21,0.009096,0.05
2019-06-14,284.69,0.00983,0.05
2019-06-15,284.47,0.002916,0.05
2019-06-16,284.62,0.003813,0.05
2019-06-17,283.5,0.005913,0.05
2019-06-18,283.55,0.006047,0.05
2019-06-19,284.22,0.004362,0.05
2019-06-20,283.93,0.001283,0.05
2019-06-21,284.88,0.002558,0.05
2019-06-22,284.88,0.017927,0.05
2019-06-23,284.44,0.01682,0.05
2019-06-24,285.04,0.007225,0.05
2019-06-25,285.46,0.006144,0.05
2019-06-26,285.02,0.00903,0.05
2019-06-27,284.52,0.011991,0.05
2019-06-28,283.97,0.012853,0.05
2019-06-29,284.91,0.010106,0.05
2019-06-30,285.27,0.011042,0.05
2019-07-01,285.7,0.011038,0.05
2019-07-02,285.58,0.015326,0.05
2019-07-03,285.91,0.025832,0.05
2019-07-04,285.64,0.021668,0.05
2019-07-05,285.71,0.014422,0.05
2019-07-06,284.86,0.012528,0.05
2019-07-07,285.58,0.016484,0.05
2019-07-08,285.47,0.032395,0.05
2019-07-09,285.17,0.02638,0.05
2019-07-10,285.23,0.018091,0.05
2019-07-11,285.57,0.026346,0.05
2019-07-12,284.28,0.082046,0.05
2019-07-13,283.64,0.053498,0.05
2019-07-14,283.55,0.067659,0.05
2019-07-15,283.41,0.044589,0.05
2019-07-16,283.22,0.011098,0.05
2019-07-17,284.1,0.011707,0.05
2019-07-18,284.14,0.010319,0.05
2019-07-19,284.61,0.009839,0.05
2019-07-20,284.56,0.010959,0.05
2019-07-21,284.79,0.012272,0.05
2019-07-22,284.91,0.014081,0.05
2019-07-23,285.05,0.031484,0.05
2019-07-24,284.56,0.084519,0.05
2019-07-25,284.97,0.014762,0.05
2019-07-26,285.1,0.019749,0.05
2019-07-27,285.15,0.016201,0.05
2019-07-28,285.37,0.029259,0.05
2019-07-29,285.59,0.023863,0.05
2019-07-30,284.94,0.021827,0.05
2019-07-31,285.26,0.011143,0.05
2019-08-01,284.87,0.021111,0.05
2019-08-02,284.84,0.020666,0.05
2019-08-03,285.18,0.022147,0.05
2019-08-04,285.5,0.014757,0.05
2019-08-05,285.46,0.017459,0.05
2019-08-06,286.0,0.009985,0.05
2019-08-07,285.73,0.010006,0.05
2019-08-08,285.45,0.03615,0.05
2019-08-09,284.36,0.026796,0.05
2019-08-10,285.3,0.014235,0.05
2019-08-11,285.3,0.015162,0.05
2019-08-12,285.98,0.007213,0.05
2019-08-13,285.4,0.018445,0.05
2019-08-14,285.45,0.020198,0.05
2019-08-15,285.11,0.020245,0.05
2019-08-16,285.11,0.020902,0.05
2019-08-17,284.75,0.025107,0.05
2019-08-18,284.34,0.012528,0.05
2019-08-19,284.58,0.011864,0.05
2019-08-20,284.86,0.022074,0.05
2019-08-21,284.85,0.010403,0.05
2019-08-22,284.98,0.007002,0.05
2019-08-23,285.51,0.022465,0.05
2019-08-24,284.36,0.020846,0.05
2019-08-25,284.44,0.007848,0.05
2019-08-26,285.08,0.008718,0.05
2019-08-27,285.29,0.00592,0.05
2019-08-28,285.74,0.007438,0.05
2019-08-29,285.17,0.014667,0.05
2019-08-30,285.56,0.008559,0.05
2019-08-31,285.0,0.027778,0.05
2019-09-01,284.63,0.034381,0.05
2019-09-02,285.33,0.007144,0.05
2019-09-03,285.17,0.021942,0.05
2019-09-04,284.63,0.016501,0.05
2019-09-05,284.92,0.033996,0.05
2019-09-06,284.68,0.035554,0.05
2019-09-07,284.96,0.022014,0.05
2019-09-08,284.72,0.009047,0.05
2019-09-09,285.13,0.014748,0.05
2019-09-10,285.19,0.02108,0.05
2019-09-11,285.15,0.035489,0.05
2019-09-12,284.54,0.032642,0.05
2019-09-13,284.44,0.015026,0.05
2019-09-14,284.26,0.009949,0.05
2019-09-15,284.45,0.010144,0.05
2019-09-16,284.06,0.010998,0.05
2019-09-17,282.8,0.029868,0.05
2019-09-18,281.61,0.052351,0.05
2019-09-19,280.74,0.007727,0.05
2019-09-20,281.46,0.001562,0.05
2019-09-21,281.94,0.007715,0.05
2019-09-22,281.99,0.00525,0.05
2019-09-23,282.13,0.013131,0.05
2019-09-24,282.14,0.04169,0.05
2019-09-25,282.08,0.029144,0.05
2019-09-26,281.68,0.020438,0.05
2019-09-27,281.46,0.015123,0.05
2019-09-28,280.98,0.025879,0.05
2019-09-29,281.13,0.015943,0.05
2019-09-30,280.91,0.011285,0.05
2019-10-01,280.75,0.00844,0.05
2019-10-02,280.86,0.002449,0.05
2019-10-03,281.08,0.004306,0.05
2019-10-04,280.54,0.001372,0.05
2019-10-05,280.12,0.003834,0.05
2019-10-06,280.8,0.002507,0.05
2019-10-07,281.1,0.003186,0.05
2019-10-08,280.04,0.003015,0.05
2019-10-09,279.5,0.001321,0.05
2019-10-10,279.43,0.000237,0.05
2019-10-11,279.27,0.001804,0.05
2019-10-12,278.98,0.00091,0.05
2019-10-13,279.42,0.003531,0.05
2019-10-14,279.34,0.002873,0.05
2019-10-15,279.05,0.001669,0.05
2019-10-16,278.63,0.002049,0.05
2019-10-17,278.63,0.001794,0.05
2019-10-18,279.24,0.001069,0.05
2019-10-19,280.14,0.000748,0.05
2019-10-20,279.57,0.00289,0.05
2019-10-21,279.19,4.9e-05,0.05
2019-10-22,279.9,0.000253,0.05
2019-10-23,279.17,0.00034,0.05
2019-10-24,278.45,0.00134,0.05
2019-10-25,278.26,0.001425,0.05
2019-10-26,278.29,5.2e-05,0.05
2019-10-27,279.38,0.001056,0.05
2019-10-28,279.32,0.001691,0.05
2019-10-29,278.01,0.003818,0.05
2019-10-30,278.42,0.003716,0.05
2019-10-31,277.97,0.000973,0.05
2019-11-01,277.7,0.001131,0.05
2019-11-02,277.94,0.000948,0.05
2019-11-03,277.33,0.001315,0.05
2019-11-04,276.54,0.001549,0.05
2019-11-05,276.39,0.001261,0.05
2019-11-06,278.07,0.001857,0.05
2019-11-07,278.21,0.000349,0.05
2019-11-08,277.19,0.00058,0.05
2019-11-09,277.37,0.000749,0.05
2019-11-10,277.26,0.000628,0.05
2019-11-11,277.13,0.000326,0.05
2019-11-12,278.51,0.0,0.05
2019-11-13,279.78,0.0,0.05
2019-11-14,279.15,6.6e-05,0.05
2019-11-15,278.88,0.000184,0.05
2019-11-16,278.24,5e-05,0.05
2019-11-17,278.59,0.000234,0.05
2019-11-18,277.85,0.001757,0.05
2019-11-19,276.91,0.002771,0.05
2019-11-20,277.01,0.002616,0.05
2019-11-21,277.57,0.003189,0.05
2019-11-22,278.56,0.002842,0.05
2019-11-23,278.79,0.00032,0.05
2019-11-24,278.2,0.0005,0.05
2019-11-25,277.44,0.000461,0.05
2019-11-26,276.33,4.2e-05,0.05
2019-11-27,276.11,1.4e-05,0.05
2019-11-28,275.03,3e-06,0.05
2019-11-29,273.61,0.001007,0.05
2019-11-30,274.04,7e-06,0.05
2019-12-01,274.6,2.3e-05,0.05
2019-12-02,272.85,0.000619,0.05
2019-12-03,272.63,0.001189,0.05
2019-12-04,274.51,0.000201,0.05
2019-12-05,275.14,0.000123,0.05
2019-12-06,275.47,0.000126,0.05
2019-12-07,275.18,1e-05,0.05
2019-12-08,274.14,3e-06,0.05
2019-12-09,274.74,1.9e-05,0.05
2019-12-10,274.01,0.002085,0.05
2019-12-11,273.27,0.005145,0.05
2019-12-12,272.9,0.004611,0.05
2019-12-13,270.72,0.029535,0.05
2019-12-14,267.85,0.00079,0.05
2019-12-15,265.86,0.001513,0.05
2019-12-16,267.04,1e-06,0.05
2019-12-17,267.34,0.000274,0.05
2019-12-18,270.85,1.3e-05,0.05
2019-12-19,271.99,2.4e-05,0.05
2019-12-20,273.78,0.000434,0.05
2019-12-21,272.54,0.000783,0.05
2019-12-22,270.8,0.000663,0.05
2019-12-23,270.6,0.000392,0.05
2019-12-24,270.27,3.8e-05,0.05
2019-12-25,269.56,0.00033,0.05
2019-12-26,267.77,0.000334,0.05
2019-12-27,267.5,0.001173,0.05
2019-12-28,269.58,1e-06,0.05
2019-12-29,268.25,2e-06,0.05
2019-12-30,267.23,6e-06,0.05
2019-12-31,266.7,0.000373,0.05
2020-01-01,267.57,0.000795,0.05
2020-01-02,268.63,0.002852,0.05
2020-01-03,267.77,0.014199,0.05
2020-01-04,265.29,0.000335,0.05
2020-01-05,264.96,6.3e-05,0.05
2020-01-06,269.68,0.00015,0.05
2020-01-07,270.16,0.006636,0.05
2020-01-08,268.53,0.008613,0.05
2020-01-09,266.36,0.000717,0.05
2020-01-10,267.09,0.002741,0.05
2020-01-11,269.97,0.000121,0.05
2020-01-12,273.25,0.0,0.05
2020-01-13,271.74,3e-06,0.05
2020-01-14,268.8,0.000113,0.05
2020-01-15,271.01,3e-05,0.05
2020-01-16,270.22,0.035692,0.05
2020-01-17,269.77,0.048776,0.05
2020-01-18,266.61,0.000277,0.05
2020-01-19,264.19,0.000286,0.05
2020-01-20,265.76,0.000127,0.05
2020-01-21,266.2,0.000788,0.05
2020-01-22,267.82,0.000113,0.05
2020-01-23,266.74,0.001677,0.05
2020-01-24,269.43,4.3e-05,0.05
2020-01-25,267.7,0.000867,0.05
2020-01-26,265.84,0.00424,0.05
2020-01-27,267.53,0.002597,0.05
2020-01-28,269.29,0.001075,0.05
2020-01-29,268.21,0.001426,0.05
2020-01-30,267.19,0.001331,0.05
2020-01-31,268.06,0.000769,0.05
2020-02-01,266.74,0.003011,0.05
2020-02-02,267.49,0.004145,0.05
2020-02-03,267.81,0.001114,0.05
2020-02-04,267.74,0.001162,0.05
2020-02-05,268.03,0.000978,0.05
2020-02-06,267.15,0.00295,0.05
2020-02-07,266.9,0.000508,0.05
2020-02-08,265.55,0.005562,0.05
2020-02-09,268.07,0.001793,0.05
2020-02-10,268.66,2e-06,0.05
2020-02-11,271.54,7e-06,0.05
2020-02-12,273.75,1.1e-05,0.05
2020-02-13,275.65,6e-06,0.05
2020-02-14,274.12,0.002049,0.05
2020-02-15,273.57,0.001342,0.05
2020-02-16,274.35,0.001594,0.05
2020-02-17,272.66,0.00727,0.05
2020-02-18,273.3,0.000609,0.05
2020-02-19,272.81,0.002392,0.05
2020-02-20,272.16,0.001227,0.05
2020-02-21,271.67,0.006953,0.05
2020-02-22,270.78,0.000185,0.05
2020-02-23,270.7,0.000334,0.05
2020-02-24,269.41,0.001755,0.05
2020-02-25,269.81,0.006757,0.05
2020-02-26,268.88,0.006643,0.05
2020-02-27,271.24,0.000665,0.05
2020-02-28,271.24,0.000795,0.05
2020-02-29,270.82,0.000955,0.05
2020-03-01,270.69,0.000458,0.05
2020-03-02,270.79,0.000927,0.05
2020-03-03,269.96,0.000411,0.05
2020-03-04,269.65,0.002928,0.05
2020-03-05,270.34,0.001846,0.05
2020-03-06,270.99,0.005497,0.05
2020-03-07,269.79,0.007245,0.05
2020-03-08,271.42,3e-06,0.05
2020-03-09,273.04,0.000189,0.05
2020-03-10,272.75,0.000707,0.05
2020-03-11,271.87,8.3e-05,0.05
2020-03-12,272.81,4.3e-05,0.05
2020-03-13,273.25,0.005194,0.05
2020-03-14,272.69,0.006414,0.05
2020-03-15,270.4,0.000395,0.05
2020-03-16,271.97,0.000521,0.05
2020-03-17,271.68,0.000821,0.05
2020-03-18,272.23,0.000723,0.05
2020-03-19,272.12,0.001425,0.05
2020-03-20,271.03,0.00042,0.05
2020-03-21,272.0,0.00129,0.05
2020-03-22,271.7,0.005722,0.05
2020-03-23,272.84,0.001047,0.05
2020-03-24,275.19,0.00015,0.05
2020-03-25,273.13,0.005386,0.05
2020-03-26,276.01,0.000913,0.05
2020-03-27,278.34,0.002424,0.05
2020-03-28,276.4,2.1e-05,0.05
2020-03-29,274.62,2.8e-05,0.05
2020-03-30,275.82,0.0,0.05
2020-03-31,275.36,9e-05,0.05
2020-04-01,274.37,0.003073,0.05
2020-04-02,272.64,0.000226,0.05
2020-04-03,272.81,4.8e-05,0.05
2020-04-04,273.67,0.000242,0.05
2020-04-05,273.86,0.000312,0.05
2020-04-06,274.34,0.000471,0.05
2020-04-07,274.82,4.7e-05,0.05
2020-04-08,274.55,0.000227,0.05
2020-04-09,271.97,0.001385,0.05
2020-04-10,274.77,0.00023,0.05
2020-04-11,274.82,1.6e-05,0.05
2020-04-12,277.27,3e-06,0.05
2020-04-13,277.35,0.005937,0.05
2020-04-14,276.9,0.005743,0.05
2020-04-15,277.77,0.005201,0.05
2020-04-16,276.64,0.004822,0.05
2020-04-17,278.21,0.0097,0.05
2020-04-18,276.63,0.002296,0.05
2020-04-19,276.96,0.001002,0.05
2020-04-20,276.92,0.001906,0.05
2020-04-21,274.4,0.010284,0.05
2020-04-22,272.98,0.005336,0.05
2020-04-23,275.18,0.005363,0.05
2020-04-24,273.61,0.007263,0.05
2020-04-25,275.49,0.004778,0.05
2020-04-26,276.55,0.016047,0.05
2020-04-27,276.71,0.009956,0.05
2020-04-28,275.64,0.003389,0.05
2020-04-29,275.78,0.009101,0.05
2020-04-30,276.89,0.008832,0.05
2020-05-01,277.89,0.008952,0.05
2020-05-02,277.28,0.004608,0.05
2020-05-03,278.8,0.006875,0.05
2020-05-04,277.2,0.009069,0.05
2020-05-05,277.92,0.00941,0.05
2020-05-06,276.97,0.009806,0.05
2020-05-07,275.88,0.002328,0.05
2020-05-08,276.95,0.000945,0.05
2020-05-09,277.86,0.006103,0.05
2020-05-10,277.8,0.005741,0.05
2020-05-11,278.08,0.003147,0.05
2020-05-12,277.58,0.006503,0.05
2020-05-13,278.75,0.000545,0.05
2020-05-14,279.63,0.002119,0.05
2020-05-15,279.7,0.005204,0.05
2020-05-16,280.01,0.001049,0.05
2020-05-17,281.55,0.001093,0.05
2020-05-18,279.86,0.003444,0.05
2020-05-19,280.3,1.8e-05,0.05
2020-05-20,281.1,0.013392,0.05
2020-05-21,281.47,0.008468,0.05
2020-05-22,282.25,0.011209,0.05
2020-05-23,281.28,0.032428,0.05
2020-05-24,281.67,0.010682,0.05
2020-05-25,281.8,0.003918,0.05
2020-05-26,280.73,0.012683,0.05
2020-05-27,279.94,0.002452,0.05
2020-05-28,280.17,0.012778,0.05
2020-05-29,279.58,0.004194,0.05
2020-05-30,280.16,0.004445,0.05
2020-05-31,280.11,0.006927,0.05
2020-06-01,280.02,0.001471,0.05
2020-06-02,280.46,0.001187,0.05
2020-06-03,281.18,0.001075,0.05
2020-06-04,281.07,0.008781,0.05
2020-06-05,281.16,0.027981,0.05
2020-06-06,281.09,0.027105,0.05
2020-06-07,281.6,0.008488,0.05
2020-06-08,282.51,0.008737,0.05
2020-06-09,283.51,0.011045,0.05
2020-06-10,283.4,0.002695,0.05
2020-06-11,283.4,0.009204,0.05
2020-06-12,283.37,0.012929,0.05
2020-06-13,283.99,0.033789,0.05
2020-06-14,283.61,0.034028,0.05
2020-06-15,284.01,0.045848,0.05
2020-06-16,283.51,0.032409,0.05
2020-06-17,284.49,0.01075,0.05
2020-06-18,284.12,0.033606,0.05
2020-06-19,284.16,0.060969,0.05
2020-06-20,283.85,0.029498,0.05
2020-06-21,284.04,0.016473,0.05
2020-06-22,283.71,0.024719,0.05
2020-06-23,284.09,0.021586,0.05
2020-06-24,284.15,0.012853,0.05
2020-06-25,284.24,0.015451,0.05
2020-06-26,283.36,0.031298,0.05
2020-06-27,283.96,0.014836,0.05
2020-06-28,283.8,0.012498,0.05
2020-06-29,283.45,0.031208,0.05
2020-06-30,283.79,0.013648,0.05
2020-07-01,284.38,0.015464,0.05
2020-07-02,284.42,0.01676,0.05
2020-07-03,284.7,0.018564,0.05
2020-07-04,283.5,0.057308,0.05
2020-07-05,284.45,0.016225,0.05
2020-07-06,284.7,0.024277,0.05
2020-07-07,284.82,0.01938,0.05
2020-07-08,285.17,0.016327,0.05
2020-07-09,285.04,0.026091,0.05
2020-07-10,284.63,0.046419,0.05
2020-07-11,284.31,0.051831,0.05
2020-07-12,284.14,0.02213,0.05
2020-07-13,284.25,0.013458,0.05
2020-07-14,284.7,0.015074,0.05
2020-07-15,284.84,0.014536,0.05
2020-07-16,285.02,0.018602,0.05
2020-07-17,284.82,0.037315,0.05
2020-07-18,284.53,0.02602,0.05
2020-07-19,284.69,0.03262,0.05
2020-07-20,283.22,0.050049,0.05
2020-07-21,283.06,0.021356,0.05
2020-07-22,284.1,0.010084,0.05
2020-07-23,284.17,0.0572,0.05
2020-07-24,283.87,0.03696,0.05
2020-07-25,284.05,0.030502,0.05
2020-07-26,284.75,0.014046,0.05
2020-07-27,284.81,0.017458,0.05
2020-07-28,284.15,0.062393,0.05
2020-07-29,284.0,0.012512,0.05
2020-07-30,284.3,0.011006,0.05
2020-07-31,284.83,0.019945,0.05
2020-08-01,284.64,0.027831,0.05
2020-08-02,285.48,0.013751,0.05
2020-08-03,285.14,0.011537,0.05
2020-08-04,285.81,0.006895,0.05
2020-08-05,286.08,0.012706,0.05
2020-08-06,285.15,0.021359,0.05
2020-08-07,285.67,0.015941,0.05
2020-08-08,285.86,0.054392,0.05
2020-08-09,285.25,0.034239,0.05
2020-08-10,284.61,0.033192,0.05
2020-08-11,285.43,0.031336,0.05
2020-08-12,285.31,0.032211,0.05
2020-08-13,284.98,0.032654,0.05
2020-08-14,285.05,0.05895,0.05
2020-08-15,284.59,0.039218,0.05
2020-08-16,285.17,0.018647,0.05
2020-08-17,285.24,0.023688,0.05
2020-08-18,285.35,0.023051,0.05
2020-08-19,285.21,0.019274,0.05
2020-08-20,284.63,0.00816,0.05
2020-08-21,284.45,0.018983,0.05
2020-08-22,284.02,0.021754,0.05
2020-08-23,284.35,0.032944,0.05
2020-08-24,284.41,0.02521,0.05
2020-08-25,285.13,0.024532,0.05
2020-08-26,284.77,0.007638,0.05
2020-08-27,284.29,0.006692,0.05
2020-08-28,283.96,0.012455,0.05
2020-08-29,283.82,0.010333,0.05
2020-08-30,283.66,0.009283,0.05
2020-08-31,284.71,0.014421,0.05
2020-09-01,284.68,0.01951,0.05
2020-09-02,284.75,0.018934,0.05
2020-09-03,283.83,0.010737,0.05
2020-09-04,284.0,0.003405,0.05
2020-09-05,284.23,0.004931,0.05
2020-09-06,284.21,0.008223,0.05
2020-09-07,283.79,0.014109,0.05
2020-09-08,283.99,0.01904,0.05
2020-09-09,283.97,0.016246,0.05
2020-09-10,284.14,0.009601,0.05
2020-09-11,284.06,0.010087,0.05
2020-09-12,284.25,0.007523,0.05
2020-09-13,284.09,0.014294,0.05
2020-09-14,283.79,0.016773,0.05
2020-09-15,283.78,0.013765,0.05
2020-09-16,283.92,0.011119,0.05
2020-09-17,283.77,0.015098,0.05
2020-09-18,283.92,0.024239,0.05
2020-09-19,284.43,0.005016,0.05
2020-09-20,284.32,0.001885,0.05
2020-09-21,284.24,0.003542,0.05
2020-09-22,283.87,0.021527,0.05
2020-09-23,282.74,0.05915,0.05
2020-09-24,282.6,0.051722,0.05
2020-09-25,282.76,0.008023,0.05
2020-09-26,281.88,0.002877,0.05
2020-09-27,281.44,0.001116,0.05
2020-09-28,281.56,0.003109,0.05
2020-09-29,282.37,0.002261,0.05
2020-09-30,282.45,0.003192,0.05
2020-10-01,281.8,0.004558,0.05
2020-10-02,282.01,0.002989,0.05
2020-10-03,282.41,0.002013,0.05
2020-10-04,282.06,0.001347,0.05
2020-10-05,282.35,0.00135,0.05
2020-10-06,282.12,0.000614,0.05
2020-10-07,282.21,0.000926,0.05
2020-10-08,281.82,0.000354,0.05
2020-10-09,282.38,0.000283,0.05
2020-10-10,282.67,0.001019,0.05
2020-10-11,282.22,0.001465,0.05
2020-10-12,282.16,0.001899,0.05
2020-10-13,281.8,0.001438,0.05
2020-10-14,281.4,0.001321,0.05
2020-10-15,281.42,0.000609,0.05
2020-10-16,281.27,0.000745,0.05
2020-10-17,281.59,0.001226,0.05
2020-10-18,281.34,0.002686,0.05
2020-10-19,280.21,0.001938,0.05
2020-10-20,279.69,0.000621,0.05
2020-10-21,279.55,0.00051,0.05
2020-10-22,278.79,0.000207,0.05
2020-10-23,278.93,0.000209,0.05
2020-10-24,279.57,0.000622,0.05
2020-10-25,279.16,0.000325,0.05
2020-10-26,278.04,0.0,0.05
2020-10-27,276.9,5.6e-05,0.05
2020-10-28,277.53,0.000117,0.05
2020-10-29,278.17,3.6e-05,0.05
2020-10-30,278.56,1.6e-05,0.05
2020-10-31,278.21,1e-06,0.05
2020-11-01,278.72,3e-05,0.05
2020-11-02,278.11,6e-06,0.05
2020-11-03,275.72,0.001811,0.05
2020-11-04,273.93,0.000166,0.05
2020-11-05,274.96,9e-06,0.05
2020-11-06,275.92,0.000829,0.05
2020-11-07,275.55,0.000805,0.05
2020-11-08,276.06,0.000172,0.05
2020-11-09,276.27,0.000746,0.05
2020-11-10,275.28,0.000474,0.05
2020-11-11,275.86,0.00018,0.05
2020-11-12,276.02,1.6e-05,0.05
2020-11-13,275.91,4e-06,0.05
2020-11-14,276.5,1e-05,0.05
2020-11-15,276.79,5.2e-05,0.05
2020-11-16,272.59,0.0034,0.05
2020-11-17,272.64,3.9e-05,0.05
2020-11-18,272.89,1.6e-05,0.05
2020-11-19,272.37,7.6e-05,0.05
2020-11-20,272.24,0.000125,0.05
2020-11-21,271.37,0.001247,0.05
2020-11-22,271.91,4.9e-05,0.05
2020-11-23,272.68,0.000456,0.05
2020-11-24,273.05,3.8e-05,0.05
2020-11-25,275.28,9.4e-05,0.05
2020-11-26,275.63,9e-06,0.05
2020-11-27,273.79,2.3e-05,0.05
2020-11-28,274.49,0.0,0.05
2020-11-29,275.49,2e-06,0.05
2020-11-30,274.75,8.8e-05,0.05
2020-12-01,275.47,1.2e-05,0.05
2020-12-02,274.39,0.000208,0.05
2020-12-03,272.69,0.000493,0.05
2020-12-04,272.71,0.006713,0.05
2020-12-05,270.88,0.002375,0.05
2020-12-06,270.09,0.001524,0.05
2020-12-07,272.8,0.00087,0.05
2020-12-08,275.26,0.000221,0.05
2020-12-09,275.29,0.00034,0.05
2020-12-10,275.16,7e-06,0.05
2020-12-11,276.07,0.001108,0.05
2020-12-12,274.41,0.000261,0.05
2020-12-13,272.93,1e-05,0.05
2020-12-14,272.72,6e-05,0.05
2020-12-15,272.4,1.2e-05,0.05
2020-12-16,271.7,3e-06,0.05
2020-12-17,271.47,9.6e-05,0.05
2020-12-18,271.86,0.000186,0.05
2020-12-19,272.8,2.7e-05,0.05
2020-12-20,275.41,3.2e-05,0.05
2020-12-21,275.95,1.7e-05,0.05
2020-12-22,275.41,2.4e-05,0.05
2020-12-23,275.16,1e-06,0.05
2020-12-24,272.33,1.5e-05,0.05
2020-12-25,270.82,1e-06,0.05
2020-12-26,273.74,3e-06,0.05
2020-12-27,273.51,1e-06,0.05
2020-12-28,272.62,2e-06,0.05
2020-12-29,272.87,1e-06,0.05
2020-12-30,272.28,2e-06,0.05
2020-12-31,273.37,1e-06,0.05
2021-01-01,274.47,0.0,0.05
2021-01-02,274.99,0.0,0.05
2021-01-03,276.09,7.8e-05,0.05
2021-01-04,275.72,0.001349,0.05
2021-01-05,273.93,0.00196,0.05
2021-01-06,272.97,1e-06,0.05
2021-01-07,273.22,0.0,0.05
2021-01-08,274.35,1.1e-05,0.05
2021-01-09,275.54,2.4e-05,0.05
2021-01-10,275.98,0.00018,0.05
2021-01-11,276.07,0.002102,0.05
2021-01-12,274.84,0.003199,0.05
2021-01-13,275.42,0.001204,0.05
2021-01-14,276.44,0.000154,0.05
2021-01-15,276.85,1e-06,0.05
2021-01-16,275.21,0.000306,0.05
2021-01-17,274.81,0.000116,0.05
2021-01-18,273.26,0.002315,0.05
2021-01-19,272.04,0.003872,0.05
2021-01-20,270.76,0.006504,0.05
2021-01-21,272.33,0.000765,0.05
2021-01-22,273.76,5e-05,0.05
2021-01-23,273.55,1.4e-05,0.05
2021-01-24,271.55,0.000286,0.05
2021-01-25,271.11,0.000253,0.05
2021-01-26,270.97,6e-06,0.05
2021-01-27,271.12,1e-06,0.05
2021-01-28,271.2,5e-06,0.05
2021-01-29,268.09,0.000961,0.05
2021-01-30,268.38,7e-06,0.05
2021-01-31,269.95,0.000165,0.05
2021-02-01,270.39,0.00036,0.05
2021-02-02,271.69,4e-06,0.05
2021-02-03,270.76,0.001365,0.05
2021-02-04,270.62,0.000122,0.05
2021-02-05,268.74,0.011974,0.05
2021-02-06,265.08,0.002316,0.05
2021-02-07,268.45,1e-06,0.05
2021-02-08,270.23,1e-06,0.05
2021-02-09,271.52,2e-06,0.05
2021-02-10,271.59,0.001336,0.05
2021-02-11,271.12,1e-05,0.05
2021-02-12,272.29,0.001202,0.05
2021-02-13,272.27,0.001815,0.05
2021-02-14,270.72,0.002015,0.05
2021-02-15,270.0,0.00218,0.05
2021-02-16,269.15,0.000443,0.05
2021-02-17,269.48,0.000202,0.05
2021-02-18,268.46,0.00199,0.05
2021-02-19,269.63,0.001185,0.05
2021-02-20,272.05,0.0,0.05
2021-02-21,274.15,0.0,0.05
2021-02-22,274.56,3e-06,0.05
2021-02-23,274.13,0.000276,0.05
2021-02-24,273.73,0.005368,0.05
2021-02-25,274.26,0.001074,0.05
2021-02-26,275.53,0.003118,0.05
2021-02-27,275.66,0.005862,0.05
2021-02-28,275.56,0.002528,0.05
2021-03-01,274.45,0.000907,0.05
2021-03-02,273.5,0.000181,0.05
2021-03-03,274.42,0.000348,0.05
2021-03-04,272.98,0.006813,0.05
2021-03-05,271.4,0.003685,0.05
2021-03-06,271.83,0.000266,0.05
2021-03-07,272.45,0.004171,0.05
2021-03-08,273.25,0.002587,0.05
2021-03-09,272.71,0.001081,0.05
2021-03-10,273.02,0.000866,0.05
2021-03-11,272.97,0.000564,0.05
2021-03-12,274.74,0.000123,0.05
2021-03-13,273.47,0.00379,0.05
2021-03-14,273.68,0.000693,0.05
2021-03-15,273.32,0.001415,0.05
2021-03-16,273.37,0.002267,0.05
2021-03-17,274.16,0.000824,0.05
2021-03-18,274.43,0.000726,0.05
2021-03-19,275.63,0.000526,0.05
2021-03-20,274.48,0.000956,0.05
2021-03-21,274.28,0.000837,0.05
2021-03-22,275.06,0.001045,0.05
2021-03-23,276.29,0.000497,0.05
2021-03-24,274.48,0.001435,0.05
2021-03-25,274.19,3.4e-05,0.05
2021-03-26,276.14,2.6e-05,0.05
2021-03-27,275.87,0.000628,0.05
2021-03-28,275.4,0.001468,0.05
2021-03-29,275.89,0.008305,0.05
2021-03-30,275.92,0.008354,0.05
2021-03-31,275.56,0.011309,0.05
2021-04-01,274.25,0.002192,0.05
2021-04-02,273.02,0.001483,0.05
2021-04-03,271.89,0.000161,0.05
2021-04-04,272.87,1.7e-05,0.05
2021-04-05,275.73,4.1e-05,0.05
2021-04-06,275.98,0.000791,0.05
2021-04-07,276.28,0.001765,0.05
2021-04-08,275.66,0.001336,0.05
2021-04-09,275.66,0.0001,0.05
2021-04-10,275.54,0.000393,0.05
2021-04-11,275.57,4.2e-05,0.05
2021-04-12,275.23,0.000238,0.05
2021-04-13,275.23,0.001062,0.05
2021-04-14,276.06,0.000787,0.05
2021-04-15,277.21,0.001914,0.05
2021-04-16,277.05,0.003446,0.05
2021-04-17,276.52,0.003887,0.05
2021-04-18,275.18,0.000632,0.05
2021-04-19,276.21,0.001857,0.05
2021-04-20,277.6,0.001217,0.05
2021-04-21,276.82,0.008428,0.05
2021-04-22,273.83,0.002888,0.05
2021-04-23,275.47,0.000159,0.05
2021-04-24,275.12,0.001476,0.05
2021-04-25,276.23,0.000223,0.05
2021-04-26,277.21,0.000259,0.05
2021-04-27,277.44,0.001404,0.05
2021-04-28,277.85,0.002536,0.05
2021-04-29,277.73,0.002123,0.05
2021-04-30,277.36,0.003246,0.05
2021-05-01,277.6,0.00555,0.05
2021-05-02,278.1,0.003503,0.05
2021-05-03,278.04,0.009259,0.05
2021-05-04,278.62,0.009904,0.05
2021-05-05,278.05,0.01677,0.05
2021-05-06,277.69,0.00624,0.05
2021-05-07,278.16,0.003633,0.05
2021-05-08,277.61,0.002315,0.05
2021-05-09,277.57,0.005619,0.05
2021-05-10,277.6,0.005378,0.05
2021-05-11,278.47,0.00399,0.05
2021-05-12,277.74,0.012802,0.05
2021-05-13,277.39,0.005955,0.05
2021-05-14,277.35,0.002831,0.05
2021-05-15,279.52,0.000822,0.05
2021-05-16,280.54,0.000593,0.05
2021-05-17,282.31,0.003895,0.05
2021-05-18,281.95,0.004745,0.05
2021-05-19,280.94,0.023402,0.05
2021-05-20,281.17,0.015015,0.05
2021-05-21,281.56,0.002243,0.05
2021-05-22,282.07,0.002095,0.05
2021-05-23,282.39,0.002822,0.05
2021-05-24,282.55,0.006641,0.05
2021-05-25,282.58,0.008643,0.05
2021-05-26,282.43,0.021709,0.05
2021-05-27,282.74,0.024729,0.05
2021-05-28,282.1,0.065567,0.05
2021-05-29,281.88,0.003205,0.05
2021-05-30,282.57,0.009573,0.05
2021-05-31,282.43,0.012107,0.05
2021-06-01,281.98,0.001882,0.05
2021-06-02,281.25,0.002003,0.05
2021-06-03,282.03,0.001394,0.05
2021-06-04,282.17,0.003371,0.05
2021-06-05,282.33,0.004245,0.05
2021-06-06,282.74,0.005944,0.05
2021-06-07,282.83,0.003197,0.05
2021-06-08,282.86,0.009175,0.05
2021-06-09,283.54,0.009966,0.05
2021-06-10,282.96,0.01251,0.05
2021-06-11,283.31,0.012549,0.05
2021-06-12,283.18,0.032135,0.05
2021-06-13,283.59,0.014692,0.05
2021-06-14,284.54,0.028294,0.05
2021-06-15,283.47,0.037701,0.05
2021-06-16,283.78,0.011326,0.05
2021-06-17,284.2,0.012536,0.05
2021-06-18,283.83,0.028982,0.05
2021-06-19,283.54,0.022496,0.05
2021-06-20,283.23,0.023662,0.05
2021-06-21,284.25,0.014279,0.05
2021-06-22,284.5,0.016704,0.05
2021-06-23,284.02,0.015443,0.05
2021-06-24,283.79,0.010451,0.05
2021-06-25,283.86,0.013705,0.05
2021-06-26,282.98,0.024027,0.05
2021-06-27,283.83,0.009443,0.05
2021-06-28,284.28,0.013927,0.05
2021-06-29,284.95,0.033195,0.05
2021-06-30,285.04,0.074256,0.05
2021-07-01,283.3,0.108774,0.05
2021-07-02,283.02,0.032074,0.05
2021-07-03,283.31,0.02384,0.05
2021-07-04,283.7,0.013423,0.05
2021-07-05,284.22,0.008912,0.05
2021-07-06,285.0,0.010552,0.05
2021-07-07,285.33,0.030574,0.05
2021-07-08,284.3,0.020397,0.05
2021-07-09,284.74,0.016456,0.05
2021-07-10,284.74,0.042959,0.05
2021-07-11,284.06,0.030526,0.05
2021-07-12,284.16,0.019111,0.05
2021-07-13,284.14,0.01117,0.05
2021-07-14,284.24,0.016426,0.05
2021-07-15,284.17,0.020464,0.05
2021-07-16,284.0,0.02802,0.05
2021-07-17,284.82,0.052139,0.05
2021-07-18,284.11,0.049703,0.05
2021-07-19,284.79,0.029503,0.05
2021-07-20,284.65,0.018468,0.05
2021-07-21,284.76,0.029087,0.05
2021-07-22,284.49,0.018012,0.05
2021-07-23,285.47,0.015101,0.05
2021-07-24,285.84,0.011655,0.05
2021-07-25,285.73,0.026563,0.05
2021-07-26,284.82,0.03374,0.05
2021-07-27,284.99,0.01511,0.05
2021-07-28,284.74,0.014474,0.05
2021-07-29,284.89,0.010941,0.05
2021-07-30,284.84,0.013996,0.05
2021-07-31,284.92,0.016816,0.05
2021-08-01,284.84,0.014223,0.05
2021-08-02,284.84,0.02385,0.05
2021-08-03,284.65,0.016642,0.05
2021-08-04,284.34,0.033087,0.05
2021-08-05,283.99,0.012482,0.05
2021-08-06,284.17,0.010667,0.05
2021-08-07,284.69,0.012273,0.05
2021-08-08,284.75,0.020136,0.05
2021-08-09,284.83,0.016663,0.05
2021-08-10,285.07,0.006743,0.05
2021-08-11,285.13,0.019122,0.05
2021-08-12,285.16,0.020875,0.05
2021-08-13,284.63,0.06348,0.05
2021-08-14,284.48,0.065017,0.05
2021-08-15,283.88,0.018895,0.05
2021-08-16,284.58,0.005134,0.05
2021-08-17,284.85,0.011147,0.05
2021-08-18,284.89,0.026026,0.05
2021-08-19,284.41,0.028335,0.05
2021-08-20,284.38,0.016518,0.05
2021-08-21,284.13,0.020402,0.05
2021-08-22,284.27,0.023295,0.05
2021-08-23,284.26,0.022544,0.05
2021-08-24,284.67,0.020784,0.05
2021-08-25,284.54,0.024272,0.05
2021-08-26,284.89,0.032988,0.05
2021-08-27,283.19,0.064293,0.05
2021-08-28,283.51,0.019504,0.05
2021-08-29,282.53,0.031517,0.05
2021-08-30,282.87,0.011671,0.05
2021-08-31,283.15,0.012473,0.05
2021-09-01,283.59,0.006257,0.05
2021-09-02,283.66,0.012297,0.05
2021-09-03,283.44,0.018662,0.05
2021-09-04,284.22,0.01324,0.05
2021-09-05,284.62,0.014797,0.05
2021-09-06,284.24,0.025544,0.05
2021-09-07,283.12,0.027252,0.05
2021-09-08,282.72,0.01267,0.05
2021-09-09,282.89,0.022129,0.05
2021-09-10,283.45,0.008214,0.05
2021-09-11,283.58,0.006138,0.05
2021-09-12,283.83,0.00876,0.05
2021-09-13,283.72,0.006966,0.05
2021-09-14,284.01,0.010942,0.05
2021-09-15,282.57,0.028354,0.05
2021-09-16,282.2,0.01416,0.05
2021-09-17,280.96,0.014892,0.05
2021-09-18,282.58,0.002408,0.05
2021-09-19,282.59,0.01004,0.05
2021-09-20,282.44,0.028524,0.05
2021-09-21,282.16,0.006434,0.05
2021-09-22,282.1,0.005841,0.05
2021-09-23,282.46,0.008209,0.05
2021-09-24,283.04,0.005834,0.05
2021-09-25,282.82,0.009066,0.05
2021-09-26,282.86,0.005803,0.05
2021-09-27,282.72,0.008109,0.05
2021-09-28,282.6,0.007176,0.05
2021-09-29,282.43,0.008351,0.05
2021-09-30,282.34,0.00463,0.05
2021-10-01,282.46,0.007807,0.05
2021-10-02,281.67,0.008668,0.05
2021-10-03,282.34,0.003701,0.05
2021-10-04,281.97,0.012795,0.05
2021-10-05,282.06,0.002682,0.05
2021-10-06,281.65,0.005334,0.05
2021-10-07,281.99,0.003396,0.05
2021-10-08,281.74,0.004529,0.05
2021-10-09,281.94,0.001285,0.05
2021-10-10,281.12,0.001567,0.05
2021-10-11,281.55,0.001802,0.05
2021-10-12,282.31,8.8e-05,0.05
2021-10-13,282.14,0.001181,0.05
2021-10-14,281.72,5.6e-05,0.05
2021-10-15,281.6,0.000181,0.05
2021-10-16,282.43,0.000886,0.05
2021-10-17,282.45,0.003128,0.05
2021-10-18,281.93,0.02497,0.05
2021-10-19,282.08,0.062765,0.05
2021-10-20,279.96,0.036484,0.05
2021-10-21,279.2,0.004217,0.05
2021-10-22,278.91,0.008823,0.05
2021-10-23,277.54,0.008139,0.05
2021-10-24,276.4,0.00428,0.05
2021-10-25,275.77,0.001101,0.05
2021-10-26,276.28,0.001429,0.05
2021-10-27,275.37,0.002779,0.05
2021-10-28,276.47,0.001327,0.05
2021-10-29,277.61,0.001929,0.05
2021-10-30,277.48,0.001947,0.05
2021-10-31,276.22,0.006143,0.05
2021-11-01,274.8,0.002432,0.05
2021-11-02,274.64,0.000926,0.05
2021-11-03,275.03,8.6e-05,0.05
2021-11-04,274.6,0.000253,0.05
2021-11-05,275.98,0.000323,0.05
2021-11-06,276.38,0.002798,0.05
2021-11-07,277.55,0.002325,0.05
2021-11-08,277.57,0.005668,0.05
2021-11-09,277.71,0.002063,0.05
2021-11-10,278.1,0.000909,0.05
2021-11-11,278.29,0.00014,0.05
2021-11-12,277.82,0.000163,0.05
2021-11-13,277.03,0.00083,0.05
2021-11-14,277.2,0.001295,0.05
2021-11-15,275.72,0.001339,0.05
2021-11-16,275.82,0.001503,0.05
2021-11-17,278.21,0.000188,0.05
2021-11-18,279.05,3.9e-05,0.05
2021-11-19,278.08,0.001387,0.05
2021-11-20,277.8,0.002922,0.05
2021-11-21,276.59,0.001097,0.05
2021-11-22,274.01,0.002397,0.05
2021-11-23,273.25,0.001503,0.05
2021-11-24,273.71,0.00327,0.05
2021-11-25,273.05,0.007902,0.05
2021-11-26,271.74,0.003649,0.05
2021-11-27,272.26,0.001575,0.05
2021-11-28,274.36,0.000479,0.05
2021-11-29,275.19,6.6e-05,0.05
2021-11-30,276.32,0.000843,0.05
2021-12-01,278.17,0.000216,0.05
2021-12-02,279.26,0.002018,0.05
2021-12-03,277.48,0.009021,0.05
2021-12-04,275.39,0.003147,0.05
2021-12-05,274.76,0.001094,0.05
2021-12-06,273.0,0.003733,0.05
2021-12-07,272.38,0.000134,0.05
2021-12-08,272.38,1e-06,0.05
2021-12-09,271.89,2.2e-05,0.05
2021-12-10,269.76,0.000108,0.05
2021-12-11,270.55,2e-06,0.05
2021-12-12,272.36,0.000177,0.05
2021-12-13,272.7,0.000363,0.05
2021-12-14,271.49,5.9e-05,0.05
2021-12-15,271.43,0.0,0.05
2021-12-16,272.8,0.0,0.05
2021-12-17,272.14,3e-06,0.05
2021-12-18,269.77,0.00012,0.05
2021-12-19,268.92,0.002484,0.05
2021-12-20,268.85,0.000131,0.05
2021-12-21,269.18,0.000825,0.05
2021-12-22,267.99,1e-06,0.05
2021-12-23,268.72,2.6e-05,0.05
2021-12-24,268.54,0.001211,0.05
2021-12-25,266.84,0.002104,0.05
2021-12-26,267.57,0.002799,0.05
2021-12-27,267.28,0.001943,0.05
2021-12-28,268.55,0.010893,0.05
2021-12-29,268.38,0.03109,0.05
2021-12-30,266.77,0.000747,0.05
2021-12-31,266.52,0.000223,0.05
2022-01-01,265.74,2.5e-05,0.05
2022-01-02,266.76,9.8e-05,0.05
2022-01-03,267.06,2.8e-05,0.05
2022-01-04,269.44,2.2e-05,0.05
2022-01-05,271.05,0.001488,0.05
2022-01-06,271.66,0.004165,0.05
2022-01-07,271.75,0.001773,0.05
2022-01-08,271.47,0.00455,0.05
2022-01-09,270.53,0.000346,0.05
2022-01-10,267.77,0.000672,0.05
2022-01-11,267.73,0.0014,0.05
2022-01-12,266.15,0.002661,0.05
2022-01-13,266.07,0.001181,0.05
2022-01-14,267.13,0.000258,0.05
2022-01-15,266.9,0.000867,0.05
2022-01-16,268.6,3.6e-05,0.05
2022-01-17,269.47,0.000837,0.05
2022-01-18,268.04,0.003166,0.05
2022-01-19,267.54,0.000626,0.05
2022-01-20,265.83,0.004772,0.05
2022-01-21,266.43,0.003442,0.05
2022-01-22,267.34,0.005769,0.05
2022-01-23,267.34,0.005087,0.05
2022-01-24,266.56,0.004217,0.05
2022-01-25,266.22,0.005825,0.05
2022-01-26,265.32,0.002686,0.05
2022-01-27,264.54,0.003305,0.05
2022-01-28,267.04,0.002664,0.05
2022-01-29,269.26,0.000101,0.05
2022-01-30,269.54,0.000328,0.05
2022-01-31,269.12,0.006944,0.05
2022-02-01,267.5,0.004748,0.05
2022-02-02,269.29,0.001796,0.05
2022-02-03,269.04,0.016312,0.05
2022-02-04,266.92,0.03733,0.05
2022-02-05,266.38,0.00452,0.05
2022-02-06,269.62,4.7e-05,0.05
2022-02-07,269.6,0.002546,0.05
2022-02-08,268.9,0.005893,0.05
2022-02-09,268.4,0.006089,0.05
2022-02-10,267.43,0.002181,0.05
2022-02-11,266.81,0.001231,0.05
2022-02-12,267.98,5.9e-05,0.05
2022-02-13,268.14,0.001857,0.05
2022-02-14,269.41,0.000739,0.05
2022-02-15,268.84,0.001072,0.05
2022-02-16,267.85,0.002928,0.05
2022-02-17,269.58,0.001807,0.05
2022-02-18,270.3,0.001791,0.05
2022-02-19,268.36,0.002145,0.05
2022-02-20,266.0,0.002721,0.05
2022-02-21,267.06,0.000159,0.05
2022-02-22,269.8,0.001138,0.05
2022-02-23,270.33,0.001018,0.05
2022-02-24,269.55,0.000141,0.05
2022-02-25,267.29,0.000945,0.05
2022-02-26,268.9,0.000142,0.05
2022-02-27,268.54,0.000376,0.05
2022-02-28,270.57,1e-05,0.05
2022-03-01,270.08,0.000184,0.05
2022-03-02,270.34,0.000223,0.05
2022-03-03,271.81,0.000145,0.05
2022-03-04,271.52,0.000205,0.05
2022-03-05,273.45,0.000537,0.05
2022-03-06,274.3,4e-06,0.05
2022-03-07,273.75,3.2e-05,0.05
2022-03-08,273.87,0.0,0.05
2022-03-09,274.04,1e-05,0.05
2022-03-10,273.42,0.000393,0.05
2022-03-11,272.7,4.4e-05,0.05
2022-03-12,273.75,3.9e-05,0.05
2022-03-13,275.85,0.0,0.05
2022-03-14,277.04,2e-06,0.05
2022-03-15,276.79,1e-06,0.05
2022-03-16,276.82,0.000264,0.05
2022-03-17,278.76,1e-06,0.05
2022-03-18,279.58,4.6e-05,0.05
2022-03-19,279.51,0.00018,0.05
2022-03-20,277.25,0.000249,0.05
2022-03-21,277.0,6.9e-05,0.05
2022-03-22,277.16,0.00012,0.05
2022-03-23,276.59,0.000665,0.05
2022-03-24,275.73,0.002825,0.05
2022-03-25,276.56,0.000786,0.05
2022-03-26,276.93,1.3e-05,0.05
2022-03-27,278.45,3.1e-05,0.05
2022-03-28,278.48,7.9e-05,0.05
2022-03-29,279.33,0.000297,0.05
2022-03-30,279.27,0.005797,0.05
2022-03-31,278.13,0.012181,0.05
2022-04-01,279.68,0.003133,0.05
2022-04-02,279.06,0.007481,0.05
2022-04-03,277.45,0.006027,0.05
2022-04-04,278.08,0.001313,0.05
2022-04-05,278.31,0.000707,0.05
2022-04-06,278.76,0.000352,0.05
2022-04-07,278.72,0.001749,0.05
2022-04-08,278.45,0.002224,0.05
2022-04-09,278.27,0.002737,0.05
2022-04-10,277.94,0.003627,0.05
2022-04-11,280.48,0.001043,0.05
2022-04-12,280.36,0.003145,0.05
2022-04-13,279.91,0.007758,0.05
2022-04-14,278.04,7e-05,0.05
2022-04-15,277.02,0.001358,0.05
2022-04-16,276.7,0.000107,0.05
2022-04-17,277.1,0.000866,0.05
2022-04-18,278.59,0.000281,0.05
2022-04-19,278.56,0.00265,0.05
2022-04-20,278.53,0.010058,0.05
2022-04-21,278.89,0.00235,0.05
2022-04-22,278.4,0.001911,0.05
2022-04-23,278.9,0.000987,0.05
2022-04-24,278.54,0.000363,0.05
2022-04-25,278.81,0.001141,0.05
2022-04-26,278.28,0.001511,0.05
2022-04-27,279.19,0.001851,0.05
2022-04-28,280.1,0.001176,0.05
2022-04-29,279.76,0.003447,0.05
2022-04-30,279.82,0.00808,0.05
2022-05-01,278.51,0.009075,0.05
2022-05-02,278.28,0.003243,0.05
2022-05-03,279.64,0.00698,0.05
2022-05-04,278.94,0.008346,0.05
2022-05-05,279.64,0.015404,0.05
2022-05-06,279.57,0.016131,0.05
2022-05-07,279.54,0.007864,0.05
2022-05-08,279.48,0.004794,0.05
2022-05-09,280.33,0.003935,0.05
2022-05-10,281.34,0.007624,0.05
2022-05-11,281.39,0.005392,0.05
2022-05-12,281.47,0.005497,0.05
2022-05-13,282.55,0.009205,0.05
2022-05-14,282.84,0.003672,0.05
2022-05-15,283.28,0.010795,0.05
2022-05-16,282.91,0.012348,0.05
2022-05-17,281.38,3.9e-05,0.05
2022-05-18,280.54,0.001284,0.05
2022-05-19,281.19,0.002947,0.05
2022-05-20,280.96,0.01552,0.05
2022-05-21,280.7,0.018338,0.05
2022-05-22,279.78,0.005655,0.05
2022-05-23,279.36,0.008724,0.05
2022-05-24,280.44,0.008409,0.05
2022-05-25,279.68,0.010066,0.05
2022-05-26,279.07,0.011161,0.05
2022-05-27,279.71,0.002113,0.05
2022-05-28,281.1,0.007425,0.05
2022-05-29,282.0,0.012891,0.05
2022-05-30,281.69,0.009534,0.05
2022-05-31,282.12,0.006668,0.05
2022-06-01,282.81,0.013063,0.05
2022-06-02,282.65,0.005282,0.05
2022-06-03,283.1,0.006137,0.05
2022-06-04,283.35,0.001269,0.05
2022-06-05,283.36,0.006733,0.05
2022-06-06,283.85,0.009316,0.05
2022-06-07,283.87,0.012092,0.05
2022-06-08,283.84,0.016044,0.05
2022-06-09,283.73,0.016733,0.05
2022-06-10,283.41,0.010106,0.05
2022-06-11,283.53,0.007569,0.05
2022-06-12,283.63,0.006674,0.05
2022-06-13,284.2,0.016958,0.05
2022-06-14,284.22,0.021921,0.05
2022-06-15,283.63,0.052841,0.05
2022-06-16,282.87,0.055185,0.05
2022-06-17,282.89,0.02593,0.05
2022-06-18,282.38,0.0343,0.05
2022-06-19,282.75,0.00761,0.05
2022-06-20,282.81,0.005981,0.05
2022-06-21,282.75,0.006938,0.05
2022-06-22,283.5,0.005599,0.05
2022-06-23,284.15,0.016108,0.05
2022-06-24,284.55,0.010729,0.05
2022-06-25,284.23,0.032003,0.05
2022-06-26,284.24,0.035639,0.05
2022-06-27,284.25,0.016398,0.05
2022-06-28,284.68,0.028627,0.05
2022-06-29,283.78,0.055498,0.05
2022-06-30,283.93,0.026518,0.05
2022-07-01,284.83,0.016384,0.05
2022-07-02,284.66,0.018466,0.05
2022-07-03,284.65,0.02182,0.05
2022-07-04,285.3,0.029013,0.05
2022-07-05,286.14,0.026518,0.05
2022-07-06,285.72,0.009441,0.05
2022-07-07,285.63,0.016058,0.05
2022-07-08,285.33,0.030785,0.05
2022-07-09,284.16,0.016477,0.05
2022-07-10,284.54,0.00944,0.05
2022-07-11,284.91,0.010422,0.05
2022-07-12,285.31,0.016934,0.05
2022-07-13,285.23,0.013795,0.05
2022-07-14,285.19,0.007853,0.05
2022-07-15,285.25,0.004479,0.05
2022-07-16,285.57,0.009134,0.05
2022-07-17,285.55,0.011009,0.05
2022-07-18,285.42,0.031642,0.05
2022-07-19,284.7,0.061632,0.05
2022-07-20,284.46,0.015153,0.05
2022-07-21,284.46,0.024492,0.05
2022-07-22,284.63,0.051951,0.05
2022-07-23,283.52,0.018927,0.05
2022-07-24,283.76,0.019978,0.05
2022-07-25,283.85,0.033225,0.05
2022-07-26,283.75,0.02521,0.05
2022-07-27,283.82,0.020516,0.05
2022-07-28,284.19,0.013362,0.05
2022-07-29,284.14,0.018948,0.05
2022-07-30,284.56,0.023103,0.05
2022-07-31,284.29,0.014779,0.05
2022-08-01,284.85,0.016269,0.05
2022-08-02,284.64,0.022257,0.05
2022-08-03,284.94,0.018556,0.05
2022-08-04,284.4,0.049298,0.05
2022-08-05,284.96,0.028716,0.05
2022-08-06,284.98,0.01113,0.05
2022-08-07,285.02,0.009469,0.05
2022-08-08,285.55,0.012613,0.05
2022-08-09,285.82,0.02286,0.05
2022-08-10,285.09,0.03574,0.05
2022-08-11,284.67,0.01039,0.05
2022-08-12,285.58,0.006233,0.05
2022-08-13,285.41,0.01781,0.05
2022-08-14,284.39,0.010446,0.05
2022-08-15,284.43,0.008663,0.05
2022-08-16,283.6,0.010427,0.05
2022-08-17,284.33,0.006454,0.05
2022-08-18,285.5,0.009537,0.05
2022-08-19,284.38,0.027447,0.05
2022-08-20,284.33,0.006967,0.05
2022-08-21,284.54,0.009901,0.05
2022-08-22,284.59,0.008872,0.05
2022-08-23,284.75,0.013108,0.05
2022-08-24,284.39,0.008971,0.05
2022-08-25,284.96,0.007806,0.05
2022-08-26,284.73,0.024038,0.05
2022-08-27,284.68,0.013181,0.05
2022-08-28,283.97,0.023568,0.05
2022-08-29,283.86,0.033441,0.05
2022-08-30,284.2,0.009876,0.05
2022-08-31,284.23,0.02481,0.05
2022-09-01,283.78,0.042319,0.05
2022-09-02,283.98,0.015197,0.05
2022-09-03,284.08,0.013827,0.05
2022-09-04,283.38,0.006007,0.05
2022-09-05,283.56,0.009281,0.05
2022-09-06,284.09,0.008905,0.05
2022-09-07,284.03,0.010659,0.05
2022-09-08,283.77,0.014407,0.05
2022-09-09,283.61,0.012912,0.05
2022-09-10,283.32,0.00945,0.05
2022-09-11,283.5,0.007338,0.05
2022-09-12,283.2,0.01375,0.05
2022-09-13,282.93,0.021307,0.05
2022-09-14,283.26,0.020859,0.05
2022-09-15,283.18,0.013399,0.05
2022-09-16,283.18,0.012641,0.05
2022-09-17,282.98,0.019221,0.05
2022-09-18,283.08,0.008499,0.05
2022-09-19,283.4,0.009328,0.05
2022-09-20,283.78,0.006084,0.05
2022-09-21,283.56,0.005869,0.05
2022-09-22,283.28,0.015251,0.05
2022-09-23,282.79,0.004826,0.05
2022-09-24,282.62,0.003832,0.05
2022-09-25,282.52,0.003789,0.05
2022-09-26,281.98,0.00729,0.05
2022-09-27,281.94,0.002695,0.05
2022-09-28,281.5,0.002393,0.05
2022-09-29,281.8,0.00165,0.05
2022-09-30,281.86,0.001698,0.05
2022-10-01,282.15,0.00356,0.05
2022-10-02,282.55,0.000517,0.05
2022-10-03,282.68,0.002425,0.05
2022-10-04,282.32,0.031091,0.05
2022-10-05,281.46,0.032147,0.05
2022-10-06,281.04,0.01925,0.05
2022-10-07,281.51,0.005742,0.05
2022-10-08,281.06,0.004827,0.05
2022-10-09,281.5,0.002484,0.05
2022-10-10,281.29,0.004609,0.05
2022-10-11,280.94,0.011088,0.05
2022-10-12,279.6,0.001277,0.05
2022-10-13,278.75,0.00139,0.05
2022-10-14,277.72,0.000805,0.05
2022-10-15,277.21,0.002061,0.05
2022-10-16,277.36,0.00017,0.05
2022-10-17,277.63,4e-05,0.05
2022-10-18,275.87,0.001701,0.05
2022-10-19,274.61,0.001684,0.05
2022-10-20,275.61,0.000817,0.05
2022-10-21,275.96,0.001819,0.05
2022-10-22,275.86,0.000587,0.05
2022-10-23,274.0,0.000727,0.05
2022-10-24,276.39,2e-06,0.05
2022-10-25,278.25,3e-06,0.05
2022-10-26,276.96,0.002425,0.05
2022-10-27,277.49,0.004798,0.05
2022-10-28,276.07,0.005612,0.05
2022-10-29,276.48,0.001501,0.05
2022-10-30,277.06,0.000415,0.05
2022-10-31,278.01,3.6e-05,0.05
2022-11-01,277.09,0.000999,0.05
2022-11-02,276.56,0.000446,0.05
2022-11-03,276.65,0.000681,0.05
2022-11-04,276.68,0.000724,0.05
2022-11-05,275.96,0.001392,0.05
2022-11-06,275.53,0.000664,0.05
2022-11-07,276.78,0.001779,0.05
2022-11-08,276.78,0.004634,0.05
2022-11-09,275.54,0.001054,0.05
2022-11-10,275.1,0.000906,0.05
2022-11-11,274.44,0.000408,0.05
2022-11-12,274.66,0.000131,0.05
2022-11-13,275.62,0.000398,0.05
2022-11-14,275.3,0.001341,0.05
2022-11-15,275.09,0.000175,0.05
2022-11-16,274.32,0.003044,0.05
2022-11-17,273.14,0.001367,0.05
2022-11-18,274.68,0.000527,0.05
2022-11-19,276.76,0.000198,0.05
2022-11-20,276.41,0.000156,0.05
2022-11-21,276.93,4e-06,0.05
2022-11-22,276.55,5e-06,0.05
2022-11-23,276.76,0.00049,0.05
2022-11-24,276.77,0.000514,0.05
2022-11-25,277.67,2e-06,0.05
2022-11-26,277.84,1.4e-05,0.05
2022-11-27,276.86,0.000976,0.05
2022-11-28,276.94,6.7e-05,0.05
2022-11-29,276.84,0.000275,0.05
2022-11-30,276.27,0.000479,0.05
2022-12-01,275.66,0.000262,0.05
2022-12-02,276.58,0.000119,0.05
2022-12-03,275.36,0.000238,0.05
2022-12-04,275.75,0.000199,0.05
2022-12-05,275.58,4e-06,0.05
2022-12-06,275.29,0.000338,0.05
2022-12-07,275.08,0.000812,0.05
2022-12-08,275.21,0.001132,0.05
2022-12-09,275.75,0.000207,0.05
2022-12-10,275.66,0.000167,0.05
2022-12-11,276.94,9e-06,0.05
2022-12-12,277.09,2e-06,0.05
2022-12-13,276.43,0.0,0.05
2022-12-14,276.34,0.001756,0.05
2022-12-15,275.71,0.003731,0.05
2022-12-16,275.2,0.000597,0.05
2022-12-17,274.53,0.003059,0.05
2022-12-18,274.39,0.002728,0.05
2022-12-19,273.94,0.003369,0.05
2022-12-20,275.3,0.001524,0.05
2022-12-21,275.3,0.000404,0.05
2022-12-22,273.39,8.2e-05,0.05
2022-12-23,274.03,0.000461,0.05
2022-12-24,271.12,5e-05,0.05
2022-12-25,270.97,2.5e-05,0.05
2022-12-26,270.49,0.000336,0.05
2022-12-27,270.71,3.9e-05,0.05
2022-12-28,271.88,7e-05,0.05
2022-12-29,272.77,0.00018,0.05
2022-12-30,271.52,0.0057,0.05
2022-12-31,270.59,0.004008,0.05
2023-01-01,270.72,0.002806,0.05
2023-01-02,270.11,0.000919,0.05
2023-01-03,270.45,0.000258,0.05
2023-01-04,268.63,0.001915,0.05
2023-01-05,269.39,0.000427,0.05
2023-01-06,269.12,2e-06,0.05
2023-01-07,270.91,2e-06,0.05
2023-01-08,271.19,0.0,0.05
2023-01-09,271.93,1e-06,0.05
2023-01-10,270.72,0.000639,0.05
2023-01-11,272.91,3.3e-05,0.05
2023-01-12,271.34,9.3e-05,0.05
2023-01-13,271.49,0.000283,0.05
2023-01-14,272.43,4.8e-05,0.05
2023-01-15,272.52,4.8e-05,0.05
2023-01-16,271.2,0.000413,0.05
2023-01-17,269.61,0.000398,0.05
2023-01-18,270.84,6.2e-05,0.05
2023-01-19,271.01,0.001818,0.05
2023-01-20,270.85,0.001331,0.05
2023-01-21,271.4,2e-06,0.05
2023-01-22,272.32,1e-06,0.05
2023-01-23,273.71,2.3e-05,0.05
2023-01-24,274.2,8e-06,0.05
2023-01-25,274.2,0.000124,0.05
2023-01-26,274.85,1.5e-05,0.05
2023-01-27,274.96,1e-06,0.05
2023-01-28,275.99,7e-06,0.05
2023-01-29,275.45,1e-06,0.05
2023-01-30,275.53,4.8e-05,0.05
2023-01-31,273.98,0.000475,0.05
2023-02-01,272.36,2e-05,0.05
2023-02-02,273.71,1.2e-05,0.05
2023-02-03,272.75,0.000234,0.05
2023-02-04,272.77,0.001546,0.05
2023-02-05,273.35,0.003471,0.05
2023-02-06,272.38,0.005777,0.05
2023-02-07,270.73,0.005329,0.05
2023-02-08,271.71,0.000578,0.05
2023-02-09,272.72,0.004246,0.05
2023-02-10,273.57,0.001459,0.05
2023-02-11,272.94,0.000387,0.05
2023-02-12,270.94,0.000496,0.05
2023-02-13,274.62,0.0,0.05
2023-02-14,274.27,8e-06,0.05
2023-02-15,273.72,0.000587,0.05
2023-02-16,274.16,0.0,0.05
2023-02-17,275.71,0.0,0.05
2023-02-18,276.72,2e-06,0.05
2023-02-19,275.92,4e-06,0.05
2023-02-20,276.0,0.001369,0.05
2023-02-21,274.44,0.005669,0.05
2023-02-22,273.16,0.000105,0.05
2023-02-23,272.82,8.8e-05,0.05
2023-02-24,273.8,0.00027,0.05
2023-02-25,273.24,0.003985,0.05
2023-02-26,270.65,0.002396,0.05
2023-02-27,270.23,0.003161,0.05
2023-02-28,271.83,0.00021,0.05
2023-03-01,272.47,0.000517,0.05
2023-03-02,272.72,0.000305,0.05
2023-03-03,274.23,0.00033,0.05
2023-03-04,273.19,0.002027,0.05
2023-03-05,273.82,0.000777,0.05
2023-03-06,273.6,0.00015,0.05
2023-03-07,275.05,0.000181,0.05
2023-03-08,272.1,0.00841,0.05
2023-03-09,271.19,0.000815,0.05
2023-03-10,271.7,0.002916,0.05
2023-03-11,272.44,0.002433,0.05
2023-03-12,274.38,0.000484,0.05
2023-03-13,274.27,0.000747,0.05
2023-03-14,273.81,0.001763,0.05
2023-03-15,273.23,0.000231,0.05
2023-03-16,273.74,0.000772,0.05
2023-03-17,273.19,0.003653,0.05
2023-03-18,273.85,0.008004,0.05
2023-03-19,273.45,0.008637,0.05
2023-03-20,273.1,0.014286,0.05
2023-03-21,271.19,0.007425,0.05
2023-03-22,270.33,0.001568,0.05
2023-03-23,271.73,0.001124,0.05
2023-03-24,272.47,0.003616,0.05
2023-03-25,274.05,0.00103,0.05
2023-03-26,273.0,0.000199,0.05
2023-03-27,272.79,0.000117,0.05
2023-03-28,272.68,0.000887,0.05
2023-03-29,273.5,0.000691,0.05
2023-03-30,274.72,0.000899,0.05
2023-03-31,274.14,0.006895,0.05
2023-04-01,273.05,0.009265,0.05
2023-04-02,271.31,0.002534,0.05
2023-04-03,272.94,0.001262,0.05
2023-04-04,274.17,0.001511,0.05
2023-04-05,273.42,0.000508,0.05
2023-04-06,274.21,0.000855,0.05
2023-04-07,274.95,0.000754,0.05
2023-04-08,276.01,0.000374,0.05
2023-04-09,275.08,0.000581,0.05
2023-04-10,275.83,0.000705,0.05
2023-04-11,276.74,0.000358,0.05
2023-04-12,277.7,0.000607,0.05
2023-04-13,277.57,0.001249,0.05
2023-04-14,278.87,0.000937,0.05
2023-04-15,279.15,0.000279,0.05
2023-04-16,277.99,0.000229,0.05
2023-04-17,279.18,0.000688,0.05
2023-04-18,278.55,0.000934,0.05
2023-04-19,278.59,0.000438,0.05
2023-04-20,278.19,0.000806,0.05
2023-04-21,276.21,0.001853,0.05
2023-04-22,275.34,0.001469,0.05
2023-04-23,275.9,0.000645,0.05
2023-04-24,275.37,0.004508,0.05
2023-04-25,274.66,0.002569,0.05
2023-04-26,276.57,0.001713,0.05
2023-04-27,276.48,0.000573,0.05
2023-04-28,277.18,0.00193,0.05
2023-04-29,277.69,0.0023,0.05
2023-04-30,276.67,0.012699,0.05
2023-05-01,276.89,0.013001,0.05
2023-05-02,276.32,0.006772,0.05
2023-05-03,277.47,0.010939,0.05
2023-05-04,275.57,0.004772,0.05
2023-05-05,276.89,0.001362,0.05
2023-05-06,278.51,0.001093,0.05
2023-05-07,277.79,0.001671,0.05
2023-05-08,277.75,0.001106,0.05
2023-05-09,278.13,0.000594,0.05
2023-05-10,277.38,0.000313,0.05
2023-05-11,277.18,0.000654,0.05
2023-05-12,278.5,0.000446,0.05
2023-05-13,279.27,3.4e-05,0.05
2023-05-14,279.86,0.000979,0.05
2023-05-15,278.33,0.003451,0.05
2023-05-16,278.88,0.004908,0.05
2023-05-17,279.32,0.005266,0.05
2023-05-18,279.68,0.009642,0.05
2023-05-19,279.67,0.00506,0.05
2023-05-20,279.17,0.001971,0.05
2023-05-21,279.41,0.001319,0.05
2023-05-22,280.18,0.001157,0.05
2023-05-23,280.17,0.003842,0.05
2023-05-24,281.17,0.010161,0.05
2023-05-25,279.68,0.01348,0.05
2023-05-26,279.55,0.008304,0.05
2023-05-27,279.16,0.009566,0.05
2023-05-28,279.35,0.002654,0.05
2023-05-29,280.85,0.00155,0.05
2023-05-30,282.2,0.001358,0.05
2023-05-31,281.95,0.000686,0.05
2023-06-01,281.74,7.7e-05,0.05
2023-06-02,280.56,7.5e-05,0.05
2023-06-03,280.55,3.8e-05,0.05
2023-06-04,281.81,0.00064,0.05
2023-06-05,281.92,0.004129,0.05
2023-06-06,281.71,0.002875,0.05
2023-06-07,282.32,0.00257,0.05
2023-06-08,282.81,0.001169,0.05
2023-06-09,283.25,0.002464,0.05
2023-06-10,283.46,0.002425,0.05
2023-06-11,283.92,0.005158,0.05
2023-06-12,283.6,0.009932,0.05
2023-06-13,283.65,0.029909,0.05
2023-06-14,283.13,0.044672,0.05
2023-06-15,283.49,0.009528,0.05
2023-06-16,283.48,0.002435,0.05
2023-06-17,283.89,0.013304,0.05
2023-06-18,284.25,0.011181,0.05
2023-06-19,284.18,0.013972,0.05
2023-06-20,284.07,0.011292,0.05
2023-06-21,284.52,0.006372,0.05
2023-06-22,285.4,0.005333,0.05
2023-06-23,286.08,0.014812,0.05
2023-06-24,285.09,0.03133,0.05
2023-06-25,285.24,0.023752,0.05
2023-06-26,284.59,0.010994,0.05
2023-06-27,284.68,0.020243,0.05
2023-06-28,284.53,0.037501,0.05
2023-06-29,284.37,0.029819,0.05
2023-06-30,284.04,0.017599,0.05
2023-07-01,284.28,0.025912,0.05
2023-07-02,285.15,0.017028,0.05
2023-07-03,284.99,0.028796,0.05
2023-07-04,284.34,0.027466,0.05
2023-07-05,284.15,0.014523,0.05
2023-07-06,284.92,0.012974,0.05
2023-07-07,285.29,0.013636,0.05
2023-07-08,285.01,0.01458,0.05
2023-07-09,285.4,0.026501,0.05
2023-07-10,285.49,0.01029,0.05
2023-07-11,285.52,0.013279,0.05
2023-07-12,285.39,0.00987,0.05
2023-07-13,285.46,0.01704,0.05
2023-07-14,285.13,0.027643,0.05
2023-07-15,285.24,0.022879,0.05
2023-07-16,285.58,0.023386,0.05
2023-07-17,285.05,0.048002,0.05
2023-07-18,284.44,0.020598,0.05
2023-07-19,285.26,0.009353,0.05
2023-07-20,286.19,0.01126,0.05
2023-07-21,285.56,0.02606,0.05
2023-07-22,285.44,0.013297,0.05
2023-07-23,285.1,0.019775,0.05
2023-07-24,284.72,0.012424,0.05
2023-07-25,284.51,0.017865,0.05
2023-07-26,284.67,0.009092,0.05
2023-07-27,285.07,0.012455,0.05
2023-07-28,285.14,0.018503,0.05
2023-07-29,285.04,0.011541,0.05
2023-07-30,285.43,0.011705,0.05
2023-07-31,286.12,0.0117,0.05
2023-08-01,286.09,0.011272,0.05
2023-08-02,285.96,0.008855,0.05
2023-08-03,285.93,0.011823,0.05
2023-08-04,285.15,0.031137,0.05
2023-08-05,285.13,0.019474,0.05
2023-08-06,285.19,0.01816,0.05
2023-08-07,285.41,0.036976,0.05
2023-08-08,284.71,0.022833,0.05
2023-08-09,285.37,0.018368,0.05
2023-08-10,285.45,0.012075,0.05
2023-08-11,285.68,0.01996,0.05
2023-08-12,285.12,0.032136,0.05
2023-08-13,284.29,0.037617,0.05
2023-08-14,284.58,0.008506,0.05
2023-08-15,285.1,0.011184,0.05
2023-08-16,285.48,0.006656,0.05
2023-08-17,285.64,0.009341,0.05
2023-08-18,285.6,0.014642,0.05
2023-08-19,285.62,0.016791,0.05
2023-08-20,285.33,0.029411,0.05
2023-08-21,284.93,0.029004,0.05
2023-08-22,285.02,0.016539,0.05
2023-08-23,284.52,0.030702,0.05
2023-08-24,284.28,0.045453,0.05
2023-08-25,284.2,0.0356,0.05
2023-08-26,283.87,0.017879,0.05
2023-08-27,283.98,0.004266,0.05
2023-08-28,283.77,0.007053,0.05
2023-08-29,283.72,0.002725,0.05
2023-08-30,284.31,0.004611,0.05
2023-08-31,284.76,0.007054,0.05
2023-09-01,284.72,0.005796,0.05
2023-09-02,285.23,0.005658,0.05
2023-09-03,284.84,0.004065,0.05
2023-09-04,284.28,0.002133,0.05
2023-09-05,284.45,0.002866,0.05
2023-09-06,284.54,0.001331,0.05
2023-09-07,284.86,0.002616,0.05
2023-09-08,284.48,0.013115,0.05
2023-09-09,283.92,0.025895,0.05
2023-09-10,284.29,0.010586,0.05
2023-09-11,284.79,0.007297,0.05
2023-09-12,284.39,0.017596,0.05
2023-09-13,285.02,0.021689,0.05
2023-09-14,285.3,0.00379,0.05
2023-09-15,284.62,0.006928,0.05
2023-09-16,283.98,0.003303,0.05
2023-09-17,284.05,0.002916,0.05
2023-09-18,283.71,0.005081,0.05
2023-09-19,283.69,0.007198,0.05
2023-09-20,283.74,0.008162,0.05
2023-09-21,283.74,0.007665,0.05
2023-09-22,283.47,0.017344,0.05
2023-09-23,282.97,0.015413,0.05
2023-09-24,282.77,0.012051,0.05
2023-09-25,282.5,0.009858,0.05
2023-09-26,282.72,0.004667,0.05
2023-09-27,282.86,0.001527,0.05
2023-09-28,282.72,0.00159,0.05
2023-09-29,283.24,0.003131,0.05
2023-09-30,283.07,0.00063,0.05
2023-10-01,283.6,0.007162,0.05
2023-10-02,282.61,0.017648,0.05
2023-10-03,283.01,0.008901,0.05
2023-10-04,282.18,0.024303,0.05
2023-10-05,281.61,0.001708,0.05
2023-10-06,281.57,0.001543,0.05
2023-10-07,281.92,0.005444,0.05
2023-10-08,281.07,0.003444,0.05
2023-10-09,280.94,0.002152,0.05
2023-10-10,279.99,0.003136,0.05
2023-10-11,279.57,0.00091,0.05
2023-10-12,279.31,0.00208,0.05
2023-10-13,278.63,0.002783,0.05
2023-10-14,278.43,0.001536,0.05
2023-10-15,278.03,0.00246,0.05
2023-10-16,278.16,0.001067,0.05
2023-10-17,277.41,0.001782,0.05
2023-10-18,275.72,0.000216,0.05
2023-10-19,275.74,0.000344,0.05
2023-10-20,275.59,0.000584,0.05
2023-10-21,276.01,0.00363,0.05
2023-10-22,275.54,0.00221,0.05
2023-10-23,276.11,0.000608,0.05
2023-10-24,276.21,0.001011,0.05
2023-10-25,276.13,0.000416,0.05
2023-10-26,275.56,0.000712,0.05
2023-10-27,275.88,0.002193,0.05
2023-10-28,277.06,0.000177,0.05
2023-10-29,277.33,0.001858,0.05
2023-10-30,276.18,0.001164,0.05
2023-10-31,276.81,0.001022,0.05
2023-11-01,276.69,9.2e-05,0.05
2023-11-02,276.54,2.2e-05,0.05
2023-11-03,275.27,0.000365,0.05
2023-11-04,274.4,0.001219,0.05
2023-11-05,275.07,0.000931,0.05
2023-11-06,274.6,0.003149,0.05
2023-11-07,274.17,0.001734,0.05
2023-11-08,274.71,0.001003,0.05
2023-11-09,275.88,0.001421,0.05
2023-11-10,275.84,0.000834,0.05
2023-11-11,273.91,0.002376,0.05
2023-11-12,274.79,0.0,0.05
2023-11-13,276.42,0.000317,0.05
2023-11-14,276.96,0.001997,0.05
2023-11-15,276.07,0.001428,0.05
2023-11-16,275.71,0.00131,0.05
2023-11-17,275.4,0.000823,0.05
2023-11-18,276.51,2.5e-05,0.05
2023-11-19,277.43,0.000179,0.05
2023-11-20,276.0,0.001372,0.05
2023-11-21,275.17,0.0003,0.05
2023-11-22,274.72,0.002186,0.05
2023-11-23,274.19,0.001325,0.05
2023-11-24,273.91,0.000408,0.05
2023-11-25,274.87,0.000124,0.05
2023-11-26,276.47,2.5e-05,0.05
2023-11-27,276.65,0.004139,0.05
2023-11-28,274.74,0.002827,0.05
2023-11-29,273.65,3.4e-05,0.05
2023-11-30,274.32,8.7e-05,0.05
2023-12-01,274.72,0.000297,0.05
2023-12-02,273.85,0.0,0.05
2023-12-03,274.44,1.6e-05,0.05
2023-12-04,274.1,0.007356,0.05
2023-12-05,273.96,0.000225,0.05
2023-12-06,274.28,0.000592,0.05
2023-12-07,273.6,0.011816,0.05
2023-12-08,273.17,0.000592,0.05
2023-12-09,272.7,0.003864,0.05
2023-12-10,273.11,0.001494,0.05
2023-12-11,271.99,0.00434,0.05
2023-12-12,270.37,0.001054,0.05
2023-12-13,268.53,7.5e-05,0.05
2023-12-14,271.87,4e-06,0.05
2023-12-15,275.44,2e-06,0.05
2023-12-16,275.1,2.6e-05,0.05
2023-12-17,272.94,1.4e-05,0.05
2023-12-18,272.49,0.00021,0.05
2023-12-19,272.63,0.001318,0.05
2023-12-20,274.06,7.1e-05,0.05
2023-12-21,274.78,0.0,0.05
2023-12-22,275.94,1e-06,0.05
2023-12-23,274.52,0.000886,0.05
2023-12-24,272.5,0.000478,0.05
2023-12-25,272.49,1e-06,0.05
2023-12-26,273.42,3e-06,0.05
2023-12-27,272.78,2e-05,0.05
2023-12-28,271.42,0.000459,0.05
2023-12-29,271.44,0.000145,0.05
2023-12-30,271.68,0.000667,0.05
2023-12-31,270.87,0.000521,0.05
2024-01-01,270.23,0.000156,0.05
2024-01-02,269.75,0.00064,0.05
2024-01-03,269.46,0.001167,0.05
2024-01-04,269.31,0.00029,0.05
2024-01-05,270.07,0.000221,0.05
2024-01-06,269.58,0.001713,0.05
2024-01-07,270.58,0.000413,0.05
2024-01-08,271.55,0.002315,0.05
2024-01-09,271.74,0.000623,0.05
2024-01-10,272.1,3.9e-05,0.05
2024-01-11,272.53,3.4e-05,0.05
2024-01-12,272.42,0.000128,0.05
2024-01-13,274.4,2e-06,0.05
2024-01-14,272.64,0.001792,0.05
2024-01-15,270.17,0.005677,0.05
2024-01-16,268.79,0.002693,0.05
2024-01-17,268.71,0.002749,0.05
2024-01-18,267.67,0.001572,0.05
2024-01-19,268.94,0.002704,0.05
2024-01-20,269.69,0.002273,0.05
2024-01-21,268.25,0.00273,0.05
2024-01-22,270.34,0.000168,0.05
2024-01-23,268.17,0.002714,0.05
2024-01-24,266.26,0.003459,0.05
2024-01-25,266.02,0.00221,0.05
2024-01-26,265.64,0.004354,0.05
2024-01-27,266.9,0.000982,0.05
2024-01-28,269.28,0.001821,0.05
2024-01-29,269.01,0.003354,0.05
2024-01-30,269.05,0.003571,0.05
2024-01-31,269.32,0.007033,0.05
2024-02-01,268.34,0.004591,0.05
2024-02-02,267.52,0.000444,0.05
2024-02-03,270.02,1.4e-05,0.05
2024-02-04,270.44,0.004723,0.05
2024-02-05,269.75,0.001894,0.05
2024-02-06,269.27,0.000324,0.05
2024-02-07,271.06,0.000804,0.05
2024-02-08,269.83,0.00148,0.05
2024-02-09,269.71,0.000545,0.05
2024-02-10,269.97,0.000807,0.05
2024-02-11,269.45,0.000147,0.05
2024-02-12,270.22,1e-05,0.05
2024-02-13,270.54,7.9e-05,0.05
2024-02-14,270.33,0.000727,0.05
2024-02-15,270.18,2e-06,0.05
2024-02-16,271.59,0.000201,0.05
2024-02-17,272.53,0.001058,0.05
2024-02-18,273.3,0.002485,0.05
2024-02-19,272.98,0.002716,0.05
2024-02-20,271.95,0.001525,0.05
2024-02-21,270.36,0.001646,0.05
2024-02-22,268.29,0.000926,0.05
2024-02-23,267.61,0.000216,0.05
2024-02-24,267.98,0.001067,0.05
2024-02-25,269.31,4.8e-05,0.05
2024-02-26,271.36,1.9e-05,0.05
2024-02-27,271.75,0.000735,0.05
2024-02-28,272.08,0.000223,0.05
2024-02-29,272.62,0.000501,0.05
2024-03-01,274.41,3.7e-05,0.05
2024-03-02,274.47,0.007705,0.05
2024-03-03,272.66,0.011317,0.05
2024-03-04,271.1,0.00016,0.05
2024-03-05,271.45,3e-06,0.05
2024-03-06,271.63,0.000149,0.05
2024-03-07,270.42,0.00026,0.05
2024-03-08,270.81,7e-06,0.05
2024-03-09,272.77,8.6e-05,0.05
2024-03-10,275.2,5e-06,0.05
2024-03-11,275.14,0.001762,0.05
2024-03-12,273.86,9.2e-05,0.05
2024-03-13,272.53,0.000935,0.05
2024-03-14,272.16,4.9e-05,0.05
2024-03-15,272.88,0.000533,0.05
2024-03-16,271.87,7e-06,0.05
2024-03-17,273.03,1e-06,0.05
2024-03-18,273.07,9e-06,0.05
2024-03-19,272.42,0.000534,0.05
2024-03-20,273.13,0.006798,0.05
2024-03-21,273.83,0.003567,0.05
2024-03-22,273.88,0.006025,0.05
2024-03-23,273.28,0.010248,0.05
2024-03-24,275.61,0.003215,0.05
2024-03-25,273.23,0.003205,0.05
2024-03-26,275.04,0.000207,0.05
2024-03-27,276.17,0.002518,0.05
2024-03-28,277.48,0.004134,0.05
2024-03-29,277.41,0.004491,0.05
2024-03-30,276.55,0.004578,0.05
2024-03-31,275.73,0.00047,0.05
2024-04-01,276.82,0.000196,0.05
2024-04-02,277.24,0.000378,0.05
2024-04-03,277.16,0.000945,0.05
2024-04-04,277.68,0.000831,0.05
2024-04-05,277.52,0.000372,0.05
2024-04-06,276.31,0.001134,0.05
2024-04-07,275.77,0.000595,0.05
2024-04-08,275.41,0.000539,0.05
2024-04-09,274.79,0.000319,0.05
2024-04-10,274.28,0.00089,0.05
2024-04-11,275.18,0.000546,0.05
2024-04-12,275.67,0.001207,0.05
2024-04-13,276.25,0.001822,0.05
2024-04-14,277.09,0.001993,0.05
2024-04-15,279.11,0.001202,0.05
2024-04-16,279.46,0.003337,0.05
2024-04-17,279.12,0.000383,0.05
2024-04-18,279.44,0.001509,0.05
2024-04-19,278.82,0.001756,0.05
2024-04-20,278.73,0.000828,0.05
2024-04-21,279.26,6e-05,0.05
2024-04-22,278.96,0.000144,0.05
2024-04-23,277.29,0.000344,0.05
2024-04-24,276.72,0.000466,0.05
2024-04-25,278.83,0.000257,0.05
2024-04-26,279.27,0.000307,0.05
2024-04-27,278.97,0.00013,0.05
2024-04-28,278.72,0.000405,0.05
2024-04-29,280.01,0.00024,0.05
2024-04-30,279.95,5.2e-05,0.05
2024-05-01,278.03,6.7e-05,0.05
2024-05-02,277.48,2.2e-05,0.05
2024-05-03,281.15,6e-06,0.05
2024-05-04,279.89,0.000774,0.05
2024-05-05,279.49,0.005431,0.05
2024-05-06,279.65,0.003276,0.05
2024-05-07,278.72,0.010069,0.05
2024-05-08,277.95,0.009773,0.05
2024-05-09,278.11,0.008518,0.05
2024-05-10,278.95,0.002115,0.05
2024-05-11,280.39,0.005675,0.05
2024-05-12,279.66,0.006973,0.05
2024-05-13,279.5,0.005648,0.05
2024-05-14,280.91,0.001544,0.05
2024-05-15,281.22,0.002224,0.05
2024-05-16,281.37,0.0008,0.05
2024-05-17,282.4,0.001568,0.05
2024-05-18,282.55,0.001757,0.05
2024-05-19,282.23,0.004898,0.05
2024-05-20,282.29,0.009217,0.05
2024-05-21,282.68,0.005084,0.05
2024-05-22,282.47,0.006426,0.05
2024-05-23,283.1,0.004311,0.05
2024-05-24,283.72,0.003274,0.05
2024-05-25,284.69,0.002132,0.05
2024-05-26,284.4,0.004384,0.05
2024-05-27,284.26,0.003638,0.05
2024-05-28,284.33,0.010102,0.05
2024-05-29,283.77,0.00314,0.05
2024-05-30,284.39,0.002637,0.05
2024-05-31,283.59,0.001921,0.05
2024-06-01,282.93,0.002974,0.05
2024-06-02,283.25,0.003935,0.05
2024-06-03,282.77,0.005496,0.05
2024-06-04,282.49,0.006257,0.05
2024-06-05,282.06,0.003126,0.05
2024-06-06,282.95,0.003745,0.05
2024-06-07,283.29,0.003793,0.05
2024-06-08,284.09,0.003766,0.05
2024-06-09,284.82,0.002477,0.05
2024-06-10,285.12,0.001206,0.05
2024-06-11,285.46,0.007137,0.05
2024-06-12,285.24,0.006176,0.05
2024-06-13,285.26,0.005047,0.05
2024-06-14,285.14,0.021275,0.05
2024-06-15,285.21,0.006629,0.05
2024-06-16,285.14,0.016053,0.05
2024-06-17,285.14,0.037546,0.05
2024-06-18,285.27,0.070696,0.05
2024-06-19,283.92,0.066299,0.05
2024-06-20,283.98,0.025854,0.05
2024-06-21,284.15,0.012764,0.05
2024-06-22,284.49,0.011985,0.05
2024-06-23,285.04,0.0116,0.05
2024-06-24,285.0,0.006513,0.05
2024-06-25,285.56,0.011728,0.05
2024-06-26,285.16,0.02236,0.05
2024-06-27,284.88,0.017544,0.05
2024-06-28,285.52,0.019684,0.05
2024-06-29,285.71,0.023524,0.05
2024-06-30,285.35,0.037771,0.05
2024-07-01,285.66,0.014767,0.05
2024-07-02,285.96,0.023332,0.05
2024-07-03,285.49,0.026299,0.05
2024-07-04,285.57,0.017883,0.05
2024-07-05,285.18,0.036202,0.05
2024-07-06,284.36,0.039033,0.05
2024-07-07,284.53,0.015152,0.05
2024-07-08,285.0,0.011018,0.05
2024-07-09,285.7,0.014842,0.05
2024-07-10,285.46,0.051911,0.05
2024-07-11,285.36,0.063304,0.05
2024-07-12,285.3,0.024024,0.05
2024-07-13,285.36,0.025407,0.05
2024-07-14,286.14,0.017391,0.05
2024-07-15,286.41,0.03238,0.05
2024-07-16,286.12,0.031379,0.05
2024-07-17,285.62,0.031021,0.05
2024-07-18,286.04,0.016281,0.05
2024-07-19,285.65,0.017232,0.05
2024-07-20,286.33,0.018997,0.05
2024-07-21,285.43,0.038442,0.05
2024-07-22,285.83,0.015473,0.05
2024-07-23,285.79,0.018769,0.05
2024-07-24,286.25,0.028428,0.05
2024-07-25,286.18,0.01801,0.05
2024-07-26,286.51,0.015446,0.05
2024-07-27,286.58,0.01619,0.05
2024-07-28,286.67,0.035976,0.05
2024-07-29,286.51,0.021708,0.05
2024-07-30,286.92,0.011817,0.05
2024-07-31,286.82,0.017369,0.05
2024-08-01,285.65,0.010424,0.05
2024-08-02,285.55,0.009275,0.05
2024-08-03,285.0,0.012227,0.05
2024-08-04,285.28,0.008837,0.05
2024-08-05,285.78,0.027209,0.05
2024-08-06,284.47,0.047854,0.05
2024-08-07,284.76,0.027371,0.05
2024-08-08,284.91,0.030587,0.05
2024-08-09,284.67,0.021431,0.05
2024-08-10,284.8,0.02941,0.05
2024-08-11,285.15,0.033608,0.05
2024-08-12,285.25,0.011639,0.05
2024-08-13,285.49,0.021559,0.05
2024-08-14,285.25,0.016511,0.05
2024-08-15,285.58,0.026225,0.05
2024-08-16,285.29,0.028688,0.05
2024-08-17,285.39,0.018786,0.05
2024-08-18,285.09,0.010549,0.05
2024-08-19,284.74,0.017571,0.05
2024-08-20,283.55,0.023901,0.05
2024-08-21,284.26,0.023027,0.05
2024-08-22,284.62,0.018627,0.05
2024-08-23,284.73,0.015364,0.05
2024-08-24,285.02,0.010245,0.05
2024-08-25,284.82,0.007333,0.05
2024-08-26,284.32,0.008802,0.05
2024-08-27,284.56,0.008558,0.05
2024-08-28,284.38,0.008647,0.05
2024-08-29,284.59,0.012064,0.05
2024-08-30,285.61,0.003268,0.05
2024-08-31,285.64,0.005797,0.05
2024-09-01,284.2,0.024673,0.05
2024-09-02,284.37,0.013112,0.05
2024-09-03,284.28,0.009923,0.05
2024-09-04,284.3,0.010269,0.05
2024-09-05,284.15,0.024442,0.05
2024-09-06,284.39,0.03228,0.05
2024-09-07,284.48,0.019275,0.05
2024-09-08,284.92,0.007378,0.05
2024-09-09,284.68,0.009754,0.05
2024-09-10,284.52,0.004595,0.05
2024-09-11,284.79,0.007353,0.05
2024-09-12,284.56,0.008364,0.05
2024-09-13,284.47,0.005657,0.05
2024-09-14,283.84,0.015379,0.05
2024-09-15,283.6,0.014679,0.05
2024-09-16,283.47,0.009626,0.05
2024-09-17,283.19,0.005224,0.05
2024-09-18,284.02,0.003089,0.05
2024-09-19,285.27,0.001787,0.05
2024-09-20,284.84,0.01173,0.05
2024-09-21,284.7,0.013249,0.05
2024-09-22,284.97,0.002067,0.05
2024-09-23,284.63,0.002039,0.05
2024-09-24,284.29,0.011171,0.05
2024-09-25,283.45,0.015546,0.05
2024-09-26,282.97,0.057902,0.05
2024-09-27,281.97,0.10795,0.05
2024-09-28,281.7,0.079222,0.05
2024-09-29,281.57,0.004268,0.05
2024-09-30,281.84,0.004298,0.05
2024-10-01,283.17,0.006837,0.05
2024-10-02,282.33,0.005498,0.05
2024-10-03,281.5,0.008347,0.05
2024-10-04,281.91,0.001407,0.05
2024-10-05,281.31,0.002367,0.05
2024-10-06,281.0,0.004666,0.05
2024-10-07,281.18,0.001196,0.05
2024-10-08,280.84,0.000448,0.05
2024-10-09,280.34,0.001087,0.05
2024-10-10,280.41,0.000448,0.05
2024-10-11,280.29,0.000183,0.05
2024-10-12,279.21,0.0015,0.05
2024-10-13,279.38,0.001178,0.05
2024-10-14,279.85,0.004545,0.05
2024-10-15,279.0,0.002456,0.05
2024-10-16,279.28,0.003982,0.05
2024-10-17,279.03,0.006266,0.05
2024-10-18,277.63,0.001989,0.05
2024-10-19,277.67,0.003601,0.05
2024-10-20,277.36,0.000495,0.05
2024-10-21,277.61,0.00129,0.05
2024-10-22,278.36,0.000579,0.05
2024-10-23,278.72,0.000438,0.05
2024-10-24,279.13,4.2e-05,0.05
2024-10-25,279.94,0.000906,0.05
2024-10-26,280.38,5.7e-05,0.05
2024-10-27,280.8,3e-06,0.05
2024-10-28,280.1,2e-06,0.05
2024-10-29,279.63,0.000256,0.05
2024-10-30,280.22,0.002859,0.05
