date,temperature_2m_k,total_precip_m_day,snow_depth_m_we
2016-01-01,265.28,1.2e-05,0.05
2016-01-02,263.99,8.2e-05,0.05
2016-01-03,264.15,0.001187,0.05
2016-01-04,265.99,0.000121,0.05
2016-01-05,264.17,0.001744,0.05
2016-01-06,265.49,0.000194,0.05
2016-01-07,264.96,0.000264,0.05
2016-01-08,261.65,0.000449,0.05
2016-01-09,261.71,0.000808,0.05
2016-01-10,265.47,0.000266,0.05
2016-01-11,266.71,4.5e-05,0.05
2016-01-12,266.42,8.7e-05,0.05
2016-01-13,262.96,0.000339,0.05
2016-01-14,264.13,0.000134,0.05
2016-01-15,261.61,0.000206,0.05
2016-01-16,264.1,0.000402,0.05
2016-01-17,263.5,0.000184,0.05
2016-01-18,262.92,0.00059,0.05
2016-01-19,262.73,0.011079,0.05
2016-01-20,257.88,0.000955,0.05
2016-01-21,259.08,0.000472,0.05
2016-01-22,259.84,0.000475,0.05
2016-01-23,259.35,0.000204,0.05
2016-01-24,260.31,0.000259,0.05
2016-01-25,258.63,0.000229,0.05
2016-01-26,259.62,0.001841,0.05
2016-01-27,258.0,0.000638,0.05
2016-01-28,262.08,5.4e-05,0.05
2016-01-29,263.79,9e-05,0.05
2016-01-30,264.83,0.000195,0.05
2016-01-31,266.13,0.000504,0.05
2016-02-01,264.6,8e-05,0.05
2016-02-02,266.23,8.2e-05,0.05
2016-02-03,266.3,7e-06,0.05
2016-02-04,269.58,1e-06,0.05
2016-02-05,271.62,0.0,0.05
2016-02-06,271.21,1e-06,0.05
2016-02-07,266.99,0.001682,0.05
2016-02-08,260.95,0.011792,0.05
2016-02-09,260.52,0.000161,0.05
2016-02-10,262.53,0.000121,0.05
2016-02-11,260.47,5.1e-05,0.05
2016-02-12,263.85,3.3e-05,0.05
2016-02-13,262.69,3.4e-05,0.05
2016-02-14,262.35,9e-06,0.05
2016-02-15,263.53,3e-06,0.05
2016-02-16,265.65,4e-06,0.05
2016-02-17,267.19,1e-06,0.05
2016-02-18,269.87,0.0,0.05
2016-02-19,272.33,4.7e-05,0.05
2016-02-20,270.39,0.00255,0.05
2016-02-21,267.54,2.2e-05,0.05
2016-02-22,267.78,0.000102,0.05
2016-02-23,266.64,0.00014,0.05
2016-02-24,264.3,0.000582,0.05
2016-02-25,263.93,0.000568,0.05
2016-02-26,264.08,0.000698,0.05
2016-02-27,264.58,0.004555,0.05
2016-02-28,264.31,0.004757,0.05
2016-02-29,264.29,0.000868,0.05
2016-03-01,264.58,0.000888,0.05
2016-03-02,265.92,0.001066,0.05
2016-03-03,265.86,0.001593,0.05
2016-03-04,266.2,0.002507,0.05
2016-03-05,265.96,0.001197,0.05
2016-03-06,265.61,0.00039,0.05
2016-03-07,265.4,1.3e-05,0.05
2016-03-08,265.46,0.000131,0.05
2016-03-09,265.96,0.000132,0.05
2016-03-10,267.04,7.4e-05,0.05
2016-03-11,268.32,0.000134,0.05
2016-03-12,268.48,0.000581,0.05
2016-03-13,267.65,0.002418,0.05
2016-03-14,265.1,0.002727,0.05
2016-03-15,265.21,0.000399,0.05
2016-03-16,265.0,0.000154,0.05
2016-03-17,266.58,0.000848,0.05
2016-03-18,267.33,0.001354,0.05
2016-03-19,267.39,0.001571,0.05
2016-03-20,267.36,0.000772,0.05
2016-03-21,266.22,0.000404,0.05
2016-03-22,265.15,0.000115,0.05
2016-03-23,267.97,0.000173,0.05
2016-03-24,270.62,0.000169,0.05
2016-03-25,272.98,0.000514,0.05
2016-03-26,273.17,0.000433,0.05
2016-03-27,271.42,0.002375,0.05
2016-03-28,265.76,0.012231,0.05
2016-03-29,269.05,0.000146,0.05
2016-03-30,268.43,0.003151,0.05
2016-03-31,267.9,0.004684,0.05
2016-04-01,270.02,0.001111,0.05
2016-04-02,272.99,0.001286,0.05
2016-04-03,273.68,0.001707,0.05
2016-04-04,273.34,0.001223,0.05
2016-04-05,272.3,0.001016,0.05
2016-04-06,271.52,0.000105,0.05
2016-04-07,270.81,0.001244,0.05
2016-04-08,269.65,0.00012,0.05
2016-04-09,270.75,1e-06,0.05
2016-04-10,272.34,0.00077,0.05
2016-04-11,271.5,0.001344,0.05
2016-04-12,271.44,3.3e-05,0.05
2016-04-13,270.64,0.000681,0.05
2016-04-14,269.65,0.004275,0.05
2016-04-15,272.54,0.001767,0.05
2016-04-16,272.48,0.002355,0.05
2016-04-17,273.21,0.002469,0.05
2016-04-18,272.53,0.002878,0.05
2016-04-19,273.48,0.001048,0.05
2016-04-20,273.55,0.001038,0.05
2016-04-21,272.78,0.002047,0.05
2016-04-22,271.96,0.00092,0.05
2016-04-23,270.35,0.000887,0.05
2016-04-24,270.07,2.9e-05,0.05
2016-04-25,271.07,1e-06,0.05
2016-04-26,272.35,2.3e-05,0.05
2016-04-27,272.0,7.7e-05,0.05
2016-04-28,271.17,0.000132,0.05
2016-04-29,271.35,6e-06,0.05
2016-04-30,271.41,2.3e-05,0.05
2016-05-01,271.73,0.001629,0.05
2016-05-02,273.08,0.001009,0.05
2016-05-03,273.03,0.000398,0.05
2016-05-04,272.12,0.005166,0.05
2016-05-05,271.48,0.004612,0.05
2016-05-06,272.28,0.004389,0.05
2016-05-07,271.95,0.003222,0.05
2016-05-08,272.8,0.004432,0.05
2016-05-09,274.01,0.005144,0.05
2016-05-10,273.88,0.004803,0.05
2016-05-11,274.25,0.007547,0.05
2016-05-12,273.83,0.006905,0.05
2016-05-13,273.81,0.006224,0.05
2016-05-14,274.6,0.004617,0.05
2016-05-15,274.41,0.001727,0.05
2016-05-16,274.57,0.002074,0.05
2016-05-17,273.93,0.001322,0.05
2016-05-18,275.06,0.001919,0.05
2016-05-19,275.56,0.003342,0.05
2016-05-20,275.04,0.011594,0.05
2016-05-21,274.77,0.007665,0.05
2016-05-22,276.78,0.004063,0.05
2016-05-23,275.55,0.00486,0.05
2016-05-24,274.94,0.010181,0.05
2016-05-25,273.07,0.001583,0.05
2016-05-26,272.87,0.003666,0.05
2016-05-27,274.97,0.005274,0.05
2016-05-28,274.15,0.01351,0.05
2016-05-29,273.26,0.004181,0.05
2016-05-30,273.96,0.002246,0.05
2016-05-31,273.58,0.003689,0.05
2016-06-01,275.56,0.002082,0.05
2016-06-02,276.37,0.006229,0.05
2016-06-03,276.64,0.002308,0.05
2016-06-04,276.56,0.007058,0.05
2016-06-05,276.69,0.007516,0.05
2016-06-06,277.0,0.006916,0.05
2016-06-07,276.9,0.002269,0.05
2016-06-08,276.92,0.002766,0.05
2016-06-09,276.72,0.006098,0.05
2016-06-10,277.12,0.008034,0.05
2016-06-11,277.64,0.006245,0.05
2016-06-12,277.79,0.006328,0.05
2016-06-13,277.95,0.006182,0.05
2016-06-14,278.62,0.004454,0.05
2016-06-15,278.33,0.012264,0.05
2016-06-16,277.83,0.012465,0.05
2016-06-17,278.07,0.010691,0.05
2016-06-18,278.5,0.020398,0.05
2016-06-19,277.9,0.021754,0.05
2016-06-20,278.32,0.008787,0.05
2016-06-21,278.3,0.010114,0.05
2016-06-22,278.35,0.007073,0.05
2016-06-23,278.36,0.007545,0.05
2016-06-24,278.55,0.006132,0.05
2016-06-25,278.27,0.029717,0.05
2016-06-26,278.83,0.018744,0.05
2016-06-27,279.03,0.012612,0.05
2016-06-28,279.07,0.013325,0.05
2016-06-29,279.32,0.010703,0.05
2016-06-30,279.21,0.018011,0.05
2016-07-01,277.92,0.025863,0.05
2016-07-02,277.84,0.011913,0.05
2016-07-03,278.88,0.016184,0.05
2016-07-04,279.1,0.012905,0.05
2016-07-05,279.13,0.020165,0.05
2016-07-06,279.22,0.011363,0.05
2016-07-07,279.49,0.016592,0.05
2016-07-08,279.36,0.014557,0.05
2016-07-09,279.7,0.021087,0.05
2016-07-10,279.51,0.031046,0.05
2016-07-11,278.42,0.020243,0.05
2016-07-12,279.21,0.010844,0.05
2016-07-13,279.36,0.015273,0.05
2016-07-14,279.83,0.028767,0.05
2016-07-15,279.26,0.039836,0.05
2016-07-16,279.2,0.015137,0.05
2016-07-17,278.36,0.012349,0.05
2016-07-18,278.85,0.010373,0.05
2016-07-19,278.5,0.025853,0.05
2016-07-20,278.69,0.024329,0.05
2016-07-21,277.89,0.036264,0.05
2016-07-22,277.19,0.019851,0.05
2016-07-23,277.67,0.021202,0.05
2016-07-24,277.66,0.02883,0.05
2016-07-25,277.72,0.04539,0.05
2016-07-26,277.25,0.020295,0.05
2016-07-27,277.12,0.018032,0.05
2016-07-28,276.76,0.016958,0.05
2016-07-29,276.94,0.010115,0.05
2016-07-30,277.07,0.02083,0.05
2016-07-31,276.67,0.018856,0.05
2016-08-01,276.75,0.01184,0.05
2016-08-02,277.15,0.008756,0.05
2016-08-03,277.71,0.005653,0.05
2016-08-04,278.73,0.00468,0.05
2016-08-05,279.06,0.008494,0.05
2016-08-06,278.74,0.009226,0.05
2016-08-07,278.45,0.008549,0.05
2016-08-08,278.42,0.008336,0.05
2016-08-09,278.02,0.008771,0.05
2016-08-10,278.03,0.007873,0.05
2016-08-11,278.19,0.011171,0.05
2016-08-12,278.6,0.011585,0.05
2016-08-13,278.97,0.007803,0.05
2016-08-14,278.76,0.011051,0.05
2016-08-15,278.46,0.008891,0.05
2016-08-16,278.23,0.01124,0.05
2016-08-17,278.45,0.009168,0.05
2016-08-18,278.56,0.009783,0.05
2016-08-19,278.61,0.008025,0.05
2016-08-20,279.14,0.001337,0.05
2016-08-21,278.87,0.009066,0.05
2016-08-22,278.09,0.013142,0.05
2016-08-23,278.2,0.005932,0.05
2016-08-24,277.82,0.006871,0.05
2016-08-25,277.73,0.008445,0.05
2016-08-26,277.61,0.008272,0.05
2016-08-27,277.4,0.004619,0.05
2016-08-28,277.96,0.007678,0.05
2016-08-29,278.51,0.0037,0.05
2016-08-30,278.29,0.014093,0.05
2016-08-31,278.46,0.016589,0.05
2016-09-01,278.64,0.010455,0.05
2016-09-02,278.8,0.013401,0.05
2016-09-03,277.51,0.045005,0.05
2016-09-04,277.65,0.01373,0.05
2016-09-05,277.64,0.016744,0.05
2016-09-06,277.89,0.005783,0.05
2016-09-07,278.06,0.007401,0.05
2016-09-08,277.85,0.005486,0.05
2016-09-09,278.29,0.006901,0.05
2016-09-10,277.98,0.008285,0.05
2016-09-11,277.53,0.018972,0.05
2016-09-12,276.29,0.02958,0.05
2016-09-13,276.1,0.009359,0.05
2016-09-14,276.7,0.004673,0.05
2016-09-15,277.16,0.004326,0.05
2016-09-16,277.48,0.005179,0.05
2016-09-17,277.06,0.009263,0.05
2016-09-18,277.05,0.003584,0.05
2016-09-19,277.7,0.004579,0.05
2016-09-20,277.09,0.00925,0.05
2016-09-21,276.07,0.019578,0.05
2016-09-22,275.69,0.006644,0.05
2016-09-23,275.42,0.00239,0.05
2016-09-24,275.8,0.010713,0.05
2016-09-25,275.34,0.014264,0.05
2016-09-26,275.63,0.003464,0.05
2016-09-27,276.15,0.003708,0.05
2016-09-28,275.78,0.008848,0.05
2016-09-29,276.02,0.007557,0.05
2016-09-30,276.71,0.005496,0.05
2016-10-01,277.03,0.006508,0.05
2016-10-02,276.38,0.006252,0.05
2016-10-03,275.93,0.003202,0.05
2016-10-04,276.38,0.004952,0.05
2016-10-05,275.9,0.007065,0.05
2016-10-06,275.88,0.004885,0.05
2016-10-07,276.14,0.004685,0.05
2016-10-08,276.1,0.016608,0.05
2016-10-09,275.08,0.004216,0.05
2016-10-10,273.94,0.004942,0.05
2016-10-11,273.95,0.000698,0.05
2016-10-12,274.17,0.001947,0.05
2016-10-13,274.43,0.003154,0.05
2016-10-14,274.04,0.001938,0.05
2016-10-15,273.91,0.002499,0.05
2016-10-16,273.18,0.001016,0.05
2016-10-17,273.14,0.001358,0.05
2016-10-18,272.89,0.001955,0.05
2016-10-19,271.81,0.003644,0.05
2016-10-20,273.27,0.001086,0.05
2016-10-21,273.06,0.001081,0.05
2016-10-22,272.64,0.001808,0.05
2016-10-23,273.14,0.00117,0.05
2016-10-24,273.79,0.000563,0.05
2016-10-25,271.99,0.000432,0.05
2016-10-26,270.6,0.0002,0.05
2016-10-27,270.2,2.8e-05,0.05
2016-10-28,270.54,0.000548,0.05
2016-10-29,269.45,0.000254,0.05
2016-10-30,269.45,0.000233,0.05
2016-10-31,269.88,0.000453,0.05
2016-11-01,269.15,0.000486,0.05
2016-11-02,269.21,3.1e-05,0.05
2016-11-03,268.79,0.000556,0.05
2016-11-04,268.89,1e-06,0.05
2016-11-05,269.23,0.000117,0.05
2016-11-06,269.31,0.000138,0.05
2016-11-07,269.24,0.000112,0.05
2016-11-08,271.16,0.000243,0.05
2016-11-09,272.56,2.6e-05,0.05
2016-11-10,272.65,8e-05,0.05
2016-11-11,272.28,0.000199,0.05
2016-11-12,271.45,3.9e-05,0.05
2016-11-13,270.86,1e-06,0.05
2016-11-14,270.39,0.0,0.05
2016-11-15,268.04,1e-06,0.05
2016-11-16,267.24,3e-06,0.05
2016-11-17,268.77,3e-06,0.05
2016-11-18,270.09,0.0,0.05
2016-11-19,269.89,2.1e-05,0.05
2016-11-20,270.42,4.8e-05,0.05
2016-11-21,270.94,1e-06,0.05
2016-11-22,272.75,3e-06,0.05
2016-11-23,271.74,0.0,0.05
2016-11-24,271.46,2e-06,0.05
2016-11-25,271.7,0.0,0.05
2016-11-26,271.39,1e-06,0.05
2016-11-27,271.56,0.000252,0.05
2016-11-28,270.69,0.00027,0.05
2016-11-29,270.58,0.000135,0.05
2016-11-30,270.23,0.000485,0.05
2016-12-01,269.33,0.00042,0.05
2016-12-02,268.71,0.001449,0.05
2016-12-03,268.3,0.000331,0.05
2016-12-04,270.03,2e-06,0.05
2016-12-05,270.18,0.0,0.05
2016-12-06,270.31,5e-06,0.05
2016-12-07,271.87,7e-06,0.05
2016-12-08,271.24,2e-06,0.05
2016-12-09,271.06,1e-06,0.05
2016-12-10,272.1,-0.0,0.05
2016-12-11,271.82,0.0,0.05
2016-12-12,272.99,1e-06,0.05
2016-12-13,272.39,0.0,0.05
2016-12-14,269.31,1e-06,0.05
2016-12-15,270.51,1e-06,0.05
2016-12-16,271.18,5e-06,0.05
2016-12-17,271.68,8e-06,0.05
2016-12-18,271.14,9e-06,0.05
2016-12-19,272.69,0.0,0.05
2016-12-20,274.43,0.0,0.05
2016-12-21,274.89,3e-06,0.05
2016-12-22,272.82,6e-05,0.05
2016-12-23,270.91,0.000917,0.05
2016-12-24,269.23,0.000214,0.05
2016-12-25,265.56,0.000475,0.05
2016-12-26,263.6,0.000262,0.05
2016-12-27,267.01,2.6e-05,0.05
2016-12-28,268.19,3.1e-05,0.05
2016-12-29,267.82,0.0002,0.05
2016-12-30,265.12,0.00064,0.05
2016-12-31,263.43,0.000497,0.05
2017-01-01,262.18,0.001579,0.05
2017-01-02,261.09,0.001021,0.05
2017-01-03,261.46,0.000559,0.05
2017-01-04,262.17,0.000211,0.05
2017-01-05,260.77,5.7e-05,0.05
2017-01-06,263.03,4.8e-05,0.05
2017-01-07,262.0,0.000175,0.05
2017-01-08,261.97,9.9e-05,0.05
2017-01-09,260.67,0.000117,0.05
2017-01-10,259.61,0.000181,0.05
2017-01-11,259.46,0.000199,0.05
2017-01-12,258.87,0.000432,0.05
2017-01-13,258.55,2.7e-05,0.05
2017-01-14,262.29,3e-06,0.05
2017-01-15,263.73,7.2e-05,0.05
2017-01-16,263.65,2.2e-05,0.05
2017-01-17,262.85,0.000138,0.05
2017-01-18,262.94,1.4e-05,0.05
2017-01-19,263.75,2e-06,0.05
2017-01-20,265.47,1e-06,0.05
2017-01-21,267.8,0.0,0.05
2017-01-22,266.81,2e-06,0.05
2017-01-23,266.06,2e-06,0.05
2017-01-24,268.44,1e-06,0.05
2017-01-25,268.71,8e-06,0.05
2017-01-26,268.15,0.00189,0.05
2017-01-27,262.68,0.015367,0.05
2017-01-28,260.1,0.0,0.05
2017-01-29,263.37,5.6e-05,0.05
2017-01-30,262.91,0.000151,0.05
2017-01-31,261.56,0.000119,0.05
2017-02-01,261.44,0.00011,0.05
2017-02-02,263.56,1.9e-05,0.05
2017-02-03,267.66,1e-05,0.05
2017-02-04,269.63,3e-06,0.05
2017-02-05,268.81,0.0,0.05
2017-02-06,264.25,0.000249,0.05
2017-02-07,265.29,2.6e-05,0.05
2017-02-08,267.04,2.7e-05,0.05
2017-02-09,265.4,4e-05,0.05
2017-02-10,264.0,5e-06,0.05
2017-02-11,264.29,3e-06,0.05
2017-02-12,263.05,0.000106,0.05
2017-02-13,263.05,0.000329,0.05
2017-02-14,264.58,0.000916,0.05
2017-02-15,266.1,0.00033,0.05
2017-02-16,267.76,0.001447,0.05
2017-02-17,269.72,0.000125,0.05
2017-02-18,270.35,0.000307,0.05
2017-02-19,270.53,0.001169,0.05
2017-02-20,267.24,0.000519,0.05
2017-02-21,265.24,0.000107,0.05
2017-02-22,264.93,0.000297,0.05
2017-02-23,265.13,9.5e-05,0.05
2017-02-24,266.53,8.4e-05,0.05
2017-02-25,267.48,0.00074,0.05
2017-02-26,267.2,0.000521,0.05
2017-02-27,266.85,0.001045,0.05
2017-02-28,267.66,0.000379,0.05
2017-03-01,267.06,0.000649,0.05
2017-03-02,265.16,0.000241,0.05
2017-03-03,264.72,0.001157,0.05
2017-03-04,264.1,6.1e-05,0.05
2017-03-05,263.05,8.9e-05,0.05
2017-03-06,263.79,3.3e-05,0.05
2017-03-07,264.58,0.000277,0.05
2017-03-08,263.91,0.000824,0.05
2017-03-09,264.14,0.001907,0.05
2017-03-10,263.77,0.022338,0.05
2017-03-11,262.02,0.018884,0.05
2017-03-12,258.17,0.000231,0.05
2017-03-13,262.38,8e-06,0.05
2017-03-14,260.33,4.5e-05,0.05
2017-03-15,263.27,5e-06,0.05
2017-03-16,262.06,0.000387,0.05
2017-03-17,260.64,0.001149,0.05
2017-03-18,258.49,0.000106,0.05
2017-03-19,260.86,0.000104,0.05
2017-03-20,261.53,0.001168,0.05
2017-03-21,266.4,5e-06,0.05
2017-03-22,269.36,0.000103,0.05
2017-03-23,269.94,0.000354,0.05
2017-03-24,268.82,0.000966,0.05
2017-03-25,269.77,0.000606,0.05
2017-03-26,269.96,0.001509,0.05
2017-03-27,271.96,0.001794,0.05
2017-03-28,272.41,0.001367,0.05
2017-03-29,272.81,0.002517,0.05
2017-03-30,273.12,0.001934,0.05
2017-03-31,272.61,0.001045,0.05
2017-04-01,271.38,0.000678,0.05
2017-04-02,269.41,0.0006,0.05
2017-04-03,269.14,0.001439,0.05
2017-04-04,270.33,0.000394,0.05
2017-04-05,270.13,0.002636,0.05
2017-04-06,271.07,7.6e-05,0.05
2017-04-07,270.32,8.6e-05,0.05
2017-04-08,268.84,0.000121,0.05
2017-04-09,268.33,0.0,0.05
2017-04-10,267.46,6e-05,0.05
2017-04-11,268.42,0.001446,0.05
2017-04-12,269.22,0.000807,0.05
2017-04-13,269.69,0.004205,0.05
2017-04-14,270.21,0.005792,0.05
2017-04-15,268.93,0.006481,0.05
2017-04-16,269.51,0.001482,0.05
2017-04-17,272.37,0.002283,0.05
2017-04-18,274.7,0.000917,0.05
2017-04-19,273.42,0.00517,0.05
2017-04-20,273.16,0.008031,0.05
2017-04-21,274.19,0.004168,0.05
2017-04-22,273.87,0.003386,0.05
2017-04-23,272.71,0.005438,0.05
2017-04-24,272.92,0.002119,0.05
2017-04-25,271.53,0.000635,0.05
2017-04-26,270.84,0.001744,0.05
2017-04-27,269.69,0.000496,0.05
2017-04-28,270.0,0.003273,0.05
2017-04-29,271.13,0.001979,0.05
2017-04-30,270.97,0.002007,0.05
2017-05-01,269.97,0.002759,0.05
2017-05-02,270.98,0.000882,0.05
2017-05-03,272.18,0.001341,0.05
2017-05-04,271.14,0.002448,0.05
2017-05-05,272.07,0.002619,0.05
2017-05-06,272.27,0.001821,0.05
2017-05-07,273.68,0.002488,0.05
2017-05-08,274.03,0.001256,0.05
2017-05-09,273.24,0.007598,0.05
2017-05-10,272.91,0.006827,0.05
2017-05-11,274.01,0.006306,0.05
2017-05-12,274.43,0.005499,0.05
2017-05-13,274.61,0.00616,0.05
2017-05-14,275.08,0.004472,0.05
2017-05-15,274.6,0.008363,0.05
2017-05-16,274.51,0.007896,0.05
2017-05-17,273.42,0.005573,0.05
2017-05-18,274.05,0.000611,0.05
2017-05-19,273.81,0.001725,0.05
2017-05-20,274.25,0.002904,0.05
2017-05-21,274.28,0.001696,0.05
2017-05-22,274.86,0.001758,0.05
2017-05-23,275.26,0.000319,0.05
2017-05-24,275.05,0.000704,0.05
2017-05-25,275.65,0.002544,0.05
2017-05-26,275.1,0.011008,0.05
2017-05-27,274.2,0.010799,0.05
2017-05-28,274.37,0.009136,0.05
2017-05-29,274.36,0.008903,0.05
2017-05-30,274.78,0.005289,0.05
2017-05-31,274.78,0.006046,0.05
2017-06-01,275.64,0.002819,0.05
2017-06-02,275.3,0.000271,0.05
2017-06-03,276.7,0.002747,0.05
2017-06-04,277.57,0.001115,0.05
2017-06-05,277.32,0.008667,0.05
2017-06-06,276.32,0.004817,0.05
2017-06-07,276.3,0.004225,0.05
2017-06-08,276.34,0.004771,0.05
2017-06-09,276.85,0.006571,0.05
2017-06-10,276.67,0.003391,0.05
2017-06-11,277.09,0.002241,0.05
2017-06-12,277.53,0.001036,0.05
2017-06-13,277.57,0.000518,0.05
2017-06-14,277.41,0.006813,0.05
2017-06-15,276.97,0.004401,0.05
2017-06-16,276.9,0.010887,0.05
2017-06-17,277.11,0.002524,0.05
2017-06-18,277.95,0.003384,0.05
2017-06-19,278.19,0.00843,0.05
2017-06-20,277.86,0.004785,0.05
2017-06-21,277.9,0.010756,0.05
2017-06-22,277.26,0.021175,0.05
2017-06-23,277.88,0.003471,0.05
2017-06-24,278.05,0.010273,0.05
2017-06-25,278.6,0.007767,0.05
2017-06-26,278.74,0.012263,0.05
2017-06-27,279.15,0.014782,0.05
2017-06-28,278.47,0.010948,0.05
2017-06-29,278.87,0.011073,0.05
2017-06-30,278.9,0.006311,0.05
2017-07-01,279.08,0.023013,0.05
2017-07-02,278.68,0.019121,0.05
2017-07-03,278.93,0.018991,0.05
2017-07-04,278.56,0.032076,0.05
2017-07-05,278.56,0.022329,0.05
2017-07-06,278.89,0.010403,0.05
2017-07-07,279.05,0.008699,0.05
2017-07-08,279.46,0.02654,0.05
2017-07-09,277.43,0.063601,0.05
2017-07-10,276.77,0.049072,0.05
2017-07-11,276.64,0.014384,0.05
2017-07-12,276.84,0.007653,0.05
2017-07-13,277.51,0.0068,0.05
2017-07-14,277.97,0.014137,0.05
2017-07-15,277.81,0.019303,0.05
2017-07-16,277.96,0.012992,0.05
2017-07-17,278.27,0.01352,0.05
2017-07-18,278.49,0.012136,0.05
2017-07-19,278.62,0.007963,0.05
2017-07-20,278.81,0.008804,0.05
2017-07-21,278.53,0.00877,0.05
2017-07-22,278.1,0.010977,0.05
2017-07-23,278.17,0.010219,0.05
2017-07-24,278.41,0.009462,0.05
2017-07-25,278.58,0.011266,0.05
2017-07-26,278.18,0.010123,0.05
2017-07-27,278.23,0.007461,0.05
2017-07-28,278.69,0.011532,0.05
2017-07-29,278.31,0.01852,0.05
2017-07-30,277.62,0.012944,0.05
2017-07-31,278.5,0.008516,0.05
2017-08-01,279.43,0.011398,0.05
2017-08-02,279.31,0.009744,0.05
2017-08-03,279.34,0.016232,0.05
2017-08-04,279.4,0.011292,0.05
2017-08-05,279.56,0.010184,0.05
2017-08-06,279.69,0.007724,0.05
2017-08-07,279.83,0.013271,0.05
2017-08-08,279.51,0.023554,0.05
2017-08-09,278.48,0.03263,0.05
2017-08-10,278.96,0.01162,0.05
2017-08-11,279.66,0.044192,0.05
2017-08-12,277.01,0.068306,0.05
2017-08-13,277.11,0.016502,0.05
2017-08-14,277.49,0.009991,0.05
2017-08-15,278.23,0.004256,0.05
2017-08-16,278.23,0.023239,0.05
2017-08-17,278.26,0.019408,0.05
2017-08-18,277.94,0.033857,0.05
2017-08-19,277.63,0.022778,0.05
2017-08-20,277.64,0.015311,0.05
2017-08-21,277.47,0.012616,0.05
2017-08-22,277.44,0.014434,0.05
2017-08-23,277.68,0.011944,0.05
2017-08-24,277.09,0.006963,0.05
2017-08-25,277.28,0.006661,0.05
2017-08-26,277.55,0.007123,0.05
2017-08-27,277.5,0.008701,0.05
2017-08-28,277.94,0.007034,0.05
2017-08-29,277.8,0.00809,0.05
2017-08-30,278.3,0.005487,0.05
2017-08-31,278.33,0.008777,0.05
2017-09-01,278.26,0.010321,0.05
2017-09-02,277.6,0.014731,0.05
2017-09-03,277.29,0.005697,0.05
2017-09-04,277.37,0.001052,0.05
2017-09-05,277.62,0.002945,0.05
2017-09-06,277.3,0.004888,0.05
2017-09-07,277.05,0.003104,0.05
2017-09-08,277.53,0.00061,0.05
2017-09-09,278.05,0.001213,0.05
2017-09-10,277.67,0.0033,0.05
2017-09-11,277.39,0.002497,0.05
2017-09-12,277.3,0.001546,0.05
2017-09-13,277.56,0.001725,0.05
2017-09-14,277.62,0.002451,0.05
2017-09-15,277.43,0.003674,0.05
2017-09-16,277.62,0.005435,0.05
2017-09-17,277.69,0.00671,0.05
2017-09-18,277.34,0.007005,0.05
2017-09-19,277.47,0.007813,0.05
2017-09-20,277.68,0.016336,0.05
2017-09-21,276.34,0.009297,0.05
2017-09-22,276.61,0.004905,0.05
2017-09-23,277.33,0.000581,0.05
2017-09-24,277.66,0.000436,0.05
2017-09-25,276.94,0.000357,0.05
2017-09-26,277.02,0.000466,0.05
2017-09-27,277.04,0.002562,0.05
2017-09-28,276.47,0.006931,0.05
2017-09-29,276.29,0.004559,0.05
2017-09-30,276.81,0.003163,0.05
2017-10-01,276.62,0.002969,0.05
2017-10-02,275.72,0.002615,0.05
2017-10-03,276.19,0.000686,0.05
2017-10-04,276.56,0.002556,0.05
2017-10-05,276.4,0.003183,0.05
2017-10-06,276.03,0.005303,0.05
2017-10-07,276.09,0.000943,0.05
2017-10-08,275.25,0.000941,0.05
2017-10-09,274.84,0.000626,0.05
2017-10-10,275.66,0.009271,0.05
2017-10-11,274.96,0.005464,0.05
2017-10-12,275.18,0.000321,0.05
2017-10-13,274.85,0.00017,0.05
2017-10-14,273.87,0.000144,0.05
2017-10-15,273.81,0.000112,0.05
2017-10-16,273.19,0.00157,0.05
2017-10-17,274.33,0.001672,0.05
2017-10-18,275.08,0.000945,0.05
2017-10-19,275.22,0.000928,0.05
2017-10-20,274.33,0.00172,0.05
2017-10-21,274.22,0.000588,0.05
2017-10-22,274.44,0.000505,0.05
2017-10-23,271.33,0.000694,0.05
2017-10-24,270.24,0.000178,0.05
2017-10-25,270.35,0.001223,0.05
2017-10-26,271.41,0.000791,0.05
2017-10-27,270.91,0.001741,0.05
2017-10-28,268.34,0.002544,0.05
2017-10-29,267.0,0.005616,0.05
2017-10-30,267.17,0.002954,0.05
2017-10-31,268.18,0.00076,0.05
2017-11-01,268.64,0.000434,0.05
2017-11-02,268.84,0.001391,0.05
2017-11-03,268.16,0.000394,0.05
2017-11-04,267.8,0.00097,0.05
2017-11-05,269.29,0.000659,0.05
2017-11-06,270.1,0.00032,0.05
2017-11-07,269.53,0.000383,0.05
2017-11-08,268.51,0.000791,0.05
2017-11-09,267.76,0.000637,0.05
2017-11-10,268.49,8.7e-05,0.05
2017-11-11,269.09,0.000199,0.05
2017-11-12,269.98,2e-05,0.05
2017-11-13,271.27,1e-05,0.05
2017-11-14,271.38,0.0,0.05
2017-11-15,270.83,2.3e-05,0.05
2017-11-16,270.01,0.001073,0.05
2017-11-17,270.08,6e-05,0.05
2017-11-18,269.62,0.000168,0.05
2017-11-19,269.13,0.000123,0.05
2017-11-20,268.45,2e-06,0.05
2017-11-21,269.55,1.8e-05,0.05
2017-11-22,266.95,6.4e-05,0.05
2017-11-23,267.07,2.4e-05,0.05
2017-11-24,267.28,9e-06,0.05
2017-11-25,268.3,0.000277,0.05
2017-11-26,267.44,0.000614,0.05
2017-11-27,265.9,0.002041,0.05
2017-11-28,266.38,0.000385,0.05
2017-11-29,266.01,0.000264,0.05
2017-11-30,266.44,0.000118,0.05
2017-12-01,268.07,1.7e-05,0.05
2017-12-02,269.83,8e-06,0.05
2017-12-03,272.78,2e-06,0.05
2017-12-04,273.87,0.0,0.05
2017-12-05,273.1,5.3e-05,0.05
2017-12-06,272.99,0.0003,0.05
2017-12-07,272.74,2e-06,0.05
2017-12-08,272.09,0.000184,0.05
2017-12-09,270.92,0.0,0.05
2017-12-10,270.65,5.3e-05,0.05
2017-12-11,270.84,0.000356,0.05
2017-12-12,267.88,0.000269,0.05
2017-12-13,267.99,4e-06,0.05
2017-12-14,267.01,8e-06,0.05
2017-12-15,268.09,0.0,0.05
2017-12-16,268.12,1e-06,0.05
2017-12-17,268.74,2e-06,0.05
2017-12-18,270.34,0.0,0.05
2017-12-19,272.07,0.0,0.05
2017-12-20,271.1,3.5e-05,0.05
2017-12-21,269.99,1.2e-05,0.05
2017-12-22,269.57,4.1e-05,0.05
2017-12-23,269.96,1.3e-05,0.05
2017-12-24,267.12,3e-05,0.05
2017-12-25,263.47,0.001646,0.05
2017-12-26,265.21,0.000236,0.05
2017-12-27,268.32,2e-06,0.05
2017-12-28,268.61,1e-06,0.05
2017-12-29,266.94,1e-06,0.05
2017-12-30,265.18,1e-06,0.05
2017-12-31,263.97,0.000202,0.05
2018-01-01,262.51,0.0006,0.05
2018-01-02,260.03,0.000361,0.05
2018-01-03,261.59,1e-06,0.05
2018-01-04,263.68,5e-06,0.05
2018-01-05,260.75,0.000115,0.05
2018-01-06,262.07,7e-05,0.05
2018-01-07,265.08,0.0001,0.05
2018-01-08,269.61,6e-06,0.05
2018-01-09,271.83,0.0,0.05
2018-01-10,274.1,1e-06,0.05
2018-01-11,275.01,0.0,0.05
2018-01-12,273.1,5e-06,0.05
2018-01-13,269.19,4.4e-05,0.05
2018-01-14,268.8,0.000106,0.05
2018-01-15,267.32,7.6e-05,0.05
2018-01-16,269.35,0.0,0.05
2018-01-17,269.67,0.0,0.05
2018-01-18,270.03,2e-06,0.05
2018-01-19,270.53,1e-06,0.05
2018-01-20,269.44,5e-06,0.05
2018-01-21,269.48,1.4e-05,0.05
2018-01-22,271.89,0.0,0.05
2018-01-23,268.22,7.7e-05,0.05
2018-01-24,259.5,0.00964,0.05
2018-01-25,260.29,1.4e-05,0.05
2018-01-26,259.4,4.9e-05,0.05
2018-01-27,261.34,0.000177,0.05
2018-01-28,266.46,3.5e-05,0.05
2018-01-29,269.1,0.0,0.05
2018-01-30,270.09,1e-06,0.05
2018-01-31,271.29,1e-06,0.05
2018-02-01,269.6,5.4e-05,0.05
2018-02-02,267.71,4e-05,0.05
2018-02-03,266.57,8.8e-05,0.05
2018-02-04,267.42,2.6e-05,0.05
2018-02-05,269.06,0.000574,0.05
2018-02-06,267.76,0.001239,0.05
2018-02-07,266.09,0.000487,0.05
2018-02-08,264.37,0.000353,0.05
2018-02-09,261.8,0.000703,0.05
2018-02-10,262.82,0.0,0.05
2018-02-11,263.65,0.000129,0.05
2018-02-12,264.13,0.002838,0.05
2018-02-13,262.67,0.004456,0.05
2018-02-14,261.63,0.000246,0.05
2018-02-15,265.5,2e-06,0.05
2018-02-16,265.31,0.000368,0.05
2018-02-17,264.64,0.000296,0.05
2018-02-18,264.81,9.3e-05,0.05
2018-02-19,265.21,0.000563,0.05
2018-02-20,265.03,0.001295,0.05
2018-02-21,264.38,0.002337,0.05
2018-02-22,263.28,0.001239,0.05
2018-02-23,264.22,0.000341,0.05
2018-02-24,265.63,0.001199,0.05
2018-02-25,264.66,0.000803,0.05
2018-02-26,265.47,0.001097,0.05
2018-02-27,268.83,3e-06,0.05
2018-02-28,268.14,6.8e-05,0.05
2018-03-01,267.42,0.000437,0.05
2018-03-02,265.76,0.000549,0.05
2018-03-03,267.06,0.000321,0.05
2018-03-04,266.26,0.000148,0.05
2018-03-05,264.51,0.000989,0.05
2018-03-06,263.27,0.000196,0.05
2018-03-07,265.19,0.000249,0.05
2018-03-08,264.95,0.00042,0.05
2018-03-09,264.25,0.000696,0.05
2018-03-10,264.91,0.000686,0.05
2018-03-11,265.07,0.00518,0.05
2018-03-12,264.51,0.002889,0.05
2018-03-13,267.07,0.000867,0.05
2018-03-14,268.17,0.001198,0.05
2018-03-15,267.29,0.002556,0.05
2018-03-16,266.07,0.000197,0.05
2018-03-17,264.31,0.000856,0.05
2018-03-18,266.29,0.000319,0.05
2018-03-19,268.43,0.000487,0.05
2018-03-20,268.56,0.000976,0.05
2018-03-21,269.04,0.001259,0.05
2018-03-22,267.37,0.001075,0.05
2018-03-23,267.11,0.00097,0.05
2018-03-24,268.76,0.001424,0.05
2018-03-25,268.45,0.000677,0.05
2018-03-26,267.61,0.002146,0.05
2018-03-27,270.05,0.001234,0.05
2018-03-28,269.47,0.001885,0.05
2018-03-29,268.57,0.004049,0.05
2018-03-30,266.31,0.001934,0.05
2018-03-31,266.9,0.006594,0.05
2018-04-01,267.96,0.003605,0.05
2018-04-02,269.12,0.005023,0.05
2018-04-03,269.69,0.003568,0.05
2018-04-04,269.64,0.007696,0.05
2018-04-05,269.74,0.002973,0.05
2018-04-06,270.43,0.004192,0.05
2018-04-07,270.84,0.007869,0.05
2018-04-08,269.25,0.003161,0.05
2018-04-09,270.07,0.002261,0.05
2018-04-10,270.8,0.002532,0.05
2018-04-11,270.61,0.003415,0.05
2018-04-12,269.78,0.003276,0.05
2018-04-13,268.64,9.6e-05,0.05
2018-04-14,270.28,0.002712,0.05
2018-04-15,270.02,0.005357,0.05
2018-04-16,270.96,0.003665,0.05
2018-04-17,271.07,0.005735,0.05
2018-04-18,270.3,0.001472,0.05
2018-04-19,271.15,0.003359,0.05
2018-04-20,271.07,0.001118,0.05
2018-04-21,270.94,3.6e-05,0.05
2018-04-22,270.91,5.1e-05,0.05
2018-04-23,270.39,0.001537,0.05
2018-04-24,269.98,0.00065,0.05
2018-04-25,270.68,0.011775,0.05
2018-04-26,270.54,0.005156,0.05
2018-04-27,270.13,0.006057,0.05
2018-04-28,270.34,0.00534,0.05
2018-04-29,270.92,0.007626,0.05
2018-04-30,270.67,0.006788,0.05
2018-05-01,270.64,0.005045,0.05
2018-05-02,271.49,0.00465,0.05
2018-05-03,271.33,0.006945,0.05
2018-05-04,270.33,0.005328,0.05
2018-05-05,271.8,0.002508,0.05
2018-05-06,272.5,0.003497,0.05
2018-05-07,272.54,0.001579,0.05
2018-05-08,272.42,0.000474,0.05
2018-05-09,270.35,0.002006,0.05
2018-05-10,269.82,0.003121,0.05
2018-05-11,272.1,0.003309,0.05
2018-05-12,273.37,0.007316,0.05
2018-05-13,273.79,0.002056,0.05
2018-05-14,272.73,0.006092,0.05
2018-05-15,271.95,0.00357,0.05
2018-05-16,273.87,0.00234,0.05
2018-05-17,274.06,0.007152,0.05
2018-05-18,274.42,0.005829,0.05
2018-05-19,274.46,0.005632,0.05
2018-05-20,275.78,0.003769,0.05
2018-05-21,277.51,0.004249,0.05
2018-05-22,276.06,0.013592,0.05
2018-05-23,276.56,0.002632,0.05
2018-05-24,276.09,0.005152,0.05
2018-05-25,276.63,0.000796,0.05
2018-05-26,276.06,0.000739,0.05
2018-05-27,275.01,0.000339,0.05
2018-05-28,273.36,0.002307,0.05
2018-05-29,273.9,0.002416,0.05
2018-05-30,274.58,0.005817,0.05
2018-05-31,275.59,0.003012,0.05
2018-06-01,275.43,0.010491,0.05
2018-06-02,274.94,0.006143,0.05
2018-06-03,275.95,0.009883,0.05
2018-06-04,276.42,0.009986,0.05
2018-06-05,276.75,0.011424,0.05
2018-06-06,277.57,0.010876,0.05
2018-06-07,277.99,0.010503,0.05
2018-06-08,277.7,0.012129,0.05
2018-06-09,277.54,0.008985,0.05
2018-06-10,277.86,0.012682,0.05
2018-06-11,278.59,0.007267,0.05
2018-06-12,278.43,0.008359,0.05
2018-06-13,277.65,0.00311,0.05
2018-06-14,277.46,0.009258,0.05
2018-06-15,277.42,0.009554,0.05
2018-06-16,277.21,0.007974,0.05
2018-06-17,277.25,0.004208,0.05
2018-06-18,277.43,0.001261,0.05
2018-06-19,277.68,0.000373,0.05
2018-06-20,278.17,0.000915,0.05
2018-06-21,278.48,0.000884,0.05
2018-06-22,278.72,0.000781,0.05
2018-06-23,278.91,0.003078,0.05
2018-06-24,278.66,0.003601,0.05
2018-06-25,277.75,0.014057,0.05
2018-06-26,278.08,0.008969,0.05
2018-06-27,278.72,0.011182,0.05
2018-06-28,278.72,0.020961,0.05
2018-06-29,277.67,0.019824,0.05
2018-06-30,278.43,0.008669,0.05
2018-07-01,278.18,0.011766,0.05
2018-07-02,277.55,0.032953,0.05
2018-07-03,277.22,0.045993,0.05
2018-07-04,277.88,0.003618,0.05
2018-07-05,278.21,0.004424,0.05
2018-07-06,279.22,0.005112,0.05
2018-07-07,279.54,0.028552,0.05
2018-07-08,279.28,0.020054,0.05
2018-07-09,279.08,0.024026,0.05
2018-07-10,278.6,0.021651,0.05
2018-07-11,278.75,0.022571,0.05
2018-07-12,278.65,0.02466,0.05
2018-07-13,278.6,0.022393,0.05
2018-07-14,279.12,0.018169,0.05
2018-07-15,279.05,0.028984,0.05
2018-07-16,279.07,0.017582,0.05
2018-07-17,279.37,0.00529,0.05
2018-07-18,279.13,0.0082,0.05
2018-07-19,279.32,0.010587,0.05
2018-07-20,279.4,0.016085,0.05
2018-07-21,278.69,0.01331,0.05
2018-07-22,279.36,0.011395,0.05
2018-07-23,279.18,0.014789,0.05
2018-07-24,279.05,0.013372,0.05
2018-07-25,278.92,0.017695,0.05
2018-07-26,278.8,0.0113,0.05
2018-07-27,278.65,0.014688,0.05
2018-07-28,278.68,0.008345,0.05
2018-07-29,278.7,0.009784,0.05
2018-07-30,278.5,0.012596,0.05
2018-07-31,278.2,0.01815,0.05
2018-08-01,277.44,0.043236,0.05
2018-08-02,277.42,0.014767,0.05
2018-08-03,277.74,0.014258,0.05
2018-08-04,278.33,0.013377,0.05
2018-08-05,277.88,0.030997,0.05
2018-08-06,277.84,0.010604,0.05
2018-08-07,277.79,0.006972,0.05
2018-08-08,278.56,0.009288,0.05
2018-08-09,278.53,0.01743,0.05
2018-08-10,278.49,0.01497,0.05
2018-08-11,278.66,0.022623,0.05
2018-08-12,278.32,0.01708,0.05
2018-08-13,278.23,0.023208,0.05
2018-08-14,278.74,0.009441,0.05
2018-08-15,278.72,0.012029,0.05
2018-08-16,278.91,0.012636,0.05
2018-08-17,279.1,0.020621,0.05
2018-08-18,278.87,0.014014,0.05
2018-08-19,279.05,0.014297,0.05
2018-08-20,278.92,0.013799,0.05
2018-08-21,278.98,0.010486,0.05
2018-08-22,278.94,0.010176,0.05
2018-08-23,278.89,0.016297,0.05
2018-08-24,278.0,0.059055,0.05
2018-08-25,277.75,0.013024,0.05
2018-08-26,278.49,0.0232,0.05
2018-08-27,277.57,0.044239,0.05
2018-08-28,277.17,0.032585,0.05
2018-08-29,277.82,0.022738,0.05
2018-08-30,277.92,0.035407,0.05
2018-08-31,277.3,0.014468,0.05
2018-09-01,277.87,0.007865,0.05
2018-09-02,277.71,0.01099,0.05
2018-09-03,278.0,0.008045,0.05
2018-09-04,277.71,0.007325,0.05
2018-09-05,277.89,0.006802,0.05
2018-09-06,278.22,0.006509,0.05
2018-09-07,277.38,0.005323,0.05
2018-09-08,277.96,0.003643,0.05
2018-09-09,278.43,0.005142,0.05
2018-09-10,278.04,0.00764,0.05
2018-09-11,277.47,0.008352,0.05
2018-09-12,276.7,0.003075,0.05
2018-09-13,276.65,0.000603,0.05
2018-09-14,276.5,0.001937,0.05
2018-09-15,276.5,0.003503,0.05
2018-09-16,275.91,0.005842,0.05
2018-09-17,275.98,0.000905,0.05
2018-09-18,276.19,0.000538,0.05
2018-09-19,276.23,0.001947,0.05
2018-09-20,276.59,0.007102,0.05
2018-09-21,276.17,0.007895,0.05
2018-09-22,275.93,0.005257,0.05
2018-09-23,276.48,0.001736,0.05
2018-09-24,276.77,0.000586,0.05
2018-09-25,277.15,0.000293,0.05
2018-09-26,276.23,0.00097,0.05
2018-09-27,276.11,0.001126,0.05
2018-09-28,275.74,0.000741,0.05
2018-09-29,275.76,0.000981,0.05
2018-09-30,275.82,0.001241,0.05
2018-10-01,275.42,0.000162,0.05
2018-10-02,274.83,0.000531,0.05
2018-10-03,273.76,0.00035,0.05
2018-10-04,272.64,0.000848,0.05
2018-10-05,272.13,0.000621,0.05
2018-10-06,271.19,0.001161,0.05
2018-10-07,270.32,0.000632,0.05
2018-10-08,270.29,0.000797,0.05
2018-10-09,272.2,0.000692,0.05
2018-10-10,272.63,0.001227,0.05
2018-10-11,273.05,0.002186,0.05
2018-10-12,271.87,0.00116,0.05
2018-10-13,271.89,0.000199,0.05
2018-10-14,271.75,0.000197,0.05
2018-10-15,271.66,0.000121,0.05
2018-10-16,273.15,0.00024,0.05
2018-10-17,272.15,0.000254,0.05
2018-10-18,270.77,2.6e-05,0.05
2018-10-19,270.7,0.000133,0.05
2018-10-20,270.43,0.000181,0.05
2018-10-21,269.97,0.000236,0.05
2018-10-22,268.7,8.5e-05,0.05
2018-10-23,267.94,0.000444,0.05
2018-10-24,267.8,0.0005,0.05
2018-10-25,267.49,0.001211,0.05
2018-10-26,268.12,0.000689,0.05
2018-10-27,268.29,0.000703,0.05
2018-10-28,267.98,0.0005,0.05
2018-10-29,268.88,0.001938,0.05
2018-10-30,269.45,0.001358,0.05
2018-10-31,269.81,0.000124,0.05
2018-11-01,269.91,9e-05,0.05
2018-11-02,269.76,0.000167,0.05
2018-11-03,269.05,0.000298,0.05
2018-11-04,268.15,4.5e-05,0.05
2018-11-05,268.32,6e-06,0.05
2018-11-06,268.33,2e-06,0.05
2018-11-07,269.18,0.000292,0.05
2018-11-08,268.54,0.000312,0.05
2018-11-09,268.34,0.000584,0.05
2018-11-10,267.06,0.00206,0.05
2018-11-11,268.43,0.000203,0.05
2018-11-12,269.11,0.000316,0.05
2018-11-13,267.3,0.000925,0.05
2018-11-14,266.43,0.000199,0.05
2018-11-15,266.73,5.3e-05,0.05
2018-11-16,268.33,6.1e-05,0.05
2018-11-17,267.95,8.7e-05,0.05
2018-11-18,268.7,0.000426,0.05
2018-11-19,268.82,0.000172,0.05
2018-11-20,267.91,0.000334,0.05
2018-11-21,269.07,0.0,0.05
2018-11-22,271.79,6.2e-05,0.05
2018-11-23,270.5,0.00018,0.05
2018-11-24,270.91,9.7e-05,0.05
2018-11-25,270.84,1e-06,0.05
2018-11-26,270.36,0.000477,0.05
2018-11-27,271.3,0.0,0.05
2018-11-28,271.97,3e-06,0.05
2018-11-29,270.13,9.1e-05,0.05
2018-11-30,268.68,4.6e-05,0.05
2018-12-01,267.29,0.000377,0.05
2018-12-02,267.21,0.000288,0.05
2018-12-03,268.39,9.8e-05,0.05
2018-12-04,269.92,3.6e-05,0.05
2018-12-05,267.43,0.000112,0.05
2018-12-06,265.08,0.000146,0.05
2018-12-07,263.9,0.000342,0.05
2018-12-08,265.11,0.000221,0.05
2018-12-09,264.48,0.0003,0.05
2018-12-10,263.15,0.000349,0.05
2018-12-11,261.4,0.000442,0.05
2018-12-12,262.29,0.000226,0.05
2018-12-13,261.78,0.001216,0.05
2018-12-14,261.75,0.001154,0.05
2018-12-15,263.78,1e-06,0.05
2018-12-16,266.81,1e-06,0.05
2018-12-17,267.69,0.005993,0.05
2018-12-18,264.83,0.003584,0.05
2018-12-19,267.09,1e-06,0.05
2018-12-20,266.83,1e-06,0.05
2018-12-21,264.5,1.3e-05,0.05
2018-12-22,265.86,7e-06,0.05
2018-12-23,267.99,1e-06,0.05
2018-12-24,266.76,4e-06,0.05
2018-12-25,265.26,4e-06,0.05
2018-12-26,265.5,5.2e-05,0.05
2018-12-27,260.01,0.000772,0.05
2018-12-28,257.73,0.000656,0.05
2018-12-29,260.67,2e-06,0.05
2018-12-30,262.57,1.5e-05,0.05
2018-12-31,262.68,3.3e-05,0.05
2019-01-01,263.81,1.7e-05,0.05
2019-01-02,260.18,0.000368,0.05
2019-01-03,258.3,0.000284,0.05
2019-01-04,263.49,3.8e-05,0.05
2019-01-05,262.7,3.9e-05,0.05
2019-01-06,261.0,0.000685,0.05
2019-01-07,258.28,0.010392,0.05
2019-01-08,257.97,0.000401,0.05
2019-01-09,256.76,0.000771,0.05
2019-01-10,260.14,3.4e-05,0.05
2019-01-11,260.27,4.1e-05,0.05
2019-01-12,260.83,4e-06,0.05
2019-01-13,259.49,7.5e-05,0.05
2019-01-14,257.82,7e-06,0.05
2019-01-15,261.04,0.0,0.05
2019-01-16,263.98,2.3e-05,0.05
2019-01-17,260.81,0.000691,0.05
2019-01-18,258.85,3e-06,0.05
2019-01-19,260.46,0.000505,0.05
2019-01-20,262.42,3e-06,0.05
2019-01-21,262.34,7e-06,0.05
2019-01-22,261.92,0.008563,0.05
2019-01-23,260.8,0.019877,0.05
2019-01-24,258.38,0.000124,0.05
2019-01-25,259.65,0.006885,0.05
2019-01-26,259.61,0.001582,0.05
2019-01-27,257.03,0.00019,0.05
2019-01-28,255.36,0.000341,0.05
2019-01-29,255.48,1.1e-05,0.05
2019-01-30,261.83,2e-06,0.05
2019-01-31,262.64,0.002796,0.05
2019-02-01,261.03,0.004322,0.05
2019-02-02,259.5,1e-06,0.05
2019-02-03,260.17,0.0,0.05
2019-02-04,262.41,2e-06,0.05
2019-02-05,263.87,0.0,0.05
2019-02-06,262.2,0.00018,0.05
2019-02-07,263.11,0.033968,0.05
2019-02-08,262.44,0.008877,0.05
2019-02-09,258.96,0.005541,0.05
2019-02-10,262.32,8e-05,0.05
2019-02-11,260.54,0.000406,0.05
2019-02-12,262.31,8e-06,0.05
2019-02-13,264.33,1.3e-05,0.05
2019-02-14,263.87,0.002004,0.05
2019-02-15,262.0,0.000947,0.05
2019-02-16,258.92,0.000331,0.05
2019-02-17,260.18,5.9e-05,0.05
2019-02-18,260.7,0.000473,0.05
2019-02-19,259.57,0.000354,0.05
2019-02-20,263.45,4.5e-05,0.05
2019-02-21,263.83,0.000107,0.05
2019-02-22,263.45,0.000395,0.05
2019-02-23,263.59,3.2e-05,0.05
2019-02-24,262.34,0.00343,0.05
2019-02-25,259.12,0.002293,0.05
2019-02-26,257.92,0.001791,0.05
2019-02-27,259.68,0.020314,0.05
2019-02-28,255.39,0.001095,0.05
2019-03-01,258.29,3e-06,0.05
2019-03-02,262.98,6e-05,0.05
2019-03-03,261.3,0.00184,0.05
2019-03-04,259.85,0.000146,0.05
2019-03-05,258.87,0.000477,0.05
2019-03-06,260.14,5.3e-05,0.05
2019-03-07,261.52,4.2e-05,0.05
2019-03-08,259.76,0.000386,0.05
2019-03-09,262.41,0.000832,0.05
2019-03-10,263.57,0.000597,0.05
2019-03-11,263.75,0.000172,0.05
2019-03-12,264.58,1e-06,0.05
2019-03-13,267.15,0.00011,0.05
2019-03-14,266.5,0.001194,0.05
2019-03-15,264.02,7.1e-05,0.05
2019-03-16,264.66,2e-06,0.05
2019-03-17,266.06,0.000638,0.05
2019-03-18,263.34,0.00098,0.05
2019-03-19,264.06,0.001705,0.05
2019-03-20,262.95,0.000315,0.05
2019-03-21,263.74,1.5e-05,0.05
2019-03-22,264.06,3.1e-05,0.05
2019-03-23,265.35,1.4e-05,0.05
2019-03-24,266.16,2.7e-05,0.05
2019-03-25,266.85,0.00073,0.05
2019-03-26,264.31,0.003236,0.05
2019-03-27,266.05,0.00024,0.05
2019-03-28,268.56,7.2e-05,0.05
2019-03-29,269.97,0.000362,0.05
2019-03-30,268.13,0.00101,0.05
2019-03-31,267.48,0.000563,0.05
2019-04-01,266.17,0.000258,0.05
2019-04-02,266.37,0.001509,0.05
2019-04-03,268.61,0.001316,0.05
2019-04-04,269.63,0.002156,0.05
2019-04-05,269.73,0.002864,0.05
2019-04-06,269.42,0.005242,0.05
2019-04-07,267.75,0.00336,0.05
2019-04-08,268.68,0.001862,0.05
2019-04-09,268.54,0.00397,0.05
2019-04-10,270.44,0.000599,0.05
2019-04-11,270.55,0.000329,0.05
2019-04-12,271.38,0.000762,0.05
2019-04-13,271.03,0.001409,0.05
2019-04-14,270.38,0.003783,0.05
2019-04-15,271.52,0.001528,0.05
2019-04-16,272.52,0.006304,0.05
2019-04-17,270.45,0.005671,0.05
2019-04-18,268.37,0.001071,0.05
2019-04-19,267.91,0.003253,0.05
2019-04-20,268.28,0.000822,0.05
2019-04-21,269.21,0.004389,0.05
2019-04-22,269.95,0.005761,0.05
2019-04-23,270.71,0.003979,0.05
2019-04-24,271.81,0.002378,0.05
2019-04-25,272.46,0.002371,0.05
2019-04-26,273.59,0.003345,0.05
2019-04-27,273.27,0.003436,0.05
2019-04-28,274.08,0.00113,0.05
2019-04-29,273.79,0.001394,0.05
2019-04-30,272.88,0.001092,0.05
2019-05-01,272.98,8e-06,0.05
2019-05-02,272.86,0.000161,0.05
2019-05-03,273.99,0.001863,0.05
2019-05-04,274.05,0.004091,0.05
2019-05-05,272.33,0.000184,0.05
2019-05-06,272.25,0.000352,0.05
2019-05-07,273.21,0.000464,0.05
2019-05-08,273.57,0.001013,0.05
2019-05-09,273.46,0.000906,0.05
2019-05-10,273.82,0.000307,0.05
2019-05-11,273.1,0.000462,0.05
2019-05-12,272.05,0.001656,0.05
2019-05-13,271.82,0.004295,0.05
2019-05-14,272.29,0.003452,0.05
2019-05-15,272.9,0.004224,0.05
2019-05-16,273.14,0.001829,0.05
2019-05-17,273.46,0.001687,0.05
2019-05-18,273.06,0.001551,0.05
2019-05-19,272.81,0.00191,0.05
2019-05-20,273.72,0.002391,0.05
2019-05-21,274.36,0.002168,0.05
2019-05-22,274.5,0.001782,0.05
2019-05-23,274.55,0.002568,0.05
2019-05-24,275.69,0.001202,0.05
2019-05-25,274.93,0.001002,0.05
2019-05-26,274.39,0.001516,0.05
2019-05-27,274.68,0.001727,0.05
2019-05-28,274.8,0.001463,0.05
2019-05-29,274.42,0.002463,0.05
2019-05-30,274.71,0.006801,0.05
2019-05-31,275.42,0.009305,0.05
2019-06-01,275.04,0.006927,0.05
2019-06-02,274.39,0.010078,0.05
2019-06-03,274.69,0.008251,0.05
2019-06-04,276.52,0.003645,0.05
2019-06-05,277.57,0.00299,0.05
2019-06-06,277.59,0.003793,0.05
2019-06-07,276.86,0.008621,0.05
2019-06-08,276.54,0.000866,0.05
2019-06-09,276.0,0.00092,0.05
2019-06-10,276.47,0.001602,0.05
2019-06-11,277.27,0.005715,0.05
2019-06-12,277.6,0.00616,0.05
2019-06-13,278.01,0.004732,0.05
2019-06-14,278.38,0.00228,0.05
2019-06-15,278.33,0.000643,0.05
2019-06-16,278.17,0.001221,0.05
2019-06-17,277.39,0.000758,0.05
2019-06-18,276.89,0.001105,0.05
2019-06-19,277.84,0.00325,0.05
2019-06-20,278.25,0.000889,0.05
2019-06-21,278.34,0.003278,0.05
2019-06-22,277.97,0.008219,0.05
2019-06-23,277.92,0.004829,0.05
2019-06-24,278.87,0.001177,0.05
2019-06-25,279.44,0.002693,0.05
2019-06-26,279.11,0.001434,0.05
2019-06-27,278.94,0.004795,0.05
2019-06-28,278.69,0.003585,0.05
2019-06-29,278.77,0.003099,0.05
2019-06-30,278.28,0.014849,0.05
2019-07-01,278.83,0.010129,0.05
2019-07-02,279.47,0.007251,0.05
2019-07-03,279.9,0.009157,0.05
2019-07-04,279.63,0.018931,0.05
2019-07-05,279.13,0.011796,0.05
2019-07-06,278.81,0.008054,0.05
2019-07-07,278.9,0.01551,0.05
2019-07-08,279.25,0.017623,0.05
2019-07-09,278.19,0.030005,0.05
2019-07-10,278.63,0.031076,0.05
2019-07-11,278.23,0.038466,0.05
2019-07-12,276.92,0.092993,0.05
2019-07-13,277.01,0.046,0.05
2019-07-14,276.88,0.016754,0.05
2019-07-15,276.56,0.007281,0.05
2019-07-16,276.73,0.006073,0.05
2019-07-17,277.03,0.004103,0.05
2019-07-18,277.5,0.00256,0.05
2019-07-19,277.66,0.004565,0.05
2019-07-20,277.96,0.005285,0.05
2019-07-21,278.38,0.003904,0.05
2019-07-22,278.94,0.005174,0.05
2019-07-23,278.81,0.019814,0.05
2019-07-24,278.37,0.037355,0.05
2019-07-25,278.21,0.015185,0.05
2019-07-26,278.62,0.011946,0.05
2019-07-27,278.75,0.013388,0.05
2019-07-28,279.24,0.009569,0.05
2019-07-29,279.09,0.011892,0.05
2019-07-30,279.03,0.009148,0.05
2019-07-31,278.91,0.010774,0.05
2019-08-01,278.57,0.013878,0.05
2019-08-02,278.5,0.022115,0.05
2019-08-03,278.86,0.018223,0.05
2019-08-04,279.39,0.010958,0.05
2019-08-05,278.71,0.024125,0.05
2019-08-06,278.71,0.011521,0.05
2019-08-07,279.11,0.006124,0.05
2019-08-08,279.33,0.010807,0.05
2019-08-09,278.78,0.008536,0.05
2019-08-10,279.49,0.007339,0.05
2019-08-11,278.73,0.010464,0.05
2019-08-12,279.06,0.011002,0.05
2019-08-13,278.94,0.009557,0.05
2019-08-14,279.21,0.009658,0.05
2019-08-15,278.79,0.009148,0.05
2019-08-16,278.86,0.008588,0.05
2019-08-17,278.54,0.01583,0.05
2019-08-18,278.38,0.006937,0.05
2019-08-19,278.35,0.006228,0.05
2019-08-20,278.73,0.006034,0.05
2019-08-21,278.49,0.013062,0.05
2019-08-22,278.32,0.007759,0.05
2019-08-23,278.54,0.008683,0.05
2019-08-24,278.33,0.013998,0.05
2019-08-25,277.91,0.010946,0.05
2019-08-26,278.13,0.008274,0.05
2019-08-27,278.27,0.003654,0.05
2019-08-28,279.0,0.009344,0.05
2019-08-29,278.8,0.011486,0.05
2019-08-30,279.16,0.00699,0.05
2019-08-31,278.62,0.020933,0.05
2019-09-01,277.84,0.01342,0.05
2019-09-02,278.24,0.009027,0.05
2019-09-03,278.52,0.019545,0.05
2019-09-04,278.44,0.014997,0.05
2019-09-05,278.68,0.019405,0.05
2019-09-06,278.03,0.017884,0.05
2019-09-07,278.02,0.005777,0.05
2019-09-08,278.6,0.003446,0.05
2019-09-09,278.6,0.002587,0.05
2019-09-10,278.94,0.006707,0.05
2019-09-11,279.02,0.01258,0.05
2019-09-12,277.98,0.024691,0.05
2019-09-13,277.7,0.010624,0.05
2019-09-14,277.9,0.007244,0.05
2019-09-15,278.07,0.006586,0.05
2019-09-16,277.64,0.005635,0.05
2019-09-17,276.56,0.023312,0.05
2019-09-18,275.43,0.023028,0.05
2019-09-19,274.87,0.004428,0.05
2019-09-20,275.34,0.003615,0.05
2019-09-21,275.59,0.005073,0.05
2019-09-22,275.54,0.006351,0.05
2019-09-23,276.13,0.010232,0.05
2019-09-24,276.04,0.017186,0.05
2019-09-25,275.13,0.014278,0.05
2019-09-26,275.33,0.006434,0.05
2019-09-27,274.89,0.008373,0.05
2019-09-28,273.8,0.027258,0.05
2019-09-29,273.76,0.014625,0.05
2019-09-30,274.08,0.003013,0.05
2019-10-01,274.62,0.003081,0.05
2019-10-02,274.63,0.000522,0.05
2019-10-03,274.15,0.002408,0.05
2019-10-04,274.79,0.000564,0.05
2019-10-05,274.8,0.001146,0.05
2019-10-06,275.33,0.001016,0.05
2019-10-07,274.89,0.000989,0.05
2019-10-08,273.7,0.002207,0.05
2019-10-09,272.9,0.000745,0.05
2019-10-10,272.97,6.6e-05,0.05
2019-10-11,273.32,0.000448,0.05
2019-10-12,273.07,0.000626,0.05
2019-10-13,273.54,0.00038,0.05
2019-10-14,273.39,0.00069,0.05
2019-10-15,273.28,0.000584,0.05
2019-10-16,272.52,0.000592,0.05
2019-10-17,272.72,0.000298,0.05
2019-10-18,272.73,0.000192,0.05
2019-10-19,272.89,0.000479,0.05
2019-10-20,272.28,0.003348,0.05
2019-10-21,271.61,0.00021,0.05
2019-10-22,272.52,4.2e-05,0.05
2019-10-23,272.01,0.000859,0.05
2019-10-24,271.57,0.001925,0.05
2019-10-25,271.91,0.001642,0.05
2019-10-26,271.02,0.000276,0.05
2019-10-27,272.13,4e-06,0.05
2019-10-28,272.67,9.9e-05,0.05
2019-10-29,272.11,0.000138,0.05
2019-10-30,271.44,0.001144,0.05
2019-10-31,270.33,0.00027,0.05
2019-11-01,270.56,0.000291,0.05
2019-11-02,271.12,0.000156,0.05
2019-11-03,270.21,0.00057,0.05
2019-11-04,268.96,0.000429,0.05
2019-11-05,270.05,0.000544,0.05
2019-11-06,272.14,0.000167,0.05
2019-11-07,271.21,8e-05,0.05
2019-11-08,270.66,0.000316,0.05
2019-11-09,270.86,0.000315,0.05
2019-11-10,271.49,0.000921,0.05
2019-11-11,271.9,2.7e-05,0.05
2019-11-12,273.38,0.0,0.05
2019-11-13,274.05,0.0,0.05
2019-11-14,272.99,2.3e-05,0.05
2019-11-15,272.94,9e-06,0.05
2019-11-16,273.0,1.7e-05,0.05
2019-11-17,271.49,1e-06,0.05
2019-11-18,271.14,2.9e-05,0.05
2019-11-19,270.18,0.000134,0.05
2019-11-20,270.61,3.1e-05,0.05
2019-11-21,271.57,2.1e-05,0.05
2019-11-22,273.15,8e-05,0.05
2019-11-23,272.82,2e-06,0.05
2019-11-24,271.99,7e-06,0.05
2019-11-25,269.84,0.000253,0.05
2019-11-26,268.49,6e-06,0.05
2019-11-27,268.31,3.4e-05,0.05
2019-11-28,267.02,2.8e-05,0.05
2019-11-29,265.5,0.000395,0.05
2019-11-30,265.29,0.0,0.05
2019-12-01,266.68,6e-06,0.05
2019-12-02,265.26,0.000132,0.05
2019-12-03,265.15,0.000234,0.05
2019-12-04,267.49,8.7e-05,0.05
2019-12-05,268.81,0.000188,0.05
2019-12-06,268.2,0.00073,0.05
2019-12-07,268.07,2.7e-05,0.05
2019-12-08,266.9,3.5e-05,0.05
2019-12-09,268.11,1.9e-05,0.05
2019-12-10,267.68,0.000361,0.05
2019-12-11,266.65,0.000831,0.05
2019-12-12,266.33,0.00287,0.05
2019-12-13,263.24,0.023615,0.05
2019-12-14,260.89,0.000745,0.05
2019-12-15,258.83,0.002183,0.05
2019-12-16,259.03,2e-06,0.05
2019-12-17,259.2,1e-06,0.05
2019-12-18,262.97,9e-06,0.05
2019-12-19,263.74,5e-05,0.05
2019-12-20,265.18,1.1e-05,0.05
2019-12-21,263.81,4.2e-05,0.05
2019-12-22,262.0,1.7e-05,0.05
2019-12-23,261.77,1e-06,0.05
2019-12-24,260.11,0.0,0.05
2019-12-25,260.13,4e-06,0.05
2019-12-26,258.18,2.6e-05,0.05
2019-12-27,257.29,2e-05,0.05
2019-12-28,260.91,1e-06,0.05
2019-12-29,260.95,2e-06,0.05
2019-12-30,261.14,2e-06,0.05
2019-12-31,259.04,2.2e-05,0.05
2020-01-01,259.09,0.000273,0.05
2020-01-02,259.35,0.001237,0.05
2020-01-03,259.96,0.015455,0.05
2020-01-04,257.24,0.000137,0.05
2020-01-05,256.53,2.2e-05,0.05
2020-01-06,262.22,4e-06,0.05
2020-01-07,262.63,0.007169,0.05
2020-01-08,261.47,0.008614,0.05
2020-01-09,258.68,0.000401,0.05
2020-01-10,257.75,2.3e-05,0.05
2020-01-11,261.67,1.6e-05,0.05
2020-01-12,265.73,1e-06,0.05
2020-01-13,266.26,1e-06,0.05
2020-01-14,262.44,8e-06,0.05
2020-01-15,263.23,1e-05,0.05
2020-01-16,263.74,0.016492,0.05
2020-01-17,263.64,0.03491,0.05
2020-01-18,258.67,9.1e-05,0.05
2020-01-19,256.12,0.000128,0.05
2020-01-20,257.86,0.000181,0.05
2020-01-21,258.75,0.000488,0.05
2020-01-22,257.48,7e-05,0.05
2020-01-23,254.87,0.000205,0.05
2020-01-24,258.14,1e-06,0.05
2020-01-25,258.35,8.7e-05,0.05
2020-01-26,256.89,0.000458,0.05
2020-01-27,258.51,0.000221,0.05
2020-01-28,259.08,9.1e-05,0.05
2020-01-29,258.34,0.000155,0.05
2020-01-30,258.18,1.9e-05,0.05
2020-01-31,259.15,1.2e-05,0.05
2020-02-01,257.18,0.000223,0.05
2020-02-02,257.95,0.000103,0.05
2020-02-03,259.0,3.6e-05,0.05
2020-02-04,259.22,5.9e-05,0.05
2020-02-05,258.22,5e-05,0.05
2020-02-06,259.03,0.000193,0.05
2020-02-07,258.43,2.6e-05,0.05
2020-02-08,256.98,0.000335,0.05
2020-02-09,259.7,8.1e-05,0.05
2020-02-10,261.14,3.9e-05,0.05
2020-02-11,265.34,2.6e-05,0.05
2020-02-12,267.43,2e-05,0.05
2020-02-13,269.84,1.2e-05,0.05
2020-02-14,267.67,0.000202,0.05
2020-02-15,267.06,5.9e-05,0.05
2020-02-16,267.84,8e-06,0.05
2020-02-17,265.62,0.000162,0.05
2020-02-18,265.53,6e-06,0.05
2020-02-19,265.58,0.000121,0.05
2020-02-20,265.94,4.4e-05,0.05
2020-02-21,265.62,0.009508,0.05
2020-02-22,263.16,0.000194,0.05
2020-02-23,261.85,6.8e-05,0.05
2020-02-24,261.06,0.000599,0.05
2020-02-25,261.95,0.003075,0.05
2020-02-26,261.32,0.00748,0.05
2020-02-27,262.74,0.000307,0.05
2020-02-28,263.26,1.7e-05,0.05
2020-02-29,262.94,2.5e-05,0.05
2020-03-01,262.61,0.0002,0.05
2020-03-02,261.9,0.00018,0.05
2020-03-03,261.45,0.00045,0.05
2020-03-04,260.99,0.001083,0.05
2020-03-05,260.85,0.0003,0.05
2020-03-06,261.74,0.001861,0.05
2020-03-07,261.35,0.006543,0.05
2020-03-08,262.02,2e-06,0.05
2020-03-09,264.35,0.000169,0.05
2020-03-10,265.13,6.7e-05,0.05
2020-03-11,264.95,8.6e-05,0.05
2020-03-12,264.98,1.4e-05,0.05
2020-03-13,265.79,0.008408,0.05
2020-03-14,265.2,0.00672,0.05
2020-03-15,261.1,0.000561,0.05
2020-03-16,263.74,0.000129,0.05
2020-03-17,264.98,0.000498,0.05
2020-03-18,264.83,0.000438,0.05
2020-03-19,264.35,0.000957,0.05
2020-03-20,262.7,0.001452,0.05
2020-03-21,263.9,0.002124,0.05
2020-03-22,265.55,0.003937,0.05
2020-03-23,265.77,0.002702,0.05
2020-03-24,267.61,0.000669,0.05
2020-03-25,267.0,0.001124,0.05
2020-03-26,269.94,0.000513,0.05
2020-03-27,271.66,0.002184,0.05
2020-03-28,269.6,2.1e-05,0.05
2020-03-29,267.89,4e-05,0.05
2020-03-30,269.11,0.000206,0.05
2020-03-31,268.2,0.000251,0.05
2020-04-01,266.26,0.001426,0.05
2020-04-02,265.97,9.5e-05,0.05
2020-04-03,265.72,7.8e-05,0.05
2020-04-04,265.56,0.00035,0.05
2020-04-05,265.68,0.001053,0.05
2020-04-06,266.64,0.002784,0.05
2020-04-07,267.36,0.000542,0.05
2020-04-08,267.38,0.001049,0.05
2020-04-09,265.53,0.001781,0.05
2020-04-10,267.67,0.000895,0.05
2020-04-11,268.02,0.001816,0.05
2020-04-12,270.16,0.002541,0.05
2020-04-13,271.65,0.001119,0.05
2020-04-14,271.12,0.004393,0.05
2020-04-15,271.24,0.002827,0.05
2020-04-16,270.06,0.005316,0.05
2020-04-17,272.07,0.001795,0.05
2020-04-18,270.5,0.001235,0.05
2020-04-19,270.02,0.001475,0.05
2020-04-20,269.61,0.001965,0.05
2020-04-21,267.89,0.00601,0.05
2020-04-22,266.37,0.002497,0.05
2020-04-23,268.15,0.003404,0.05
2020-04-24,267.67,0.002758,0.05
2020-04-25,269.05,0.002782,0.05
2020-04-26,270.08,0.005817,0.05
2020-04-27,269.65,0.006592,0.05
2020-04-28,269.75,0.00239,0.05
2020-04-29,270.0,0.002898,0.05
2020-04-30,271.47,0.006448,0.05
2020-05-01,271.92,0.007168,0.05
2020-05-02,272.02,0.006027,0.05
2020-05-03,272.57,0.005006,0.05
2020-05-04,271.86,0.004442,0.05
2020-05-05,271.52,0.003493,0.05
2020-05-06,270.11,0.003259,0.05
2020-05-07,269.39,0.001987,0.05
2020-05-08,270.74,0.001254,0.05
2020-05-09,271.58,0.002912,0.05
2020-05-10,271.4,0.005628,0.05
2020-05-11,271.18,0.003668,0.05
2020-05-12,271.02,0.002757,0.05
2020-05-13,272.34,0.000737,0.05
2020-05-14,273.42,0.001479,0.05
2020-05-15,273.4,0.001858,0.05
2020-05-16,274.06,0.00129,0.05
2020-05-17,274.68,0.001103,0.05
2020-05-18,273.49,0.001726,0.05
2020-05-19,273.96,0.001125,0.05
2020-05-20,275.33,0.017523,0.05
2020-05-21,276.87,0.008288,0.05
2020-05-22,276.61,0.007266,0.05
2020-05-23,275.98,0.0025,0.05
2020-05-24,275.41,0.003849,0.05
2020-05-25,274.52,0.000898,0.05
2020-05-26,273.8,0.002075,0.05
2020-05-27,272.68,0.004676,0.05
2020-05-28,272.65,0.007731,0.05
2020-05-29,272.57,0.00725,0.05
2020-05-30,273.37,0.005577,0.05
2020-05-31,274.03,0.00303,0.05
2020-06-01,274.16,0.001113,0.05
2020-06-02,274.82,0.000511,0.05
2020-06-03,275.02,0.001293,0.05
2020-06-04,275.16,0.011834,0.05
2020-06-05,275.1,0.016884,0.05
2020-06-06,275.37,0.008467,0.05
2020-06-07,275.6,0.003984,0.05
2020-06-08,276.57,0.002846,0.05
2020-06-09,277.69,0.00823,0.05
2020-06-10,277.69,0.006256,0.05
2020-06-11,278.1,0.011326,0.05
2020-06-12,278.06,0.008411,0.05
2020-06-13,278.8,0.00953,0.05
2020-06-14,278.72,0.013038,0.05
2020-06-15,278.62,0.017624,0.05
2020-06-16,277.74,0.026661,0.05
2020-06-17,278.68,0.007622,0.05
2020-06-18,278.66,0.01804,0.05
2020-06-19,278.89,0.018212,0.05
2020-06-20,278.52,0.016715,0.05
2020-06-21,278.52,0.009323,0.05
2020-06-22,278.29,0.006462,0.05
2020-06-23,278.46,0.010408,0.05
2020-06-24,278.9,0.006017,0.05
2020-06-25,278.38,0.021456,0.05
2020-06-26,278.19,0.021273,0.05
2020-06-27,278.28,0.004989,0.05
2020-06-28,278.46,0.017074,0.05
2020-06-29,277.79,0.013777,0.05
2020-06-30,278.32,0.004069,0.05
2020-07-01,279.57,0.008873,0.05
2020-07-02,279.58,0.010494,0.05
2020-07-03,278.73,0.014021,0.05
2020-07-04,278.25,0.01358,0.05
2020-07-05,278.85,0.010032,0.05
2020-07-06,279.3,0.006397,0.05
2020-07-07,279.41,0.006365,0.05
2020-07-08,279.86,0.009698,0.05
2020-07-09,279.61,0.02208,0.05
2020-07-10,277.92,0.055397,0.05
2020-07-11,277.92,0.030715,0.05
2020-07-12,278.62,0.012142,0.05
2020-07-13,278.06,0.059601,0.05
2020-07-14,278.71,0.009371,0.05
2020-07-15,278.54,0.017255,0.05
2020-07-16,278.86,0.016694,0.05
2020-07-17,278.66,0.019981,0.05
2020-07-18,278.12,0.015793,0.05
2020-07-19,278.32,0.017851,0.05
2020-07-20,276.83,0.077208,0.05
2020-07-21,277.35,0.015371,0.05
2020-07-22,277.68,0.004844,0.05
2020-07-23,278.3,0.030365,0.05
2020-07-24,278.13,0.0105,0.05
2020-07-25,278.21,0.007984,0.05
2020-07-26,278.54,0.00676,0.05
2020-07-27,279.03,0.020787,0.05
2020-07-28,277.9,0.040163,0.05
2020-07-29,278.17,0.028078,0.05
2020-07-30,278.13,0.008048,0.05
2020-07-31,278.58,0.009392,0.05
2020-08-01,278.81,0.016878,0.05
2020-08-02,279.67,0.007307,0.05
2020-08-03,278.81,0.025038,0.05
2020-08-04,279.52,0.009862,0.05
2020-08-05,280.38,0.011391,0.05
2020-08-06,279.75,0.009203,0.05
2020-08-07,280.23,0.008376,0.05
2020-08-08,280.74,0.040956,0.05
2020-08-09,279.25,0.029473,0.05
2020-08-10,278.64,0.015906,0.05
2020-08-11,279.4,0.011477,0.05
2020-08-12,279.36,0.025099,0.05
2020-08-13,279.1,0.018602,0.05
2020-08-14,279.28,0.025145,0.05
2020-08-15,278.97,0.020396,0.05
2020-08-16,279.8,0.010831,0.05
2020-08-17,279.71,0.015722,0.05
2020-08-18,279.73,0.011094,0.05
2020-08-19,278.74,0.01751,0.05
2020-08-20,278.28,0.008834,0.05
2020-08-21,278.3,0.009414,0.05
2020-08-22,278.31,0.010212,0.05
2020-08-23,278.41,0.010068,0.05
2020-08-24,279.2,0.013902,0.05
2020-08-25,278.99,0.012272,0.05
2020-08-26,278.75,0.010414,0.05
2020-08-27,278.07,0.009223,0.05
2020-08-28,277.63,0.005544,0.05
2020-08-29,277.88,0.002867,0.05
2020-08-30,279.01,0.00125,0.05
2020-08-31,279.7,0.008778,0.05
2020-09-01,279.21,0.008706,0.05
2020-09-02,278.85,0.008794,0.05
2020-09-03,278.22,0.007453,0.05
2020-09-04,278.49,0.003088,0.05
2020-09-05,278.88,0.003417,0.05
2020-09-06,278.76,0.002285,0.05
2020-09-07,278.36,0.005061,0.05
2020-09-08,278.39,0.004706,0.05
2020-09-09,278.42,0.003569,0.05
2020-09-10,278.54,0.005847,0.05
2020-09-11,278.37,0.005646,0.05
2020-09-12,278.15,0.012834,0.05
2020-09-13,278.49,0.005313,0.05
2020-09-14,278.23,0.005542,0.05
2020-09-15,278.16,0.005796,0.05
2020-09-16,278.29,0.004392,0.05
2020-09-17,278.81,0.010672,0.05
2020-09-18,277.94,0.010108,0.05
2020-09-19,277.61,0.003384,0.05
2020-09-20,277.77,0.004251,0.05
2020-09-21,277.76,0.006172,0.05
2020-09-22,277.77,0.030354,0.05
2020-09-23,276.8,0.028419,0.05
2020-09-24,276.68,0.027503,0.05
2020-09-25,276.31,0.030355,0.05
2020-09-26,275.33,0.005869,0.05
2020-09-27,275.59,0.000378,0.05
2020-09-28,276.01,0.000331,0.05
2020-09-29,276.36,0.00038,0.05
2020-09-30,276.1,0.00038,0.05
2020-10-01,276.49,0.001149,0.05
2020-10-02,276.4,0.001152,0.05
2020-10-03,276.89,0.000571,0.05
2020-10-04,276.53,0.001216,0.05
2020-10-05,276.76,0.000602,0.05
2020-10-06,276.29,0.00016,0.05
2020-10-07,276.19,0.000239,0.05
2020-10-08,276.87,0.000335,0.05
2020-10-09,277.0,0.000754,0.05
2020-10-10,277.12,0.000768,0.05
2020-10-11,276.95,0.001173,0.05
2020-10-12,276.47,0.002447,0.05
2020-10-13,276.03,0.000905,0.05
2020-10-14,275.7,0.001191,0.05
2020-10-15,276.2,0.001379,0.05
2020-10-16,275.98,0.001319,0.05
2020-10-17,276.15,0.001001,0.05
2020-10-18,275.64,0.002722,0.05
2020-10-19,273.94,0.001455,0.05
2020-10-20,273.79,0.000153,0.05
2020-10-21,274.04,0.001861,0.05
2020-10-22,272.76,0.001633,0.05
2020-10-23,272.61,0.000363,0.05
2020-10-24,274.35,0.000906,0.05
2020-10-25,273.6,0.000492,0.05
2020-10-26,271.83,0.000108,0.05
2020-10-27,270.96,4.1e-05,0.05
2020-10-28,271.89,9e-06,0.05
2020-10-29,272.29,5.3e-05,0.05
2020-10-30,273.03,0.000791,0.05
2020-10-31,272.59,0.000569,0.05
2020-11-01,273.07,0.000141,0.05
2020-11-02,272.3,8.4e-05,0.05
2020-11-03,270.19,0.001011,0.05
2020-11-04,267.63,0.000626,0.05
2020-11-05,268.37,2.3e-05,0.05
2020-11-06,269.76,3e-06,0.05
2020-11-07,270.52,0.000345,0.05
2020-11-08,270.69,0.000241,0.05
2020-11-09,270.17,0.000452,0.05
2020-11-10,269.19,0.000376,0.05
2020-11-11,270.15,0.000211,0.05
2020-11-12,270.74,2e-05,0.05
2020-11-13,270.56,1.4e-05,0.05
2020-11-14,270.98,1.6e-05,0.05
2020-11-15,271.12,6.4e-05,0.05
2020-11-16,267.38,0.002756,0.05
2020-11-17,266.07,7e-06,0.05
2020-11-18,266.67,2e-06,0.05
2020-11-19,267.19,1.6e-05,0.05
2020-11-20,266.6,1.4e-05,0.05
2020-11-21,264.6,0.000117,0.05
2020-11-22,266.13,1.3e-05,0.05
2020-11-23,266.95,3.2e-05,0.05
2020-11-24,266.86,2e-05,0.05
2020-11-25,268.57,2.9e-05,0.05
2020-11-26,268.67,5.2e-05,0.05
2020-11-27,266.86,0.000563,0.05
2020-11-28,268.98,1.8e-05,0.05
2020-11-29,269.79,0.0,0.05
2020-11-30,268.46,0.00011,0.05
2020-12-01,269.09,0.000205,0.05
2020-12-02,268.41,0.00074,0.05
2020-12-03,267.24,0.001453,0.05
2020-12-04,266.77,0.001571,0.05
2020-12-05,266.56,0.000472,0.05
2020-12-06,267.47,0.000306,0.05
2020-12-07,268.63,4.5e-05,0.05
2020-12-08,270.78,8e-06,0.05
2020-12-09,270.71,1e-06,0.05
2020-12-10,269.53,2e-06,0.05
2020-12-11,270.2,0.001683,0.05
2020-12-12,267.4,0.00119,0.05
2020-12-13,265.9,6e-06,0.05
2020-12-14,266.24,1e-06,0.05
2020-12-15,266.42,0.0,0.05
2020-12-16,264.77,5e-06,0.05
2020-12-17,263.91,1.9e-05,0.05
2020-12-18,263.98,6.6e-05,0.05
2020-12-19,265.98,3e-05,0.05
2020-12-20,269.37,1e-06,0.05
2020-12-21,269.96,2e-06,0.05
2020-12-22,268.98,2e-06,0.05
2020-12-23,268.13,2.3e-05,0.05
2020-12-24,265.37,0.000623,0.05
2020-12-25,263.91,2e-06,0.05
2020-12-26,267.6,3e-06,0.05
2020-12-27,267.87,3e-06,0.05
2020-12-28,265.5,6e-06,0.05
2020-12-29,266.55,1e-06,0.05
2020-12-30,265.43,2e-06,0.05
2020-12-31,267.29,1e-06,0.05
2021-01-01,268.44,0.0,0.05
2021-01-02,268.5,0.0,0.05
2021-01-03,269.46,0.000234,0.05
2021-01-04,268.83,0.003358,0.05
2021-01-05,268.5,0.003944,0.05
2021-01-06,266.87,9e-06,0.05
2021-01-07,266.65,3e-06,0.05
2021-01-08,269.07,1e-06,0.05
2021-01-09,270.09,4e-06,0.05
2021-01-10,270.35,2.8e-05,0.05
2021-01-11,270.02,7.2e-05,0.05
2021-01-12,270.14,0.000126,0.05
2021-01-13,271.5,0.000121,0.05
2021-01-14,271.75,1.6e-05,0.05
2021-01-15,271.78,0.0,0.05
2021-01-16,269.52,4e-06,0.05
2021-01-17,268.56,4e-06,0.05
2021-01-18,266.82,0.000193,0.05
2021-01-19,266.35,0.000651,0.05
2021-01-20,265.26,0.00052,0.05
2021-01-21,267.42,8.1e-05,0.05
2021-01-22,269.09,1.3e-05,0.05
2021-01-23,268.24,5e-06,0.05
2021-01-24,266.11,4.4e-05,0.05
2021-01-25,265.45,1.4e-05,0.05
2021-01-26,264.33,5e-06,0.05
2021-01-27,265.28,0.0,0.05
2021-01-28,264.83,2.5e-05,0.05
2021-01-29,260.2,0.000765,0.05
2021-01-30,260.79,6.9e-05,0.05
2021-01-31,263.74,0.000251,0.05
2021-02-01,264.91,0.000207,0.05
2021-02-02,265.19,0.000378,0.05
2021-02-03,263.9,8.2e-05,0.05
2021-02-04,263.89,2.1e-05,0.05
2021-02-05,262.76,0.008339,0.05
2021-02-06,259.28,0.000935,0.05
2021-02-07,262.01,0.000177,0.05
2021-02-08,265.26,1e-06,0.05
2021-02-09,266.6,1.1e-05,0.05
2021-02-10,265.62,0.001773,0.05
2021-02-11,265.21,6e-06,0.05
2021-02-12,266.27,0.000207,0.05
2021-02-13,266.27,8.9e-05,0.05
2021-02-14,265.3,0.00013,0.05
2021-02-15,263.64,0.000469,0.05
2021-02-16,262.73,0.000119,0.05
2021-02-17,263.26,0.000736,0.05
2021-02-18,262.09,0.002113,0.05
2021-02-19,262.72,0.000845,0.05
2021-02-20,265.92,0.000748,0.05
2021-02-21,268.56,0.000384,0.05
2021-02-22,268.75,0.000718,0.05
2021-02-23,268.14,0.00177,0.05
2021-02-24,267.8,0.002272,0.05
2021-02-25,269.55,0.000927,0.05
2021-02-26,270.82,0.000996,0.05
2021-02-27,271.1,0.000857,0.05
2021-02-28,270.68,0.00074,0.05
2021-03-01,269.29,9.7e-05,0.05
2021-03-02,268.9,0.000374,0.05
2021-03-03,269.07,0.000502,0.05
2021-03-04,267.39,0.00279,0.05
2021-03-05,266.05,0.000456,0.05
2021-03-06,266.87,0.000923,0.05
2021-03-07,267.88,0.002849,0.05
2021-03-08,267.36,0.001086,0.05
2021-03-09,267.28,0.000907,0.05
2021-03-10,267.4,0.000616,0.05
2021-03-11,267.62,0.000106,0.05
2021-03-12,269.09,0.00026,0.05
2021-03-13,268.43,0.004912,0.05
2021-03-14,269.02,0.001339,0.05
2021-03-15,268.58,0.000213,0.05
2021-03-16,268.05,0.000611,0.05
2021-03-17,268.48,0.000453,0.05
2021-03-18,268.47,0.00079,0.05
2021-03-19,269.42,0.000316,0.05
2021-03-20,268.02,0.002351,0.05
2021-03-21,267.98,0.001553,0.05
2021-03-22,268.66,0.001285,0.05
2021-03-23,269.93,0.000399,0.05
2021-03-24,268.07,0.002513,0.05
2021-03-25,267.46,3.5e-05,0.05
2021-03-26,269.21,0.000382,0.05
2021-03-27,269.72,0.000486,0.05
2021-03-28,268.68,0.001673,0.05
2021-03-29,269.71,0.008873,0.05
2021-03-30,269.05,0.002228,0.05
2021-03-31,269.66,0.002237,0.05
2021-04-01,267.66,0.000302,0.05
2021-04-02,266.36,0.00055,0.05
2021-04-03,265.27,2.8e-05,0.05
2021-04-04,265.94,0.000783,0.05
2021-04-05,269.08,0.000438,0.05
2021-04-06,269.77,0.001749,0.05
2021-04-07,269.31,0.001924,0.05
2021-04-08,269.35,0.000716,0.05
2021-04-09,268.87,3.2e-05,0.05
2021-04-10,268.63,1.2e-05,0.05
2021-04-11,269.26,0.000139,0.05
2021-04-12,268.49,0.002072,0.05
2021-04-13,268.75,0.001228,0.05
2021-04-14,269.9,0.001625,0.05
2021-04-15,270.33,0.001526,0.05
2021-04-16,270.11,0.003121,0.05
2021-04-17,270.43,0.004124,0.05
2021-04-18,269.03,3.4e-05,0.05
2021-04-19,269.44,0.002669,0.05
2021-04-20,271.05,0.000701,0.05
2021-04-21,270.69,0.008506,0.05
2021-04-22,267.07,0.004738,0.05
2021-04-23,268.24,0.000163,0.05
2021-04-24,268.04,0.000656,0.05
2021-04-25,268.12,1.7e-05,0.05
2021-04-26,268.89,0.001133,0.05
2021-04-27,269.6,0.001061,0.05
2021-04-28,270.02,0.002575,0.05
2021-04-29,270.15,0.006512,0.05
2021-04-30,270.74,0.005272,0.05
2021-05-01,270.5,0.008124,0.05
2021-05-02,271.33,0.003108,0.05
2021-05-03,272.03,0.005648,0.05
2021-05-04,272.27,0.005566,0.05
2021-05-05,272.28,0.006206,0.05
2021-05-06,270.97,0.004194,0.05
2021-05-07,272.05,0.00453,0.05
2021-05-08,270.93,0.002723,0.05
2021-05-09,271.34,0.003351,0.05
2021-05-10,271.48,0.004701,0.05
2021-05-11,271.99,0.003221,0.05
2021-05-12,271.2,0.012972,0.05
2021-05-13,270.95,0.002884,0.05
2021-05-14,270.49,0.001366,0.05
2021-05-15,272.3,0.000323,0.05
2021-05-16,274.17,0.000799,0.05
2021-05-17,276.17,0.005897,0.05
2021-05-18,276.13,0.004736,0.05
2021-05-19,275.53,0.016688,0.05
2021-05-20,274.92,0.028193,0.05
2021-05-21,275.79,0.000414,0.05
2021-05-22,275.65,0.000512,0.05
2021-05-23,276.23,0.001853,0.05
2021-05-24,276.0,0.004461,0.05
2021-05-25,276.52,0.011224,0.05
2021-05-26,276.89,0.01475,0.05
2021-05-27,277.28,0.023789,0.05
2021-05-28,275.9,0.051695,0.05
2021-05-29,276.01,0.004478,0.05
2021-05-30,276.53,0.003203,0.05
2021-05-31,275.95,0.005362,0.05
2021-06-01,275.52,0.002035,0.05
2021-06-02,275.37,0.001357,0.05
2021-06-03,276.77,0.000787,0.05
2021-06-04,276.86,0.002374,0.05
2021-06-05,277.17,0.002639,0.05
2021-06-06,277.47,0.003044,0.05
2021-06-07,277.66,0.00165,0.05
2021-06-08,277.66,0.006827,0.05
2021-06-09,278.13,0.012954,0.05
2021-06-10,277.62,0.009128,0.05
2021-06-11,277.82,0.010997,0.05
2021-06-12,277.24,0.020284,0.05
2021-06-13,277.91,0.008831,0.05
2021-06-14,278.68,0.008506,0.05
2021-06-15,278.08,0.011755,0.05
2021-06-16,278.27,0.005915,0.05
2021-06-17,278.37,0.011963,0.05
2021-06-18,278.28,0.016363,0.05
2021-06-19,277.65,0.012587,0.05
2021-06-20,277.66,0.013736,0.05
2021-06-21,278.06,0.008443,0.05
2021-06-22,278.43,0.012024,0.05
2021-06-23,277.92,0.011861,0.05
2021-06-24,277.77,0.008517,0.05
2021-06-25,278.18,0.008281,0.05
2021-06-26,277.65,0.006356,0.05
2021-06-27,278.54,0.007623,0.05
2021-06-28,279.17,0.006439,0.05
2021-06-29,279.53,0.011686,0.05
2021-06-30,279.64,0.034556,0.05
2021-07-01,277.46,0.05195,0.05
2021-07-02,276.52,0.034968,0.05
2021-07-03,277.28,0.006078,0.05
2021-07-04,278.02,0.01028,0.05
2021-07-05,278.32,0.003142,0.05
2021-07-06,279.32,0.003401,0.05
2021-07-07,279.53,0.011646,0.05
2021-07-08,278.37,0.018848,0.05
2021-07-09,278.99,0.015435,0.05
2021-07-10,278.85,0.028847,0.05
2021-07-11,278.49,0.02588,0.05
2021-07-12,278.13,0.015478,0.05
2021-07-13,278.24,0.012026,0.05
2021-07-14,278.75,0.015055,0.05
2021-07-15,277.99,0.029016,0.05
2021-07-16,278.35,0.01265,0.05
2021-07-17,279.16,0.013293,0.05
2021-07-18,279.2,0.016452,0.05
2021-07-19,278.92,0.018689,0.05
2021-07-20,278.38,0.017957,0.05
2021-07-21,278.56,0.018714,0.05
2021-07-22,278.63,0.01139,0.05
2021-07-23,279.63,0.011775,0.05
2021-07-24,279.95,0.009118,0.05
2021-07-25,280.19,0.029532,0.05
2021-07-26,278.79,0.031547,0.05
2021-07-27,278.84,0.026616,0.05
2021-07-28,278.66,0.013603,0.05
2021-07-29,278.86,0.009797,0.05
2021-07-30,279.25,0.011695,0.05
2021-07-31,279.18,0.007947,0.05
2021-08-01,279.14,0.007906,0.05
2021-08-02,279.09,0.010802,0.05
2021-08-03,278.73,0.021033,0.05
2021-08-04,277.72,0.030611,0.05
2021-08-05,277.99,0.009567,0.05
2021-08-06,278.14,0.024712,0.05
2021-08-07,278.26,0.014617,0.05
2021-08-08,278.56,0.012185,0.05
2021-08-09,278.8,0.009379,0.05
2021-08-10,279.38,0.005184,0.05
2021-08-11,279.53,0.008496,0.05
2021-08-12,279.22,0.015163,0.05
2021-08-13,279.05,0.018466,0.05
2021-08-14,279.15,0.018384,0.05
2021-08-15,278.65,0.018443,0.05
2021-08-16,278.81,0.019499,0.05
2021-08-17,278.92,0.010868,0.05
2021-08-18,278.95,0.012895,0.05
2021-08-19,278.75,0.019184,0.05
2021-08-20,278.27,0.012751,0.05
2021-08-21,278.46,0.013473,0.05
2021-08-22,278.62,0.010099,0.05
2021-08-23,278.67,0.007055,0.05
2021-08-24,279.12,0.009862,0.05
2021-08-25,278.57,0.025661,0.05
2021-08-26,278.68,0.039495,0.05
2021-08-27,277.3,0.042244,0.05
2021-08-28,276.87,0.045287,0.05
2021-08-29,276.42,0.032267,0.05
2021-08-30,276.51,0.008364,0.05
2021-08-31,276.66,0.003184,0.05
2021-09-01,277.36,0.003015,0.05
2021-09-02,277.39,0.005354,0.05
2021-09-03,276.78,0.022308,0.05
2021-09-04,277.83,0.004851,0.05
2021-09-05,278.16,0.00765,0.05
2021-09-06,277.81,0.025061,0.05
2021-09-07,277.37,0.0149,0.05
2021-09-08,276.86,0.007483,0.05
2021-09-09,276.74,0.010952,0.05
2021-09-10,276.47,0.007103,0.05
2021-09-11,276.75,0.004392,0.05
2021-09-12,277.19,0.006592,0.05
2021-09-13,276.88,0.009703,0.05
2021-09-14,277.41,0.008611,0.05
2021-09-15,276.46,0.020958,0.05
2021-09-16,276.34,0.007481,0.05
2021-09-17,276.36,0.00679,0.05
2021-09-18,276.79,0.007114,0.05
2021-09-19,277.27,0.00146,0.05
2021-09-20,277.18,0.010347,0.05
2021-09-21,276.19,0.011812,0.05
2021-09-22,276.15,0.008649,0.05
2021-09-23,276.36,0.006828,0.05
2021-09-24,276.88,0.007389,0.05
2021-09-25,276.78,0.007648,0.05
2021-09-26,276.11,0.007288,0.05
2021-09-27,276.55,0.005669,0.05
2021-09-28,276.78,0.00834,0.05
2021-09-29,276.68,0.007508,0.05
2021-09-30,276.51,0.008854,0.05
2021-10-01,276.33,0.005646,0.05
2021-10-02,276.3,0.005919,0.05
2021-10-03,275.8,0.010524,0.05
2021-10-04,275.69,0.003066,0.05
2021-10-05,276.31,0.000797,0.05
2021-10-06,276.24,0.001388,0.05
2021-10-07,276.53,0.002247,0.05
2021-10-08,276.5,0.003034,0.05
2021-10-09,276.11,0.002275,0.05
2021-10-10,275.77,0.00043,0.05
2021-10-11,275.88,0.000393,0.05
2021-10-12,275.67,0.00039,0.05
2021-10-13,275.6,0.0004,0.05
2021-10-14,275.4,0.00037,0.05
2021-10-15,275.76,0.001327,0.05
2021-10-16,275.87,0.002218,0.05
2021-10-17,276.18,0.007652,0.05
2021-10-18,276.1,0.022592,0.05
2021-10-19,275.78,0.051225,0.05
2021-10-20,274.44,0.014428,0.05
2021-10-21,273.79,0.000431,0.05
2021-10-22,274.14,0.000966,0.05
2021-10-23,273.51,0.000545,0.05
2021-10-24,271.44,0.000501,0.05
2021-10-25,269.88,0.000489,0.05
2021-10-26,270.39,0.000804,0.05
2021-10-27,270.09,0.000925,0.05
2021-10-28,269.49,0.000237,0.05
2021-10-29,270.92,0.0,0.05
2021-10-30,271.13,0.000187,0.05
2021-10-31,270.17,0.000564,0.05
2021-11-01,268.71,0.000329,0.05
2021-11-02,267.79,5.7e-05,0.05
2021-11-03,267.7,2e-05,0.05
2021-11-04,267.24,1.5e-05,0.05
2021-11-05,269.51,1e-05,0.05
2021-11-06,270.68,7e-06,0.05
2021-11-07,272.7,7.6e-05,0.05
2021-11-08,272.22,7e-05,0.05
2021-11-09,272.06,1.7e-05,0.05
2021-11-10,273.14,2.7e-05,0.05
2021-11-11,273.42,2.9e-05,0.05
2021-11-12,273.03,3e-06,0.05
2021-11-13,271.52,4e-06,0.05
2021-11-14,271.64,3e-06,0.05
2021-11-15,269.63,6e-06,0.05
2021-11-16,270.66,2e-06,0.05
2021-11-17,272.77,2e-06,0.05
2021-11-18,273.5,4.6e-05,0.05
2021-11-19,272.41,0.001202,0.05
2021-11-20,272.32,0.001941,0.05
2021-11-21,270.86,4.3e-05,0.05
2021-11-22,269.31,0.000179,0.05
2021-11-23,268.18,0.000718,0.05
2021-11-24,268.82,0.000204,0.05
2021-11-25,268.0,0.000696,0.05
2021-11-26,267.23,0.000884,0.05
2021-11-27,267.19,0.000254,0.05
2021-11-28,269.22,3.3e-05,0.05
2021-11-29,269.87,1e-06,0.05
2021-11-30,270.87,2e-06,0.05
2021-12-01,272.82,3e-06,0.05
2021-12-02,273.5,0.000352,0.05
2021-12-03,272.59,0.005289,0.05
2021-12-04,271.12,0.000284,0.05
2021-12-05,269.86,0.00044,0.05
2021-12-06,267.29,0.000583,0.05
2021-12-07,266.87,5e-06,0.05
2021-12-08,268.45,1e-06,0.05
2021-12-09,266.45,3.7e-05,0.05
2021-12-10,264.38,2.5e-05,0.05
2021-12-11,264.73,4.2e-05,0.05
2021-12-12,266.28,2.6e-05,0.05
2021-12-13,267.1,2e-06,0.05
2021-12-14,265.66,6e-06,0.05
2021-12-15,265.54,1e-06,0.05
2021-12-16,266.68,0.0,0.05
2021-12-17,265.89,8e-06,0.05
2021-12-18,263.76,2.8e-05,0.05
2021-12-19,263.09,0.00012,0.05
2021-12-20,263.66,0.000403,0.05
2021-12-21,262.9,0.002118,0.05
2021-12-22,261.45,0.002881,0.05
2021-12-23,262.24,6e-05,0.05
2021-12-24,261.13,0.000538,0.05
2021-12-25,259.96,0.000374,0.05
2021-12-26,261.44,0.000263,0.05
2021-12-27,261.42,0.000504,0.05
2021-12-28,262.94,0.013093,0.05
2021-12-29,261.29,0.022257,0.05
2021-12-30,258.49,4.1e-05,0.05
2021-12-31,260.04,1e-06,0.05
2022-01-01,260.21,4e-06,0.05
2022-01-02,260.05,2e-06,0.05
2022-01-03,260.35,1.1e-05,0.05
2022-01-04,262.99,3e-06,0.05
2022-01-05,263.72,3.4e-05,0.05
2022-01-06,262.99,0.00209,0.05
2022-01-07,264.27,0.001649,0.05
2022-01-08,263.88,0.002031,0.05
2022-01-09,262.55,0.000578,0.05
2022-01-10,260.54,0.000235,0.05
2022-01-11,259.34,2.8e-05,0.05
2022-01-12,257.58,0.00042,0.05
2022-01-13,259.06,8e-06,0.05
2022-01-14,260.05,5.7e-05,0.05
2022-01-15,259.0,-0.0,0.05
2022-01-16,260.13,3e-06,0.05
2022-01-17,262.39,0.000407,0.05
2022-01-18,260.9,0.001864,0.05
2022-01-19,260.27,0.000546,0.05
2022-01-20,258.19,0.000984,0.05
2022-01-21,258.52,0.000155,0.05
2022-01-22,260.1,0.001356,0.05
2022-01-23,258.98,0.000173,0.05
2022-01-24,258.18,0.000377,0.05
2022-01-25,258.95,5.9e-05,0.05
2022-01-26,256.25,0.000404,0.05
2022-01-27,255.19,3.9e-05,0.05
2022-01-28,259.42,0.000107,0.05
2022-01-29,262.26,7.8e-05,0.05
2022-01-30,262.33,0.000174,0.05
2022-01-31,261.98,0.000433,0.05
2022-02-01,258.93,0.000475,0.05
2022-02-02,262.14,0.000354,0.05
2022-02-03,261.06,0.011935,0.05
2022-02-04,259.4,0.015608,0.05
2022-02-05,256.94,0.00018,0.05
2022-02-06,261.15,1e-05,0.05
2022-02-07,260.37,0.00018,0.05
2022-02-08,259.65,0.000197,0.05
2022-02-09,259.1,0.000348,0.05
2022-02-10,257.46,7e-05,0.05
2022-02-11,257.18,2.2e-05,0.05
2022-02-12,258.26,0.0,0.05
2022-02-13,260.91,5.7e-05,0.05
2022-02-14,262.45,4e-06,0.05
2022-02-15,260.39,1.5e-05,0.05
2022-02-16,258.17,0.000228,0.05
2022-02-17,260.71,0.000154,0.05
2022-02-18,262.87,0.000139,0.05
2022-02-19,258.43,0.000175,0.05
2022-02-20,257.45,0.00199,0.05
2022-02-21,257.7,0.000861,0.05
2022-02-22,262.54,6.9e-05,0.05
2022-02-23,262.91,0.000232,0.05
2022-02-24,262.08,1.7e-05,0.05
2022-02-25,260.74,0.000579,0.05
2022-02-26,260.97,6e-06,0.05
2022-02-27,261.83,7e-05,0.05
2022-02-28,263.05,0.000145,0.05
2022-03-01,263.35,0.000106,0.05
2022-03-02,263.15,0.000444,0.05
2022-03-03,264.36,1.6e-05,0.05
2022-03-04,264.3,3.2e-05,0.05
2022-03-05,265.59,0.000803,0.05
2022-03-06,268.65,0.000268,0.05
2022-03-07,267.23,0.000483,0.05
2022-03-08,267.13,0.000156,0.05
2022-03-09,267.18,0.000253,0.05
2022-03-10,266.58,0.001159,0.05
2022-03-11,265.78,0.001247,0.05
2022-03-12,267.32,0.000505,0.05
2022-03-13,269.19,0.00253,0.05
2022-03-14,270.66,0.001333,0.05
2022-03-15,269.34,0.000374,0.05
2022-03-16,270.59,0.000963,0.05
2022-03-17,272.56,0.001437,0.05
2022-03-18,273.14,0.004083,0.05
2022-03-19,273.21,8.3e-05,0.05
2022-03-20,272.14,0.00025,0.05
2022-03-21,270.93,0.000184,0.05
2022-03-22,271.49,0.003418,0.05
2022-03-23,271.04,0.003737,0.05
2022-03-24,270.11,0.00213,0.05
2022-03-25,270.26,6.7e-05,0.05
2022-03-26,271.73,0.000662,0.05
2022-03-27,273.66,0.000425,0.05
2022-03-28,275.02,0.000409,0.05
2022-03-29,276.11,0.000599,0.05
2022-03-30,275.34,0.004609,0.05
2022-03-31,274.53,0.006503,0.05
2022-04-01,275.3,0.002181,0.05
2022-04-02,274.28,0.002883,0.05
2022-04-03,273.0,0.002814,0.05
2022-04-04,273.58,0.002208,0.05
2022-04-05,273.86,0.002644,0.05
2022-04-06,273.81,0.002629,0.05
2022-04-07,273.01,0.002726,0.05
2022-04-08,272.61,0.003487,0.05
2022-04-09,272.66,0.005419,0.05
2022-04-10,272.72,0.005349,0.05
2022-04-11,274.58,0.001636,0.05
2022-04-12,274.62,0.000533,0.05
2022-04-13,274.35,0.000753,0.05
2022-04-14,271.93,1.4e-05,0.05
2022-04-15,270.91,0.000134,0.05
2022-04-16,270.3,2e-05,0.05
2022-04-17,270.71,0.000915,0.05
2022-04-18,272.56,0.000547,0.05
2022-04-19,273.14,0.002078,0.05
2022-04-20,273.16,0.00548,0.05
2022-04-21,273.72,0.003184,0.05
2022-04-22,272.58,0.002204,0.05
2022-04-23,272.57,0.001087,0.05
2022-04-24,271.69,4.9e-05,0.05
2022-04-25,272.3,0.000432,0.05
2022-04-26,271.85,0.001748,0.05
2022-04-27,272.76,0.003216,0.05
2022-04-28,273.59,0.000766,0.05
2022-04-29,273.33,0.005026,0.05
2022-04-30,273.18,0.010601,0.05
2022-05-01,271.98,0.008772,0.05
2022-05-02,271.96,0.004943,0.05
2022-05-03,273.54,0.002785,0.05
2022-05-04,273.52,0.003691,0.05
2022-05-05,273.98,0.003844,0.05
2022-05-06,273.46,0.00837,0.05
2022-05-07,273.52,0.010681,0.05
2022-05-08,273.59,0.00978,0.05
2022-05-09,274.46,0.011051,0.05
2022-05-10,274.75,0.006026,0.05
2022-05-11,275.2,0.005522,0.05
2022-05-12,275.89,0.009834,0.05
2022-05-13,276.37,0.003435,0.05
2022-05-14,277.02,0.001922,0.05
2022-05-15,277.53,0.014887,0.05
2022-05-16,276.0,0.005708,0.05
2022-05-17,275.09,1.6e-05,0.05
2022-05-18,274.18,0.000542,0.05
2022-05-19,274.78,0.00267,0.05
2022-05-20,274.73,0.003247,0.05
2022-05-21,274.64,0.006583,0.05
2022-05-22,273.01,0.005624,0.05
2022-05-23,272.86,0.007817,0.05
2022-05-24,273.75,0.009395,0.05
2022-05-25,273.3,0.008703,0.05
2022-05-26,272.85,0.004106,0.05
2022-05-27,274.19,0.0083,0.05
2022-05-28,275.68,0.002587,0.05
2022-05-29,276.63,0.009576,0.05
2022-05-30,276.66,0.006164,0.05
2022-05-31,276.79,0.010165,0.05
2022-06-01,277.11,0.010241,0.05
2022-06-02,277.19,0.003991,0.05
2022-06-03,277.35,0.00124,0.05
2022-06-04,277.33,0.003198,0.05
2022-06-05,277.72,0.006831,0.05
2022-06-06,278.2,0.008547,0.05
2022-06-07,277.93,0.011221,0.05
2022-06-08,278.23,0.007506,0.05
2022-06-09,278.14,0.007161,0.05
2022-06-10,278.02,0.001895,0.05
2022-06-11,277.92,0.001079,0.05
2022-06-12,277.6,0.002852,0.05
2022-06-13,278.35,0.00463,0.05
2022-06-14,278.64,0.005583,0.05
2022-06-15,278.33,0.022357,0.05
2022-06-16,277.56,0.007744,0.05
2022-06-17,276.93,0.012934,0.05
2022-06-18,276.88,0.003834,0.05
2022-06-19,277.14,0.003102,0.05
2022-06-20,277.35,0.003992,0.05
2022-06-21,277.34,0.010027,0.05
2022-06-22,277.97,0.007059,0.05
2022-06-23,278.9,0.00693,0.05
2022-06-24,279.03,0.032942,0.05
2022-06-25,277.71,0.060219,0.05
2022-06-26,277.56,0.020595,0.05
2022-06-27,277.48,0.026867,0.05
2022-06-28,277.87,0.014235,0.05
2022-06-29,278.01,0.022016,0.05
2022-06-30,278.15,0.007854,0.05
2022-07-01,278.86,0.012547,0.05
2022-07-02,278.63,0.015566,0.05
2022-07-03,278.97,0.008985,0.05
2022-07-04,279.95,0.007171,0.05
2022-07-05,280.02,0.007497,0.05
2022-07-06,279.83,0.009732,0.05
2022-07-07,279.87,0.012443,0.05
2022-07-08,279.9,0.01822,0.05
2022-07-09,278.58,0.01094,0.05
2022-07-10,278.69,0.011023,0.05
2022-07-11,279.1,0.014456,0.05
2022-07-12,279.18,0.011947,0.05
2022-07-13,279.28,0.015097,0.05
2022-07-14,278.24,0.008042,0.05
2022-07-15,278.67,0.007551,0.05
2022-07-16,279.33,0.009426,0.05
2022-07-17,279.63,0.010262,0.05
2022-07-18,279.67,0.017272,0.05
2022-07-19,279.31,0.015989,0.05
2022-07-20,278.43,0.033391,0.05
2022-07-21,278.64,0.016326,0.05
2022-07-22,278.08,0.028262,0.05
2022-07-23,277.34,0.021453,0.05
2022-07-24,277.49,0.0133,0.05
2022-07-25,277.52,0.014853,0.05
2022-07-26,277.72,0.016897,0.05
2022-07-27,277.94,0.011266,0.05
2022-07-28,278.4,0.011069,0.05
2022-07-29,278.31,0.009593,0.05
2022-07-30,278.54,0.017571,0.05
2022-07-31,277.62,0.06735,0.05
2022-08-01,278.21,0.012815,0.05
2022-08-02,278.4,0.012921,0.05
2022-08-03,278.96,0.013552,0.05
2022-08-04,278.41,0.018895,0.05
2022-08-05,279.31,0.019699,0.05
2022-08-06,277.93,0.01904,0.05
2022-08-07,278.35,0.007199,0.05
2022-08-08,279.07,0.009956,0.05
2022-08-09,279.96,0.003712,0.05
2022-08-10,279.35,0.015707,0.05
2022-08-11,278.79,0.008462,0.05
2022-08-12,279.69,0.005563,0.05
2022-08-13,279.62,0.019014,0.05
2022-08-14,277.96,0.016515,0.05
2022-08-15,278.25,0.005236,0.05
2022-08-16,278.6,0.004177,0.05
2022-08-17,278.98,0.00489,0.05
2022-08-18,279.61,0.009796,0.05
2022-08-19,278.52,0.013762,0.05
2022-08-20,278.31,0.006735,0.05
2022-08-21,278.32,0.010864,0.05
2022-08-22,278.44,0.007635,0.05
2022-08-23,278.61,0.008426,0.05
2022-08-24,278.72,0.005935,0.05
2022-08-25,279.57,0.007599,0.05
2022-08-26,279.39,0.014874,0.05
2022-08-27,278.96,0.016388,0.05
2022-08-28,278.52,0.017388,0.05
2022-08-29,278.31,0.008951,0.05
2022-08-30,278.65,0.006439,0.05
2022-08-31,278.58,0.012029,0.05
2022-09-01,277.79,0.014119,0.05
2022-09-02,278.15,0.011915,0.05
2022-09-03,277.81,0.00645,0.05
2022-09-04,277.35,0.002652,0.05
2022-09-05,277.72,0.001541,0.05
2022-09-06,277.94,0.006421,0.05
2022-09-07,277.51,0.01609,0.05
2022-09-08,277.65,0.010652,0.05
2022-09-09,277.08,0.012361,0.05
2022-09-10,276.82,0.010426,0.05
2022-09-11,276.67,0.007816,0.05
2022-09-12,277.13,0.012635,0.05
2022-09-13,276.78,0.005734,0.05
2022-09-14,277.34,0.008159,0.05
2022-09-15,277.13,0.005642,0.05
2022-09-16,277.17,0.005618,0.05
2022-09-17,276.49,0.023526,0.05
2022-09-18,276.51,0.008188,0.05
2022-09-19,276.79,0.006065,0.05
2022-09-20,276.83,0.006968,0.05
2022-09-21,276.79,0.003714,0.05
2022-09-22,276.68,0.000929,0.05
2022-09-23,276.64,0.001517,0.05
2022-09-24,276.58,0.004444,0.05
2022-09-25,276.26,0.003183,0.05
2022-09-26,276.2,0.002469,0.05
2022-09-27,275.92,0.00163,0.05
2022-09-28,275.72,0.000891,0.05
2022-09-29,275.5,0.000832,0.05
2022-09-30,275.49,0.002866,0.05
2022-10-01,275.55,0.001929,0.05
2022-10-02,275.91,0.002395,0.05
2022-10-03,276.57,0.00663,0.05
2022-10-04,276.07,0.025918,0.05
2022-10-05,275.17,0.015725,0.05
2022-10-06,274.43,0.008524,0.05
2022-10-07,274.93,0.002196,0.05
2022-10-08,275.07,0.003578,0.05
2022-10-09,274.63,0.002303,0.05
2022-10-10,275.12,0.003045,0.05
2022-10-11,274.58,0.007101,0.05
2022-10-12,273.52,0.004065,0.05
2022-10-13,272.51,0.000306,0.05
2022-10-14,271.89,0.00018,0.05
2022-10-15,272.38,9.8e-05,0.05
2022-10-16,271.46,2e-05,0.05
2022-10-17,271.17,3.5e-05,0.05
2022-10-18,269.77,3e-05,0.05
2022-10-19,268.33,0.000378,0.05
2022-10-20,268.68,0.000459,0.05
2022-10-21,269.42,0.00043,0.05
2022-10-22,268.97,0.000232,0.05
2022-10-23,268.61,0.000738,0.05
2022-10-24,270.27,0.001113,0.05
2022-10-25,272.85,0.000364,0.05
2022-10-26,270.8,0.000248,0.05
2022-10-27,272.05,0.000193,0.05
2022-10-28,270.7,0.00045,0.05
2022-10-29,270.24,0.000308,0.05
2022-10-30,271.25,0.000344,0.05
2022-10-31,271.62,0.00026,0.05
2022-11-01,270.4,0.000404,0.05
2022-11-02,268.87,0.000179,0.05
2022-11-03,269.47,0.000502,0.05
2022-11-04,270.11,7.1e-05,0.05
2022-11-05,269.79,0.000661,0.05
2022-11-06,269.41,4.3e-05,0.05
2022-11-07,270.57,0.000213,0.05
2022-11-08,270.49,8e-05,0.05
2022-11-09,269.37,0.000228,0.05
2022-11-10,268.57,0.000255,0.05
2022-11-11,266.99,0.000131,0.05
2022-11-12,267.32,8e-06,0.05
2022-11-13,269.19,4.6e-05,0.05
2022-11-14,269.42,3.8e-05,0.05
2022-11-15,268.09,8e-06,0.05
2022-11-16,268.04,0.000287,0.05
2022-11-17,267.34,0.00056,0.05
2022-11-18,269.22,0.000435,0.05
2022-11-19,270.73,3.3e-05,0.05
2022-11-20,270.03,3.7e-05,0.05
2022-11-21,271.07,1e-06,0.05
2022-11-22,271.05,0.0,0.05
2022-11-23,270.56,3e-06,0.05
2022-11-24,270.82,0.000273,0.05
2022-11-25,271.08,2e-06,0.05
2022-11-26,272.17,4e-05,0.05
2022-11-27,271.22,6.7e-05,0.05
2022-11-28,270.91,1e-06,0.05
2022-11-29,270.45,1e-06,0.05
2022-11-30,269.61,0.0,0.05
2022-12-01,268.63,1e-06,0.05
2022-12-02,270.32,1e-06,0.05
2022-12-03,268.67,0.0,0.05
2022-12-04,269.34,0.0,0.05
2022-12-05,268.37,3e-06,0.05
2022-12-06,268.41,1e-06,0.05
2022-12-07,268.51,7e-06,0.05
2022-12-08,268.18,3e-06,0.05
2022-12-09,269.36,3e-06,0.05
2022-12-10,269.21,2e-06,0.05
2022-12-11,270.81,1e-06,0.05
2022-12-12,271.78,2e-06,0.05
2022-12-13,270.56,-0.0,0.05
2022-12-14,270.2,1e-06,0.05
2022-12-15,269.78,2.4e-05,0.05
2022-12-16,268.64,1.2e-05,0.05
2022-12-17,268.37,0.000207,0.05
2022-12-18,267.61,0.000312,0.05
2022-12-19,268.11,0.000345,0.05
2022-12-20,270.23,6.2e-05,0.05
2022-12-21,269.02,4e-05,0.05
2022-12-22,266.15,1.3e-05,0.05
2022-12-23,267.39,9e-06,0.05
2022-12-24,263.77,0.000141,0.05
2022-12-25,263.77,1.7e-05,0.05
2022-12-26,262.33,0.000261,0.05
2022-12-27,262.71,5.1e-05,0.05
2022-12-28,265.83,5.6e-05,0.05
2022-12-29,267.5,0.000205,0.05
2022-12-30,265.77,0.00047,0.05
2022-12-31,265.04,0.00066,0.05
2023-01-01,265.22,0.000129,0.05
2023-01-02,264.21,1.4e-05,0.05
2023-01-03,264.68,9e-06,0.05
2023-01-04,263.03,0.00017,0.05
2023-01-05,263.55,0.000339,0.05
2023-01-06,264.18,0.000435,0.05
2023-01-07,265.76,3e-06,0.05
2023-01-08,265.96,1e-06,0.05
2023-01-09,266.45,1e-06,0.05
2023-01-10,264.77,5.3e-05,0.05
2023-01-11,266.1,1e-05,0.05
2023-01-12,264.32,9e-06,0.05
2023-01-13,265.24,2.6e-05,0.05
2023-01-14,266.05,4.2e-05,0.05
2023-01-15,265.05,3.1e-05,0.05
2023-01-16,263.51,2.4e-05,0.05
2023-01-17,261.0,2.3e-05,0.05
2023-01-18,263.6,2.6e-05,0.05
2023-01-19,263.77,0.000193,0.05
2023-01-20,263.8,0.00013,0.05
2023-01-21,264.88,2e-06,0.05
2023-01-22,266.02,0.0,0.05
2023-01-23,267.1,1e-06,0.05
2023-01-24,267.61,0.0,0.05
2023-01-25,268.15,1.1e-05,0.05
2023-01-26,268.96,2.8e-05,0.05
2023-01-27,269.41,4e-06,0.05
2023-01-28,270.3,1e-06,0.05
2023-01-29,269.96,1e-05,0.05
2023-01-30,269.39,0.000188,0.05
2023-01-31,266.84,0.000254,0.05
2023-02-01,265.2,0.000222,0.05
2023-02-02,266.16,1.5e-05,0.05
2023-02-03,265.75,6.9e-05,0.05
2023-02-04,266.32,0.000601,0.05
2023-02-05,267.52,0.000789,0.05
2023-02-06,265.8,0.000415,0.05
2023-02-07,263.64,0.001182,0.05
2023-02-08,265.53,0.000238,0.05
2023-02-09,267.17,0.000341,0.05
2023-02-10,267.5,0.000123,0.05
2023-02-11,267.14,4.8e-05,0.05
2023-02-12,265.2,6.6e-05,0.05
2023-02-13,268.76,3.9e-05,0.05
2023-02-14,269.58,5.1e-05,0.05
2023-02-15,268.58,0.000714,0.05
2023-02-16,268.27,0.004061,0.05
2023-02-17,269.88,0.000554,0.05
2023-02-18,270.8,0.000489,0.05
2023-02-19,270.81,0.000366,0.05
2023-02-20,270.58,0.000655,0.05
2023-02-21,268.11,0.001538,0.05
2023-02-22,266.21,4.5e-05,0.05
2023-02-23,265.41,1.2e-05,0.05
2023-02-24,266.6,0.000273,0.05
2023-02-25,266.31,0.001323,0.05
2023-02-26,264.44,0.000608,0.05
2023-02-27,264.4,0.000503,0.05
2023-02-28,265.76,0.000193,0.05
2023-03-01,266.17,0.000292,0.05
2023-03-02,266.52,0.000818,0.05
2023-03-03,267.75,0.001176,0.05
2023-03-04,267.66,0.000245,0.05
2023-03-05,267.66,0.00075,0.05
2023-03-06,267.2,0.000419,0.05
2023-03-07,268.29,0.000221,0.05
2023-03-08,265.59,0.011086,0.05
2023-03-09,263.38,0.00026,0.05
2023-03-10,264.52,0.001892,0.05
2023-03-11,264.9,0.001993,0.05
2023-03-12,266.72,0.001592,0.05
2023-03-13,266.65,0.000342,0.05
2023-03-14,266.22,0.000529,0.05
2023-03-15,265.62,0.000332,0.05
2023-03-16,266.58,0.001546,0.05
2023-03-17,266.76,0.002788,0.05
2023-03-18,266.93,0.00419,0.05
2023-03-19,266.69,0.003271,0.05
2023-03-20,266.72,0.009239,0.05
2023-03-21,264.12,0.005386,0.05
2023-03-22,261.98,0.000249,0.05
2023-03-23,263.68,0.0009,0.05
2023-03-24,265.53,0.001501,0.05
2023-03-25,266.66,0.001138,0.05
2023-03-26,265.54,0.00023,0.05
2023-03-27,264.63,0.000297,0.05
2023-03-28,265.25,0.000756,0.05
2023-03-29,266.03,0.001243,0.05
2023-03-30,266.56,0.001607,0.05
2023-03-31,267.29,0.006156,0.05
2023-04-01,265.54,0.006984,0.05
2023-04-02,264.06,0.001545,0.05
2023-04-03,265.77,0.000922,0.05
2023-04-04,266.69,0.000378,0.05
2023-04-05,265.69,4.1e-05,0.05
2023-04-06,266.17,7.5e-05,0.05
2023-04-07,266.99,0.001052,0.05
2023-04-08,268.45,0.001069,0.05
2023-04-09,267.6,0.002588,0.05
2023-04-10,267.62,0.00044,0.05
2023-04-11,268.76,0.000124,0.05
2023-04-12,269.62,0.000625,0.05
2023-04-13,270.02,0.001521,0.05
2023-04-14,270.97,0.000602,0.05
2023-04-15,271.68,0.000549,0.05
2023-04-16,270.97,0.001468,0.05
2023-04-17,271.77,0.001177,0.05
2023-04-18,272.0,0.001108,0.05
2023-04-19,271.64,0.000438,0.05
2023-04-20,271.13,0.001307,0.05
2023-04-21,269.48,0.002283,0.05
2023-04-22,267.86,0.003098,0.05
2023-04-23,267.77,0.001726,0.05
2023-04-24,267.61,0.005623,0.05
2023-04-25,267.2,0.003571,0.05
2023-04-26,269.15,0.001297,0.05
2023-04-27,269.41,0.002526,0.05
2023-04-28,270.0,0.002366,0.05
2023-04-29,270.3,0.003353,0.05
2023-04-30,270.58,0.011145,0.05
2023-05-01,268.95,0.010683,0.05
2023-05-02,268.02,0.003629,0.05
2023-05-03,269.77,0.007893,0.05
2023-05-04,268.26,0.00594,0.05
2023-05-05,269.18,0.000133,0.05
2023-05-06,270.13,0.000609,0.05
2023-05-07,270.14,0.000637,0.05
2023-05-08,269.75,0.001378,0.05
2023-05-09,269.69,5.3e-05,0.05
2023-05-10,269.44,0.000207,0.05
2023-05-11,269.69,0.003219,0.05
2023-05-12,270.48,0.002038,0.05
2023-05-13,271.86,0.00245,0.05
2023-05-14,272.47,0.005839,0.05
2023-05-15,271.65,0.002388,0.05
2023-05-16,271.87,0.003923,0.05
2023-05-17,273.11,0.005065,0.05
2023-05-18,273.81,0.004345,0.05
2023-05-19,272.12,0.002747,0.05
2023-05-20,271.9,0.002185,0.05
2023-05-21,272.57,0.003601,0.05
2023-05-22,274.47,0.00217,0.05
2023-05-23,273.58,0.004992,0.05
2023-05-24,274.82,0.006771,0.05
2023-05-25,273.4,0.006296,0.05
2023-05-26,272.85,0.003919,0.05
2023-05-27,272.83,0.005131,0.05
2023-05-28,273.28,0.002845,0.05
2023-05-29,274.88,0.004243,0.05
2023-05-30,275.58,0.001633,0.05
2023-05-31,275.92,0.001139,0.05
2023-06-01,275.79,0.000894,0.05
2023-06-02,274.62,0.002467,0.05
2023-06-03,273.95,0.00142,0.05
2023-06-04,275.57,0.001269,0.05
2023-06-05,275.08,0.003138,0.05
2023-06-06,274.49,0.003442,0.05
2023-06-07,275.18,0.002019,0.05
2023-06-08,275.77,0.003326,0.05
2023-06-09,276.77,0.002856,0.05
2023-06-10,277.04,0.00458,0.05
2023-06-11,277.57,0.004885,0.05
2023-06-12,277.95,0.006203,0.05
2023-06-13,277.71,0.006479,0.05
2023-06-14,277.37,0.030887,0.05
2023-06-15,276.47,0.001143,0.05
2023-06-16,277.03,0.000326,0.05
2023-06-17,277.31,0.002973,0.05
2023-06-18,278.1,0.003444,0.05
2023-06-19,277.75,0.004597,0.05
2023-06-20,278.23,0.005558,0.05
2023-06-21,278.96,0.007013,0.05
2023-06-22,279.61,0.006756,0.05
2023-06-23,280.1,0.019278,0.05
2023-06-24,279.23,0.012217,0.05
2023-06-25,278.81,0.016293,0.05
2023-06-26,278.19,0.010918,0.05
2023-06-27,278.33,0.008496,0.05
2023-06-28,278.46,0.010012,0.05
2023-06-29,278.17,0.01414,0.05
2023-06-30,277.91,0.012708,0.05
2023-07-01,278.2,0.009843,0.05
2023-07-02,278.74,0.00742,0.05
2023-07-03,278.63,0.019908,0.05
2023-07-04,277.96,0.013876,0.05
2023-07-05,277.7,0.007913,0.05
2023-07-06,278.58,0.007072,0.05
2023-07-07,278.9,0.012147,0.05
2023-07-08,279.26,0.016378,0.05
2023-07-09,279.4,0.015038,0.05
2023-07-10,279.32,0.006888,0.05
2023-07-11,279.39,0.007119,0.05
2023-07-12,278.78,0.023822,0.05
2023-07-13,278.92,0.01141,0.05
2023-07-14,278.9,0.013843,0.05
2023-07-15,279.43,0.02204,0.05
2023-07-16,279.38,0.024403,0.05
2023-07-17,278.7,0.031106,0.05
2023-07-18,277.45,0.024685,0.05
2023-07-19,278.17,0.012689,0.05
2023-07-20,279.44,0.012889,0.05
2023-07-21,279.04,0.013957,0.05
2023-07-22,278.72,0.009641,0.05
2023-07-23,278.27,0.01652,0.05
2023-07-24,277.72,0.011193,0.05
2023-07-25,278.03,0.017902,0.05
2023-07-26,278.41,0.00995,0.05
2023-07-27,278.74,0.010376,0.05
2023-07-28,279.05,0.010613,0.05
2023-07-29,278.85,0.018503,0.05
2023-07-30,279.17,0.006319,0.05
2023-07-31,279.54,0.011615,0.05
2023-08-01,279.72,0.012642,0.05
2023-08-02,279.68,0.011524,0.05
2023-08-03,279.58,0.008782,0.05
2023-08-04,279.12,0.009413,0.05
2023-08-05,279.22,0.019027,0.05
2023-08-06,278.97,0.009902,0.05
2023-08-07,279.21,0.026729,0.05
2023-08-08,278.3,0.019757,0.05
2023-08-09,279.02,0.011712,0.05
2023-08-10,279.31,0.008639,0.05
2023-08-11,279.57,0.008968,0.05
2023-08-12,279.66,0.014819,0.05
2023-08-13,278.5,0.032441,0.05
2023-08-14,278.59,0.009042,0.05
2023-08-15,279.35,0.006742,0.05
2023-08-16,279.44,0.007465,0.05
2023-08-17,279.14,0.019367,0.05
2023-08-18,279.4,0.008799,0.05
2023-08-19,279.76,0.010095,0.05
2023-08-20,279.65,0.024683,0.05
2023-08-21,278.98,0.012876,0.05
2023-08-22,279.04,0.007967,0.05
2023-08-23,278.39,0.016804,0.05
2023-08-24,277.77,0.057397,0.05
2023-08-25,277.56,0.035978,0.05
2023-08-26,277.47,0.019357,0.05
2023-08-27,277.64,0.005776,0.05
2023-08-28,277.05,0.016599,0.05
2023-08-29,277.64,0.004997,0.05
2023-08-30,278.59,0.00641,0.05
2023-08-31,278.8,0.007952,0.05
2023-09-01,279.04,0.005369,0.05
2023-09-02,278.88,0.002985,0.05
2023-09-03,278.0,0.005526,0.05
2023-09-04,276.96,0.007083,0.05
2023-09-05,276.71,0.005053,0.05
2023-09-06,277.13,0.003951,0.05
2023-09-07,277.76,0.006678,0.05
2023-09-08,278.14,0.00732,0.05
2023-09-09,277.62,0.006652,0.05
2023-09-10,277.76,0.007617,0.05
2023-09-11,278.4,0.005924,0.05
2023-09-12,278.61,0.00991,0.05
2023-09-13,278.52,0.008167,0.05
2023-09-14,278.48,0.003366,0.05
2023-09-15,277.79,0.004748,0.05
2023-09-16,276.93,0.001754,0.05
2023-09-17,276.87,0.004458,0.05
2023-09-18,276.81,0.008914,0.05
2023-09-19,277.03,0.007876,0.05
2023-09-20,277.59,0.010551,0.05
2023-09-21,277.37,0.018132,0.05
2023-09-22,276.83,0.011365,0.05
2023-09-23,275.75,0.015816,0.05
2023-09-24,276.14,0.004763,0.05
2023-09-25,275.71,0.002333,0.05
2023-09-26,276.24,0.00165,0.05
2023-09-27,276.32,0.001037,0.05
2023-09-28,276.27,0.002967,0.05
2023-09-29,276.18,0.004439,0.05
2023-09-30,276.51,0.007301,0.05
2023-10-01,277.07,0.01172,0.05
2023-10-02,276.9,0.010867,0.05
2023-10-03,276.55,0.008486,0.05
2023-10-04,276.35,0.013903,0.05
2023-10-05,275.96,0.002341,0.05
2023-10-06,275.24,0.001273,0.05
2023-10-07,275.55,0.000543,0.05
2023-10-08,275.54,0.001036,0.05
2023-10-09,275.96,0.000693,0.05
2023-10-10,274.25,0.001029,0.05
2023-10-11,273.38,0.000305,0.05
2023-10-12,273.12,0.002438,0.05
2023-10-13,272.55,0.001161,0.05
2023-10-14,272.69,0.000837,0.05
2023-10-15,272.45,0.000444,0.05
2023-10-16,271.54,0.000626,0.05
2023-10-17,269.9,0.003734,0.05
2023-10-18,268.99,0.000706,0.05
2023-10-19,269.17,0.000556,0.05
2023-10-20,269.85,0.000198,0.05
2023-10-21,270.5,0.000839,0.05
2023-10-22,270.28,0.000693,0.05
2023-10-23,269.52,0.000803,0.05
2023-10-24,269.27,0.000815,0.05
2023-10-25,269.41,0.000691,0.05
2023-10-26,269.83,0.001561,0.05
2023-10-27,270.09,0.000652,0.05
2023-10-28,271.2,0.001235,0.05
2023-10-29,271.36,0.000474,0.05
2023-10-30,270.21,0.000655,0.05
2023-10-31,270.51,0.000415,0.05
2023-11-01,270.45,0.000133,0.05
2023-11-02,270.02,0.000125,0.05
2023-11-03,268.71,7.2e-05,0.05
2023-11-04,267.9,0.000135,0.05
2023-11-05,268.93,0.000478,0.05
2023-11-06,269.35,0.000178,0.05
2023-11-07,268.67,0.00101,0.05
2023-11-08,268.1,0.000545,0.05
2023-11-09,269.47,0.000324,0.05
2023-11-10,269.32,0.00012,0.05
2023-11-11,267.79,0.000401,0.05
2023-11-12,268.62,0.001473,0.05
2023-11-13,269.76,0.000104,0.05
2023-11-14,270.5,0.000325,0.05
2023-11-15,270.52,0.000415,0.05
2023-11-16,270.55,0.000311,0.05
2023-11-17,269.55,0.000359,0.05
2023-11-18,270.54,8.1e-05,0.05
2023-11-19,272.44,6.1e-05,0.05
2023-11-20,270.89,2.5e-05,0.05
2023-11-21,268.83,0.000135,0.05
2023-11-22,268.72,0.000214,0.05
2023-11-23,268.09,0.000442,0.05
2023-11-24,267.74,0.000386,0.05
2023-11-25,268.43,0.00015,0.05
2023-11-26,270.69,2e-06,0.05
2023-11-27,270.88,0.000229,0.05
2023-11-28,267.86,0.003104,0.05
2023-11-29,266.05,0.000204,0.05
2023-11-30,266.24,0.000179,0.05
2023-12-01,266.65,0.000235,0.05
2023-12-02,265.99,7e-06,0.05
2023-12-03,267.18,1e-06,0.05
2023-12-04,267.69,0.002094,0.05
2023-12-05,268.12,0.000195,0.05
2023-12-06,269.47,0.000145,0.05
2023-12-07,268.15,0.00316,0.05
2023-12-08,266.53,5.5e-05,0.05
2023-12-09,266.84,1.4e-05,0.05
2023-12-10,266.75,0.000111,0.05
2023-12-11,266.41,0.00022,0.05
2023-12-12,263.49,0.001042,0.05
2023-12-13,262.06,0.0001,0.05
2023-12-14,267.24,1.1e-05,0.05
2023-12-15,271.24,2e-06,0.05
2023-12-16,270.37,8e-06,0.05
2023-12-17,267.2,2e-06,0.05
2023-12-18,266.44,2e-06,0.05
2023-12-19,268.18,7.4e-05,0.05
2023-12-20,268.88,1.2e-05,0.05
2023-12-21,268.84,6e-06,0.05
2023-12-22,270.61,2.3e-05,0.05
2023-12-23,267.94,0.000768,0.05
2023-12-24,265.67,0.001732,0.05
2023-12-25,266.35,0.000104,0.05
2023-12-26,267.65,3.3e-05,0.05
2023-12-27,266.08,0.000692,0.05
2023-12-28,266.17,0.001565,0.05
2023-12-29,264.85,0.000165,0.05
2023-12-30,264.32,0.000183,0.05
2023-12-31,263.29,0.000116,0.05
2024-01-01,262.17,1.2e-05,0.05
2024-01-02,262.02,6e-05,0.05
2024-01-03,261.34,1.9e-05,0.05
2024-01-04,261.66,0.000101,0.05
2024-01-05,262.49,0.00037,0.05
2024-01-06,262.14,0.000376,0.05
2024-01-07,263.01,0.000532,0.05
2024-01-08,265.03,0.000213,0.05
2024-01-09,265.81,3.3e-05,0.05
2024-01-10,266.04,2.5e-05,0.05
2024-01-11,266.46,2e-06,0.05
2024-01-12,266.59,1.7e-05,0.05
2024-01-13,268.14,0.000191,0.05
2024-01-14,266.11,0.0002,0.05
2024-01-15,263.59,0.004568,0.05
2024-01-16,262.09,0.001508,0.05
2024-01-17,260.5,0.000205,0.05
2024-01-18,260.78,2.2e-05,0.05
2024-01-19,263.6,0.000101,0.05
2024-01-20,263.34,0.000248,0.05
2024-01-21,262.63,0.00066,0.05
2024-01-22,265.03,0.000137,0.05
2024-01-23,261.71,0.000664,0.05
2024-01-24,260.38,0.000442,0.05
2024-01-25,260.39,5.9e-05,0.05
2024-01-26,260.14,0.001208,0.05
2024-01-27,262.12,0.000489,0.05
2024-01-28,263.81,0.000235,0.05
2024-01-29,263.06,0.000763,0.05
2024-01-30,262.85,0.000873,0.05
2024-01-31,262.88,0.000322,0.05
2024-02-01,261.71,0.001252,0.05
2024-02-02,260.77,9.3e-05,0.05
2024-02-03,263.65,3.4e-05,0.05
2024-02-04,264.08,0.001646,0.05
2024-02-05,262.89,0.000254,0.05
2024-02-06,262.44,9.1e-05,0.05
2024-02-07,264.28,0.00025,0.05
2024-02-08,264.69,0.000199,0.05
2024-02-09,264.01,0.000171,0.05
2024-02-10,263.3,0.000285,0.05
2024-02-11,262.52,0.000228,0.05
2024-02-12,264.15,1e-05,0.05
2024-02-13,264.81,0.000258,0.05
2024-02-14,263.98,0.00383,0.05
2024-02-15,263.62,0.001083,0.05
2024-02-16,264.9,0.000356,0.05
2024-02-17,266.59,0.000279,0.05
2024-02-18,267.06,0.00073,0.05
2024-02-19,266.43,0.000491,0.05
2024-02-20,264.34,0.000574,0.05
2024-02-21,262.73,0.001073,0.05
2024-02-22,261.31,0.002894,0.05
2024-02-23,259.35,0.000585,0.05
2024-02-24,259.53,0.000189,0.05
2024-02-25,262.47,8.2e-05,0.05
2024-02-26,266.45,6.2e-05,0.05
2024-02-27,265.67,0.000763,0.05
2024-02-28,265.4,0.000246,0.05
2024-02-29,266.44,0.000151,0.05
2024-03-01,268.68,0.00015,0.05
2024-03-02,267.9,0.00196,0.05
2024-03-03,266.05,0.014363,0.05
2024-03-04,262.2,7.9e-05,0.05
2024-03-05,262.49,1.4e-05,0.05
2024-03-06,263.35,0.000191,0.05
2024-03-07,262.4,0.000146,0.05
2024-03-08,263.41,0.000258,0.05
2024-03-09,264.93,0.000287,0.05
2024-03-10,268.27,0.000233,0.05
2024-03-11,268.17,0.000253,0.05
2024-03-12,266.56,1.7e-05,0.05
2024-03-13,265.96,0.00118,0.05
2024-03-14,265.39,1.6e-05,0.05
2024-03-15,265.7,0.000622,0.05
2024-03-16,265.4,7.5e-05,0.05
2024-03-17,265.94,2.3e-05,0.05
2024-03-18,265.6,0.00052,0.05
2024-03-19,265.22,0.002754,0.05
2024-03-20,266.48,0.011668,0.05
2024-03-21,266.18,0.008566,0.05
2024-03-22,266.67,0.001173,0.05
2024-03-23,264.59,0.003117,0.05
2024-03-24,267.44,0.000427,0.05
2024-03-25,265.66,0.000749,0.05
2024-03-26,267.18,0.001339,0.05
2024-03-27,269.34,0.004235,0.05
2024-03-28,271.21,0.002445,0.05
2024-03-29,271.72,0.00271,0.05
2024-03-30,270.93,0.000856,0.05
2024-03-31,269.21,2.8e-05,0.05
2024-04-01,270.04,0.000132,0.05
2024-04-02,270.66,0.000366,0.05
2024-04-03,269.91,0.001033,0.05
2024-04-04,269.96,0.000548,0.05
2024-04-05,269.65,0.000266,0.05
2024-04-06,268.92,0.00137,0.05
2024-04-07,268.71,0.000895,0.05
2024-04-08,267.49,0.003169,0.05
2024-04-09,267.05,0.00048,0.05
2024-04-10,267.08,0.001182,0.05
2024-04-11,267.8,0.001669,0.05
2024-04-12,269.04,0.003319,0.05
2024-04-13,269.94,0.00369,0.05
2024-04-14,270.96,0.001684,0.05
2024-04-15,272.98,0.002362,0.05
2024-04-16,272.45,0.003399,0.05
2024-04-17,273.31,0.000395,0.05
2024-04-18,273.6,0.004693,0.05
2024-04-19,273.47,0.002639,0.05
2024-04-20,272.48,0.00013,0.05
2024-04-21,272.79,1e-06,0.05
2024-04-22,272.3,3e-05,0.05
2024-04-23,270.72,0.000623,0.05
2024-04-24,270.64,0.001261,0.05
2024-04-25,271.82,2.3e-05,0.05
2024-04-26,272.17,0.000558,0.05
2024-04-27,272.58,0.000209,0.05
2024-04-28,272.81,0.000233,0.05
2024-04-29,273.32,0.000189,0.05
2024-04-30,273.02,1e-06,0.05
2024-05-01,270.25,0.001074,0.05
2024-05-02,270.05,3.3e-05,0.05
2024-05-03,273.71,0.000595,0.05
2024-05-04,272.99,0.000948,0.05
2024-05-05,272.21,0.004681,0.05
2024-05-06,272.37,0.004766,0.05
2024-05-07,271.78,0.010135,0.05
2024-05-08,271.4,0.008196,0.05
2024-05-09,271.62,0.007355,0.05
2024-05-10,272.08,0.00424,0.05
2024-05-11,274.04,0.006563,0.05
2024-05-12,272.3,0.009534,0.05
2024-05-13,273.43,0.004023,0.05
2024-05-14,274.16,0.001356,0.05
2024-05-15,274.44,0.001319,0.05
2024-05-16,274.9,0.001381,0.05
2024-05-17,275.84,0.002985,0.05
2024-05-18,275.4,0.001133,0.05
2024-05-19,275.14,0.007029,0.05
2024-05-20,275.51,0.010877,0.05
2024-05-21,275.53,0.009035,0.05
2024-05-22,275.62,0.011312,0.05
2024-05-23,275.73,0.009817,0.05
2024-05-24,276.69,0.008115,0.05
2024-05-25,277.6,0.010509,0.05
2024-05-26,278.01,0.015369,0.05
2024-05-27,278.48,0.009593,0.05
2024-05-28,278.01,0.010587,0.05
2024-05-29,276.94,0.000314,0.05
2024-05-30,277.18,0.000123,0.05
2024-05-31,277.18,0.001137,0.05
2024-06-01,276.38,0.000229,0.05
2024-06-02,276.27,0.001731,0.05
2024-06-03,276.17,0.004672,0.05
2024-06-04,275.97,0.00248,0.05
2024-06-05,276.68,0.001038,0.05
2024-06-06,277.53,0.001028,0.05
2024-06-07,277.45,0.001308,0.05
2024-06-08,278.01,0.001534,0.05
2024-06-09,279.03,0.001156,0.05
2024-06-10,280.02,0.000426,0.05
2024-06-11,279.61,0.004821,0.05
2024-06-12,279.12,0.004358,0.05
2024-06-13,279.37,0.001277,0.05
2024-06-14,279.56,0.001808,0.05
2024-06-15,279.69,0.000681,0.05
2024-06-16,279.74,0.005779,0.05
2024-06-17,280.04,0.010889,0.05
2024-06-18,279.56,0.016819,0.05
2024-06-19,278.52,0.054986,0.05
2024-06-20,278.08,0.007515,0.05
2024-06-21,278.48,0.005054,0.05
2024-06-22,278.68,0.009476,0.05
2024-06-23,279.44,0.008224,0.05
2024-06-24,279.61,0.007737,0.05
2024-06-25,280.01,0.009387,0.05
2024-06-26,278.16,0.048789,0.05
2024-06-27,278.81,0.010453,0.05
2024-06-28,279.37,0.011679,0.05
2024-06-29,279.07,0.02812,0.05
2024-06-30,279.32,0.032136,0.05
2024-07-01,279.88,0.022735,0.05
2024-07-02,279.53,0.023028,0.05
2024-07-03,279.27,0.021195,0.05
2024-07-04,279.42,0.01528,0.05
2024-07-05,278.92,0.035752,0.05
2024-07-06,277.47,0.053702,0.05
2024-07-07,277.87,0.007635,0.05
2024-07-08,278.64,0.003299,0.05
2024-07-09,279.69,0.007514,0.05
2024-07-10,279.59,0.016569,0.05
2024-07-11,279.59,0.092723,0.05
2024-07-12,277.87,0.033206,0.05
2024-07-13,278.63,0.007286,0.05
2024-07-14,279.35,0.013014,0.05
2024-07-15,280.24,0.016885,0.05
2024-07-16,279.84,0.021268,0.05
2024-07-17,279.28,0.014445,0.05
2024-07-18,280.21,0.032562,0.05
2024-07-19,279.45,0.024612,0.05
2024-07-20,280.24,0.016751,0.05
2024-07-21,279.57,0.023278,0.05
2024-07-22,279.76,0.012278,0.05
2024-07-23,279.79,0.016572,0.05
2024-07-24,280.24,0.011574,0.05
2024-07-25,280.24,0.014098,0.05
2024-07-26,280.29,0.009737,0.05
2024-07-27,280.84,0.017384,0.05
2024-07-28,281.07,0.022014,0.05
2024-07-29,280.75,0.024688,0.05
2024-07-30,280.9,0.018807,0.05
2024-07-31,279.87,0.012619,0.05
2024-08-01,279.4,0.010842,0.05
2024-08-02,279.2,0.018354,0.05
2024-08-03,279.14,0.014191,0.05
2024-08-04,279.06,0.007188,0.05
2024-08-05,279.5,0.019837,0.05
2024-08-06,277.97,0.06196,0.05
2024-08-07,278.16,0.023165,0.05
2024-08-08,277.97,0.017476,0.05
2024-08-09,277.99,0.014209,0.05
2024-08-10,277.97,0.015151,0.05
2024-08-11,277.79,0.018755,0.05
2024-08-12,278.79,0.007494,0.05
2024-08-13,279.08,0.018373,0.05
2024-08-14,278.64,0.019143,0.05
2024-08-15,279.39,0.023842,0.05
2024-08-16,279.16,0.01333,0.05
2024-08-17,279.09,0.008995,0.05
2024-08-18,278.8,0.010329,0.05
2024-08-19,278.57,0.017417,0.05
2024-08-20,278.28,0.014143,0.05
2024-08-21,278.23,0.010202,0.05
2024-08-22,278.26,0.008328,0.05
2024-08-23,278.15,0.011459,0.05
2024-08-24,278.34,0.010996,0.05
2024-08-25,278.08,0.007053,0.05
2024-08-26,277.74,0.006678,0.05
2024-08-27,278.01,0.010943,0.05
2024-08-28,278.1,0.007464,0.05
2024-08-29,277.5,0.008241,0.05
2024-08-30,278.07,0.00508,0.05
2024-08-31,279.38,0.009284,0.05
2024-09-01,278.09,0.03719,0.05
2024-09-02,278.02,0.010335,0.05
2024-09-03,278.01,0.011449,0.05
2024-09-04,278.13,0.017539,0.05
2024-09-05,278.15,0.017953,0.05
2024-09-06,278.18,0.013905,0.05
2024-09-07,278.31,0.011838,0.05
2024-09-08,278.37,0.007143,0.05
2024-09-09,278.45,0.006504,0.05
2024-09-10,278.4,0.003001,0.05
2024-09-11,278.33,0.008099,0.05
2024-09-12,277.67,0.010473,0.05
2024-09-13,277.65,0.007847,0.05
2024-09-14,277.37,0.012689,0.05
2024-09-15,277.15,0.013648,0.05
2024-09-16,276.75,0.011994,0.05
2024-09-17,276.91,0.00334,0.05
2024-09-18,277.27,0.002902,0.05
2024-09-19,278.4,0.005998,0.05
2024-09-20,278.42,0.013064,0.05
2024-09-21,277.78,0.009752,0.05
2024-09-22,277.62,0.003118,0.05
2024-09-23,277.9,0.006796,0.05
2024-09-24,277.93,0.018329,0.05
2024-09-25,277.33,0.014554,0.05
2024-09-26,276.32,0.060823,0.05
2024-09-27,275.63,0.064068,0.05
2024-09-28,275.46,0.036099,0.05
2024-09-29,276.21,0.003026,0.05
2024-09-30,277.32,0.000487,0.05
2024-10-01,277.77,0.000806,0.05
2024-10-02,277.21,0.012501,0.05
2024-10-03,275.68,0.024158,0.05
2024-10-04,276.1,0.00076,0.05
2024-10-05,275.16,0.010253,0.05
2024-10-06,274.9,0.002894,0.05
2024-10-07,274.07,0.000319,0.05
2024-10-08,274.48,0.000196,0.05
2024-10-09,274.0,0.000204,0.05
2024-10-10,274.12,0.000329,0.05
2024-10-11,273.39,3e-06,0.05
2024-10-12,272.72,0.000107,0.05
2024-10-13,272.76,0.00013,0.05
2024-10-14,273.39,0.000527,0.05
2024-10-15,272.6,0.001067,0.05
2024-10-16,272.8,0.001051,0.05
2024-10-17,272.53,0.001946,0.05
2024-10-18,271.01,0.000253,0.05
2024-10-19,270.8,0.000415,0.05
2024-10-20,270.56,0.000514,0.05
2024-10-21,270.97,0.002694,0.05
2024-10-22,270.85,0.00052,0.05
2024-10-23,271.0,0.000881,0.05
2024-10-24,272.81,0.000345,0.05
2024-10-25,273.92,0.000988,0.05
2024-10-26,274.04,0.000421,0.05
2024-10-27,274.68,0.000726,0.05
2024-10-28,274.54,0.0,0.05
2024-10-29,273.99,2.3e-05,0.05
2024-10-30,274.82,0.000501,0.05
