date,temperature_2m_k,total_precip_m_day,snow_depth_m_we
2016-01-01,256.23,0.000976,0.5798
2016-01-02,252.41,0.0,0.5022
2016-01-03,251.94,0.0,0.4571
2016-01-04,254.37,0.0,0.4724
2016-01-05,253.37,0.0,0.4006
2016-01-06,252.64,0.0,0.4276
2016-01-07,256.78,0.0,0.4984
2016-01-08,254.52,0.0,0.5959
2016-01-09,254.01,0.0,0.3527
2016-01-10,254.77,0.0,0.4783
2016-01-11,254.7,0.000769,0.439
2016-01-12,255.39,0.0,0.4617
2016-01-13,253.45,0.000275,0.4271
2016-01-14,254.12,0.000923,0.4863
2016-01-15,256.06,0.0,0.2935
2016-01-16,256.04,0.0,0.3191
2016-01-17,256.88,0.0,0.43
2016-01-18,254.6,0.0,0.2888
2016-01-19,254.89,0.0,0.3813
2016-01-20,254.42,0.0,0.4476
2016-01-21,254.57,0.0,0.4535
2016-01-22,255.76,0.0,0.4184
2016-01-23,257.37,0.000299,0.4092
2016-01-24,254.77,0.0,0.5852
2016-01-25,259.3,0.0,0.4622
2016-01-26,254.97,0.0,0.3688
2016-01-27,256.21,0.000577,0.5282
2016-01-28,254.11,0.0,0.2661
2016-01-29,258.18,0.0,0.4614
2016-01-30,256.89,0.0,0.3767
2016-01-31,256.4,0.0,0.1912
2016-02-01,254.06,0.001283,0.3314
2016-02-02,256.43,0.0,0.4847
2016-02-03,257.53,0.000902,0.5221
2016-02-04,254.04,0.0,0.4115
2016-02-05,257.57,0.0,0.6194
2016-02-06,257.81,0.0,0.3796
2016-02-07,257.05,0.000295,0.7439
2016-02-08,254.86,0.0,0.3476
2016-02-09,256.73,0.0,0.2214
2016-02-10,257.62,0.0,0.5032
2016-02-11,259.41,0.0,0.4703
2016-02-12,257.61,0.001368,0.3927
2016-02-13,257.59,0.0,0.363
2016-02-14,257.02,0.0,0.2172
2016-02-15,258.46,0.000443,0.4812
2016-02-16,258.69,0.0,0.4264
2016-02-17,258.62,0.0,0.4473
2016-02-18,255.77,0.0,0.3427
2016-02-19,257.26,0.002262,0.4265
2016-02-20,261.46,0.0,0.5489
2016-02-21,259.31,0.000595,0.3926
2016-02-22,259.47,0.0,0.4774
2016-02-23,255.71,0.0,0.4026
2016-02-24,260.59,0.000264,0.3627
2016-02-25,259.24,0.0,0.641
2016-02-26,262.55,0.000454,0.4962
2016-02-27,257.35,0.0,0.646
2016-02-28,259.48,0.0,0.4423
2016-02-29,259.2,0.0,0.4349
2016-03-01,262.75,0.0,0.4404
2016-03-02,262.19,0.000312,0.687
2016-03-03,259.86,0.0,0.2881
2016-03-04,263.1,0.0,0.3302
2016-03-05,259.2,0.000878,0.5572
2016-03-06,261.98,0.000722,0.4284
2016-03-07,259.59,0.000348,0.5338
2016-03-08,263.38,0.0,0.2786
2016-03-09,260.29,0.0,0.5749
2016-03-10,262.08,0.000407,0.6372
2016-03-11,263.56,0.0,0.6361
2016-03-12,261.97,0.0,0.3002
2016-03-13,266.65,0.0,0.6023
2016-03-14,262.58,0.0,0.4035
2016-03-15,261.42,0.0,0.4552
2016-03-16,263.24,0.0,0.5355
2016-03-17,265.7,0.002,0.5995
2016-03-18,262.69,0.0,0.3442
2016-03-19,266.24,0.0,0.4149
2016-03-20,266.42,0.0,0.379
2016-03-21,263.1,0.0,0.4839
2016-03-22,263.34,0.0,0.4221
2016-03-23,264.94,0.0,0.3231
2016-03-24,270.81,0.0,0.5074
2016-03-25,262.37,0.0,0.412
2016-03-26,264.77,0.0,0.4167
2016-03-27,265.22,0.0,0.3637
2016-03-28,269.38,0.000229,0.517
2016-03-29,267.06,0.0,0.3078
2016-03-30,266.68,0.0,0.4835
2016-03-31,263.18,0.0,0.4007
2016-04-01,268.32,0.0,0.595
2016-04-02,267.29,0.0,0.3809
2016-04-03,270.35,0.000278,0.5167
2016-04-04,268.5,0.001481,0.5882
2016-04-05,265.43,0.0,0.4932
2016-04-06,270.39,0.0,0.4423
2016-04-07,266.28,0.000235,0.2656
2016-04-08,269.56,0.0,0.3248
2016-04-09,268.32,0.0,0.74
2016-04-10,269.8,0.0,0.4788
2016-04-11,266.98,0.0,0.3063
2016-04-12,269.11,0.0,0.2725
2016-04-13,269.71,0.0,0.3333
2016-04-14,267.13,0.0,0.5869
2016-04-15,268.52,0.000458,0.6724
2016-04-16,272.74,0.0,0.6471
2016-04-17,270.75,0.000551,0.3599
2016-04-18,270.04,0.0,0.5764
2016-04-19,268.81,0.0,0.5933
2016-04-20,273.69,0.0,0.3356
2016-04-21,268.27,0.0,0.3706
2016-04-22,271.82,0.0,0.4367
2016-04-23,271.68,0.0,0.3724
2016-04-24,269.38,0.0,0.3823
2016-04-25,275.56,0.0,0.4002
2016-04-26,268.42,0.0,0.6265
2016-04-27,269.56,0.0,0.6049
2016-04-28,272.79,0.000489,0.4926
2016-04-29,270.29,0.0,0.5695
2016-04-30,271.34,0.0,0.2364
2016-05-01,273.86,0.0,0.0796
2016-05-02,270.53,0.0,0.0786
2016-05-03,268.27,0.0,0.0927
2016-05-04,272.99,0.0,0.08
2016-05-05,270.26,0.0,0.0861
2016-05-06,276.45,0.0,0.0996
2016-05-07,275.25,0.0,0.055
2016-05-08,277.38,0.0,0.0769
2016-05-09,273.97,0.0,0.0173
2016-05-10,274.92,0.0,0.0216
2016-05-11,275.59,0.0,0.1108
2016-05-12,273.45,0.00058,0.0032
2016-05-13,274.44,0.0,0.0361
2016-05-14,274.92,0.0,0.0
2016-05-15,278.11,0.000126,0.1001
2016-05-16,274.51,0.0,0.0317
2016-05-17,275.05,0.0,0.029
2016-05-18,274.65,0.0,0.049
2016-05-19,274.56,0.0,0.0858
2016-05-20,276.55,0.0,0.0596
2016-05-21,273.87,0.0,0.0313
2016-05-22,274.99,0.000506,0.0318
2016-05-23,274.74,0.004127,0.1041
2016-05-24,273.76,0.0,0.0255
2016-05-25,273.45,0.000163,0.022
2016-05-26,275.84,0.0,0.0488
2016-05-27,276.31,0.0,0.0
2016-05-28,274.87,0.0,0.0778
2016-05-29,275.34,0.0,0.0
2016-05-30,273.44,0.0,0.1271
2016-05-31,273.99,0.0,0.0924
2016-06-01,277.57,0.027946,0.036
2016-06-02,278.45,0.089719,0.0073
2016-06-03,276.11,0.004453,0.0459
2016-06-04,277.14,0.021381,0.0709
2016-06-05,278.87,0.009926,0.1174
2016-06-06,277.35,0.000516,0.0261
2016-06-07,273.57,0.000493,0.0
2016-06-08,279.9,0.055838,0.1102
2016-06-09,276.64,0.015278,0.0778
2016-06-10,276.18,0.0,0.0641
2016-06-11,275.71,0.011766,0.048
2016-06-12,277.65,0.02437,0.0702
2016-06-13,275.5,0.006522,0.0217
2016-06-14,278.58,0.002403,0.0165
2016-06-15,277.09,0.029638,0.1063
2016-06-16,274.67,0.021749,0.0509
2016-06-17,280.02,0.016278,0.0
2016-06-18,275.41,0.026879,0.0829
2016-06-19,275.0,0.01518,0.0758
2016-06-20,275.0,0.003275,0.0892
2016-06-21,276.73,0.004339,0.0356
2016-06-22,278.11,0.029163,0.0137
2016-06-23,274.67,0.0,0.0833
2016-06-24,274.17,0.0,0.0583
2016-06-25,275.46,0.0,0.0
2016-06-26,277.25,0.029163,0.0315
2016-06-27,279.44,0.001119,0.0942
2016-06-28,276.22,0.00076,0.1247
2016-06-29,278.74,0.020274,0.0385
2016-06-30,278.06,0.003806,0.0825
2016-07-01,277.29,0.0,0.0135
2016-07-02,275.16,0.000396,0.0934
2016-07-03,277.71,0.003194,0.0
2016-07-04,275.46,0.007398,0.0126
2016-07-05,275.0,0.021036,0.0568
2016-07-06,275.39,0.005014,0.0162
2016-07-07,275.71,0.0,0.0443
2016-07-08,274.25,0.0,0.0592
2016-07-09,274.61,0.015364,0.0
2016-07-10,275.55,0.007869,0.1195
2016-07-11,277.09,0.002906,0.0386
2016-07-12,275.79,0.0,0.1023
2016-07-13,275.9,0.001996,0.0205
2016-07-14,274.9,0.0,0.0413
2016-07-15,276.19,0.004606,0.0396
2016-07-16,275.06,0.012099,0.0294
2016-07-17,275.39,0.001813,0.1162
2016-07-18,275.89,0.0,0.1122
2016-07-19,275.66,0.005072,0.0857
2016-07-20,275.88,0.0,0.0666
2016-07-21,276.11,0.001181,0.0967
2016-07-22,275.69,0.014622,0.0
2016-07-23,275.0,0.001863,0.0
2016-07-24,273.65,0.036325,0.0139
2016-07-25,276.23,0.079546,0.075
2016-07-26,274.84,0.028403,0.0
2016-07-27,275.1,0.005022,0.0769
2016-07-28,272.67,0.016586,0.0464
2016-07-29,275.35,0.020289,0.0522
2016-07-30,273.2,0.0,0.0237
2016-07-31,275.14,0.0,0.0577
2016-08-01,274.75,0.0,0.0
2016-08-02,275.03,0.075773,0.1221
2016-08-03,275.44,0.025517,0.0974
2016-08-04,269.38,0.004109,0.0
2016-08-05,271.14,0.021895,0.0291
2016-08-06,273.49,0.0,0.0991
2016-08-07,275.35,0.001246,0.0295
2016-08-08,272.36,0.060947,0.1261
2016-08-09,270.8,0.002894,0.0
2016-08-10,273.01,0.010609,0.059
2016-08-11,274.39,0.010283,0.0282
2016-08-12,273.91,0.002539,0.1368
2016-08-13,273.86,0.006806,0.0423
2016-08-14,272.31,0.018069,0.0
2016-08-15,273.71,0.002299,0.0
2016-08-16,269.92,0.005462,0.0856
2016-08-17,271.13,0.003167,0.0467
2016-08-18,270.72,0.011726,0.0
2016-08-19,269.86,0.004478,0.0016
2016-08-20,272.38,0.0,0.0887
2016-08-21,272.43,0.0,0.0518
2016-08-22,272.61,0.049473,0.0217
2016-08-23,269.48,0.003713,0.0115
2016-08-24,270.48,0.018474,0.0072
2016-08-25,271.7,0.006504,0.0
2016-08-26,273.02,0.024499,0.0113
2016-08-27,266.49,0.025371,0.0068
2016-08-28,267.68,0.104807,0.0165
2016-08-29,268.23,0.002013,0.0
2016-08-30,268.86,0.030082,0.0087
2016-08-31,272.39,0.00144,0.0522
2016-09-01,270.1,0.012658,0.1271
2016-09-02,271.37,0.000514,0.0421
2016-09-03,269.5,0.0,0.0259
2016-09-04,269.35,0.002109,0.0889
2016-09-05,268.33,0.005352,0.0935
2016-09-06,268.47,0.0,0.0
2016-09-07,265.44,0.013016,0.0502
2016-09-08,269.19,0.002695,0.0
2016-09-09,265.73,0.0,0.0
2016-09-10,265.59,0.0,0.0
2016-09-11,266.88,0.0,0.0
2016-09-12,264.75,0.003024,0.1231
2016-09-13,267.41,0.0,0.0
2016-09-14,267.01,0.002761,0.0
2016-09-15,266.89,0.015164,0.0468
2016-09-16,265.3,0.0,0.0269
2016-09-17,261.33,0.01303,0.0141
2016-09-18,264.35,0.004294,0.1016
2016-09-19,265.44,0.006265,0.0001
2016-09-20,265.67,0.0,0.0297
2016-09-21,263.95,0.0,0.0183
2016-09-22,262.5,0.001264,0.0672
2016-09-23,263.86,0.0,0.0423
2016-09-24,262.55,0.002441,0.0
2016-09-25,263.3,0.014392,0.0883
2016-09-26,264.32,0.017876,0.0547
2016-09-27,266.64,0.0,0.0626
2016-09-28,260.94,0.057595,0.0897
2016-09-29,258.41,0.0,0.0986
2016-09-30,263.34,0.013183,0.0743
2016-10-01,258.74,0.0,0.0
2016-10-02,262.36,0.0,0.0242
2016-10-03,262.64,0.0,0.0581
2016-10-04,263.38,0.0,0.0293
2016-10-05,261.91,0.000525,0.0
2016-10-06,262.46,0.0,0.0
2016-10-07,263.97,0.000272,0.0
2016-10-08,262.4,0.0,0.0944
2016-10-09,262.9,0.0,0.0416
2016-10-10,259.87,0.0,0.0148
2016-10-11,258.67,0.001913,0.1245
2016-10-12,259.67,0.0,0.074
2016-10-13,259.33,0.0,0.1467
2016-10-14,259.22,0.0,0.0488
2016-10-15,261.08,0.000497,0.0263
2016-10-16,260.95,0.0,0.0926
2016-10-17,258.1,0.000856,0.0
2016-10-18,262.26,0.0,0.0267
2016-10-19,257.19,0.0,0.0966
2016-10-20,262.0,0.0,0.1019
2016-10-21,257.71,0.0,0.0286
2016-10-22,257.19,0.0,0.0521
2016-10-23,259.23,0.0,0.0831
2016-10-24,259.05,0.0,0.0092
2016-10-25,257.96,0.0,0.0988
2016-10-26,254.54,0.0,0.0317
2016-10-27,259.31,0.000819,0.058
2016-10-28,257.13,0.000264,0.0573
2016-10-29,257.59,0.0,0.0897
2016-10-30,256.91,0.0,0.0
2016-10-31,258.22,0.001037,0.0558
2016-11-01,256.39,0.000151,0.3786
2016-11-02,256.98,0.0,0.5493
2016-11-03,257.29,0.000662,0.4721
2016-11-04,258.68,0.0,0.5007
2016-11-05,259.16,0.0,0.6077
2016-11-06,252.54,0.0,0.4015
2016-11-07,256.23,0.0,0.2519
2016-11-08,257.18,0.0,0.2753
2016-11-09,255.3,0.0,0.4406
2016-11-10,255.23,0.0,0.466
2016-11-11,257.81,0.0,0.3479
2016-11-12,256.07,0.0,0.3633
2016-11-13,257.77,0.0,0.6841
2016-11-14,254.8,0.0,0.4292
2016-11-15,256.12,0.0,0.3859
2016-11-16,256.42,0.0,0.5565
2016-11-17,255.79,0.000563,0.2772
2016-11-18,253.03,0.000685,0.6242
2016-11-19,252.78,0.0,0.2276
2016-11-20,255.01,0.0,0.662
2016-11-21,253.33,0.0,0.7087
2016-11-22,252.96,0.0,0.2313
2016-11-23,254.31,0.0,0.2746
2016-11-24,254.27,0.001681,0.3469
2016-11-25,257.84,0.0,0.5105
2016-11-26,252.49,0.0,0.5115
2016-11-27,256.91,0.0,0.4815
2016-11-28,254.2,0.0,0.3766
2016-11-29,255.87,0.0,0.3275
2016-11-30,252.31,0.0,0.4226
2016-12-01,252.44,0.0,0.3482
2016-12-02,252.85,0.0,0.2756
2016-12-03,254.41,0.0,0.382
2016-12-04,254.82,0.0,0.4486
2016-12-05,253.19,0.0,0.5328
2016-12-06,255.71,0.0,0.2008
2016-12-07,253.63,0.0,0.2335
2016-12-08,253.59,0.0,0.5686
2016-12-09,255.92,0.0,0.5273
2016-12-10,255.46,0.001022,0.5526
2016-12-11,251.99,0.000711,0.4275
2016-12-12,254.18,0.0,0.6506
2016-12-13,252.33,0.0,0.3594
2016-12-14,250.41,0.0,0.5041
2016-12-15,255.84,0.0,0.5914
2016-12-16,252.41,0.0,0.3971
2016-12-17,257.37,0.0,0.3476
2016-12-18,251.57,0.0,0.5347
2016-12-19,255.18,0.0,0.4058
2016-12-20,251.68,0.0,0.4201
2016-12-21,251.36,0.0,0.4816
2016-12-22,254.66,0.0,0.5038
2016-12-23,251.5,0.0,0.4737
2016-12-24,252.42,0.0,0.3979
2016-12-25,253.48,0.0,0.3492
2016-12-26,252.47,0.0,0.5124
2016-12-27,250.84,0.0,0.4854
2016-12-28,250.31,0.0,0.5123
2016-12-29,255.22,0.000312,0.3544
2016-12-30,250.67,0.0,0.2439
2016-12-31,253.97,0.00026,0.5028
2017-01-01,253.65,0.0,0.1532
2017-01-02,255.33,0.0,0.4604
2017-01-03,252.79,0.0,0.4783
2017-01-04,257.48,0.000544,0.5039
2017-01-05,254.96,0.0,0.4949
2017-01-06,253.26,0.00021,0.5207
2017-01-07,253.13,0.0,0.6592
2017-01-08,252.27,0.0,0.4117
2017-01-09,256.55,0.0,0.4989
2017-01-10,255.22,0.001408,0.5143
2017-01-11,255.48,0.0,0.4771
2017-01-12,256.56,0.0,0.5065
2017-01-13,251.86,0.0,0.5137
2017-01-14,256.41,0.0,0.5032
2017-01-15,252.71,0.0,0.5922
2017-01-16,257.31,0.000225,0.5034
2017-01-17,256.44,0.0,0.4949
2017-01-18,255.92,0.000161,0.4671
2017-01-19,255.54,0.000368,0.3877
2017-01-20,254.41,0.0,0.326
2017-01-21,254.42,0.0,0.5931
2017-01-22,253.45,0.0,0.3698
2017-01-23,254.12,0.0,0.4858
2017-01-24,255.32,0.0,0.3977
2017-01-25,254.39,0.0,0.6071
2017-01-26,256.7,0.0,0.4754
2017-01-27,256.06,0.0,0.3233
2017-01-28,254.16,0.0,0.7237
2017-01-29,254.82,0.0,0.3925
2017-01-30,260.28,0.0,0.3153
2017-01-31,256.29,0.0,0.5622
2017-02-01,256.25,0.000886,0.5157
2017-02-02,252.58,0.0,0.423
2017-02-03,255.36,0.0,0.4634
2017-02-04,254.71,0.000998,0.2923
2017-02-05,255.71,0.0,0.5618
2017-02-06,256.45,0.0,0.6342
2017-02-07,256.91,0.0,0.6346
2017-02-08,255.45,0.0,0.6278
2017-02-09,256.15,0.000451,0.7026
2017-02-10,256.24,0.0,0.3931
2017-02-11,253.09,0.0,0.493
2017-02-12,258.02,0.0,0.4708
2017-02-13,263.16,0.0,0.3425
2017-02-14,256.92,0.0,0.5902
2017-02-15,259.88,0.0,0.6569
2017-02-16,257.53,0.000187,0.4117
2017-02-17,260.39,0.0,0.5538
2017-02-18,258.34,0.0,0.3583
2017-02-19,259.07,0.0,0.6786
2017-02-20,258.56,0.0,0.5679
2017-02-21,260.35,0.0,0.3644
2017-02-22,258.71,0.0,0.5163
2017-02-23,259.19,0.0,0.3272
2017-02-24,259.13,0.0,0.5871
2017-02-25,260.13,0.0,0.5303
2017-02-26,260.22,0.0,0.2397
2017-02-27,259.69,0.0,0.4203
2017-02-28,258.19,0.0,0.4764
2017-03-01,261.9,0.0,0.5193
2017-03-02,260.02,0.0,0.237
2017-03-03,262.3,0.001413,0.4641
2017-03-04,259.82,0.0,0.4704
2017-03-05,263.63,0.0,0.4424
2017-03-06,261.04,0.0,0.4265
2017-03-07,262.17,0.0,0.635
2017-03-08,260.37,0.0,0.2984
2017-03-09,260.2,0.0,0.3746
2017-03-10,265.08,0.000441,0.4975
2017-03-11,264.71,0.0,0.4016
2017-03-12,262.7,0.0,0.2881
2017-03-13,261.78,0.000181,0.2267
2017-03-14,260.03,0.0,0.5572
2017-03-15,262.04,0.0,0.5429
2017-03-16,264.66,0.0,0.5729
2017-03-17,262.61,0.000843,0.4409
2017-03-18,262.48,0.0,0.4865
2017-03-19,266.84,0.0,0.3167
2017-03-20,259.85,0.0,0.3502
2017-03-21,263.33,0.0,0.4567
2017-03-22,268.19,0.000729,0.3197
2017-03-23,264.56,0.000277,0.4638
2017-03-24,261.93,0.0,0.4518
2017-03-25,265.36,0.0,0.3342
2017-03-26,265.76,0.0,0.3889
2017-03-27,264.56,0.0,0.4598
2017-03-28,265.93,0.0,0.5541
2017-03-29,262.84,0.0,0.5684
2017-03-30,265.09,0.0,0.402
2017-03-31,267.71,0.0,0.3162
2017-04-01,268.87,0.000165,0.3636
2017-04-02,270.77,0.0,0.4194
2017-04-03,264.57,0.0,0.4298
2017-04-04,269.22,0.0,0.4114
2017-04-05,266.83,0.0,0.4341
2017-04-06,268.41,0.0,0.4206
2017-04-07,269.35,0.0,0.4189
2017-04-08,267.08,0.00033,0.3635
2017-04-09,268.44,0.0,0.4184
2017-04-10,271.48,0.0,0.5453
2017-04-11,267.95,0.0,0.4621
2017-04-12,266.96,0.0,0.6008
2017-04-13,268.37,0.000361,0.4645
2017-04-14,268.43,0.0,0.3331
2017-04-15,269.78,0.0,0.5429
2017-04-16,269.96,0.0,0.6449
2017-04-17,270.86,0.0,0.4964
2017-04-18,275.24,0.000287,0.4822
2017-04-19,270.48,0.0,0.4064
2017-04-20,271.45,0.000482,0.3087
2017-04-21,271.26,0.0,0.5167
2017-04-22,272.54,0.0,0.368
2017-04-23,268.27,0.0,0.5634
2017-04-24,270.78,0.0,0.6279
2017-04-25,273.88,0.0,0.4168
2017-04-26,273.91,0.0,0.5567
2017-04-27,273.09,0.0,0.4223
2017-04-28,270.38,0.000627,0.4337
2017-04-29,270.36,0.0,0.3977
2017-04-30,272.52,0.0,0.6788
2017-05-01,275.62,0.0,0.0
2017-05-02,274.23,0.0,0.0094
2017-05-03,272.49,0.0,0.0073
2017-05-04,274.22,0.0,0.0706
2017-05-05,273.03,0.0,0.0974
2017-05-06,272.76,0.000114,0.0689
2017-05-07,272.42,0.0,0.0537
2017-05-08,273.99,0.0,0.0447
2017-05-09,273.4,0.0,0.0135
2017-05-10,277.04,0.0,0.0557
2017-05-11,275.84,0.000409,0.0008
2017-05-12,275.65,0.0,0.0607
2017-05-13,273.34,0.0,0.0806
2017-05-14,273.26,0.0,0.0339
2017-05-15,274.82,0.0,0.0932
2017-05-16,270.14,0.0,0.0472
2017-05-17,273.94,0.0,0.0883
2017-05-18,274.49,0.0,0.0394
2017-05-19,276.97,0.0,0.0251
2017-05-20,275.87,0.0,0.0371
2017-05-21,276.24,0.0,0.0255
2017-05-22,276.71,0.000209,0.0826
2017-05-23,276.27,0.0,0.0916
2017-05-24,275.48,0.0,0.078
2017-05-25,273.71,0.0,0.0298
2017-05-26,275.7,0.0,0.0086
2017-05-27,280.47,0.0,0.0
2017-05-28,276.62,0.0,0.0
2017-05-29,272.44,0.0,0.1244
2017-05-30,274.16,0.000403,0.0703
2017-05-31,276.61,0.000995,0.0901
2017-06-01,275.65,0.007929,0.0
2017-06-02,275.1,0.0,0.042
2017-06-03,276.02,0.004382,0.0
2017-06-04,276.27,0.006772,0.116
2017-06-05,274.76,0.0,0.0584
2017-06-06,277.5,0.032045,0.0452
2017-06-07,274.56,0.046642,0.0855
2017-06-08,276.84,0.009147,0.0
2017-06-09,276.78,0.00539,0.0676
2017-06-10,276.23,0.015851,0.0346
2017-06-11,274.57,0.014951,0.0
2017-06-12,276.59,0.038907,0.0
2017-06-13,276.88,0.0,0.0872
2017-06-14,279.14,0.0,0.0331
2017-06-15,274.39,0.000185,0.0
2017-06-16,278.04,0.0,0.0554
2017-06-17,278.71,0.005798,0.0457
2017-06-18,275.57,0.011443,0.0158
2017-06-19,274.5,0.020155,0.0
2017-06-20,273.88,0.003626,0.0044
2017-06-21,275.82,0.0,0.1292
2017-06-22,275.76,0.001128,0.0031
2017-06-23,277.93,0.007891,0.0426
2017-06-24,277.7,0.0,0.0341
2017-06-25,278.78,0.0,0.1004
2017-06-26,276.24,0.007816,0.0379
2017-06-27,276.41,0.04979,0.0503
2017-06-28,275.5,0.007674,0.0895
2017-06-29,274.45,0.005768,0.0742
2017-06-30,274.46,0.0,0.1202
2017-07-01,277.22,0.0,0.0115
2017-07-02,275.97,0.006045,0.031
2017-07-03,275.22,0.0,0.1109
2017-07-04,273.0,0.006783,0.0767
2017-07-05,274.67,0.003765,0.1696
2017-07-06,276.38,0.001362,0.075
2017-07-07,276.81,0.001797,0.1561
2017-07-08,274.31,0.0,0.0541
2017-07-09,276.95,0.02798,0.0367
2017-07-10,276.39,0.002657,0.0655
2017-07-11,279.7,0.0,0.1382
2017-07-12,277.25,0.015661,0.0664
2017-07-13,275.66,0.020589,0.0751
2017-07-14,276.83,0.051887,0.1007
2017-07-15,273.99,0.003228,0.0505
2017-07-16,276.29,0.050122,0.0557
2017-07-17,276.97,0.0,0.0
2017-07-18,275.9,0.007962,0.097
2017-07-19,274.19,0.040787,0.0423
2017-07-20,276.55,0.032338,0.044
2017-07-21,275.98,0.006579,0.0387
2017-07-22,277.45,0.019693,0.0928
2017-07-23,276.19,0.00081,0.1138
2017-07-24,274.38,0.018295,0.0503
2017-07-25,274.71,0.000466,0.0589
2017-07-26,278.9,0.0,0.0262
2017-07-27,274.34,0.0,0.0426
2017-07-28,275.33,0.046769,0.0123
2017-07-29,275.2,0.03358,0.0513
2017-07-30,273.09,0.020902,0.1134
2017-07-31,275.74,0.025266,0.0
2017-08-01,273.67,0.0,0.0628
2017-08-02,275.38,0.0,0.0448
2017-08-03,275.43,0.005182,0.0679
2017-08-04,271.36,0.001306,0.0328
2017-08-05,274.23,0.020859,0.0809
2017-08-06,272.73,0.024205,0.0443
2017-08-07,273.21,0.007724,0.1151
2017-08-08,274.44,0.001617,0.0225
2017-08-09,269.82,0.032069,0.0844
2017-08-10,273.85,0.0,0.061
2017-08-11,272.45,0.0,0.0999
2017-08-12,272.75,0.002795,0.0149
2017-08-13,274.6,0.01519,0.0591
2017-08-14,274.98,0.048072,0.0611
2017-08-15,270.59,0.148809,0.0651
2017-08-16,271.61,0.0,0.1006
2017-08-17,274.31,0.006897,0.0363
2017-08-18,271.5,0.0,0.0011
2017-08-19,270.25,0.000227,0.0157
2017-08-20,268.72,0.0,0.0725
2017-08-21,270.28,0.0,0.1185
2017-08-22,271.99,0.007342,0.0377
2017-08-23,269.37,0.0,0.0452
2017-08-24,273.17,0.028522,0.0735
2017-08-25,268.32,0.014295,0.1663
2017-08-26,270.06,0.010864,0.0364
2017-08-27,269.33,0.013591,0.08
2017-08-28,268.38,0.0,0.0366
2017-08-29,267.93,0.0,0.0119
2017-08-30,270.08,0.000242,0.0937
2017-08-31,268.2,0.00338,0.0774
2017-09-01,268.28,0.0,0.147
2017-09-02,269.45,0.012704,0.0564
2017-09-03,268.5,0.0,0.0407
2017-09-04,268.89,0.003554,0.1129
2017-09-05,269.07,0.0,0.0601
2017-09-06,267.03,0.014554,0.0658
2017-09-07,269.42,0.00045,0.0928
2017-09-08,270.83,0.0,0.0557
2017-09-09,264.59,0.000524,0.0791
2017-09-10,268.46,0.0,0.069
2017-09-11,266.4,0.005342,0.0494
2017-09-12,261.55,0.0,0.0474
2017-09-13,268.27,0.005728,0.0641
2017-09-14,268.18,0.01129,0.0819
2017-09-15,265.62,0.007945,0.0361
2017-09-16,267.19,0.022092,0.0516
2017-09-17,264.85,0.0,0.0188
2017-09-18,264.8,0.013344,0.0516
2017-09-19,260.46,0.012654,0.068
2017-09-20,267.11,0.017863,0.07
2017-09-21,261.74,0.0,0.0397
2017-09-22,262.9,0.0,0.043
2017-09-23,262.29,0.0,0.0429
2017-09-24,263.19,0.007048,0.081
2017-09-25,266.73,0.0,0.0
2017-09-26,264.51,0.039452,0.0856
2017-09-27,265.36,0.006491,0.0406
2017-09-28,263.0,0.008273,0.0347
2017-09-29,259.5,0.0,0.1215
2017-09-30,261.55,0.01276,0.0349
2017-10-01,259.05,0.0,0.0294
2017-10-02,262.06,0.0,0.038
2017-10-03,261.84,0.00076,0.0691
2017-10-04,261.52,0.0,0.0963
2017-10-05,258.88,0.0,0.1272
2017-10-06,260.64,0.0,0.0018
2017-10-07,260.59,0.0,0.0735
2017-10-08,261.12,0.0,0.0
2017-10-09,262.72,0.0,0.0
2017-10-10,261.16,0.0,0.0
2017-10-11,258.52,0.0,0.0458
2017-10-12,261.6,0.000534,0.0514
2017-10-13,259.49,0.000577,0.0425
2017-10-14,262.36,0.0,0.03
2017-10-15,260.28,0.0,0.113
2017-10-16,261.25,0.0,0.0757
2017-10-17,258.91,0.0,0.0701
2017-10-18,260.36,0.0,0.0308
2017-10-19,255.56,0.0,0.0521
2017-10-20,256.48,0.0,0.0226
2017-10-21,257.79,0.0,0.0332
2017-10-22,256.84,0.000276,0.0531
2017-10-23,261.12,0.0,0.0342
2017-10-24,259.12,0.0,0.0195
2017-10-25,259.73,0.0,0.0569
2017-10-26,259.77,0.00029,0.0643
2017-10-27,257.37,0.0,0.0791
2017-10-28,260.53,0.0,0.1206
2017-10-29,256.84,0.0,0.0658
2017-10-30,256.25,0.0,0.0511
2017-10-31,257.65,0.0,0.0769
2017-11-01,253.94,0.0,0.4571
2017-11-02,262.44,0.0,0.289
2017-11-03,256.23,0.0,0.5128
2017-11-04,255.9,0.0,0.8792
2017-11-05,257.76,0.000453,0.5119
2017-11-06,256.48,0.0,0.4634
2017-11-07,254.99,0.0,0.1979
2017-11-08,256.32,0.0,0.6693
2017-11-09,254.59,0.0,0.3464
2017-11-10,258.21,0.0,0.5215
2017-11-11,256.74,0.0,0.5226
2017-11-12,255.2,0.0,0.5328
2017-11-13,256.28,0.0,0.4365
2017-11-14,257.0,0.0,0.368
2017-11-15,255.98,0.0,0.4016
2017-11-16,254.3,0.0,0.394
2017-11-17,256.68,0.0,0.235
2017-11-18,254.9,0.0,0.2916
2017-11-19,252.95,0.000271,0.3813
2017-11-20,254.58,0.0,0.25
2017-11-21,253.46,0.001299,0.4055
2017-11-22,255.58,0.0,0.4868
2017-11-23,254.01,0.0,0.4346
2017-11-24,253.89,0.0,0.2866
2017-11-25,253.37,0.0,0.5639
2017-11-26,253.01,0.0,0.5019
2017-11-27,255.46,0.0,0.3262
2017-11-28,255.54,0.000583,0.5408
2017-11-29,253.82,0.0,0.3929
2017-11-30,253.62,0.0,0.3459
2017-12-01,250.74,0.0,0.2763
2017-12-02,254.67,0.0,0.2573
2017-12-03,250.35,0.0,0.4072
2017-12-04,252.38,0.0,0.4575
2017-12-05,256.21,0.0,0.4333
2017-12-06,253.27,0.0,0.5025
2017-12-07,254.69,0.0,0.3209
2017-12-08,254.59,0.0,0.5719
2017-12-09,251.64,0.0,0.6694
2017-12-10,255.38,0.0,0.4905
2017-12-11,255.98,0.0,0.4782
2017-12-12,249.41,0.0,0.3287
2017-12-13,254.5,0.0,0.5006
2017-12-14,253.15,0.0,0.1382
2017-12-15,254.17,0.0,0.4342
2017-12-16,253.86,0.000249,0.498
2017-12-17,254.25,0.001207,0.3625
2017-12-18,254.93,0.0,0.702
2017-12-19,250.31,0.0,0.329
2017-12-20,255.52,0.0,0.5302
2017-12-21,253.08,0.0,0.4715
2017-12-22,251.12,0.0,0.4983
2017-12-23,256.75,0.000718,0.3526
2017-12-24,254.39,0.0,0.3655
2017-12-25,255.04,0.0,0.3577
2017-12-26,252.94,0.0,0.2892
2017-12-27,252.4,0.0,0.2102
2017-12-28,254.5,0.001309,0.2053
2017-12-29,252.8,0.001396,0.333
2017-12-30,253.24,0.0,0.477
2017-12-31,255.28,0.0,0.503
2018-01-01,251.14,0.000175,0.6064
2018-01-02,251.65,0.000699,0.4372
2018-01-03,254.51,0.001063,0.537
2018-01-04,254.12,0.00057,0.463
2018-01-05,251.92,0.0,0.7032
2018-01-06,252.52,0.0,0.6095
2018-01-07,253.83,0.0,0.3181
2018-01-08,257.07,0.0,0.4175
2018-01-09,252.78,0.0,0.5646
2018-01-10,251.89,0.0,0.4167
2018-01-11,253.45,0.000345,0.3708
2018-01-12,252.95,0.0,0.4208
2018-01-13,253.3,0.0,0.3317
2018-01-14,255.03,0.0,0.4739
2018-01-15,252.36,0.0,0.4332
2018-01-16,253.72,0.000948,0.5222
2018-01-17,254.19,0.0,0.3161
2018-01-18,255.66,0.0,0.2423
2018-01-19,255.01,0.0,0.4874
2018-01-20,255.15,0.00085,0.3625
2018-01-21,252.37,0.0,0.3117
2018-01-22,258.03,0.001964,0.2649
2018-01-23,255.75,0.000482,0.6436
2018-01-24,254.32,0.0,0.5487
2018-01-25,255.4,0.0,0.3579
2018-01-26,255.14,0.000172,0.4601
2018-01-27,254.43,0.000329,0.3671
2018-01-28,254.6,0.0,0.4983
2018-01-29,255.78,0.0,0.3806
2018-01-30,256.66,0.0,0.3998
2018-01-31,253.73,0.00059,0.4355
2018-02-01,253.86,0.000784,0.326
2018-02-02,258.87,0.0,0.3525
2018-02-03,256.84,0.001205,0.1112
2018-02-04,253.54,0.0,0.3792
2018-02-05,254.25,0.000544,0.3073
2018-02-06,254.35,0.0,0.4111
2018-02-07,257.18,0.0,0.3692
2018-02-08,251.92,0.0,0.4091
2018-02-09,256.77,0.0,0.3629
2018-02-10,258.08,0.001408,0.6375
2018-02-11,254.66,0.0,0.5636
2018-02-12,255.58,0.0,0.4423
2018-02-13,255.59,0.00203,0.3583
2018-02-14,256.71,0.0,0.6225
2018-02-15,260.78,0.0,0.4554
2018-02-16,257.02,0.0,0.3987
2018-02-17,255.66,0.0,0.4663
2018-02-18,257.86,0.00027,0.4116
2018-02-19,261.32,0.0,0.5408
2018-02-20,259.18,0.0,0.6039
2018-02-21,258.74,0.0,0.3818
2018-02-22,260.64,0.0,0.5558
2018-02-23,260.21,0.000226,0.5495
2018-02-24,256.18,0.0,0.6441
2018-02-25,258.04,0.0,0.5299
2018-02-26,261.82,0.0,0.4717
2018-02-27,262.11,0.0,0.5768
2018-02-28,262.58,0.0,0.4966
2018-03-01,258.64,0.0,0.5319
2018-03-02,263.27,0.0,0.2248
2018-03-03,261.65,0.0,0.4092
2018-03-04,263.91,0.0,0.2285
2018-03-05,258.79,0.0,0.5541
2018-03-06,260.95,0.0,0.3141
2018-03-07,261.35,0.000492,0.288
2018-03-08,260.43,0.0,0.4194
2018-03-09,265.96,0.0,0.2485
2018-03-10,263.66,0.0,0.5931
2018-03-11,265.46,0.0,0.15
2018-03-12,262.23,0.0,0.2408
2018-03-13,262.52,0.0,0.4115
2018-03-14,264.4,0.000368,0.4896
2018-03-15,263.43,0.0,0.6222
2018-03-16,265.03,0.003593,0.3206
2018-03-17,263.25,0.0,0.2687
2018-03-18,264.1,0.0,0.3792
2018-03-19,262.73,0.000214,0.1976
2018-03-20,264.54,0.0,0.4831
2018-03-21,265.59,0.000265,0.5124
2018-03-22,264.66,0.0,0.6716
2018-03-23,265.1,0.0,0.6514
2018-03-24,264.54,0.0,0.2982
2018-03-25,263.34,0.0,0.3753
2018-03-26,269.04,0.0,0.4172
2018-03-27,264.81,0.000984,0.5318
2018-03-28,268.53,0.000762,0.1953
2018-03-29,265.59,0.0,0.4962
2018-03-30,267.77,0.0,0.397
2018-03-31,267.9,0.0,0.6087
2018-04-01,267.49,0.0,0.5816
2018-04-02,266.23,0.002803,0.5648
2018-04-03,265.8,0.0,0.4096
2018-04-04,266.86,0.00026,0.6145
2018-04-05,266.11,0.0,0.42
2018-04-06,271.34,0.0,0.5392
2018-04-07,267.65,0.0,0.6644
2018-04-08,264.97,0.0,0.4315
2018-04-09,269.51,0.0,0.5425
2018-04-10,269.71,0.0,0.3696
2018-04-11,268.78,0.000992,0.5042
2018-04-12,271.88,0.0,0.541
2018-04-13,268.88,0.0,0.4616
2018-04-14,270.76,0.0,0.4824
2018-04-15,269.1,0.0,0.3003
2018-04-16,268.98,0.000477,0.5563
2018-04-17,273.44,0.0,0.3803
2018-04-18,270.98,0.0,0.3894
2018-04-19,271.42,0.0007,0.3119
2018-04-20,269.81,0.0,0.4451
2018-04-21,270.07,0.0,0.4414
2018-04-22,267.9,0.0,0.6635
2018-04-23,271.67,0.0,0.4939
2018-04-24,272.5,0.0,0.2695
2018-04-25,271.79,0.0,0.5241
2018-04-26,271.61,0.000688,0.4596
2018-04-27,272.12,0.000398,0.6147
2018-04-28,270.48,0.0,0.5182
2018-04-29,269.88,0.0,0.4121
2018-04-30,272.18,0.0,0.503
2018-05-01,270.99,0.0,0.0805
2018-05-02,273.7,0.0,0.0837
2018-05-03,271.8,0.0,0.0659
2018-05-04,276.04,0.0,0.0111
2018-05-05,271.58,0.0,0.0671
2018-05-06,270.54,0.0,0.0582
2018-05-07,274.8,0.0,0.0354
2018-05-08,272.85,0.00047,0.1259
2018-05-09,273.36,0.0,0.0256
2018-05-10,277.71,0.000267,0.0633
2018-05-11,272.83,0.000154,0.066
2018-05-12,271.43,5.2e-05,0.063
2018-05-13,276.66,0.000835,0.0205
2018-05-14,275.58,0.0,0.0638
2018-05-15,273.85,0.0,0.0807
2018-05-16,274.82,0.0,0.0204
2018-05-17,273.53,0.0,0.0364
2018-05-18,277.32,0.0,0.0246
2018-05-19,275.09,0.0,0.0649
2018-05-20,275.19,0.0,0.0138
2018-05-21,270.88,0.0,0.1245
2018-05-22,277.31,0.0,0.0249
2018-05-23,277.53,0.0,0.0598
2018-05-24,271.1,0.0,0.091
2018-05-25,279.99,0.0,0.0
2018-05-26,275.76,0.0,0.0
2018-05-27,277.26,0.002357,0.0955
2018-05-28,276.13,0.0,0.0128
2018-05-29,277.03,0.0,0.0
2018-05-30,275.97,0.0,0.0909
2018-05-31,277.12,0.0,0.0097
2018-06-01,277.39,0.01303,0.0899
2018-06-02,273.93,0.0,0.0445
2018-06-03,275.55,0.000498,0.1395
2018-06-04,278.68,0.035352,0.0736
2018-06-05,277.61,0.015542,0.0113
2018-06-06,277.3,0.0,0.0436
2018-06-07,273.61,0.016947,0.0
2018-06-08,275.47,0.017099,0.0
2018-06-09,279.28,0.002317,0.0819
2018-06-10,277.37,0.024049,0.0746
2018-06-11,275.61,0.009691,0.061
2018-06-12,277.7,0.005706,0.0697
2018-06-13,275.56,0.011442,0.1151
2018-06-14,274.46,0.0,0.0172
2018-06-15,276.16,0.004999,0.0138
2018-06-16,281.54,0.003228,0.1066
2018-06-17,276.06,0.018007,0.0204
2018-06-18,280.41,0.010926,0.0709
2018-06-19,276.97,0.009848,0.1706
2018-06-20,278.15,0.0,0.0
2018-06-21,278.12,0.000504,0.0046
2018-06-22,274.51,0.0,0.0189
2018-06-23,275.41,0.030265,0.0084
2018-06-24,278.73,0.0,0.0318
2018-06-25,279.59,0.000467,0.0931
2018-06-26,278.75,0.0,0.0587
2018-06-27,273.88,0.054141,0.0322
2018-06-28,276.51,0.0,0.0571
2018-06-29,279.16,0.0,0.0717
2018-06-30,275.9,0.024105,0.0429
2018-07-01,273.45,0.021993,0.081
2018-07-02,278.15,0.011382,0.1034
2018-07-03,278.45,0.001763,0.1367
2018-07-04,279.94,0.0,0.1326
2018-07-05,275.69,0.012767,0.1387
2018-07-06,276.72,0.007875,0.0
2018-07-07,277.3,0.023067,0.0
2018-07-08,272.45,0.007638,0.0689
2018-07-09,279.01,0.005975,0.0337
2018-07-10,278.57,0.002336,0.08
2018-07-11,275.13,0.000647,0.0047
2018-07-12,275.74,0.007471,0.0858
2018-07-13,278.04,0.003594,0.04
2018-07-14,274.79,0.005903,0.0423
2018-07-15,272.02,0.011426,0.0675
2018-07-16,276.66,0.001568,0.0589
2018-07-17,277.02,0.0,0.084
2018-07-18,272.34,0.011556,0.0377
2018-07-19,272.61,0.009999,0.0437
2018-07-20,275.57,0.007861,0.0798
2018-07-21,274.0,0.022885,0.112
2018-07-22,276.6,0.002228,0.0585
2018-07-23,281.67,0.009918,0.0
2018-07-24,272.84,0.004258,0.0551
2018-07-25,274.22,0.009719,0.0
2018-07-26,275.12,0.026929,0.0462
2018-07-27,273.63,0.005892,0.0513
2018-07-28,274.67,0.016896,0.06
2018-07-29,275.57,0.0,0.0
2018-07-30,272.6,0.00963,0.0261
2018-07-31,273.43,0.030847,0.075
2018-08-01,271.43,0.000189,0.0843
2018-08-02,272.08,0.003778,0.0714
2018-08-03,274.02,0.0,0.0586
2018-08-04,275.49,0.0,0.0
2018-08-05,271.88,0.000427,0.0549
2018-08-06,271.78,0.009662,0.0416
2018-08-07,273.34,0.002688,0.1041
2018-08-08,272.82,0.013856,0.0449
2018-08-09,273.03,0.0416,0.0233
2018-08-10,272.27,0.010221,0.0269
2018-08-11,271.31,0.003268,0.0891
2018-08-12,276.35,0.004832,0.0086
2018-08-13,273.27,0.008315,0.1328
2018-08-14,272.47,0.0,0.0101
2018-08-15,270.95,0.006501,0.0989
2018-08-16,272.94,0.0,0.0529
2018-08-17,270.88,0.012473,0.0326
2018-08-18,272.4,0.026476,0.0091
2018-08-19,269.41,0.0,0.0536
2018-08-20,271.5,0.0,0.0193
2018-08-21,269.97,0.000176,0.0366
2018-08-22,273.38,0.116534,0.0539
2018-08-23,272.21,0.013951,0.0463
2018-08-24,268.42,0.0,0.0666
2018-08-25,271.49,0.0,0.0799
2018-08-26,270.65,0.01194,0.0608
2018-08-27,271.6,0.007969,0.1361
2018-08-28,266.45,0.001269,0.0645
2018-08-29,270.37,0.00316,0.05
2018-08-30,267.71,0.003701,0.0209
2018-08-31,267.5,0.006704,0.0812
2018-09-01,268.47,0.014169,0.0323
2018-09-02,270.72,0.000982,0.022
2018-09-03,267.96,0.0,0.0269
2018-09-04,269.13,0.0,0.0599
2018-09-05,268.87,0.02639,0.0026
2018-09-06,266.4,0.01875,0.0947
2018-09-07,268.93,0.005075,0.0386
2018-09-08,266.84,0.005544,0.0898
2018-09-09,264.72,0.054748,0.0659
2018-09-10,266.49,0.079093,0.1023
2018-09-11,266.0,0.018128,0.0653
2018-09-12,266.42,0.004217,0.0628
2018-09-13,264.07,0.0,0.0257
2018-09-14,266.55,0.001758,0.1341
2018-09-15,267.92,0.008766,0.0832
2018-09-16,263.29,0.002821,0.0584
2018-09-17,263.66,0.0,0.0144
2018-09-18,268.54,0.027731,0.0195
2018-09-19,264.05,0.041768,0.0752
2018-09-20,264.66,0.003056,0.0222
2018-09-21,264.57,0.057508,0.0971
2018-09-22,264.98,0.013065,0.0
2018-09-23,265.67,0.00624,0.1108
2018-09-24,265.05,0.0,0.0213
2018-09-25,263.1,0.021731,0.0582
2018-09-26,260.87,0.004691,0.0481
2018-09-27,264.82,0.040653,0.0153
2018-09-28,262.26,0.014,0.0732
2018-09-29,263.36,0.000156,0.0426
2018-09-30,263.51,0.003238,0.0
2018-10-01,262.6,0.0,0.0783
2018-10-02,265.18,0.00065,0.0896
2018-10-03,261.95,0.0,0.0587
2018-10-04,260.17,0.0,0.0971
2018-10-05,262.78,0.001252,0.1039
2018-10-06,263.16,0.0,0.0
2018-10-07,263.15,0.0,0.0696
2018-10-08,263.61,0.0,0.0427
2018-10-09,260.89,0.0,0.0829
2018-10-10,263.41,0.0,0.0193
2018-10-11,258.84,0.0,0.0
2018-10-12,262.78,0.0,0.0
2018-10-13,260.88,0.0,0.0704
2018-10-14,259.54,0.0,0.0253
2018-10-15,259.71,0.0,0.0649
2018-10-16,260.93,0.0,0.1071
2018-10-17,259.43,0.0,0.0705
2018-10-18,262.04,0.0,0.1161
2018-10-19,256.25,0.0,0.045
2018-10-20,257.45,0.0,0.008
2018-10-21,258.48,0.0,0.0638
2018-10-22,257.14,0.0,0.015
2018-10-23,259.48,0.0,0.0833
2018-10-24,262.67,0.000872,0.0
2018-10-25,257.57,0.0,0.0996
2018-10-26,256.9,0.0,0.0452
2018-10-27,255.62,0.000273,0.0889
2018-10-28,257.67,0.0,0.0
2018-10-29,257.93,0.0,0.0489
2018-10-30,262.48,0.0,0.0731
2018-10-31,255.42,0.0,0.0463
2018-11-01,256.46,0.0,0.4485
2018-11-02,255.92,0.0,0.6098
2018-11-03,256.13,0.000499,0.4315
2018-11-04,255.9,0.001627,0.4279
2018-11-05,255.32,0.0,0.3101
2018-11-06,257.62,0.0,0.4783
2018-11-07,258.37,0.0,0.4684
2018-11-08,257.69,0.0,0.3368
2018-11-09,254.85,0.0,0.3796
2018-11-10,257.49,0.0,0.478
2018-11-11,258.52,0.0,0.4157
2018-11-12,259.13,0.0,0.4119
2018-11-13,251.19,0.0,0.4543
2018-11-14,253.78,0.0,0.4608
2018-11-15,254.41,0.0,0.4005
2018-11-16,255.6,0.0,0.2443
2018-11-17,256.99,0.0,0.3548
2018-11-18,255.93,0.0,0.6197
2018-11-19,255.26,0.0,0.6761
2018-11-20,257.92,0.0,0.4915
2018-11-21,252.06,0.0,0.4042
2018-11-22,252.31,0.0,0.2404
2018-11-23,253.26,0.0,0.7768
2018-11-24,256.79,0.0,0.391
2018-11-25,250.34,0.0,0.3845
2018-11-26,251.62,0.0,0.626
2018-11-27,254.05,0.0,0.4603
2018-11-28,249.27,0.0,0.588
2018-11-29,254.45,0.0,0.3656
2018-11-30,253.93,0.0,0.4725
2018-12-01,253.11,0.0,0.5129
2018-12-02,253.09,0.0,0.3627
2018-12-03,255.02,0.0,0.4056
2018-12-04,253.33,0.0,0.5974
2018-12-05,252.78,0.0,0.3796
2018-12-06,253.26,0.0,0.6385
2018-12-07,252.83,0.0,0.4678
2018-12-08,251.99,0.0,0.5496
2018-12-09,253.19,0.0,0.4968
2018-12-10,253.36,0.000476,0.5599
2018-12-11,256.03,0.0,0.501
2018-12-12,254.08,0.0,0.6952
2018-12-13,255.28,0.0,0.3792
2018-12-14,250.15,0.0,0.7898
2018-12-15,253.42,0.0,0.4617
2018-12-16,251.17,0.0,0.4741
2018-12-17,248.97,0.000202,0.2664
2018-12-18,254.24,8.1e-05,0.3458
2018-12-19,254.39,0.0,0.3124
2018-12-20,254.33,0.0,0.293
2018-12-21,254.14,0.0,0.6825
2018-12-22,255.1,0.0,0.3464
2018-12-23,250.69,0.0,0.5217
2018-12-24,254.73,0.0,0.4655
2018-12-25,253.02,0.001144,0.4575
2018-12-26,252.56,0.0,0.3615
2018-12-27,252.66,0.0,0.24
2018-12-28,252.77,0.000317,0.7851
2018-12-29,253.33,0.000681,0.4049
2018-12-30,252.07,0.0,0.4283
2018-12-31,254.55,0.000445,0.7307
2019-01-01,248.82,0.001171,0.4951
2019-01-02,250.74,0.0,0.5467
2019-01-03,252.33,0.0,0.5526
2019-01-04,252.12,0.0,0.4928
2019-01-05,256.73,0.0,0.5204
2019-01-06,252.97,0.0,0.3735
2019-01-07,250.48,0.0,0.5923
2019-01-08,253.8,0.0,0.4769
2019-01-09,253.17,0.0,0.5726
2019-01-10,250.58,0.0,0.6049
2019-01-11,256.33,0.0,0.5414
2019-01-12,255.34,0.000446,0.3334
2019-01-13,255.32,0.0,0.3485
2019-01-14,251.58,0.0,0.3784
2019-01-15,251.88,0.0,0.4555
2019-01-16,250.33,0.0,0.3107
2019-01-17,253.42,0.0,0.4795
2019-01-18,255.31,0.0,0.3485
2019-01-19,254.6,0.0,0.4973
2019-01-20,253.58,0.0,0.5095
2019-01-21,256.71,0.0,0.5002
2019-01-22,251.31,0.0,0.3093
2019-01-23,256.57,0.0,0.2084
2019-01-24,254.5,0.001401,0.4089
2019-01-25,252.97,0.0,0.5389
2019-01-26,255.11,0.000157,0.7195
2019-01-27,255.24,0.0,0.6099
2019-01-28,254.28,0.0,0.4819
2019-01-29,252.53,0.0,0.3802
2019-01-30,255.09,0.0,0.3132
2019-01-31,256.19,0.0,0.4234
2019-02-01,254.96,0.0,0.5773
2019-02-02,254.07,0.0,0.496
2019-02-03,256.1,0.0,0.5417
2019-02-04,256.46,0.000235,0.4218
2019-02-05,257.7,0.0,0.5618
2019-02-06,253.34,0.0,0.2335
2019-02-07,259.01,0.0,0.5436
2019-02-08,256.43,0.000463,0.3757
2019-02-09,252.82,0.0,0.4642
2019-02-10,259.41,0.0,0.5304
2019-02-11,258.59,0.000457,0.3957
2019-02-12,254.66,0.000419,0.6211
2019-02-13,258.34,0.000872,0.5338
2019-02-14,256.92,0.000305,0.3645
2019-02-15,258.49,0.0,0.6242
2019-02-16,261.02,0.0,0.5627
2019-02-17,261.59,0.0,0.3624
2019-02-18,259.81,0.0,0.2917
2019-02-19,259.65,0.0,0.3682
2019-02-20,259.24,0.0,0.5388
2019-02-21,258.3,0.0,0.5088
2019-02-22,261.7,0.0,0.4157
2019-02-23,259.71,0.000625,0.5656
2019-02-24,262.09,0.0,0.4757
2019-02-25,259.11,0.0,0.4293
2019-02-26,260.97,0.0,0.775
2019-02-27,261.67,0.0,0.331
2019-02-28,262.0,0.0,0.467
2019-03-01,259.19,0.0,0.4597
2019-03-02,262.78,0.0,0.3668
2019-03-03,260.16,0.000623,0.7177
2019-03-04,261.47,0.0,0.4872
2019-03-05,260.96,0.0,0.4161
2019-03-06,260.71,0.0,0.4058
2019-03-07,259.25,0.000473,0.4611
2019-03-08,260.68,0.0,0.5039
2019-03-09,261.76,0.0,0.4627
2019-03-10,262.04,0.0,0.4231
2019-03-11,261.6,0.0,0.5655
2019-03-12,264.76,0.0,0.6855
2019-03-13,259.27,0.0,0.2883
2019-03-14,260.78,0.000471,0.3704
2019-03-15,259.68,0.0,0.6068
2019-03-16,262.71,0.0,0.6088
2019-03-17,264.84,0.0,0.4475
2019-03-18,265.35,0.0,0.4036
2019-03-19,262.18,0.0,0.4285
2019-03-20,262.3,0.0,0.3475
2019-03-21,262.77,0.0,0.4594
2019-03-22,262.33,0.0,0.4836
2019-03-23,267.55,0.0,0.4776
2019-03-24,270.56,0.0,0.5506
2019-03-25,267.35,0.0,0.7179
2019-03-26,265.9,0.0,0.4379
2019-03-27,264.21,0.0,0.5045
2019-03-28,266.44,0.0,0.4754
2019-03-29,265.99,0.0,0.3893
2019-03-30,268.12,0.000646,0.5096
2019-03-31,267.74,0.0,0.5435
2019-04-01,263.19,0.0,0.3267
2019-04-02,266.15,0.0,0.4951
2019-04-03,267.43,0.0,0.6169
2019-04-04,266.88,0.0,0.181
2019-04-05,264.31,0.0,0.4114
2019-04-06,267.9,0.0,0.1787
2019-04-07,267.81,0.0,0.3243
2019-04-08,268.76,0.000338,0.4823
2019-04-09,269.88,0.001504,0.1723
2019-04-10,267.7,0.0,0.6864
2019-04-11,269.85,0.0,0.4835
2019-04-12,271.75,0.0,0.4142
2019-04-13,269.85,0.0,0.3886
2019-04-14,272.09,0.0,0.6349
2019-04-15,266.1,0.0,0.489
2019-04-16,270.97,0.0,0.6016
2019-04-17,271.95,0.0,0.4365
2019-04-18,267.58,0.0,0.0741
2019-04-19,269.78,0.0,0.5252
2019-04-20,267.74,0.0,0.4678
2019-04-21,269.49,0.000237,0.4172
2019-04-22,271.69,0.001054,0.4559
2019-04-23,268.74,0.0,0.3629
2019-04-24,268.33,0.0,0.2675
2019-04-25,272.6,0.0,0.6217
2019-04-26,270.82,0.000256,0.4212
2019-04-27,274.68,0.000675,0.4472
2019-04-28,270.58,0.0,0.5107
2019-04-29,270.2,0.0,0.3101
2019-04-30,271.35,0.0,0.3667
2019-05-01,271.89,0.000108,0.0643
2019-05-02,273.32,0.0,0.0322
2019-05-03,273.03,0.0,0.0807
2019-05-04,274.32,0.0,0.0579
2019-05-05,269.9,0.000298,0.0667
2019-05-06,275.43,0.0,0.0154
2019-05-07,274.64,0.0,0.013
2019-05-08,273.7,0.0,0.0
2019-05-09,275.86,0.0,0.0161
2019-05-10,272.31,0.0,0.0745
2019-05-11,268.71,0.0,0.0124
2019-05-12,272.4,0.0,0.0207
2019-05-13,273.86,0.0,0.0865
2019-05-14,277.53,0.0,0.1241
2019-05-15,274.29,0.0,0.0452
2019-05-16,273.3,0.0,0.1184
2019-05-17,276.03,0.000146,0.0804
2019-05-18,278.27,0.000308,0.0567
2019-05-19,275.08,0.0,0.0824
2019-05-20,276.56,0.0,0.0455
2019-05-21,274.11,0.000278,0.1074
2019-05-22,278.12,0.0,0.0577
2019-05-23,274.47,0.000313,0.0003
2019-05-24,276.38,0.0,0.0329
2019-05-25,275.41,0.0,0.0646
2019-05-26,276.25,0.0,0.0
2019-05-27,270.64,0.0,0.0862
2019-05-28,275.29,0.0,0.0533
2019-05-29,271.92,0.0,0.038
2019-05-30,277.74,0.000421,0.0987
2019-05-31,278.14,0.0,0.0
2019-06-01,275.23,0.0,0.0073
2019-06-02,276.92,0.0,0.1098
2019-06-03,275.4,0.016354,0.047
2019-06-04,276.16,0.03681,0.0377
2019-06-05,278.48,0.0,0.1635
2019-06-06,276.93,0.00041,0.0675
2019-06-07,275.45,0.018709,0.0471
2019-06-08,277.09,0.009938,0.0593
2019-06-09,278.46,0.009595,0.0652
2019-06-10,276.35,0.005043,0.0
2019-06-11,275.12,0.019249,0.0763
2019-06-12,277.67,0.012252,0.1538
2019-06-13,277.67,0.0001,0.1039
2019-06-14,277.54,0.000846,0.085
2019-06-15,276.79,0.033189,0.0749
2019-06-16,278.78,0.0,0.0688
2019-06-17,275.14,0.006034,0.0495
2019-06-18,276.21,0.000965,0.0761
2019-06-19,275.92,0.001192,0.0773
2019-06-20,274.35,0.0,0.0496
2019-06-21,277.37,0.008987,0.0748
2019-06-22,277.88,0.004335,0.0688
2019-06-23,278.83,0.002508,0.0695
2019-06-24,278.07,0.0,0.0094
2019-06-25,275.99,0.03583,0.0327
2019-06-26,276.35,0.003872,0.0608
2019-06-27,279.6,0.028512,0.0
2019-06-28,279.52,0.0,0.0132
2019-06-29,275.03,0.009727,0.0541
2019-06-30,277.39,0.009394,0.0067
2019-07-01,273.7,0.031081,0.0575
2019-07-02,276.18,0.005703,0.1062
2019-07-03,277.99,0.04729,0.0
2019-07-04,274.12,0.002468,0.0568
2019-07-05,276.91,0.005702,0.0604
2019-07-06,275.99,0.0,0.0
2019-07-07,276.58,0.007595,0.0635
2019-07-08,281.18,0.000437,0.0
2019-07-09,279.84,0.004522,0.0
2019-07-10,279.21,0.016175,0.0266
2019-07-11,277.9,0.013568,0.0529
2019-07-12,276.79,0.013695,0.066
2019-07-13,276.33,0.00217,0.0747
2019-07-14,275.48,0.0,0.0321
2019-07-15,276.03,0.0,0.0374
2019-07-16,275.91,0.001434,0.0709
2019-07-17,272.16,0.0,0.1022
2019-07-18,274.11,0.006638,0.0
2019-07-19,273.9,0.037461,0.0403
2019-07-20,277.97,0.005473,0.0459
2019-07-21,274.59,0.005703,0.0466
2019-07-22,274.84,0.000905,0.0815
2019-07-23,275.76,0.061074,0.0088
2019-07-24,274.43,0.0,0.1185
2019-07-25,275.79,0.0,0.0431
2019-07-26,272.7,0.012146,0.0403
2019-07-27,275.22,0.033685,0.0082
2019-07-28,274.92,0.020124,0.026
2019-07-29,275.9,0.0,0.0564
2019-07-30,275.08,0.018713,0.0496
2019-07-31,273.01,0.0,0.0971
2019-08-01,276.37,0.003279,0.0748
2019-08-02,277.39,0.00178,0.0201
2019-08-03,273.23,0.006803,0.1342
2019-08-04,273.6,0.0,0.033
2019-08-05,271.0,0.001222,0.0318
2019-08-06,275.13,0.038682,0.0369
2019-08-07,274.95,0.013306,0.08
2019-08-08,271.44,0.015007,0.041
2019-08-09,273.67,0.011554,0.026
2019-08-10,274.02,0.0,0.0243
2019-08-11,271.01,0.0,0.0995
2019-08-12,270.88,0.000106,0.0
2019-08-13,271.99,0.018588,0.0542
2019-08-14,271.07,0.025711,0.001
2019-08-15,271.4,0.006894,0.0109
2019-08-16,272.01,0.0,0.0663
2019-08-17,267.63,0.012512,0.0725
2019-08-18,266.74,0.0,0.062
2019-08-19,269.77,0.060058,0.0673
2019-08-20,267.14,0.002172,0.0321
2019-08-21,274.12,0.002471,0.0607
2019-08-22,271.45,0.0,0.0657
2019-08-23,271.81,0.0,0.0096
2019-08-24,272.03,0.008134,0.0924
2019-08-25,268.94,0.005718,0.0823
2019-08-26,269.93,0.008918,0.0754
2019-08-27,269.85,0.0,0.0308
2019-08-28,270.15,0.000788,0.0859
2019-08-29,268.8,0.049016,0.0169
2019-08-30,268.19,0.0,0.0532
2019-08-31,268.58,0.002574,0.0172
2019-09-01,270.67,0.0,0.0989
2019-09-02,270.12,0.011228,0.0517
2019-09-03,266.05,0.010168,0.0658
2019-09-04,269.23,0.0,0.11
2019-09-05,267.89,0.013127,0.0445
2019-09-06,266.64,0.005877,0.0
2019-09-07,266.43,0.01453,0.0
2019-09-08,268.51,0.036753,0.0544
2019-09-09,266.2,0.023757,0.093
2019-09-10,264.75,0.0,0.0
2019-09-11,268.71,0.0,0.0
2019-09-12,268.04,0.0,0.0
2019-09-13,266.38,0.04104,0.123
2019-09-14,268.48,0.0,0.0492
2019-09-15,268.03,0.018195,0.0046
2019-09-16,268.14,0.049846,0.0426
2019-09-17,265.45,0.00942,0.0191
2019-09-18,263.77,0.0,0.0244
2019-09-19,263.25,0.01207,0.0769
2019-09-20,268.54,0.008506,0.0
2019-09-21,264.74,0.015319,0.1055
2019-09-22,264.87,0.00699,0.0585
2019-09-23,264.24,0.054797,0.0975
2019-09-24,264.43,0.017835,0.0397
2019-09-25,264.1,0.00564,0.0811
2019-09-26,263.88,0.00659,0.058
2019-09-27,264.67,0.004923,0.0364
2019-09-28,260.36,0.003,0.0357
2019-09-29,263.9,0.001194,0.0086
2019-09-30,260.35,0.0,0.0915
2019-10-01,261.8,0.000496,0.0222
2019-10-02,261.65,0.000895,0.0194
2019-10-03,259.84,0.0,0.0609
2019-10-04,260.53,0.0,0.0611
2019-10-05,260.65,0.0,0.066
2019-10-06,258.54,0.0,0.0643
2019-10-07,259.43,0.0,0.083
2019-10-08,263.39,0.001632,0.0489
2019-10-09,259.16,0.0,0.0
2019-10-10,261.9,0.0,0.0765
2019-10-11,261.27,0.0,0.0345
2019-10-12,260.16,0.0,0.0
2019-10-13,258.67,0.0,0.0928
2019-10-14,256.81,0.000443,0.0341
2019-10-15,259.07,0.0,0.0206
2019-10-16,261.64,0.0,0.0719
2019-10-17,260.03,0.0,0.0931
2019-10-18,256.04,0.0,0.0
2019-10-19,263.03,0.0,0.0583
2019-10-20,259.92,0.0,0.0507
2019-10-21,257.19,0.0,0.027
2019-10-22,258.55,0.001321,0.0625
2019-10-23,262.07,0.0,0.0592
2019-10-24,260.36,0.0,0.0021
2019-10-25,258.85,0.00097,0.0379
2019-10-26,254.78,0.0,0.0519
2019-10-27,259.74,0.0,0.104
2019-10-28,255.79,0.0,0.0424
2019-10-29,255.8,0.001805,0.0403
2019-10-30,256.1,0.0,0.0
2019-10-31,256.6,0.0,0.002
2019-11-01,258.65,0.0,0.4813
2019-11-02,259.82,0.0,0.4356
2019-11-03,260.4,0.0,0.5806
2019-11-04,258.79,0.0,0.5944
2019-11-05,256.42,0.0,0.2942
2019-11-06,253.06,0.0,0.4562
2019-11-07,255.78,0.0,0.6835
2019-11-08,257.79,0.0,0.4882
2019-11-09,256.15,0.0,0.4212
2019-11-10,254.64,0.0,0.6511
2019-11-11,257.27,0.0,0.2418
2019-11-12,256.23,0.00129,0.4177
2019-11-13,256.91,0.0,0.5056
2019-11-14,258.61,0.0,0.2582
2019-11-15,258.28,0.0,0.3487
2019-11-16,255.48,0.0,0.5098
2019-11-17,254.1,0.0,0.3808
2019-11-18,254.31,0.0,0.4282
2019-11-19,255.51,0.0,0.4776
2019-11-20,254.86,0.0,0.4763
2019-11-21,253.76,0.0,0.3593
2019-11-22,253.25,0.001325,0.6309
2019-11-23,253.82,0.0,0.6468
2019-11-24,257.09,0.0,0.6699
2019-11-25,255.5,0.0,0.4339
2019-11-26,254.06,0.0,0.5546
2019-11-27,249.27,0.000197,0.4261
2019-11-28,248.97,0.0,0.1232
2019-11-29,254.56,0.0,0.242
2019-11-30,253.02,0.0,0.5569
2019-12-01,255.02,0.001886,0.6153
2019-12-02,252.73,0.001553,0.4747
2019-12-03,252.57,0.0,0.4352
2019-12-04,253.99,0.0,0.5359
2019-12-05,255.33,0.0,0.2044
2019-12-06,256.8,0.0,0.4807
2019-12-07,251.29,0.0,0.4403
2019-12-08,252.5,0.0,0.5178
2019-12-09,254.75,0.0,0.4294
2019-12-10,250.64,0.0,0.3194
2019-12-11,253.8,0.0,0.4283
2019-12-12,252.68,0.0,0.5749
2019-12-13,252.8,0.0,0.7789
2019-12-14,254.37,0.0,0.4515
2019-12-15,250.76,0.0,0.3283
2019-12-16,252.21,0.002169,0.3482
2019-12-17,253.23,0.0,0.3882
2019-12-18,249.97,0.0,0.3258
2019-12-19,254.03,0.000771,0.478
2019-12-20,253.99,0.0,0.4625
2019-12-21,258.94,0.0,0.4982
2019-12-22,254.94,0.0,0.311
2019-12-23,253.66,0.0,0.2881
2019-12-24,255.47,0.0,0.3742
2019-12-25,250.4,0.000589,0.2979
2019-12-26,251.08,0.0,0.348
2019-12-27,252.67,0.0,0.551
2019-12-28,252.05,0.0,0.5202
2019-12-29,254.37,0.000211,0.5744
2019-12-30,251.6,0.000211,0.1926
2019-12-31,254.95,0.0,0.3241
2020-01-01,250.12,0.0,0.5831
2020-01-02,250.86,0.0,0.4151
2020-01-03,255.62,0.0,0.4942
2020-01-04,253.14,0.000686,0.3729
2020-01-05,253.28,0.0,0.3791
2020-01-06,254.85,0.001592,0.5594
2020-01-07,252.54,0.0,0.5437
2020-01-08,255.96,0.0,0.3519
2020-01-09,255.34,0.0,0.7804
2020-01-10,253.63,0.0,0.2286
2020-01-11,255.03,0.0,0.2673
2020-01-12,253.72,0.0,0.497
2020-01-13,255.32,0.0,0.4283
2020-01-14,254.66,0.0,0.4826
2020-01-15,257.56,0.0,0.4241
2020-01-16,252.61,0.001348,0.4697
2020-01-17,253.07,0.0,0.5012
2020-01-18,256.75,0.0,0.2259
2020-01-19,254.77,0.0,0.4875
2020-01-20,255.16,0.0,0.6254
2020-01-21,251.63,0.0,0.3876
2020-01-22,255.48,0.0,0.3129
2020-01-23,254.41,0.0,0.3763
2020-01-24,255.7,0.0,0.1742
2020-01-25,255.71,0.0,0.2508
2020-01-26,254.91,0.0,0.4006
2020-01-27,254.89,0.0,0.388
2020-01-28,258.07,0.000155,0.3755
2020-01-29,255.69,0.007332,0.401
2020-01-30,253.92,0.001952,0.4178
2020-01-31,257.62,0.0,0.3943
2020-02-01,255.9,0.0,0.4194
2020-02-02,254.16,0.0,0.6047
2020-02-03,259.56,0.0,0.4318
2020-02-04,254.84,0.0,0.5248
2020-02-05,256.78,0.000624,0.3321
2020-02-06,257.13,0.00049,0.4423
2020-02-07,258.49,0.0,0.5129
2020-02-08,258.29,0.0,0.6237
2020-02-09,258.08,0.0,0.5269
2020-02-10,255.8,0.0,0.3062
2020-02-11,257.23,0.0,0.392
2020-02-12,257.29,0.0,0.6978
2020-02-13,255.59,0.0,0.448
2020-02-14,252.99,0.0,0.4695
2020-02-15,259.26,0.0,0.4084
2020-02-16,261.52,0.001505,0.6524
2020-02-17,257.08,0.0,0.4566
2020-02-18,257.82,0.0,0.4982
2020-02-19,258.43,0.0,0.4131
2020-02-20,259.17,0.0,0.5005
2020-02-21,262.66,0.0,0.5646
2020-02-22,259.6,0.000579,0.7961
2020-02-23,261.37,0.0,0.469
2020-02-24,261.16,0.0,0.6153
2020-02-25,258.53,0.0,0.217
2020-02-26,257.6,0.0,0.2876
2020-02-27,259.98,0.0,0.4927
2020-02-28,260.25,0.0,0.3351
2020-02-29,263.61,0.0,0.3802
2020-03-01,260.05,0.0,0.3137
2020-03-02,262.31,0.0,0.4541
2020-03-03,259.29,0.0,0.2907
2020-03-04,262.3,0.000272,0.6616
2020-03-05,261.38,0.0,0.4555
2020-03-06,256.13,0.0,0.4797
2020-03-07,260.42,0.0,0.429
2020-03-08,266.65,0.001331,0.5807
2020-03-09,263.56,0.00174,0.3422
2020-03-10,262.6,0.0,0.5324
2020-03-11,264.28,0.0,0.3326
2020-03-12,265.15,0.0,0.2187
2020-03-13,265.07,0.0,0.38
2020-03-14,261.83,0.0,0.5214
2020-03-15,261.69,0.0,0.6375
2020-03-16,263.74,0.0,0.499
2020-03-17,265.05,0.0,0.352
2020-03-18,260.63,0.0,0.4546
2020-03-19,261.94,0.0,0.6727
2020-03-20,264.34,0.0,0.2606
2020-03-21,263.65,0.0,0.6153
2020-03-22,268.89,0.000163,0.4079
2020-03-23,261.42,0.0,0.2885
2020-03-24,265.09,0.0,0.5235
2020-03-25,268.03,0.0,0.5657
2020-03-26,267.77,0.0,0.3237
2020-03-27,264.49,0.001016,0.526
2020-03-28,265.86,0.0,0.4557
2020-03-29,265.31,0.001635,0.5098
2020-03-30,267.35,0.0,0.408
2020-03-31,269.85,0.0,0.3799
2020-04-01,267.7,0.0,0.5584
2020-04-02,268.37,0.000734,0.2122
2020-04-03,266.67,0.0,0.4467
2020-04-04,267.07,0.0,0.5349
2020-04-05,270.33,0.0,0.4672
2020-04-06,269.67,0.0,0.5262
2020-04-07,266.36,0.0,0.3725
2020-04-08,268.2,0.000191,0.4378
2020-04-09,266.32,0.0,0.3786
2020-04-10,269.6,0.002317,0.6481
2020-04-11,269.75,0.0,0.3406
2020-04-12,266.21,0.0,0.5836
2020-04-13,267.27,0.0,0.4637
2020-04-14,269.93,0.0,0.3668
2020-04-15,270.36,0.0,0.4648
2020-04-16,270.04,0.000959,0.3979
2020-04-17,268.74,0.0,0.5452
2020-04-18,271.11,0.0,0.4348
2020-04-19,268.46,0.0,0.4107
2020-04-20,272.35,0.0,0.4597
2020-04-21,273.27,0.0,0.537
2020-04-22,270.33,0.0,0.4226
2020-04-23,270.04,0.0,0.5056
2020-04-24,274.13,0.0,0.5602
2020-04-25,272.74,0.0,0.2847
2020-04-26,275.66,0.001825,0.461
2020-04-27,275.85,0.0,0.3275
2020-04-28,274.32,0.0,0.3621
2020-04-29,276.45,0.0,0.4436
2020-04-30,273.08,0.0,0.3261
2020-05-01,273.02,0.0,0.1123
2020-05-02,274.19,0.0,0.0185
2020-05-03,270.16,0.000116,0.1106
2020-05-04,273.97,0.000531,0.0524
2020-05-05,273.87,0.0,0.0869
2020-05-06,271.83,0.0,0.0432
2020-05-07,274.12,0.0,0.0639
2020-05-08,274.45,0.0,0.0876
2020-05-09,272.69,0.0,0.0154
2020-05-10,274.58,0.0,0.048
2020-05-11,279.24,0.0,0.0945
2020-05-12,273.64,0.0,0.0205
2020-05-13,276.44,0.0,0.0293
2020-05-14,273.02,0.0,0.1107
2020-05-15,276.23,0.0,0.0504
2020-05-16,275.29,0.0,0.0136
2020-05-17,274.01,0.0,0.0477
2020-05-18,273.65,0.000291,0.0685
2020-05-19,275.71,0.0,0.0158
2020-05-20,273.9,0.0,0.0253
2020-05-21,277.74,0.0,0.0123
2020-05-22,273.2,0.0,0.0337
2020-05-23,276.48,0.0,0.0823
2020-05-24,273.8,0.0,0.023
2020-05-25,274.26,0.0,0.0
2020-05-26,277.67,0.0,0.0302
2020-05-27,275.61,0.0,0.0853
2020-05-28,274.68,0.0,0.1383
2020-05-29,278.31,0.0,0.0135
2020-05-30,276.37,0.0,0.0939
2020-05-31,276.64,0.0,0.0405
2020-06-01,274.78,0.0159,0.0616
2020-06-02,275.47,0.010951,0.0484
2020-06-03,274.58,0.009242,0.0081
2020-06-04,275.33,0.018532,0.0971
2020-06-05,276.26,0.006507,0.0712
2020-06-06,276.96,0.02877,0.0895
2020-06-07,274.58,0.053817,0.0202
2020-06-08,278.1,0.029803,0.0
2020-06-09,277.13,0.012667,0.1045
2020-06-10,281.89,0.0,0.1368
2020-06-11,278.78,0.024828,0.0617
2020-06-12,275.73,0.009239,0.0637
2020-06-13,275.98,0.0,0.0301
2020-06-14,277.47,0.052796,0.0045
2020-06-15,277.72,0.002462,0.0809
2020-06-16,275.92,0.004873,0.0841
2020-06-17,277.95,0.022167,0.0718
2020-06-18,279.41,0.007167,0.0275
2020-06-19,277.54,0.090869,0.0842
2020-06-20,277.47,0.005008,0.0264
2020-06-21,277.76,0.025858,0.0734
2020-06-22,275.89,0.0152,0.0638
2020-06-23,272.69,0.006415,0.0951
2020-06-24,272.76,0.019676,0.0336
2020-06-25,274.62,0.025886,0.0399
2020-06-26,276.73,0.002783,0.0388
2020-06-27,274.16,0.0,0.0761
2020-06-28,277.32,0.000665,0.0604
2020-06-29,273.44,0.000419,0.0464
2020-06-30,278.72,0.000458,0.022
2020-07-01,276.2,0.0,0.0972
2020-07-02,277.58,0.013759,0.0864
2020-07-03,275.65,0.006099,0.0401
2020-07-04,274.63,0.009246,0.0
2020-07-05,279.11,0.0,0.1188
2020-07-06,278.21,0.0,0.0163
2020-07-07,278.48,0.001432,0.0627
2020-07-08,276.65,0.022374,0.077
2020-07-09,273.55,0.013501,0.139
2020-07-10,274.63,0.003423,0.0984
2020-07-11,274.97,0.0,0.0412
2020-07-12,276.15,0.047201,0.0091
2020-07-13,275.69,0.009331,0.0252
2020-07-14,270.86,0.016441,0.0945
2020-07-15,278.3,0.0,0.0199
2020-07-16,275.18,0.00176,0.0827
2020-07-17,277.84,0.0,0.0
2020-07-18,274.67,0.006637,0.1085
2020-07-19,278.75,0.009494,0.0546
2020-07-20,275.1,0.0,0.022
2020-07-21,277.21,0.020509,0.0
2020-07-22,273.42,0.012898,0.0565
2020-07-23,275.09,0.013673,0.0274
2020-07-24,276.11,0.026357,0.0441
2020-07-25,273.67,0.0,0.0596
2020-07-26,276.97,0.014975,0.0433
2020-07-27,274.4,0.040596,0.0596
2020-07-28,278.92,0.02561,0.0289
2020-07-29,274.89,0.015528,0.0887
2020-07-30,272.28,0.0,0.0092
2020-07-31,271.14,0.002698,0.0
2020-08-01,273.26,0.011802,0.0908
2020-08-02,269.82,0.021539,0.053
2020-08-03,275.04,0.000734,0.0272
2020-08-04,270.59,0.039512,0.0
2020-08-05,276.78,0.007591,0.0911
2020-08-06,276.48,0.037519,0.087
2020-08-07,274.88,0.018133,0.0197
2020-08-08,274.47,0.001052,0.0664
2020-08-09,274.8,0.003752,0.1338
2020-08-10,272.46,0.042308,0.0324
2020-08-11,271.61,0.023589,0.0123
2020-08-12,271.9,0.0,0.0506
2020-08-13,272.61,0.00965,0.0553
2020-08-14,273.31,0.002672,0.0419
2020-08-15,270.33,0.012333,0.0375
2020-08-16,270.38,0.0,0.1211
2020-08-17,269.81,0.017367,0.0136
2020-08-18,271.4,0.0,0.0069
2020-08-19,272.39,0.007213,0.0577
2020-08-20,269.38,0.01289,0.0426
2020-08-21,271.68,0.0,0.0327
2020-08-22,267.78,0.005454,0.0
2020-08-23,272.35,0.0,0.0871
2020-08-24,271.17,0.006036,0.0
2020-08-25,268.13,0.009898,0.0771
2020-08-26,270.38,0.022734,0.0441
2020-08-27,270.51,0.0,0.058
2020-08-28,269.54,0.0,0.0124
2020-08-29,271.76,0.013455,0.0
2020-08-30,268.62,0.001056,0.0487
2020-08-31,269.05,0.088409,0.0472
2020-09-01,271.05,0.048291,0.0858
2020-09-02,267.19,0.0,0.0547
2020-09-03,269.99,0.046111,0.022
2020-09-04,272.16,0.001794,0.0
2020-09-05,268.73,0.036319,0.0817
2020-09-06,270.43,0.0,0.0334
2020-09-07,267.4,0.00079,0.0356
2020-09-08,267.33,0.026948,0.0276
2020-09-09,262.24,0.016401,0.0784
2020-09-10,268.62,0.005487,0.0
2020-09-11,265.69,0.0,0.0454
2020-09-12,266.38,0.006411,0.0689
2020-09-13,266.4,0.023397,0.0748
2020-09-14,266.87,0.004367,0.0338
2020-09-15,263.62,0.056156,0.1042
2020-09-16,264.01,0.008855,0.0155
2020-09-17,262.37,0.0,0.1066
2020-09-18,265.39,0.0,0.0443
2020-09-19,264.4,0.000368,0.0671
2020-09-20,266.0,0.012237,0.0419
2020-09-21,261.47,0.005807,0.0328
2020-09-22,262.32,0.0,0.0617
2020-09-23,262.43,0.003509,0.0
2020-09-24,264.91,0.020813,0.0233
2020-09-25,263.78,0.02627,0.0706
2020-09-26,263.45,0.014756,0.0
2020-09-27,259.52,0.0,0.0603
2020-09-28,262.85,0.004403,0.0205
2020-09-29,266.95,0.009498,0.0812
2020-09-30,261.1,0.0,0.0671
2020-10-01,263.23,0.0,0.076
2020-10-02,263.58,0.000587,0.0607
2020-10-03,260.49,0.0,0.0964
2020-10-04,261.09,0.0,0.0578
2020-10-05,262.83,0.0,0.0
2020-10-06,262.04,0.0,0.0983
2020-10-07,263.26,0.0,0.0528
2020-10-08,261.15,0.0,0.0684
2020-10-09,261.84,0.000378,0.0222
2020-10-10,260.3,0.0,0.1057
2020-10-11,261.32,0.000828,0.0435
2020-10-12,262.33,0.001226,0.0648
2020-10-13,265.34,0.0,0.0711
2020-10-14,263.52,0.0,0.0396
2020-10-15,259.37,0.000662,0.0552
2020-10-16,258.23,0.0,0.1154
2020-10-17,260.62,0.0,0.049
2020-10-18,258.02,0.0,0.0015
2020-10-19,258.08,0.0,0.1042
2020-10-20,258.09,0.001875,0.0307
2020-10-21,260.94,0.0,0.0246
2020-10-22,261.55,0.0,0.0
2020-10-23,257.98,0.0,0.0981
2020-10-24,253.88,0.0,0.0415
2020-10-25,256.72,0.003482,0.0722
2020-10-26,253.4,0.000395,0.0
2020-10-27,255.27,0.0,0.0566
2020-10-28,255.8,0.0,0.0324
2020-10-29,257.84,0.0,0.0408
2020-10-30,259.4,0.0,0.0429
2020-10-31,256.61,0.0,0.1503
2020-11-01,256.71,0.0,0.3279
2020-11-02,253.26,0.0,0.3906
2020-11-03,258.09,0.0,0.368
2020-11-04,256.4,0.000241,0.5952
2020-11-05,258.91,0.0,0.4563
2020-11-06,258.01,0.000399,0.4712
2020-11-07,257.21,0.001468,0.3399
2020-11-08,257.63,0.0,0.4141
2020-11-09,257.09,0.0,0.2444
2020-11-10,255.98,0.0003,0.3807
2020-11-11,255.85,0.0,0.3272
2020-11-12,257.46,0.0,0.6124
2020-11-13,253.85,0.0,0.5479
2020-11-14,256.9,0.0,0.4968
2020-11-15,256.55,0.0,0.4227
2020-11-16,254.33,0.0,0.6117
2020-11-17,253.94,0.0,0.4425
2020-11-18,256.04,0.0,0.6971
2020-11-19,254.01,0.0,0.5095
2020-11-20,256.44,0.0,0.3811
2020-11-21,253.14,0.0,0.4659
2020-11-22,254.43,0.000531,0.7444
2020-11-23,253.28,0.0,0.5172
2020-11-24,254.45,0.000202,0.5004
2020-11-25,255.34,0.001349,0.4501
2020-11-26,255.66,0.0,0.333
2020-11-27,251.32,0.0,0.5106
2020-11-28,254.93,0.0,0.5581
2020-11-29,256.1,0.0,0.4493
2020-11-30,256.42,0.0,0.2283
2020-12-01,252.95,0.0,0.2214
2020-12-02,251.7,0.0,0.5313
2020-12-03,256.84,0.0,0.4863
2020-12-04,251.84,0.000604,0.6465
2020-12-05,255.81,0.0,0.3958
2020-12-06,252.22,0.0,0.3391
2020-12-07,250.93,0.000925,0.2672
2020-12-08,251.62,0.0,0.427
2020-12-09,253.09,0.0,0.433
2020-12-10,257.05,0.000524,0.343
2020-12-11,249.43,0.0,0.4738
2020-12-12,252.64,0.0,0.5107
2020-12-13,252.16,0.0,0.3455
2020-12-14,254.09,0.0,0.6053
2020-12-15,251.3,0.0,0.5718
2020-12-16,256.51,0.001554,0.3408
2020-12-17,254.36,0.0,0.5366
2020-12-18,253.02,0.0,0.4022
2020-12-19,254.92,0.0,0.4145
2020-12-20,252.16,0.0,0.4196
2020-12-21,251.28,0.0,0.4435
2020-12-22,254.19,0.000999,0.2234
2020-12-23,252.05,0.0,0.3604
2020-12-24,252.85,0.0,0.3455
2020-12-25,253.83,0.0,0.489
2020-12-26,253.16,0.0,0.6213
2020-12-27,253.4,0.0,0.5406
2020-12-28,249.98,0.0,0.5404
2020-12-29,252.53,0.0,0.5632
2020-12-30,255.66,0.0,0.6283
2020-12-31,253.86,0.001526,0.6195
2021-01-01,254.31,0.0,0.2145
2021-01-02,255.55,0.0,0.559
2021-01-03,254.05,0.000832,0.5108
2021-01-04,254.36,0.0,0.3518
2021-01-05,256.71,0.0,0.5505
2021-01-06,250.98,0.0,0.3354
2021-01-07,254.51,0.0,0.4651
2021-01-08,252.86,0.0,0.3901
2021-01-09,254.15,0.000527,0.3396
2021-01-10,253.48,0.000491,0.6996
2021-01-11,254.79,0.0,0.4634
2021-01-12,256.08,0.0,0.6303
2021-01-13,252.42,0.0,0.3459
2021-01-14,258.65,0.000226,0.4931
2021-01-15,252.99,0.0,0.6118
2021-01-16,253.34,0.0,0.3416
2021-01-17,254.07,0.0,0.4458
2021-01-18,254.43,0.0,0.3776
2021-01-19,252.41,0.0,0.7255
2021-01-20,253.99,0.0,0.5754
2021-01-21,253.13,0.000822,0.3745
2021-01-22,253.46,0.0,0.4129
2021-01-23,255.7,0.0,0.355
2021-01-24,251.83,0.0,0.6504
2021-01-25,254.12,0.000464,0.3652
2021-01-26,253.98,0.0,0.5069
2021-01-27,252.5,0.0,0.5159
2021-01-28,256.2,0.0,0.4309
2021-01-29,256.45,0.0,0.1854
2021-01-30,255.78,0.0,0.5537
2021-01-31,256.94,0.0,0.2544
2021-02-01,254.25,0.0,0.3832
2021-02-02,259.39,0.0,0.5662
2021-02-03,255.45,0.0,0.6828
2021-02-04,257.58,0.0,0.4807
2021-02-05,257.39,0.0,0.7219
2021-02-06,255.83,0.0,0.4143
2021-02-07,256.48,0.0,0.3041
2021-02-08,255.24,0.000238,0.4694
2021-02-09,255.85,0.0,0.3569
2021-02-10,256.46,0.0,0.6791
2021-02-11,256.57,0.0,0.4201
2021-02-12,258.51,0.0,0.5321
2021-02-13,253.86,0.000581,0.6332
2021-02-14,257.22,0.0,0.5627
2021-02-15,255.98,0.0,0.6675
2021-02-16,260.38,0.000937,0.7083
2021-02-17,260.6,0.001882,0.4772
2021-02-18,260.57,0.0,0.5424
2021-02-19,257.76,0.0,0.4657
2021-02-20,258.79,0.0,0.427
2021-02-21,256.09,0.000579,0.331
2021-02-22,256.63,0.0,0.5436
2021-02-23,259.87,0.0,0.4575
2021-02-24,260.98,0.0,0.5617
2021-02-25,259.8,0.0,0.2525
2021-02-26,260.15,0.00048,0.3629
2021-02-27,260.01,0.001305,0.5878
2021-02-28,258.33,0.0,0.6668
2021-03-01,261.77,0.000451,0.4223
2021-03-02,260.86,0.0,0.5857
2021-03-03,257.66,0.0,0.6108
2021-03-04,259.41,0.000404,0.5459
2021-03-05,262.29,0.00042,0.4265
2021-03-06,262.5,0.0,0.4026
2021-03-07,263.86,0.0,0.4775
2021-03-08,261.06,0.0,0.4147
2021-03-09,262.33,0.0,0.4918
2021-03-10,263.23,0.0,0.3194
2021-03-11,264.4,0.0,0.3903
2021-03-12,264.11,0.001345,0.4453
2021-03-13,263.18,0.000653,0.5031
2021-03-14,264.88,0.0,0.396
2021-03-15,267.34,0.0,0.5292
2021-03-16,262.4,0.0,0.5572
2021-03-17,264.39,0.0,0.5124
2021-03-18,262.81,0.0,0.3406
2021-03-19,265.13,0.0,0.3103
2021-03-20,264.22,0.0,0.6115
2021-03-21,268.82,0.0,0.4278
2021-03-22,266.25,0.0,0.3062
2021-03-23,266.66,0.0,0.2149
2021-03-24,267.35,0.0,0.3308
2021-03-25,265.59,0.0,0.396
2021-03-26,266.96,0.0,0.5157
2021-03-27,266.15,0.0,0.6245
2021-03-28,264.98,0.00034,0.5326
2021-03-29,266.01,0.000281,0.3377
2021-03-30,267.36,0.0,0.6618
2021-03-31,266.66,0.0,0.6027
2021-04-01,265.45,0.0,0.7224
2021-04-02,267.6,0.0,0.314
2021-04-03,273.77,0.000681,0.2928
2021-04-04,267.24,0.0,0.6154
2021-04-05,267.72,0.0,0.464
2021-04-06,264.68,0.0,0.2902
2021-04-07,268.47,0.0,0.4107
2021-04-08,266.18,0.0,0.2406
2021-04-09,268.67,0.0,0.4469
2021-04-10,270.34,0.000999,0.3394
2021-04-11,267.67,0.0,0.4999
2021-04-12,267.01,0.000785,0.3549
2021-04-13,269.23,0.0,0.6486
2021-04-14,273.4,0.0,0.5593
2021-04-15,266.93,0.0,0.576
2021-04-16,267.21,0.0,0.2586
2021-04-17,269.07,0.0,0.4121
2021-04-18,269.21,0.0,0.3429
2021-04-19,271.45,0.000256,0.2047
2021-04-20,272.78,0.0,0.3721
2021-04-21,271.67,0.0,0.5171
2021-04-22,268.58,0.0,0.2942
2021-04-23,274.11,0.0,0.5922
2021-04-24,267.68,0.000632,0.1932
2021-04-25,271.66,0.0,0.6129
2021-04-26,271.19,0.0,0.3352
2021-04-27,272.77,0.0,0.3873
2021-04-28,270.53,0.0,0.3905
2021-04-29,270.4,0.0,0.6222
2021-04-30,273.24,0.0,0.3879
2021-05-01,270.73,0.0,0.0431
2021-05-02,272.8,0.0,0.0
2021-05-03,271.48,0.0,0.118
2021-05-04,270.92,0.0,0.0063
2021-05-05,273.68,0.0,0.1137
2021-05-06,275.12,0.0,0.0
2021-05-07,273.36,0.0,0.0737
2021-05-08,270.87,0.0,0.055
2021-05-09,274.76,0.0,0.0335
2021-05-10,273.01,0.0,0.0345
2021-05-11,275.12,0.0,0.0633
2021-05-12,277.83,0.0,0.039
2021-05-13,271.63,0.0,0.0507
2021-05-14,273.4,0.000208,0.0064
2021-05-15,272.25,0.0,0.086
2021-05-16,274.44,0.0,0.0715
2021-05-17,276.46,0.0,0.0773
2021-05-18,276.27,0.0,0.0534
2021-05-19,273.47,0.0,0.0946
2021-05-20,275.6,0.0,0.0921
2021-05-21,275.28,0.0,0.0
2021-05-22,277.37,0.0,0.073
2021-05-23,276.81,0.000495,0.0234
2021-05-24,274.6,0.002545,0.0823
2021-05-25,274.17,0.0,0.0
2021-05-26,274.78,0.0,0.0954
2021-05-27,275.29,0.0,0.0923
2021-05-28,276.42,0.0,0.0958
2021-05-29,276.78,0.0,0.0841
2021-05-30,277.67,0.0,0.0326
2021-05-31,278.48,0.002553,0.0623
2021-06-01,276.41,0.044719,0.072
2021-06-02,277.43,0.0053,0.0743
2021-06-03,275.15,0.000668,0.0746
2021-06-04,276.88,0.0,0.0608
2021-06-05,275.06,0.000902,0.0
2021-06-06,275.01,0.00465,0.049
2021-06-07,275.4,0.008384,0.0891
2021-06-08,276.39,0.018707,0.1083
2021-06-09,279.28,0.007357,0.0129
2021-06-10,277.33,0.017354,0.0842
2021-06-11,275.76,0.0,0.0646
2021-06-12,276.51,0.019345,0.0315
2021-06-13,275.79,0.01198,0.0486
2021-06-14,277.65,0.025269,0.0
2021-06-15,277.43,0.015146,0.0563
2021-06-16,275.6,0.0,0.002
2021-06-17,275.71,0.0,0.0597
2021-06-18,276.06,0.0,0.0527
2021-06-19,272.85,0.011269,0.0688
2021-06-20,280.09,0.00964,0.0951
2021-06-21,276.03,0.065866,0.1354
2021-06-22,277.4,0.04179,0.0
2021-06-23,277.78,0.087984,0.0795
2021-06-24,276.35,0.018499,0.0361
2021-06-25,276.85,0.0,0.0
2021-06-26,279.19,0.020015,0.0758
2021-06-27,278.18,0.001101,0.0
2021-06-28,275.8,0.003061,0.0
2021-06-29,276.77,0.01643,0.0447
2021-06-30,277.87,0.022055,0.0507
2021-07-01,275.84,0.012687,0.0
2021-07-02,276.23,0.094248,0.1736
2021-07-03,276.96,0.014334,0.0684
2021-07-04,276.17,0.000247,0.0
2021-07-05,279.15,0.007046,0.035
2021-07-06,276.74,0.001731,0.0177
2021-07-07,276.8,0.011606,0.0074
2021-07-08,278.24,0.0,0.0
2021-07-09,276.9,0.024928,0.0599
2021-07-10,276.41,0.0,0.005
2021-07-11,274.2,0.0,0.0507
2021-07-12,276.94,0.011474,0.0561
2021-07-13,274.74,0.0,0.0783
2021-07-14,271.05,0.035162,0.0475
2021-07-15,274.69,0.014138,0.0067
2021-07-16,276.1,0.00962,0.0498
2021-07-17,277.84,0.0,0.0689
2021-07-18,272.6,0.011074,0.0464
2021-07-19,276.73,0.096166,0.1328
2021-07-20,275.48,0.000494,0.0398
2021-07-21,275.97,0.002255,0.0808
2021-07-22,275.88,0.005756,0.0844
2021-07-23,277.1,0.011511,0.0888
2021-07-24,276.93,0.048445,0.0
2021-07-25,274.51,0.018094,0.0693
2021-07-26,277.32,0.015191,0.1306
2021-07-27,275.44,0.009592,0.1736
2021-07-28,274.66,0.041686,0.0
2021-07-29,272.36,0.013007,0.0963
2021-07-30,271.21,0.002959,0.0817
2021-07-31,277.22,0.011302,0.0455
2021-08-01,273.24,0.009864,0.0192
2021-08-02,277.88,0.0,0.0872
2021-08-03,272.13,0.004227,0.1197
2021-08-04,273.52,0.019892,0.0617
2021-08-05,273.25,0.0,0.0494
2021-08-06,270.04,0.005358,0.0659
2021-08-07,269.11,0.0,0.0
2021-08-08,272.13,0.012616,0.0579
2021-08-09,274.18,0.0,0.0052
2021-08-10,271.61,0.02919,0.0363
2021-08-11,273.88,0.007723,0.0631
2021-08-12,270.33,0.0,0.0202
2021-08-13,270.34,0.005789,0.1143
2021-08-14,270.92,0.010268,0.0964
2021-08-15,274.01,0.017572,0.0384
2021-08-16,270.95,0.003247,0.034
2021-08-17,271.45,0.0,0.0721
2021-08-18,270.91,0.0,0.0184
2021-08-19,276.54,0.0,0.0491
2021-08-20,271.05,0.000487,0.0106
2021-08-21,266.73,0.0,0.0634
2021-08-22,273.07,0.0,0.0784
2021-08-23,269.27,0.0,0.0
2021-08-24,268.34,0.001792,0.0879
2021-08-25,271.96,0.006524,0.1072
2021-08-26,271.93,0.023591,0.0466
2021-08-27,266.98,0.0,0.059
2021-08-28,268.21,0.010275,0.0405
2021-08-29,268.24,0.01702,0.0363
2021-08-30,270.7,0.004504,0.0
2021-08-31,271.2,0.00467,0.0289
2021-09-01,269.11,0.002169,0.0704
2021-09-02,272.0,0.075511,0.0163
2021-09-03,269.33,0.002061,0.0278
2021-09-04,270.11,0.000594,0.0
2021-09-05,266.44,0.178038,0.1059
2021-09-06,266.21,0.0,0.0234
2021-09-07,269.99,0.024826,0.0236
2021-09-08,269.64,0.023829,0.0443
2021-09-09,267.91,0.013684,0.0013
2021-09-10,267.46,0.017346,0.11
2021-09-11,270.19,0.0,0.0729
2021-09-12,268.7,0.0,0.0175
2021-09-13,265.44,0.005553,0.0566
2021-09-14,266.81,0.0,0.0453
2021-09-15,263.37,0.0,0.0
2021-09-16,264.97,0.016294,0.0367
2021-09-17,264.64,0.0,0.1228
2021-09-18,266.7,0.088067,0.094
2021-09-19,264.2,0.010375,0.0511
2021-09-20,266.34,0.002844,0.0
2021-09-21,264.19,0.0,0.0119
2021-09-22,265.02,0.009703,0.0
2021-09-23,264.59,0.01502,0.0779
2021-09-24,262.08,0.0,0.0298
2021-09-25,263.66,0.007037,0.0109
2021-09-26,263.88,0.009058,0.1259
2021-09-27,263.59,0.0,0.0835
2021-09-28,262.53,0.025845,0.0307
2021-09-29,259.78,0.0,0.0361
2021-09-30,261.05,0.0,0.0776
2021-10-01,262.88,0.0,0.0947
2021-10-02,260.44,0.0,0.073
2021-10-03,259.91,0.0,0.0757
2021-10-04,262.59,0.0,0.1375
2021-10-05,262.6,0.0,0.0
2021-10-06,262.29,0.0,0.0
2021-10-07,260.59,0.0,0.0964
2021-10-08,262.25,0.0,0.1005
2021-10-09,262.17,0.0,0.0839
2021-10-10,262.46,0.000959,0.0725
2021-10-11,259.33,0.00029,0.1049
2021-10-12,261.53,0.000727,0.027
2021-10-13,261.83,0.0,0.0427
2021-10-14,257.81,0.0,0.0654
2021-10-15,258.8,0.0,0.0872
2021-10-16,258.15,0.000587,0.0078
2021-10-17,260.18,0.0,0.0063
2021-10-18,257.35,0.0,0.132
2021-10-19,258.95,0.0,0.0558
2021-10-20,257.99,0.0,0.0761
2021-10-21,255.88,0.0,0.1293
2021-10-22,259.77,0.000989,0.0862
2021-10-23,258.45,0.0,0.1012
2021-10-24,256.18,0.0,0.0883
2021-10-25,257.77,0.0,0.0817
2021-10-26,257.52,0.0,0.0505
2021-10-27,258.97,0.0,0.0466
2021-10-28,257.8,0.001339,0.0611
2021-10-29,255.3,0.0,0.001
2021-10-30,253.61,0.0,0.0
2021-10-31,257.53,0.0,0.0542
2021-11-01,256.24,0.0,0.6293
2021-11-02,256.97,0.0,0.5452
2021-11-03,254.38,0.000766,0.1455
2021-11-04,257.03,0.0,0.4032
2021-11-05,257.5,0.0,0.5972
2021-11-06,256.07,0.0,0.6022
2021-11-07,256.62,0.0,0.5825
2021-11-08,253.23,0.0,0.6714
2021-11-09,256.12,0.0,0.3564
2021-11-10,257.08,0.0,0.4118
2021-11-11,257.99,0.0,0.6274
2021-11-12,254.58,0.0,0.3511
2021-11-13,257.84,0.0,0.7099
2021-11-14,253.96,0.000795,0.4056
2021-11-15,254.16,0.0,0.2266
2021-11-16,256.49,0.0,0.4014
2021-11-17,258.2,0.0,0.445
2021-11-18,258.13,0.002649,0.3235
2021-11-19,255.42,0.0,0.4429
2021-11-20,254.08,0.0,0.5854
2021-11-21,254.97,0.0,0.7137
2021-11-22,256.3,0.0,0.5415
2021-11-23,255.11,0.0,0.5215
2021-11-24,252.58,0.0,0.3544
2021-11-25,251.19,0.0,0.4028
2021-11-26,254.75,0.000276,0.3565
2021-11-27,254.4,0.000439,0.6446
2021-11-28,250.15,0.000157,0.5681
2021-11-29,255.92,0.00034,0.4811
2021-11-30,255.31,0.0,0.2151
2021-12-01,254.15,0.0,0.2675
2021-12-02,252.3,0.0,0.438
2021-12-03,254.7,0.0,0.62
2021-12-04,255.62,0.000416,0.2985
2021-12-05,252.16,0.0,0.3425
2021-12-06,248.93,0.0,0.4427
2021-12-07,251.02,0.0,0.4851
2021-12-08,257.02,0.0,0.4244
2021-12-09,252.11,0.000593,0.5751
2021-12-10,254.63,0.0,0.2658
2021-12-11,253.49,0.0,0.4621
2021-12-12,250.83,0.0,0.436
2021-12-13,252.58,0.0,0.5202
2021-12-14,249.69,0.0,0.49
2021-12-15,254.8,0.00153,0.5512
2021-12-16,252.5,0.0,0.3751
2021-12-17,254.31,0.000662,0.5274
2021-12-18,254.01,0.0,0.596
2021-12-19,250.19,0.0,0.5268
2021-12-20,254.31,0.0,0.3236
2021-12-21,250.88,0.0,0.3829
2021-12-22,253.79,0.000317,0.3527
2021-12-23,253.1,0.0,0.3484
2021-12-24,253.87,0.0,0.6455
2021-12-25,252.85,0.0,0.4469
2021-12-26,249.07,0.0,0.5549
2021-12-27,254.74,0.0,0.4866
2021-12-28,252.67,0.0,0.4291
2021-12-29,251.24,0.0,0.3738
2021-12-30,252.44,0.0,0.3858
2021-12-31,251.86,0.0,0.2586
2022-01-01,254.07,0.0,0.3953
2022-01-02,253.26,0.000526,0.4213
2022-01-03,253.52,0.0,0.6202
2022-01-04,250.73,0.001677,0.3415
2022-01-05,253.99,0.0,0.2803
2022-01-06,253.13,0.0,0.4361
2022-01-07,251.84,0.0,0.5307
2022-01-08,250.84,0.0,0.5724
2022-01-09,255.16,0.0,0.3374
2022-01-10,255.66,0.0,0.4312
2022-01-11,254.59,0.0,0.5507
2022-01-12,255.61,0.0,0.398
2022-01-13,255.38,0.0,0.2492
2022-01-14,257.07,0.0,0.3116
2022-01-15,254.21,0.0,0.5144
2022-01-16,254.23,0.000389,0.3865
2022-01-17,254.32,0.000199,0.358
2022-01-18,255.29,0.0,0.4702
2022-01-19,258.67,0.0,0.2975
2022-01-20,257.42,0.0,0.6228
2022-01-21,253.54,0.0,0.3968
2022-01-22,254.09,0.001665,0.4846
2022-01-23,256.59,0.0,0.4687
2022-01-24,253.72,0.0,0.5053
2022-01-25,257.65,0.000771,0.4666
2022-01-26,258.82,0.0,0.2196
2022-01-27,254.77,0.000351,0.578
2022-01-28,256.55,0.000223,0.5173
2022-01-29,257.13,0.0,0.4425
2022-01-30,255.54,0.0,0.33
2022-01-31,255.8,0.000393,0.4561
2022-02-01,254.71,0.0,0.449
2022-02-02,255.38,0.001839,0.5541
2022-02-03,257.91,0.0,0.483
2022-02-04,254.76,0.0,0.5727
2022-02-05,257.58,0.0,0.663
2022-02-06,255.17,0.000828,0.5343
2022-02-07,256.04,0.001431,0.3699
2022-02-08,254.55,0.0,0.3729
2022-02-09,258.38,0.0,0.2855
2022-02-10,257.1,0.000287,0.5791
2022-02-11,256.13,0.0,0.5052
2022-02-12,260.26,0.0,0.4922
2022-02-13,260.18,0.0,0.5756
2022-02-14,257.33,0.0,0.4154
2022-02-15,258.18,0.000568,0.5751
2022-02-16,256.34,0.0,0.4168
2022-02-17,262.92,0.0,0.4907
2022-02-18,260.9,0.0,0.5698
2022-02-19,258.3,0.0,0.5706
2022-02-20,261.71,0.000456,0.6395
2022-02-21,258.43,0.0,0.5595
2022-02-22,260.65,0.0,0.5648
2022-02-23,254.6,0.0,0.372
2022-02-24,256.74,0.0,0.5582
2022-02-25,259.93,0.000585,0.2967
2022-02-26,260.15,0.0,0.3673
2022-02-27,259.26,0.000217,0.5671
2022-02-28,259.74,0.0,0.4468
2022-03-01,261.57,0.001487,0.4299
2022-03-02,260.94,0.0,0.4656
2022-03-03,261.78,0.0,0.3255
2022-03-04,265.28,0.0,0.4197
2022-03-05,258.43,0.000667,0.4575
2022-03-06,258.56,0.0,0.3365
2022-03-07,265.43,0.000601,0.4879
2022-03-08,262.84,0.001093,0.5795
2022-03-09,259.65,0.0,0.4521
2022-03-10,261.18,0.0,0.3646
2022-03-11,264.88,0.000598,0.6672
2022-03-12,262.45,0.0,0.4746
2022-03-13,266.97,0.0,0.4101
2022-03-14,262.54,0.000501,0.4329
2022-03-15,262.84,0.0,0.4803
2022-03-16,263.78,0.0,0.294
2022-03-17,262.78,0.0,0.4868
2022-03-18,266.11,0.0,0.2767
2022-03-19,263.22,0.0,0.6014
2022-03-20,265.39,0.0,0.3763
2022-03-21,264.44,0.0,0.4072
2022-03-22,263.48,0.0,0.3708
2022-03-23,266.15,0.0,0.3623
2022-03-24,266.62,0.0,0.5342
2022-03-25,266.87,0.0,0.4401
2022-03-26,265.49,0.0,0.3793
2022-03-27,264.63,0.0,0.3856
2022-03-28,266.16,0.0,0.417
2022-03-29,268.43,0.001184,0.393
2022-03-30,266.45,0.0,0.5106
2022-03-31,266.7,0.0,0.4559
2022-04-01,269.07,0.0,0.4623
2022-04-02,268.9,0.0,0.5675
2022-04-03,267.62,0.00055,0.3759
2022-04-04,268.58,0.0,0.5251
2022-04-05,266.9,0.0,0.4771
2022-04-06,269.35,8.7e-05,0.4182
2022-04-07,265.12,0.0,0.6023
2022-04-08,269.97,0.0,0.5561
2022-04-09,266.71,0.000336,0.608
2022-04-10,265.01,0.0,0.4892
2022-04-11,265.92,0.000667,0.5949
2022-04-12,269.84,0.0,0.6137
2022-04-13,268.72,0.0,0.5759
2022-04-14,267.63,0.0,0.4875
2022-04-15,267.77,0.001502,0.3095
2022-04-16,272.63,0.0,0.6404
2022-04-17,273.45,0.0,0.5297
2022-04-18,267.34,0.000201,0.391
2022-04-19,268.54,0.0,0.2498
2022-04-20,273.23,0.0,0.4585
2022-04-21,269.31,0.0,0.386
2022-04-22,269.94,0.0,0.3528
2022-04-23,265.53,0.0,0.3384
2022-04-24,267.98,0.00078,0.4632
2022-04-25,271.53,0.0,0.5739
2022-04-26,269.34,0.0,0.3574
2022-04-27,272.4,0.0,0.3764
2022-04-28,267.14,0.0,0.5557
2022-04-29,272.46,0.0,0.4741
2022-04-30,270.72,0.000147,0.2956
2022-05-01,272.51,0.0,0.0313
2022-05-02,274.24,0.0,0.0113
2022-05-03,273.21,0.000437,0.0561
2022-05-04,271.17,0.0,0.0905
2022-05-05,273.43,0.0,0.0
2022-05-06,275.13,0.000687,0.0367
2022-05-07,274.07,0.0,0.1254
2022-05-08,275.05,0.00028,0.0732
2022-05-09,274.71,0.0,0.0465
2022-05-10,273.79,0.0,0.0
2022-05-11,275.25,0.0,0.097
2022-05-12,274.11,0.0,0.1247
2022-05-13,276.62,0.001724,0.0195
2022-05-14,270.66,0.0,0.0616
2022-05-15,274.97,0.0,0.049
2022-05-16,274.64,0.000374,0.0363
2022-05-17,273.85,0.0,0.0399
2022-05-18,274.4,0.0,0.0704
2022-05-19,275.39,0.001641,0.078
2022-05-20,272.68,0.0,0.0722
2022-05-21,274.04,0.001419,0.1081
2022-05-22,274.41,0.0,0.1236
2022-05-23,276.7,0.0,0.0727
2022-05-24,277.16,0.0,0.0726
2022-05-25,276.78,0.0,0.0591
2022-05-26,276.16,0.0,0.0822
2022-05-27,273.67,0.000546,0.0103
2022-05-28,278.17,0.0,0.0023
2022-05-29,276.32,0.000828,0.0
2022-05-30,276.42,0.0,0.0419
2022-05-31,282.65,0.0,0.098
2022-06-01,277.22,0.0,0.0039
2022-06-02,276.68,0.008878,0.0389
2022-06-03,275.09,0.018743,0.0593
2022-06-04,275.42,0.003285,0.0506
2022-06-05,277.09,0.00067,0.0601
2022-06-06,276.47,0.04819,0.0731
2022-06-07,279.41,0.005754,0.0371
2022-06-08,275.62,0.0,0.0198
2022-06-09,273.51,0.044246,0.0363
2022-06-10,275.96,0.0,0.0451
2022-06-11,278.42,0.0,0.1312
2022-06-12,276.29,0.0,0.0497
2022-06-13,280.55,0.009853,0.0859
2022-06-14,276.98,0.0,0.044
2022-06-15,276.38,0.00586,0.1657
2022-06-16,273.42,0.068656,0.0775
2022-06-17,278.11,0.002479,0.0642
2022-06-18,278.61,0.048363,0.0737
2022-06-19,279.6,0.001908,0.0825
2022-06-20,277.67,0.026895,0.0953
2022-06-21,275.26,0.006095,0.0244
2022-06-22,276.58,0.000298,0.0
2022-06-23,276.31,0.004791,0.0275
2022-06-24,276.32,0.000505,0.0697
2022-06-25,276.86,0.0,0.0662
2022-06-26,277.45,0.000491,0.011
2022-06-27,275.71,0.00264,0.0269
2022-06-28,278.66,0.008802,0.0229
2022-06-29,278.67,0.029694,0.0755
2022-06-30,276.01,0.001445,0.1118
2022-07-01,279.85,0.0,0.0429
2022-07-02,280.15,0.0,0.0422
2022-07-03,278.86,0.014354,0.0752
2022-07-04,272.63,0.0,0.0455
2022-07-05,275.04,0.01183,0.0
2022-07-06,276.37,0.001606,0.0715
2022-07-07,275.45,0.002238,0.0338
2022-07-08,276.02,0.026688,0.0324
2022-07-09,276.83,0.000699,0.062
2022-07-10,275.95,0.010249,0.0811
2022-07-11,276.74,0.012176,0.0635
2022-07-12,278.9,0.02006,0.0484
2022-07-13,274.87,0.0,0.0637
2022-07-14,274.7,0.010594,0.0
2022-07-15,276.1,0.017249,0.0142
2022-07-16,276.0,0.000688,0.0428
2022-07-17,275.96,0.0,0.1025
2022-07-18,275.28,0.020268,0.0094
2022-07-19,275.91,0.005242,0.0317
2022-07-20,274.82,0.002101,0.0472
2022-07-21,275.65,0.00451,0.0567
2022-07-22,272.47,0.002044,0.0292
2022-07-23,274.76,0.0,0.0771
2022-07-24,276.71,0.007626,0.0349
2022-07-25,273.38,0.0,0.0677
2022-07-26,273.9,0.011528,0.0812
2022-07-27,273.47,0.00394,0.0113
2022-07-28,272.58,0.006104,0.079
2022-07-29,274.59,0.014847,0.1092
2022-07-30,274.51,0.024245,0.064
2022-07-31,271.2,0.052225,0.0664
2022-08-01,277.29,0.003611,0.0528
2022-08-02,272.3,0.003206,0.0165
2022-08-03,274.57,0.028552,0.1186
2022-08-04,273.31,0.006601,0.0
2022-08-05,275.89,0.0,0.117
2022-08-06,273.02,0.0,0.1239
2022-08-07,269.53,0.007842,0.0819
2022-08-08,268.72,0.002696,0.0591
2022-08-09,272.45,0.01423,0.0
2022-08-10,270.04,0.005705,0.0743
2022-08-11,272.57,0.00958,0.0555
2022-08-12,270.3,0.068994,0.0098
2022-08-13,273.98,0.0053,0.0981
2022-08-14,273.29,0.018898,0.067
2022-08-15,270.41,0.001276,0.0
2022-08-16,272.93,0.006487,0.0277
2022-08-17,272.43,0.0,0.0
2022-08-18,273.7,0.000622,0.055
2022-08-19,271.13,0.063635,0.1098
2022-08-20,266.18,0.0,0.0678
2022-08-21,270.12,0.023381,0.1111
2022-08-22,270.64,0.419174,0.0086
2022-08-23,269.91,0.023438,0.0033
2022-08-24,270.39,0.0,0.0389
2022-08-25,274.46,0.014524,0.0727
2022-08-26,267.54,0.000866,0.0342
2022-08-27,270.07,0.005877,0.1096
2022-08-28,268.89,0.003757,0.0107
2022-08-29,269.38,0.01635,0.0
2022-08-30,267.4,0.016625,0.0629
2022-08-31,267.94,0.007694,0.0
2022-09-01,271.4,0.004886,0.0871
2022-09-02,269.89,0.0,0.0263
2022-09-03,267.99,0.004449,0.0299
2022-09-04,269.27,0.0,0.1027
2022-09-05,267.79,0.0,0.1068
2022-09-06,267.55,0.000525,0.1218
2022-09-07,268.94,0.0,0.0099
2022-09-08,267.46,0.067775,0.0835
2022-09-09,266.68,0.000842,0.0715
2022-09-10,267.4,0.010808,0.0935
2022-09-11,267.73,0.002489,0.0306
2022-09-12,268.07,0.016474,0.0176
2022-09-13,266.67,0.0,0.0898
2022-09-14,266.01,0.0,0.0397
2022-09-15,263.99,0.026861,0.0106
2022-09-16,264.72,0.014172,0.0069
2022-09-17,266.06,0.006203,0.0
2022-09-18,263.88,0.0,0.0577
2022-09-19,267.71,0.004448,0.0
2022-09-20,263.4,0.015021,0.0939
2022-09-21,265.66,0.000442,0.0319
2022-09-22,263.89,0.001516,0.0
2022-09-23,264.36,0.002533,0.0523
2022-09-24,265.18,0.0,0.1246
2022-09-25,265.76,0.0042,0.0243
2022-09-26,264.48,0.004419,0.0326
2022-09-27,261.1,0.0,0.0385
2022-09-28,260.25,0.04173,0.022
2022-09-29,261.5,0.122971,0.0373
2022-09-30,265.62,0.0,0.0
2022-10-01,262.89,0.0,0.0572
2022-10-02,261.93,0.0,0.1207
2022-10-03,263.49,0.0,0.1123
2022-10-04,264.03,0.0,0.0663
2022-10-05,265.35,0.0,0.0046
2022-10-06,261.14,0.000374,0.0415
2022-10-07,263.84,0.0,0.1322
2022-10-08,259.54,0.0,0.0275
2022-10-09,262.95,0.0,0.0712
2022-10-10,257.91,0.0,0.0631
2022-10-11,257.78,0.0,0.0635
2022-10-12,262.69,0.0,0.049
2022-10-13,259.35,0.000629,0.0334
2022-10-14,259.84,0.00161,0.0818
2022-10-15,261.56,0.002148,0.0166
2022-10-16,259.41,0.0,0.0666
2022-10-17,258.04,0.0,0.0251
2022-10-18,257.46,0.000419,0.0185
2022-10-19,260.4,0.000789,0.0409
2022-10-20,259.3,0.0,0.0683
2022-10-21,261.88,0.0,0.0
2022-10-22,256.91,0.0,0.0686
2022-10-23,258.66,0.0,0.0252
2022-10-24,257.98,0.001812,0.0742
2022-10-25,260.07,0.0,0.0692
2022-10-26,255.52,0.0,0.0663
2022-10-27,259.1,0.0,0.1129
2022-10-28,259.73,0.0,0.0803
2022-10-29,257.79,0.0,0.0
2022-10-30,259.04,0.0,0.0214
2022-10-31,256.43,0.0,0.0601
2022-11-01,257.14,0.0,0.3721
2022-11-02,256.45,0.0,0.4834
2022-11-03,259.88,0.0,0.3724
2022-11-04,258.36,0.0,0.4197
2022-11-05,255.96,0.0,0.3399
2022-11-06,252.13,0.000386,0.459
2022-11-07,254.87,0.0,0.3316
2022-11-08,256.26,0.0,0.6414
2022-11-09,258.02,0.0,0.5764
2022-11-10,252.45,0.0,0.5193
2022-11-11,253.46,0.000507,0.2193
2022-11-12,255.83,0.0,0.3739
2022-11-13,259.27,0.000635,0.3583
2022-11-14,256.88,0.0,0.425
2022-11-15,256.0,0.0,0.5527
2022-11-16,254.35,0.0,0.5007
2022-11-17,254.75,0.0,0.4341
2022-11-18,256.28,0.0,0.4831
2022-11-19,251.8,0.0,0.527
2022-11-20,256.48,0.0,0.5669
2022-11-21,256.52,0.0,0.3574
2022-11-22,255.58,0.0,0.4744
2022-11-23,252.78,0.0,0.6249
2022-11-24,251.54,0.0,0.4527
2022-11-25,255.41,0.0,0.5482
2022-11-26,252.44,0.000405,0.6858
2022-11-27,251.9,0.0,0.3334
2022-11-28,251.3,0.0,0.4613
2022-11-29,252.68,0.0,0.4586
2022-11-30,256.86,0.0,0.4657
2022-12-01,252.83,0.0,0.5776
2022-12-02,252.76,0.0,0.5293
2022-12-03,255.28,0.0,0.4278
2022-12-04,255.69,0.0,0.5085
2022-12-05,251.49,0.0,0.1855
2022-12-06,250.7,0.0,0.3533
2022-12-07,251.84,0.0,0.5254
2022-12-08,251.03,0.0,0.4961
2022-12-09,252.9,0.0,0.9129
2022-12-10,250.68,0.0,0.5178
2022-12-11,254.81,0.0,0.4872
2022-12-12,252.61,0.0,0.5699
2022-12-13,254.52,0.0,0.5572
2022-12-14,252.57,0.0,0.3083
2022-12-15,250.57,0.001036,0.5092
2022-12-16,257.09,0.0,0.5731
2022-12-17,253.31,0.0,0.3376
2022-12-18,252.17,0.0,0.3804
2022-12-19,255.1,0.0,0.3054
2022-12-20,257.01,0.0,0.3222
2022-12-21,251.0,0.0,0.5526
2022-12-22,253.98,0.0,0.5267
2022-12-23,255.29,0.0,0.3764
2022-12-24,254.34,0.0,0.3358
2022-12-25,252.87,0.0,0.5277
2022-12-26,253.68,0.0,0.3614
2022-12-27,250.65,0.0,0.3974
2022-12-28,254.38,0.0,0.5461
2022-12-29,248.88,0.0,0.647
2022-12-30,251.48,0.0,0.5371
2022-12-31,253.44,0.0,0.4229
2023-01-01,250.32,0.0,0.3821
2023-01-02,255.34,0.0,0.5171
2023-01-03,253.65,0.0,0.3207
2023-01-04,252.9,0.0,0.9126
2023-01-05,253.55,0.0,0.6122
2023-01-06,253.78,0.0,0.295
2023-01-07,256.77,0.001883,0.3208
2023-01-08,253.68,0.0,0.5186
2023-01-09,251.01,0.0,0.4847
2023-01-10,250.2,0.0,0.5074
2023-01-11,253.61,0.0,0.5559
2023-01-12,252.26,0.0,0.5298
2023-01-13,254.61,0.0,0.3646
2023-01-14,252.14,0.0,0.4241
2023-01-15,253.36,0.0,0.4116
2023-01-16,254.92,0.0,0.3865
2023-01-17,256.52,0.0,0.4475
2023-01-18,253.52,0.0,0.413
2023-01-19,252.51,0.0,0.1268
2023-01-20,253.69,0.0,0.4069
2023-01-21,253.04,0.0,0.2636
2023-01-22,255.11,0.000126,0.4323
2023-01-23,254.6,0.0,0.7344
2023-01-24,254.8,0.0,0.4093
2023-01-25,254.64,0.0,0.1977
2023-01-26,259.2,0.0,0.5264
2023-01-27,257.27,0.0,0.4268
2023-01-28,255.08,0.0,0.283
2023-01-29,255.5,0.0,0.3715
2023-01-30,256.82,0.0,0.4664
2023-01-31,254.43,0.0,0.3219
2023-02-01,256.01,0.000922,0.4257
2023-02-02,257.61,0.0,0.4681
2023-02-03,256.12,0.0,0.3228
2023-02-04,257.41,0.0,0.2547
2023-02-05,257.02,0.0,0.4625
2023-02-06,259.9,0.0,0.5424
2023-02-07,254.37,0.0,0.2436
2023-02-08,259.9,0.0,0.4849
2023-02-09,255.8,0.0,0.3537
2023-02-10,257.12,0.0,0.5198
2023-02-11,259.27,0.0,0.5595
2023-02-12,260.54,0.0,0.3389
2023-02-13,258.18,0.0,0.4301
2023-02-14,258.91,0.0,0.3597
2023-02-15,258.7,0.001385,0.4076
2023-02-16,255.79,0.0,0.4727
2023-02-17,258.4,0.0,0.4896
2023-02-18,258.2,0.0,0.3886
2023-02-19,258.08,0.0,0.3362
2023-02-20,261.52,0.0,0.4903
2023-02-21,257.65,0.0,0.4646
2023-02-22,258.95,0.0,0.5082
2023-02-23,256.87,0.0,0.4504
2023-02-24,260.77,0.000806,0.4089
2023-02-25,260.54,0.000317,0.703
2023-02-26,261.63,0.0,0.5505
2023-02-27,259.61,0.000879,0.4705
2023-02-28,263.2,0.0,0.555
2023-03-01,263.46,0.0,0.4071
2023-03-02,261.18,0.0,0.4799
2023-03-03,262.24,0.0,0.4881
2023-03-04,261.63,0.0,0.4703
2023-03-05,262.08,0.0,0.2966
2023-03-06,259.08,0.0,0.4769
2023-03-07,266.16,0.0,0.2743
2023-03-08,258.45,6.6e-05,0.3335
2023-03-09,264.5,0.0,0.5491
2023-03-10,260.1,0.0,0.3277
2023-03-11,262.17,0.0,0.5753
2023-03-12,264.35,0.0,0.3555
2023-03-13,267.01,0.0,0.6179
2023-03-14,264.11,0.0,0.4493
2023-03-15,267.48,0.0,0.5449
2023-03-16,261.02,0.0,0.3617
2023-03-17,263.49,0.0,0.4617
2023-03-18,264.16,0.0,0.4674
2023-03-19,263.86,0.0,0.4768
2023-03-20,262.92,0.000334,0.4887
2023-03-21,262.89,0.0,0.2667
2023-03-22,263.6,0.0,0.5141
2023-03-23,265.45,0.0,0.3389
2023-03-24,262.44,0.0,0.4516
2023-03-25,264.38,0.0,0.4055
2023-03-26,268.03,0.0,0.4449
2023-03-27,264.25,0.0,0.4114
2023-03-28,265.94,0.0,0.549
2023-03-29,265.01,0.0,0.3899
2023-03-30,267.44,0.0,0.5505
2023-03-31,269.95,0.0,0.4053
2023-04-01,262.64,0.0,0.4366
2023-04-02,268.58,0.0,0.6354
2023-04-03,267.56,0.0,0.4824
2023-04-04,265.63,0.0,0.4324
2023-04-05,268.89,0.0,0.2921
2023-04-06,268.56,0.000626,0.6498
2023-04-07,266.81,0.0,0.5343
2023-04-08,268.93,0.000141,0.5533
2023-04-09,270.33,0.0,0.6245
2023-04-10,270.33,0.0,0.4418
2023-04-11,267.87,0.000821,0.3676
2023-04-12,267.92,0.000627,0.5459
2023-04-13,268.11,0.0,0.3751
2023-04-14,272.03,0.0,0.2246
2023-04-15,269.56,0.0,0.2403
2023-04-16,270.11,0.000395,0.5757
2023-04-17,267.84,0.00071,0.2969
2023-04-18,267.02,0.0,0.3432
2023-04-19,272.42,0.0,0.3564
2023-04-20,272.45,0.0,0.2515
2023-04-21,271.1,0.0,0.4957
2023-04-22,271.36,0.0,0.3881
2023-04-23,272.8,0.0,0.5952
2023-04-24,271.18,0.0,0.5642
2023-04-25,270.48,0.0,0.5013
2023-04-26,272.55,0.000555,0.5044
2023-04-27,271.65,0.0,0.3841
2023-04-28,270.45,0.0,0.5522
2023-04-29,273.66,0.0,0.3364
2023-04-30,274.17,0.002348,0.4263
2023-05-01,269.11,0.0,0.0418
2023-05-02,275.92,0.0,0.0444
2023-05-03,272.68,0.0,0.0
2023-05-04,274.8,0.0,0.0127
2023-05-05,272.23,0.0,0.0654
2023-05-06,273.85,0.000112,0.0302
2023-05-07,274.02,0.0,0.0903
2023-05-08,275.41,0.0,0.0359
2023-05-09,273.79,0.0,0.0968
2023-05-10,271.78,0.000333,0.025
2023-05-11,275.9,0.0,0.0075
2023-05-12,272.58,0.0,0.0586
2023-05-13,270.54,0.0,0.0418
2023-05-14,277.57,0.00063,0.0324
2023-05-15,277.82,0.0,0.0532
2023-05-16,278.7,0.0,0.0321
2023-05-17,276.25,0.0,0.0485
2023-05-18,272.07,0.000649,0.0
2023-05-19,275.29,0.0,0.0835
2023-05-20,275.31,0.0,0.0397
2023-05-21,279.0,0.0,0.0536
2023-05-22,274.29,0.0,0.0417
2023-05-23,277.18,0.0,0.0318
2023-05-24,276.45,0.000508,0.0423
2023-05-25,276.6,0.0,0.0329
2023-05-26,276.54,0.0,0.0829
2023-05-27,274.51,0.000346,0.0253
2023-05-28,279.88,0.001506,0.0475
2023-05-29,278.41,0.0,0.1155
2023-05-30,273.97,0.0,0.0667
2023-05-31,276.98,0.0,0.0281
2023-06-01,278.3,0.007649,0.0315
2023-06-02,276.21,0.006077,0.0432
2023-06-03,275.29,0.011909,0.1001
2023-06-04,273.51,0.007666,0.0472
2023-06-05,280.28,0.00056,0.0189
2023-06-06,273.13,0.0,0.0703
2023-06-07,275.27,0.002742,0.0968
2023-06-08,277.79,0.012528,0.0452
2023-06-09,278.06,0.009135,0.0567
2023-06-10,275.24,0.069869,0.0148
2023-06-11,277.9,0.0,0.0644
2023-06-12,275.8,0.012978,0.1142
2023-06-13,276.99,0.007978,0.1107
2023-06-14,277.72,0.0,0.043
2023-06-15,276.17,0.033251,0.0
2023-06-16,277.19,0.010126,0.1009
2023-06-17,278.8,0.005801,0.0307
2023-06-18,278.66,0.0,0.0566
2023-06-19,276.47,0.015157,0.0
2023-06-20,275.39,0.025664,0.0313
2023-06-21,276.24,0.0,0.0273
2023-06-22,274.64,0.0,0.0208
2023-06-23,275.1,0.0,0.0628
2023-06-24,276.92,0.000694,0.1068
2023-06-25,274.84,0.025869,0.08
2023-06-26,277.57,0.013101,0.032
2023-06-27,277.34,0.000493,0.0439
2023-06-28,276.47,0.014147,0.0733
2023-06-29,277.47,0.007547,0.0099
2023-06-30,277.38,0.014043,0.0
2023-07-01,276.6,0.009246,0.0283
2023-07-02,279.42,0.0241,0.1083
2023-07-03,273.5,0.036472,0.0315
2023-07-04,277.78,0.020532,0.062
2023-07-05,274.48,0.000217,0.115
2023-07-06,276.67,0.007755,0.0
2023-07-07,273.66,0.022245,0.0524
2023-07-08,275.51,0.0,0.0046
2023-07-09,277.94,0.021741,0.1023
2023-07-10,277.45,0.0,0.0
2023-07-11,273.98,0.000829,0.0078
2023-07-12,274.12,0.014444,0.0914
2023-07-13,273.5,0.013907,0.1329
2023-07-14,276.08,0.027908,0.0462
2023-07-15,278.05,0.0,0.0357
2023-07-16,276.57,0.00279,0.0656
2023-07-17,275.67,0.0,0.0377
2023-07-18,280.3,0.001061,0.0497
2023-07-19,272.97,0.009894,0.1167
2023-07-20,279.76,0.0,0.0423
2023-07-21,277.1,0.0,0.0629
2023-07-22,274.44,0.009147,0.0358
2023-07-23,273.74,0.025253,0.0647
2023-07-24,280.21,0.057163,0.0313
2023-07-25,273.15,0.0062,0.0758
2023-07-26,276.67,0.0,0.0604
2023-07-27,274.97,0.005263,0.0067
2023-07-28,276.48,0.009856,0.0233
2023-07-29,275.47,0.0,0.0219
2023-07-30,276.12,0.024329,0.1012
2023-07-31,276.15,0.036245,0.0515
2023-08-01,276.4,0.072553,0.0707
2023-08-02,272.16,0.007477,0.0
2023-08-03,272.63,0.0,0.0586
2023-08-04,273.79,0.0,0.0668
2023-08-05,273.41,0.010103,0.0925
2023-08-06,271.72,0.006742,0.0627
2023-08-07,274.41,0.006668,0.1469
2023-08-08,274.6,0.007854,0.0139
2023-08-09,273.32,0.006823,0.0884
2023-08-10,269.89,0.001526,0.0256
2023-08-11,272.75,0.0363,0.0262
2023-08-12,272.61,0.004697,0.0464
2023-08-13,274.79,0.024451,0.0897
2023-08-14,272.55,0.0,0.0164
2023-08-15,273.89,0.000206,0.1058
2023-08-16,271.33,0.0,0.1114
2023-08-17,271.83,0.039602,0.0683
2023-08-18,270.5,0.0,0.033
2023-08-19,270.54,0.01402,0.0776
2023-08-20,275.83,0.001595,0.068
2023-08-21,268.99,0.0,0.0583
2023-08-22,269.98,0.020748,0.0581
2023-08-23,270.21,0.007724,0.0856
2023-08-24,270.86,0.000888,0.0012
2023-08-25,270.53,0.000505,0.0085
2023-08-26,271.03,0.0,0.0376
2023-08-27,269.28,0.0,0.0635
2023-08-28,268.21,0.002198,0.0017
2023-08-29,267.72,0.014206,0.0
2023-08-30,269.68,0.007966,0.025
2023-08-31,268.99,0.02208,0.0374
2023-09-01,270.8,0.003457,0.0953
2023-09-02,265.79,0.005607,0.033
2023-09-03,267.24,0.019155,0.1038
2023-09-04,270.85,0.0,0.0909
2023-09-05,265.65,0.007068,0.1021
2023-09-06,266.8,0.008505,0.125
2023-09-07,268.52,0.0,0.0
2023-09-08,271.9,0.004275,0.0147
2023-09-09,267.3,0.0496,0.0413
2023-09-10,266.83,0.0,0.0398
2023-09-11,266.08,0.005278,0.1048
2023-09-12,268.53,0.011399,0.0996
2023-09-13,266.93,0.004186,0.0679
2023-09-14,266.33,0.00257,0.0313
2023-09-15,267.8,0.071066,0.036
2023-09-16,264.01,0.0,0.0
2023-09-17,265.3,0.093547,0.0857
2023-09-18,264.71,0.017837,0.0888
2023-09-19,262.9,0.0,0.0837
2023-09-20,263.09,0.005374,0.1094
2023-09-21,263.19,0.013012,0.0585
2023-09-22,264.48,0.0,0.0391
2023-09-23,265.77,0.010397,0.0325
2023-09-24,263.02,0.0,0.0387
2023-09-25,261.39,0.0,0.0262
2023-09-26,266.09,0.017331,0.0101
2023-09-27,263.4,0.002142,0.0217
2023-09-28,262.97,0.038748,0.0898
2023-09-29,259.94,0.00046,0.0
2023-09-30,264.04,0.0,0.0652
2023-10-01,261.51,0.000175,0.0302
2023-10-02,259.45,0.0,0.0746
2023-10-03,262.86,0.0,0.0
2023-10-04,264.16,0.0,0.0284
2023-10-05,262.14,0.001934,0.0
2023-10-06,262.69,0.0,0.0911
2023-10-07,260.62,0.0,0.0509
2023-10-08,263.93,0.0,0.0458
2023-10-09,260.15,0.0,0.0
2023-10-10,259.71,0.0,0.0247
2023-10-11,262.09,0.0,0.0235
2023-10-12,260.67,0.0,0.1032
2023-10-13,259.7,0.0,0.0343
2023-10-14,259.45,0.0,0.0998
2023-10-15,257.0,0.001366,0.0538
2023-10-16,260.41,0.0,0.0216
2023-10-17,263.05,0.0,0.0089
2023-10-18,257.49,0.0,0.0264
2023-10-19,260.51,0.0,0.0817
2023-10-20,255.19,0.0,0.0849
2023-10-21,257.72,0.00034,0.1389
2023-10-22,261.98,0.0,0.1486
2023-10-23,258.64,0.0,0.049
2023-10-24,256.9,0.0,0.0415
2023-10-25,255.83,0.0,0.0443
2023-10-26,258.29,0.0,0.0382
2023-10-27,256.72,0.0,0.0563
2023-10-28,256.44,0.0,0.0703
2023-10-29,258.15,0.0,0.0657
2023-10-30,257.58,0.0,0.0247
2023-10-31,256.5,0.0,0.0473
2023-11-01,257.26,0.0,0.621
2023-11-02,261.57,0.0,0.5754
2023-11-03,259.48,0.0,0.382
2023-11-04,255.65,0.0,0.4391
2023-11-05,257.49,0.000162,0.5158
2023-11-06,255.3,0.0,0.4356
2023-11-07,254.19,0.0,0.3531
2023-11-08,255.67,0.000171,0.6033
2023-11-09,256.66,0.000201,0.4676
2023-11-10,256.35,0.0,0.4369
2023-11-11,258.1,0.0,0.4735
2023-11-12,256.72,0.0,0.2756
2023-11-13,252.96,0.0,0.4849
2023-11-14,254.05,0.0,0.4458
2023-11-15,252.15,0.0,0.4142
2023-11-16,254.42,0.0,0.3966
2023-11-17,256.29,0.0,0.3659
2023-11-18,251.38,0.001969,0.4463
2023-11-19,255.81,0.0,0.2139
2023-11-20,251.25,0.001463,0.3501
2023-11-21,253.01,0.0,0.2722
2023-11-22,252.53,0.0,0.5421
2023-11-23,253.76,0.000397,0.5099
2023-11-24,254.13,0.0,0.4416
2023-11-25,255.88,0.0,0.558
2023-11-26,253.73,0.0,0.2375
2023-11-27,252.84,0.0,0.4878
2023-11-28,254.09,0.0,0.509
2023-11-29,255.02,0.0,0.6774
2023-11-30,256.07,0.0,0.5386
2023-12-01,253.69,0.0,0.3693
2023-12-02,255.5,0.0,0.5687
2023-12-03,251.95,0.0,0.3149
2023-12-04,251.66,0.0,0.5196
2023-12-05,250.75,0.0,0.5561
2023-12-06,253.17,0.0,0.4769
2023-12-07,251.7,0.0,0.506
2023-12-08,252.9,0.0,0.4564
2023-12-09,253.89,0.0,0.5986
2023-12-10,253.93,0.0,0.442
2023-12-11,253.04,0.0,0.3913
2023-12-12,255.67,0.001114,0.543
2023-12-13,254.35,0.001284,0.5054
2023-12-14,251.61,0.0,0.5323
2023-12-15,248.83,0.0,0.71
2023-12-16,251.52,0.000534,0.5729
2023-12-17,251.14,0.0,0.4524
2023-12-18,251.39,0.0,0.401
2023-12-19,251.14,0.000842,0.4779
2023-12-20,253.92,7.6e-05,0.4119
2023-12-21,252.02,0.0,0.3693
2023-12-22,253.08,0.000152,0.676
2023-12-23,251.23,0.0,0.4419
2023-12-24,251.18,0.000268,0.5797
2023-12-25,252.56,0.0,0.2749
2023-12-26,253.24,0.0,0.6195
2023-12-27,253.06,0.0,0.4074
2023-12-28,252.31,0.0,0.5655
2023-12-29,251.34,0.0,0.4774
2023-12-30,252.95,0.0,0.4896
2023-12-31,253.08,0.0,0.4081
2024-01-01,250.73,0.0,0.4386
2024-01-02,252.6,0.0,0.6557
2024-01-03,252.73,0.0,0.5568
2024-01-04,253.72,0.0,0.5387
2024-01-05,252.58,0.0,0.5324
2024-01-06,253.36,0.0,0.3401
2024-01-07,256.54,0.0,0.3809
2024-01-08,257.8,0.000996,0.3801
2024-01-09,253.52,0.0,0.6387
2024-01-10,257.2,0.0,0.3573
2024-01-11,253.6,0.0,0.4267
2024-01-12,254.2,0.0,0.4428
2024-01-13,253.47,0.0,0.4669
2024-01-14,253.5,0.0,0.4059
2024-01-15,254.73,0.0,0.4837
2024-01-16,254.07,0.0,0.3185
2024-01-17,255.07,0.0,0.3435
2024-01-18,250.79,0.0,0.4499
2024-01-19,255.1,0.0,0.5028
2024-01-20,254.68,0.0,0.4487
2024-01-21,253.21,0.0,0.5129
2024-01-22,254.68,0.0,0.4665
2024-01-23,254.33,0.0,0.4991
2024-01-24,253.41,0.000836,0.6789
2024-01-25,254.97,0.0,0.1826
2024-01-26,257.88,0.000909,0.4247
2024-01-27,257.74,0.0,0.3475
2024-01-28,254.05,0.0,0.5602
2024-01-29,254.6,0.000588,0.4381
2024-01-30,257.12,0.0,0.4766
2024-01-31,258.1,0.001043,0.4421
2024-02-01,257.16,0.0,0.375
2024-02-02,256.65,0.0,0.5515
2024-02-03,257.66,0.001237,0.5311
2024-02-04,255.13,0.0,0.3668
2024-02-05,255.36,0.0,0.7037
2024-02-06,256.83,0.0,0.4947
2024-02-07,254.2,0.000732,0.403
2024-02-08,258.01,0.0,0.4118
2024-02-09,258.32,0.0,0.3033
2024-02-10,256.67,0.0,0.395
2024-02-11,256.61,0.0,0.3632
2024-02-12,257.8,0.0,0.4966
2024-02-13,258.54,0.0,0.5253
2024-02-14,256.75,0.0,0.4612
2024-02-15,260.02,0.003501,0.3268
2024-02-16,252.94,0.0,0.5331
2024-02-17,255.26,0.001876,0.3258
2024-02-18,258.7,0.000446,0.4996
2024-02-19,261.12,0.0,0.5325
2024-02-20,259.99,0.0,0.5837
2024-02-21,258.36,0.0,0.5118
2024-02-22,258.78,0.0,0.4162
2024-02-23,262.75,0.0,0.6466
2024-02-24,256.79,0.0,0.5589
2024-02-25,260.81,0.0,0.5546
2024-02-26,256.64,0.0,0.4289
2024-02-27,261.64,0.0,0.4288
2024-02-28,261.7,0.001439,0.278
2024-02-29,260.52,0.0,0.7097
2024-03-01,262.38,0.0,0.494
2024-03-02,262.93,0.0,0.2711
2024-03-03,258.24,0.0,0.4134
2024-03-04,259.95,0.000997,0.4676
2024-03-05,263.75,0.0,0.3493
2024-03-06,258.66,0.0,0.5883
2024-03-07,260.55,0.0,0.5093
2024-03-08,263.1,0.0,0.5951
2024-03-09,261.97,0.0,0.3331
2024-03-10,258.43,0.000241,0.3874
2024-03-11,265.11,0.0,0.3285
2024-03-12,263.69,0.0,0.4324
2024-03-13,263.17,0.0,0.2993
2024-03-14,266.02,0.0025,0.5436
2024-03-15,266.56,0.000275,0.7213
2024-03-16,262.24,0.0,0.6217
2024-03-17,264.24,0.0,0.5608
2024-03-18,264.38,0.000618,0.2383
2024-03-19,263.36,0.0,0.325
2024-03-20,265.12,0.0,0.6843
2024-03-21,265.59,0.0,0.4017
2024-03-22,263.53,0.0,0.5558
2024-03-23,263.99,0.0,0.4182
2024-03-24,263.87,0.000614,0.5767
2024-03-25,262.53,0.0,0.5428
2024-03-26,268.61,0.0,0.3896
2024-03-27,264.57,0.000497,0.4124
2024-03-28,266.2,0.000609,0.3756
2024-03-29,271.73,0.000381,0.6084
2024-03-30,265.16,0.001055,0.6315
2024-03-31,266.18,0.0,0.4399
2024-04-01,267.54,0.000167,0.5163
2024-04-02,268.75,0.0,0.4669
2024-04-03,266.89,0.0,0.5742
2024-04-04,269.42,0.0,0.3331
2024-04-05,269.42,0.0,0.5118
2024-04-06,266.86,0.001785,0.4155
2024-04-07,267.45,0.0,0.6699
2024-04-08,269.01,0.0,0.492
2024-04-09,270.34,0.0,0.3665
2024-04-10,267.96,0.0,0.454
2024-04-11,267.08,0.0,0.4924
2024-04-12,268.26,0.0,0.4625
2024-04-13,272.4,0.0,0.4749
2024-04-14,271.15,0.0,0.3233
2024-04-15,267.6,0.0,0.4398
2024-04-16,272.22,0.0,0.4126
2024-04-17,269.71,0.000197,0.345
2024-04-18,268.45,0.0,0.3709
2024-04-19,272.28,0.0,0.2487
2024-04-20,270.75,0.000368,0.4932
2024-04-21,269.71,0.0,0.6626
2024-04-22,273.12,0.0,0.4253
2024-04-23,270.89,0.0,0.4701
2024-04-24,273.16,0.0,0.4156
2024-04-25,272.24,0.0,0.3589
2024-04-26,270.77,0.0,0.3928
2024-04-27,271.55,0.000117,0.2827
2024-04-28,268.56,0.0,0.5673
2024-04-29,274.0,0.0,0.4224
2024-04-30,273.7,0.0,0.4494
2024-05-01,274.59,0.0,0.0883
2024-05-02,275.52,0.0,0.0559
2024-05-03,274.6,0.0,0.0511
2024-05-04,277.33,0.000548,0.0247
2024-05-05,276.77,0.0,0.1037
2024-05-06,275.74,0.0,0.0673
2024-05-07,274.57,0.0,0.0284
2024-05-08,274.87,0.0,0.0308
2024-05-09,275.85,0.0,0.0734
2024-05-10,276.37,0.0,0.044
2024-05-11,273.86,0.003257,0.0
2024-05-12,274.66,0.0,0.0643
2024-05-13,276.19,0.0,0.0426
2024-05-14,275.81,0.0,0.1038
2024-05-15,276.58,0.0,0.1067
2024-05-16,273.82,0.0,0.0356
2024-05-17,277.01,0.0,0.0517
2024-05-18,275.82,0.0,0.1244
2024-05-19,276.38,0.0,0.0738
2024-05-20,275.08,0.0,0.0671
2024-05-21,274.67,0.0,0.0463
2024-05-22,275.91,0.0,0.0046
2024-05-23,276.25,0.000597,0.0455
2024-05-24,277.59,0.000834,0.055
2024-05-25,275.22,0.0,0.0247
2024-05-26,275.61,0.001156,0.052
2024-05-27,271.29,0.0,0.0
2024-05-28,277.38,0.0,0.0589
2024-05-29,277.51,0.0,0.0
2024-05-30,275.86,0.0,0.0562
2024-05-31,277.75,0.0,0.0
2024-06-01,276.68,0.002087,0.1091
2024-06-02,278.07,0.021276,0.0034
2024-06-03,276.14,0.00452,0.0479
2024-06-04,277.96,0.00078,0.0009
2024-06-05,276.93,0.013616,0.0325
2024-06-06,277.06,0.001981,0.0
2024-06-07,277.25,0.000757,0.0317
2024-06-08,274.71,0.0,0.0
2024-06-09,277.67,0.004057,0.0556
2024-06-10,276.87,0.006854,0.071
2024-06-11,278.29,0.0,0.0531
2024-06-12,277.68,0.034679,0.0564
2024-06-13,276.4,0.021883,0.0969
2024-06-14,278.82,0.005333,0.0301
2024-06-15,276.9,0.005971,0.0
2024-06-16,276.85,0.000547,0.0203
2024-06-17,278.48,0.025747,0.1296
2024-06-18,276.51,0.00776,0.0405
2024-06-19,276.24,0.017511,0.0557
2024-06-20,275.67,0.0,0.0
2024-06-21,275.77,0.004729,0.1161
2024-06-22,275.17,0.0,0.0689
2024-06-23,279.5,0.003619,0.0
2024-06-24,277.51,0.029474,0.0
2024-06-25,278.81,0.0,0.0173
2024-06-26,277.83,0.0,0.0613
2024-06-27,276.45,0.009134,0.0
2024-06-28,278.99,0.0,0.0549
2024-06-29,280.34,0.021367,0.1086
2024-06-30,278.57,0.022839,0.0521
2024-07-01,277.2,0.0,0.0249
2024-07-02,276.45,0.005148,0.146
2024-07-03,277.14,0.002206,0.0126
2024-07-04,275.8,0.104301,0.1155
2024-07-05,274.57,0.015589,0.0527
2024-07-06,275.84,0.0,0.0771
2024-07-07,276.79,0.001988,0.061
2024-07-08,276.19,0.0,0.0192
2024-07-09,278.43,0.060167,0.0752
2024-07-10,274.23,0.0,0.0522
2024-07-11,274.27,0.00627,0.0437
2024-07-12,275.48,0.0,0.0344
2024-07-13,274.23,0.0,0.008
2024-07-14,280.54,0.011742,0.0705
2024-07-15,277.71,0.012991,0.0
2024-07-16,275.14,0.024342,0.0541
2024-07-17,273.15,0.0,0.0223
2024-07-18,274.44,0.019281,0.1025
2024-07-19,275.59,0.024445,0.0121
2024-07-20,276.48,0.022558,0.0443
2024-07-21,274.03,0.0,0.0218
2024-07-22,274.97,0.0,0.0439
2024-07-23,274.06,0.0,0.0363
2024-07-24,273.28,0.011996,0.0541
2024-07-25,275.64,0.000256,0.0764
2024-07-26,274.85,0.027646,0.0416
2024-07-27,274.06,0.01926,0.0209
2024-07-28,276.12,0.0,0.0819
2024-07-29,274.35,0.007421,0.0714
2024-07-30,272.1,0.0,0.0691
2024-07-31,274.8,0.007315,0.1039
2024-08-01,275.31,0.057538,0.0748
2024-08-02,272.88,0.027208,0.0222
2024-08-03,271.67,0.023253,0.0
2024-08-04,273.12,0.0261,0.0169
2024-08-05,271.39,0.077622,0.0113
2024-08-06,273.71,0.009658,0.0364
2024-08-07,273.27,0.010631,0.0151
2024-08-08,273.11,0.0,0.0298
2024-08-09,275.41,0.000248,0.0178
2024-08-10,271.99,0.0,0.0665
2024-08-11,271.59,0.004429,0.0411
2024-08-12,272.45,0.024216,0.0564
2024-08-13,271.78,0.007764,0.0678
2024-08-14,273.04,0.008259,0.0828
2024-08-15,275.08,0.00019,0.0065
2024-08-16,272.86,0.094128,0.0865
2024-08-17,275.18,0.015709,0.0467
2024-08-18,274.27,0.010235,0.037
2024-08-19,270.63,0.007033,0.0
2024-08-20,270.82,0.020387,0.0044
2024-08-21,269.02,0.002203,0.0253
2024-08-22,271.68,0.004405,0.0953
2024-08-23,274.21,0.012872,0.0286
2024-08-24,268.38,0.0,0.0532
2024-08-25,269.95,0.029472,0.0179
2024-08-26,271.95,0.040917,0.0337
2024-08-27,269.89,0.000208,0.09
2024-08-28,268.54,0.0,0.0
2024-08-29,271.96,0.008513,0.0481
2024-08-30,268.09,0.019049,0.0443
2024-08-31,268.8,0.017387,0.0301
2024-09-01,265.58,0.003813,0.0586
2024-09-02,269.24,0.0,0.0416
2024-09-03,267.38,0.0,0.1344
2024-09-04,268.91,0.004789,0.0108
2024-09-05,269.03,0.0,0.0
2024-09-06,272.73,0.003576,0.0472
2024-09-07,267.05,0.0,0.0567
2024-09-08,266.27,0.008019,0.0782
2024-09-09,267.38,0.046697,0.0237
2024-09-10,267.39,0.0,0.0812
2024-09-11,266.2,0.010734,0.0223
2024-09-12,266.61,0.012522,0.0566
2024-09-13,263.41,0.01825,0.0
2024-09-14,269.73,0.000682,0.0
2024-09-15,267.23,0.00147,0.0415
2024-09-16,267.8,0.030097,0.0
2024-09-17,264.81,0.006146,0.0189
2024-09-18,268.57,0.036453,0.0944
2024-09-19,264.74,0.000764,0.0723
2024-09-20,264.88,0.018947,0.0913
2024-09-21,267.81,0.003258,0.0946
2024-09-22,269.62,0.011256,0.021
2024-09-23,269.08,0.011262,0.067
2024-09-24,265.5,0.057593,0.0
2024-09-25,262.48,0.011024,0.1367
2024-09-26,266.8,0.003448,0.0287
2024-09-27,262.66,0.022981,0.0
2024-09-28,265.09,0.01982,0.0808
2024-09-29,263.09,0.0,0.0912
2024-09-30,262.16,0.007492,0.0689
2024-10-01,262.53,0.000323,0.0712
2024-10-02,262.85,0.0,0.0174
2024-10-03,261.29,0.0,0.0
2024-10-04,261.62,0.000323,0.0361
2024-10-05,262.79,0.0,0.0457
2024-10-06,258.09,0.0,0.0648
2024-10-07,260.35,0.0,0.0342
2024-10-08,260.51,0.0,0.0
2024-10-09,262.28,0.0,0.1007
2024-10-10,261.11,0.001695,0.0148
2024-10-11,260.35,0.0,0.0353
2024-10-12,262.66,0.0,0.0
2024-10-13,258.98,0.0,0.0317
2024-10-14,259.52,0.0,0.0531
2024-10-15,261.09,0.0,0.0629
2024-10-16,255.74,0.0,0.0
2024-10-17,263.85,0.0,0.0851
2024-10-18,254.73,0.0,0.0
2024-10-19,257.32,0.0,0.0955
2024-10-20,264.96,0.0,0.024
2024-10-21,262.44,0.000376,0.0
2024-10-22,261.2,0.0,0.0142
2024-10-23,257.41,0.000216,0.02
2024-10-24,257.17,0.000572,0.0703
2024-10-25,257.99,0.0,0.0677
2024-10-26,257.1,0.0,0.0296
2024-10-27,260.13,0.0,0.0862
2024-10-28,257.6,0.0,0.0669
2024-10-29,254.58,0.0,0.0253
2024-10-30,256.78,0.0,0.0
2024-10-31,255.56,0.0,0.059
