date,temperature_2m_k,total_precip_m_day,snow_depth_m_we
2016-01-01,258.26,0.0,0.4515
2016-01-02,258.11,0.0,0.3697
2016-01-03,258.59,0.000416,0.3292
2016-01-04,257.73,0.000559,0.4977
2016-01-05,257.35,0.0,0.6812
2016-01-06,259.85,0.0,0.5972
2016-01-07,257.92,0.0,0.5736
2016-01-08,258.05,0.0,0.551
2016-01-09,257.81,0.0,0.6059
2016-01-10,258.69,0.0,0.4624
2016-01-11,259.37,0.0,0.4108
2016-01-12,258.87,0.0,0.4268
2016-01-13,259.22,0.000298,0.3934
2016-01-14,259.06,0.0,0.2923
2016-01-15,259.82,0.000254,0.3413
2016-01-16,259.26,0.0,0.5846
2016-01-17,257.31,0.00068,0.5099
2016-01-18,258.49,0.0,0.1853
2016-01-19,258.63,0.0002,0.4215
2016-01-20,259.9,0.0,0.4066
2016-01-21,260.2,0.0,0.4071
2016-01-22,260.58,0.0,0.3279
2016-01-23,261.45,0.0,0.6502
2016-01-24,259.55,0.0,0.4159
2016-01-25,261.13,0.0,0.4041
2016-01-26,260.23,0.0,0.4591
2016-01-27,261.61,0.00223,0.4094
2016-01-28,260.76,0.0,0.6033
2016-01-29,260.95,0.0,0.3985
2016-01-30,262.17,0.000284,0.5507
2016-01-31,260.31,0.0,0.4839
2016-02-01,260.62,0.0,0.3964
2016-02-02,261.48,0.0,0.3806
2016-02-03,263.29,0.0,0.199
2016-02-04,260.16,0.0,0.4948
2016-02-05,261.75,0.0,0.5075
2016-02-06,263.96,0.0,0.5944
2016-02-07,260.68,0.0,0.5502
2016-02-08,262.76,0.000725,0.5609
2016-02-09,260.99,0.0,0.6315
2016-02-10,261.68,0.000536,0.5675
2016-02-11,262.15,0.0,0.5038
2016-02-12,262.99,0.0,0.641
2016-02-13,264.24,0.0,0.5927
2016-02-14,263.19,0.0,0.5642
2016-02-15,264.12,0.000168,0.6844
2016-02-16,264.6,0.0,0.2296
2016-02-17,262.27,0.0,0.6037
2016-02-18,264.56,0.0,0.5157
2016-02-19,265.81,0.0,0.4678
2016-02-20,264.25,0.0,0.3679
2016-02-21,264.18,0.0,0.3522
2016-02-22,264.1,0.0,0.5867
2016-02-23,264.87,0.00031,0.5555
2016-02-24,263.67,0.0,0.5507
2016-02-25,264.59,0.0,0.29
2016-02-26,265.01,0.0,0.3634
2016-02-27,263.61,0.0,0.3242
2016-02-28,264.84,0.0,0.5952
2016-02-29,266.54,0.0,0.3558
2016-03-01,264.6,0.0,0.3669
2016-03-02,267.16,0.0,0.4285
2016-03-03,266.56,0.0,0.4284
2016-03-04,265.64,0.0,0.4693
2016-03-05,270.24,0.0,0.5846
2016-03-06,267.11,0.001581,0.4357
2016-03-07,267.02,0.0,0.4103
2016-03-08,267.8,0.000139,0.4766
2016-03-09,267.23,0.000196,0.5338
2016-03-10,270.07,0.0,0.7491
2016-03-11,268.61,0.0,0.3527
2016-03-12,269.27,0.0,0.4128
2016-03-13,268.49,0.0,0.3994
2016-03-14,269.53,0.0,0.4868
2016-03-15,270.7,0.0,0.4988
2016-03-16,268.75,0.0,0.4094
2016-03-17,268.42,0.0,0.3995
2016-03-18,270.66,0.0,0.4396
2016-03-19,269.74,0.000168,0.4814
2016-03-20,271.52,0.0,0.2116
2016-03-21,270.51,0.000504,0.6254
2016-03-22,269.98,0.0,0.2492
2016-03-23,268.5,0.000157,0.4616
2016-03-24,271.39,0.0,0.4168
2016-03-25,271.11,0.0,0.4128
2016-03-26,272.38,0.0,0.3443
2016-03-27,271.19,0.0,0.3849
2016-03-28,270.75,0.0,0.4329
2016-03-29,271.78,0.0,0.5667
2016-03-30,270.46,0.000219,0.5707
2016-03-31,272.02,0.0,0.3069
2016-04-01,272.79,0.000693,0.5675
2016-04-02,271.42,0.0,0.2491
2016-04-03,271.18,0.0,0.3297
2016-04-04,272.83,0.0,0.5172
2016-04-05,273.5,0.0,0.5468
2016-04-06,274.05,0.0,0.536
2016-04-07,272.47,0.0,0.4548
2016-04-08,274.4,0.0,0.2513
2016-04-09,272.95,0.0,0.4214
2016-04-10,272.55,0.0,0.407
2016-04-11,273.11,0.000187,0.6337
2016-04-12,275.09,0.0,0.4619
2016-04-13,275.24,0.0,0.1892
2016-04-14,274.65,0.0,0.4169
2016-04-15,276.94,0.000147,0.3152
2016-04-16,275.73,0.0,0.6639
2016-04-17,275.86,0.0,0.669
2016-04-18,275.65,0.0,0.1727
2016-04-19,276.34,0.0,0.5559
2016-04-20,276.14,0.000264,0.4452
2016-04-21,276.11,0.0,0.2406
2016-04-22,275.92,0.000399,0.6056
2016-04-23,277.74,0.0,0.5884
2016-04-24,276.35,0.0,0.5008
2016-04-25,277.94,0.000356,0.4752
2016-04-26,276.68,0.0,0.5967
2016-04-27,278.17,0.0,0.3973
2016-04-28,278.49,0.000267,0.2778
2016-04-29,278.61,0.0,0.4852
2016-04-30,279.36,0.0,0.6321
2016-05-01,277.23,0.0,0.017
2016-05-02,277.55,0.0,0.0491
2016-05-03,277.89,0.000409,0.0431
2016-05-04,277.42,0.000759,0.0595
2016-05-05,278.18,0.0,0.0571
2016-05-06,277.72,0.0,0.0956
2016-05-07,278.89,0.0,0.0668
2016-05-08,278.62,0.0,0.087
2016-05-09,280.07,0.0,0.0567
2016-05-10,278.27,0.0,0.0234
2016-05-11,280.0,0.0,0.1613
2016-05-12,279.99,0.0,0.0
2016-05-13,279.83,0.0,0.1019
2016-05-14,278.62,0.0,0.0613
2016-05-15,280.53,0.0,0.0413
2016-05-16,279.52,0.0,0.1104
2016-05-17,280.31,0.000368,0.1322
2016-05-18,280.87,0.000476,0.0595
2016-05-19,280.77,0.000177,0.0441
2016-05-20,279.45,0.000842,0.0149
2016-05-21,280.59,0.0,0.0871
2016-05-22,281.79,0.000569,0.0122
2016-05-23,280.24,0.000231,0.0119
2016-05-24,280.38,0.0003,0.0406
2016-05-25,280.46,0.0,0.0541
2016-05-26,281.76,0.0,0.0373
2016-05-27,281.37,0.0,0.0297
2016-05-28,281.63,0.0,0.1096
2016-05-29,281.14,0.000708,0.0
2016-05-30,280.37,0.000334,0.1134
2016-05-31,281.13,0.0,0.057
2016-06-01,282.34,0.003596,0.1095
2016-06-02,281.0,0.025713,0.0343
2016-06-03,282.46,0.001481,0.0556
2016-06-04,281.87,0.001988,0.0
2016-06-05,282.84,0.0,0.0414
2016-06-06,280.84,0.0,0.0279
2016-06-07,282.25,0.0,0.045
2016-06-08,279.9,0.0,0.0432
2016-06-09,283.17,0.000197,0.0468
2016-06-10,282.51,0.015585,0.053
2016-06-11,283.24,0.0,0.0
2016-06-12,280.85,0.0,0.0793
2016-06-13,280.99,0.010333,0.0596
2016-06-14,283.08,0.003471,0.0778
2016-06-15,282.49,0.0,0.125
2016-06-16,282.36,0.001232,0.015
2016-06-17,282.08,0.0,0.0217
2016-06-18,281.7,0.003463,0.0494
2016-06-19,282.08,0.0,0.007
2016-06-20,281.74,0.004638,0.0458
2016-06-21,281.7,0.012031,0.023
2016-06-22,281.01,0.011419,0.0
2016-06-23,280.71,0.001689,0.0634
2016-06-24,281.37,0.004742,0.0766
2016-06-25,282.49,0.001099,0.0569
2016-06-26,282.28,0.0,0.0638
2016-06-27,283.1,0.000332,0.0348
2016-06-28,280.76,0.001845,0.0159
2016-06-29,281.28,0.006728,0.1118
2016-06-30,281.34,0.016607,0.0389
2016-07-01,282.38,0.0,0.0965
2016-07-02,282.88,0.009754,0.0576
2016-07-03,281.75,0.0,0.0173
2016-07-04,281.79,0.0,0.0663
2016-07-05,281.41,0.015477,0.0184
2016-07-06,282.3,0.001216,0.1042
2016-07-07,280.95,0.038739,0.1191
2016-07-08,281.85,0.0,0.0674
2016-07-09,281.74,0.010014,0.0497
2016-07-10,281.13,0.002219,0.1098
2016-07-11,280.22,0.003576,0.0472
2016-07-12,280.95,0.001637,0.0684
2016-07-13,281.34,0.015873,0.0637
2016-07-14,281.82,0.0,0.0425
2016-07-15,282.58,0.0,0.0
2016-07-16,279.13,0.004558,0.0
2016-07-17,282.04,0.002865,0.0138
2016-07-18,281.68,0.000295,0.0296
2016-07-19,280.03,0.008108,0.0334
2016-07-20,278.23,0.004512,0.0965
2016-07-21,281.05,0.010995,0.0507
2016-07-22,283.65,0.001034,0.042
2016-07-23,279.49,0.021949,0.0568
2016-07-24,279.29,0.005738,0.0417
2016-07-25,280.12,0.001472,0.0485
2016-07-26,279.86,0.000681,0.0582
2016-07-27,280.9,0.00041,0.0738
2016-07-28,279.65,0.00582,0.0586
2016-07-29,279.1,0.003267,0.0432
2016-07-30,277.83,0.001812,0.0619
2016-07-31,278.19,0.010991,0.0
2016-08-01,278.43,0.0,0.0243
2016-08-02,278.61,0.001283,0.0634
2016-08-03,280.29,0.011823,0.0588
2016-08-04,279.49,0.00043,0.0435
2016-08-05,280.44,0.002028,0.0654
2016-08-06,279.21,0.000837,0.0561
2016-08-07,278.55,0.002123,0.0826
2016-08-08,279.82,0.0,0.0
2016-08-09,277.7,0.05562,0.041
2016-08-10,277.7,0.0,0.0291
2016-08-11,276.03,0.003604,0.0654
2016-08-12,277.75,0.00172,0.034
2016-08-13,278.12,0.001038,0.0129
2016-08-14,277.43,0.010863,0.0
2016-08-15,275.28,0.040934,0.0526
2016-08-16,275.88,0.00281,0.0
2016-08-17,276.53,0.0,0.0629
2016-08-18,275.67,0.005213,0.0
2016-08-19,276.02,0.002802,0.032
2016-08-20,275.99,0.005184,0.0238
2016-08-21,276.11,0.0,0.0358
2016-08-22,274.69,0.006566,0.0463
2016-08-23,275.94,0.0,0.0528
2016-08-24,276.24,0.002284,0.0039
2016-08-25,274.59,0.010627,0.1269
2016-08-26,273.59,0.009569,0.0
2016-08-27,274.98,0.013079,0.0023
2016-08-28,275.31,0.011657,0.0241
2016-08-29,274.23,0.005362,0.0505
2016-08-30,274.34,0.0,0.0169
2016-08-31,274.24,0.005206,0.0299
2016-09-01,274.81,0.005506,0.0988
2016-09-02,270.94,0.0,0.002
2016-09-03,272.43,0.002481,0.0398
2016-09-04,274.15,0.0,0.1324
2016-09-05,271.37,0.011013,0.0279
2016-09-06,272.63,0.003544,0.0161
2016-09-07,273.71,0.00305,0.0544
2016-09-08,272.9,0.000309,0.1011
2016-09-09,271.95,0.00872,0.0702
2016-09-10,270.63,0.007607,0.0699
2016-09-11,271.42,0.000191,0.1631
2016-09-12,271.05,0.005843,0.0886
2016-09-13,271.45,0.012001,0.0575
2016-09-14,270.82,0.005885,0.1058
2016-09-15,270.28,0.002378,0.0581
2016-09-16,269.76,0.008314,0.0203
2016-09-17,271.35,0.006464,0.126
2016-09-18,269.36,0.003108,0.1061
2016-09-19,270.36,0.000351,0.089
2016-09-20,269.15,0.00946,0.0835
2016-09-21,270.26,0.011144,0.0616
2016-09-22,268.6,0.013224,0.0095
2016-09-23,269.66,0.00387,0.0447
2016-09-24,268.86,0.000885,0.0612
2016-09-25,268.26,0.0,0.0124
2016-09-26,269.62,0.031882,0.0165
2016-09-27,268.58,0.0,0.0
2016-09-28,267.16,0.0,0.0374
2016-09-29,268.74,0.0,0.1347
2016-09-30,266.56,0.014286,0.0994
2016-10-01,266.77,0.0,0.1019
2016-10-02,266.44,0.0,0.0033
2016-10-03,265.83,0.001163,0.0799
2016-10-04,266.24,0.0,0.0285
2016-10-05,266.49,0.00117,0.0267
2016-10-06,266.86,0.0,0.0451
2016-10-07,267.16,0.0,0.0283
2016-10-08,265.29,0.00029,0.0
2016-10-09,265.8,0.0,0.0439
2016-10-10,265.98,0.0,0.0331
2016-10-11,264.98,5.6e-05,0.0728
2016-10-12,266.76,0.0,0.0303
2016-10-13,265.43,0.0,0.0608
2016-10-14,262.95,0.0,0.1117
2016-10-15,263.29,0.0,0.1023
2016-10-16,264.93,0.0,0.0525
2016-10-17,263.5,0.0,0.0901
2016-10-18,265.8,0.0,0.0635
2016-10-19,264.95,0.0,0.1153
2016-10-20,262.1,0.0,0.0415
2016-10-21,264.32,0.0,0.0355
2016-10-22,263.41,0.0,0.0396
2016-10-23,263.1,0.0,0.0256
2016-10-24,262.54,0.0,0.1204
2016-10-25,263.32,0.0,0.0
2016-10-26,261.65,0.000581,0.0406
2016-10-27,262.68,0.0,0.0417
2016-10-28,262.39,0.0,0.1096
2016-10-29,261.8,0.000455,0.0552
2016-10-30,263.31,0.0,0.0294
2016-10-31,262.79,0.0,0.1079
2016-11-01,260.09,0.0,0.5106
2016-11-02,263.45,0.0,0.4681
2016-11-03,261.18,0.0,0.4117
2016-11-04,261.27,0.0,0.3635
2016-11-05,260.21,0.0,0.3764
2016-11-06,261.52,0.0,0.3412
2016-11-07,259.53,0.0,0.4382
2016-11-08,260.74,0.0,0.5673
2016-11-09,261.9,0.0,0.451
2016-11-10,262.24,0.0,0.3878
2016-11-11,260.44,0.000157,0.2845
2016-11-12,260.12,0.0,0.6933
2016-11-13,259.17,0.0,0.4683
2016-11-14,261.1,0.0,0.5258
2016-11-15,258.36,0.000156,0.5543
2016-11-16,259.23,0.0,0.4271
2016-11-17,260.84,0.0,0.4813
2016-11-18,260.03,0.0,0.5453
2016-11-19,257.9,0.000106,0.469
2016-11-20,259.39,0.000489,0.5089
2016-11-21,260.74,0.0,0.564
2016-11-22,257.68,0.0,0.5257
2016-11-23,258.53,0.0,0.6095
2016-11-24,261.5,7.9e-05,0.601
2016-11-25,258.2,0.0,0.2792
2016-11-26,259.16,0.001043,0.5688
2016-11-27,257.7,0.0,0.2471
2016-11-28,257.57,0.0,0.5451
2016-11-29,259.06,0.0,0.5052
2016-11-30,257.62,0.0,0.4145
2016-12-01,258.57,0.0,0.5027
2016-12-02,259.41,0.0,0.4037
2016-12-03,259.52,0.0,0.4679
2016-12-04,258.38,0.0,0.3862
2016-12-05,260.04,0.0,0.3698
2016-12-06,259.41,0.0,0.4366
2016-12-07,259.29,0.000339,0.3951
2016-12-08,258.72,0.0,0.4468
2016-12-09,258.59,0.0,0.5761
2016-12-10,258.4,0.0,0.3926
2016-12-11,258.59,0.0,0.4858
2016-12-12,259.79,0.0,0.2773
2016-12-13,259.46,0.0,0.5151
2016-12-14,260.32,0.0,0.4524
2016-12-15,257.65,0.0,0.385
2016-12-16,258.59,0.0,0.3961
2016-12-17,258.37,0.0,0.5939
2016-12-18,257.2,0.0,0.5615
2016-12-19,257.41,0.0,0.322
2016-12-20,258.41,0.000211,0.2447
2016-12-21,257.03,0.0,0.2987
2016-12-22,257.36,0.0,0.3049
2016-12-23,258.98,0.0,0.5253
2016-12-24,259.26,0.000288,0.5333
2016-12-25,258.27,0.0,0.5468
2016-12-26,257.6,0.0,0.634
2016-12-27,258.3,0.0,0.6403
2016-12-28,257.85,0.00022,0.3371
2016-12-29,257.65,0.0,0.4619
2016-12-30,257.5,0.0,0.4857
2016-12-31,259.14,0.0,0.5394
2017-01-01,258.88,0.000127,0.6076
2017-01-02,259.57,0.000134,0.5046
2017-01-03,256.84,0.000567,0.4209
2017-01-04,258.72,0.0,0.4806
2017-01-05,256.59,0.0,0.4493
2017-01-06,257.7,0.0,0.4111
2017-01-07,256.74,0.0,0.34
2017-01-08,258.37,0.0,0.4603
2017-01-09,257.87,0.0,0.5666
2017-01-10,259.2,0.0,0.3897
2017-01-11,258.85,0.0,0.3242
2017-01-12,258.87,0.0,0.3218
2017-01-13,259.3,0.0,0.521
2017-01-14,259.59,0.0,0.4901
2017-01-15,259.03,0.0,0.5553
2017-01-16,259.6,0.0,0.6918
2017-01-17,259.99,0.0,0.3933
2017-01-18,258.13,0.0,0.5111
2017-01-19,258.38,0.0,0.4459
2017-01-20,259.65,0.0,0.4514
2017-01-21,258.78,0.0,0.3662
2017-01-22,259.6,0.0,0.2876
2017-01-23,258.05,0.000207,0.6111
2017-01-24,259.49,0.0,0.6023
2017-01-25,259.89,0.000341,0.5172
2017-01-26,260.23,0.0,0.4244
2017-01-27,260.48,0.0,0.4959
2017-01-28,259.74,0.0,0.3861
2017-01-29,260.82,0.0,0.399
2017-01-30,260.94,0.0,0.5396
2017-01-31,260.5,0.0,0.1607
2017-02-01,260.64,0.0,0.6221
2017-02-02,260.89,0.0,0.4803
2017-02-03,261.5,0.0,0.4834
2017-02-04,261.66,0.0,0.53
2017-02-05,261.12,0.0,0.5677
2017-02-06,259.83,0.0,0.4254
2017-02-07,262.5,0.0,0.5141
2017-02-08,261.61,0.0,0.4917
2017-02-09,262.36,0.0,0.3637
2017-02-10,262.31,0.0,0.3567
2017-02-11,262.74,0.0,0.4778
2017-02-12,264.11,0.0,0.626
2017-02-13,261.73,0.0,0.4208
2017-02-14,261.66,0.0,0.4937
2017-02-15,264.07,0.0,0.6884
2017-02-16,263.33,0.0,0.3607
2017-02-17,264.6,0.0,0.3677
2017-02-18,262.35,0.0,0.5642
2017-02-19,264.8,0.0,0.3437
2017-02-20,262.98,0.0,0.298
2017-02-21,263.06,0.0,0.4281
2017-02-22,264.53,0.000502,0.6824
2017-02-23,266.53,0.0,0.4567
2017-02-24,264.99,0.000554,0.3602
2017-02-25,267.68,0.0,0.4849
2017-02-26,265.7,0.0,0.4864
2017-02-27,265.4,0.0,0.3978
2017-02-28,267.69,0.0,0.6087
2017-03-01,264.31,0.0,0.5317
2017-03-02,266.81,0.0,0.6166
2017-03-03,266.13,0.0,0.6529
2017-03-04,266.47,0.0,0.6374
2017-03-05,266.77,0.0,0.4854
2017-03-06,268.68,0.0,0.521
2017-03-07,265.22,0.0,0.4565
2017-03-08,268.39,0.0,0.616
2017-03-09,268.66,0.0,0.6022
2017-03-10,267.03,0.0,0.4673
2017-03-11,268.64,0.0,0.3975
2017-03-12,269.93,0.0,0.2641
2017-03-13,269.88,0.0,0.321
2017-03-14,267.5,0.0,0.487
2017-03-15,269.0,0.0,0.614
2017-03-16,267.92,0.0,0.3837
2017-03-17,269.05,0.0,0.4689
2017-03-18,269.33,0.0,0.3908
2017-03-19,269.36,0.0,0.5194
2017-03-20,269.0,0.000157,0.5252
2017-03-21,271.33,0.0,0.3031
2017-03-22,270.35,0.0,0.2686
2017-03-23,271.64,0.0,0.3122
2017-03-24,272.06,0.0,0.4671
2017-03-25,271.55,0.0,0.1933
2017-03-26,270.62,0.0,0.5091
2017-03-27,270.05,0.000199,0.3969
2017-03-28,269.52,0.0,0.329
2017-03-29,271.47,0.0,0.3375
2017-03-30,270.8,0.0,0.4777
2017-03-31,271.11,0.0,0.4573
2017-04-01,272.62,0.0,0.4708
2017-04-02,272.97,0.0,0.4566
2017-04-03,273.45,0.0,0.5875
2017-04-04,272.19,0.0,0.5125
2017-04-05,272.6,0.000353,0.3423
2017-04-06,272.15,0.0,0.5916
2017-04-07,274.81,0.0,0.3054
2017-04-08,273.35,0.0,0.3232
2017-04-09,272.83,0.0,0.4226
2017-04-10,275.35,0.0,0.3632
2017-04-11,273.13,0.0,0.4574
2017-04-12,273.66,0.0,0.3674
2017-04-13,275.1,0.0,0.5073
2017-04-14,274.43,0.0,0.5625
2017-04-15,275.2,0.0,0.3808
2017-04-16,273.25,0.0,0.6174
2017-04-17,274.67,0.0,0.4441
2017-04-18,275.56,0.0,0.5
2017-04-19,275.13,0.000229,0.5547
2017-04-20,276.29,0.0,0.3496
2017-04-21,274.78,0.000221,0.629
2017-04-22,277.76,0.0,0.4187
2017-04-23,275.96,0.0,0.3692
2017-04-24,277.16,0.0,0.4642
2017-04-25,275.29,0.0,0.4608
2017-04-26,277.47,0.0,0.4114
2017-04-27,276.31,0.0,0.3836
2017-04-28,276.32,0.0,0.5346
2017-04-29,277.68,0.000281,0.4516
2017-04-30,276.97,0.001994,0.6214
2017-05-01,280.84,0.0,0.0372
2017-05-02,277.49,0.001203,0.0897
2017-05-03,277.53,0.0,0.0808
2017-05-04,279.84,0.0,0.068
2017-05-05,276.35,0.0,0.0686
2017-05-06,279.01,0.0,0.0667
2017-05-07,277.76,0.0,0.0554
2017-05-08,277.14,0.0,0.033
2017-05-09,279.48,0.0,0.0823
2017-05-10,279.7,0.0,0.0437
2017-05-11,279.83,0.0,0.0855
2017-05-12,278.76,0.0,0.01
2017-05-13,280.27,0.000204,0.0782
2017-05-14,281.05,0.000146,0.0482
2017-05-15,280.46,0.0,0.0
2017-05-16,279.54,0.0,0.0897
2017-05-17,282.12,0.0,0.0795
2017-05-18,280.46,0.0,0.0986
2017-05-19,278.71,0.0,0.093
2017-05-20,279.28,0.0,0.0791
2017-05-21,280.74,0.0,0.0681
2017-05-22,279.95,0.0,0.0657
2017-05-23,279.71,0.000773,0.0804
2017-05-24,280.45,0.0,0.1401
2017-05-25,280.47,0.0,0.0334
2017-05-26,280.88,0.0,0.0478
2017-05-27,281.18,0.0,0.0487
2017-05-28,281.44,0.0,0.01
2017-05-29,279.2,0.0,0.0317
2017-05-30,280.46,0.000847,0.0581
2017-05-31,282.45,0.0,0.1597
2017-06-01,282.26,0.003671,0.0794
2017-06-02,281.25,0.0,0.129
2017-06-03,280.56,0.0,0.0561
2017-06-04,282.31,0.033198,0.0588
2017-06-05,280.99,0.006674,0.0
2017-06-06,282.38,0.0,0.028
2017-06-07,279.83,0.001412,0.0531
2017-06-08,282.19,0.0,0.055
2017-06-09,282.34,0.003062,0.0443
2017-06-10,281.49,0.002157,0.0636
2017-06-11,281.08,0.003372,0.0217
2017-06-12,282.28,0.001777,0.0649
2017-06-13,281.46,0.000209,0.0447
2017-06-14,279.28,0.005359,0.0268
2017-06-15,281.51,0.0,0.0955
2017-06-16,283.06,0.000735,0.0178
2017-06-17,281.74,0.003593,0.0261
2017-06-18,282.06,0.0,0.0796
2017-06-19,282.63,0.0,0.0641
2017-06-20,282.72,0.072549,0.0517
2017-06-21,282.39,0.007221,0.0617
2017-06-22,280.54,0.020998,0.0
2017-06-23,282.42,0.0,0.0576
2017-06-24,281.56,0.0,0.0848
2017-06-25,282.85,0.001702,0.074
2017-06-26,281.29,0.011215,0.0
2017-06-27,281.25,0.008968,0.0
2017-06-28,282.1,0.000129,0.1447
2017-06-29,279.71,0.003423,0.0
2017-06-30,282.34,0.005916,0.0958
2017-07-01,282.32,0.010129,0.0184
2017-07-02,282.97,0.0,0.0
2017-07-03,280.08,0.0,0.0682
2017-07-04,280.72,0.0,0.0
2017-07-05,280.83,0.007625,0.0417
2017-07-06,283.07,0.006191,0.0064
2017-07-07,281.5,0.002032,0.0295
2017-07-08,281.27,0.0,0.0811
2017-07-09,281.16,0.020329,0.0592
2017-07-10,281.1,0.006685,0.0
2017-07-11,280.82,0.0,0.0385
2017-07-12,282.8,0.009305,0.0143
2017-07-13,281.75,0.001413,0.0582
2017-07-14,280.39,7.8e-05,0.0
2017-07-15,279.84,0.000899,0.0
2017-07-16,278.77,0.005112,0.0
2017-07-17,279.62,0.002163,0.0214
2017-07-18,280.29,0.002357,0.025
2017-07-19,279.0,0.005523,0.0631
2017-07-20,280.14,0.0,0.0837
2017-07-21,281.5,0.000857,0.0
2017-07-22,280.68,0.000331,0.009
2017-07-23,280.93,0.011793,0.0985
2017-07-24,280.47,0.0,0.0702
2017-07-25,281.12,0.000309,0.0864
2017-07-26,279.72,0.0,0.0177
2017-07-27,280.5,0.006466,0.0715
2017-07-28,278.26,0.0,0.0756
2017-07-29,279.72,0.004522,0.0826
2017-07-30,279.23,0.004501,0.0726
2017-07-31,279.24,0.012233,0.071
2017-08-01,279.29,0.017331,0.003
2017-08-02,279.28,0.009693,0.1324
2017-08-03,279.73,0.006125,0.0417
2017-08-04,278.35,0.039518,0.0346
2017-08-05,277.04,0.0,0.0169
2017-08-06,278.41,0.0,0.1017
2017-08-07,278.09,0.003909,0.0199
2017-08-08,277.66,0.0,0.007
2017-08-09,278.84,0.006334,0.0374
2017-08-10,276.71,0.0,0.0114
2017-08-11,277.46,0.0,0.0316
2017-08-12,278.75,0.010136,0.0913
2017-08-13,278.54,0.009326,0.1073
2017-08-14,276.01,0.00126,0.0176
2017-08-15,277.11,0.000173,0.0
2017-08-16,275.86,0.014589,0.0466
2017-08-17,277.75,0.0,0.1027
2017-08-18,279.01,0.005661,0.0123
2017-08-19,276.1,0.0,0.0383
2017-08-20,275.6,0.0,0.0467
2017-08-21,274.08,0.001675,0.0409
2017-08-22,275.35,0.0086,0.0
2017-08-23,274.96,0.001307,0.083
2017-08-24,275.35,0.0,0.0
2017-08-25,273.42,0.001147,0.0468
2017-08-26,273.65,0.002682,0.1058
2017-08-27,275.39,0.006857,0.0743
2017-08-28,275.4,0.003874,0.0179
2017-08-29,274.58,0.001047,0.1203
2017-08-30,274.15,0.0,0.0
2017-08-31,272.44,0.015857,0.0558
2017-09-01,274.93,0.0,0.0701
2017-09-02,272.71,0.003039,0.0371
2017-09-03,273.05,0.0,0.0626
2017-09-04,271.58,0.0,0.0167
2017-09-05,273.89,0.007419,0.0898
2017-09-06,272.18,0.000215,0.0212
2017-09-07,272.31,0.008375,0.0838
2017-09-08,272.64,0.146142,0.0558
2017-09-09,272.15,0.009494,0.0586
2017-09-10,272.17,0.013054,0.0952
2017-09-11,272.08,0.004194,0.063
2017-09-12,270.73,0.0,0.0615
2017-09-13,272.14,0.0,0.098
2017-09-14,272.18,0.016679,0.0086
2017-09-15,271.12,0.005005,0.0133
2017-09-16,269.64,0.003872,0.1083
2017-09-17,271.76,0.014213,0.1429
2017-09-18,270.21,0.017431,0.0672
2017-09-19,269.82,0.007878,0.0
2017-09-20,268.44,0.011931,0.0887
2017-09-21,269.83,0.0,0.0341
2017-09-22,270.68,0.003991,0.003
2017-09-23,270.01,0.006326,0.1237
2017-09-24,268.28,0.0,0.0075
2017-09-25,270.3,0.004563,0.0353
2017-09-26,269.33,0.005314,0.0864
2017-09-27,267.7,0.0,0.024
2017-09-28,268.66,0.0,0.0384
2017-09-29,267.8,0.002584,0.0937
2017-09-30,266.25,0.002712,0.0169
2017-10-01,269.5,0.000266,0.0864
2017-10-02,267.59,0.0,0.0753
2017-10-03,266.29,0.000238,0.0295
2017-10-04,267.67,0.0,0.0583
2017-10-05,264.7,0.0,0.1148
2017-10-06,265.6,0.000401,0.0256
2017-10-07,266.17,0.0,0.0518
2017-10-08,267.21,0.0,0.0228
2017-10-09,265.72,0.0,0.0
2017-10-10,266.99,0.0,0.1056
2017-10-11,264.53,0.0,0.0632
2017-10-12,265.58,0.0,0.032
2017-10-13,264.27,0.001053,0.0581
2017-10-14,265.39,0.0,0.0175
2017-10-15,265.86,0.0,0.0
2017-10-16,265.8,0.0,0.067
2017-10-17,265.55,0.0,0.0343
2017-10-18,264.08,0.0,0.0276
2017-10-19,265.52,0.0,0.0693
2017-10-20,264.18,0.0,0.067
2017-10-21,262.46,0.0,0.0824
2017-10-22,263.49,0.0,0.0662
2017-10-23,264.37,0.0,0.0466
2017-10-24,264.09,0.0,0.0571
2017-10-25,262.43,0.0,0.0204
2017-10-26,261.74,0.0,0.0378
2017-10-27,263.64,0.0,0.0
2017-10-28,263.18,0.0,0.064
2017-10-29,261.45,0.0,0.0549
2017-10-30,263.41,0.0,0.0744
2017-10-31,261.87,0.0,0.0126
2017-11-01,263.42,0.000254,0.4407
2017-11-02,261.81,0.000447,0.3763
2017-11-03,262.24,0.0,0.3461
2017-11-04,262.72,0.0,0.6325
2017-11-05,261.81,0.0,0.3632
2017-11-06,262.18,0.0,0.5269
2017-11-07,260.57,0.0,0.5478
2017-11-08,260.51,0.0,0.4097
2017-11-09,260.11,0.00015,0.4866
2017-11-10,259.59,0.0,0.6634
2017-11-11,257.84,0.0,0.3701
2017-11-12,260.99,0.0,0.4815
2017-11-13,260.8,0.0,0.471
2017-11-14,259.8,0.0,0.3034
2017-11-15,260.04,0.0,0.6766
2017-11-16,258.61,0.0,0.4259
2017-11-17,259.91,0.0,0.3862
2017-11-18,262.4,0.0,0.4204
2017-11-19,258.38,0.0,0.2666
2017-11-20,259.78,0.0,0.5482
2017-11-21,261.16,0.0,0.0453
2017-11-22,258.9,0.0,0.2996
2017-11-23,258.08,0.0,0.2213
2017-11-24,259.27,0.0,0.5863
2017-11-25,259.7,0.0,0.3458
2017-11-26,259.62,0.0,0.2763
2017-11-27,258.18,0.000755,0.4937
2017-11-28,258.51,0.0,0.3913
2017-11-29,260.14,0.0,0.4644
2017-11-30,259.11,0.0,0.4731
2017-12-01,258.55,0.0,0.5314
2017-12-02,257.65,0.000567,0.4397
2017-12-03,259.43,0.000179,0.4645
2017-12-04,258.96,0.0,0.5609
2017-12-05,258.58,0.0,0.4141
2017-12-06,257.68,0.0,0.3593
2017-12-07,259.49,0.000284,0.6523
2017-12-08,258.22,0.003169,0.4358
2017-12-09,258.66,0.0,0.4617
2017-12-10,258.63,0.0,0.4351
2017-12-11,258.41,0.0,0.3644
2017-12-12,255.54,0.000114,0.2886
2017-12-13,257.62,0.0,0.5808
2017-12-14,258.9,0.000662,0.3237
2017-12-15,258.3,0.0,0.5503
2017-12-16,258.44,0.0,0.3814
2017-12-17,259.03,0.0,0.3754
2017-12-18,258.86,0.000497,0.4537
2017-12-19,259.1,0.0,0.4103
2017-12-20,257.99,0.000574,0.7127
2017-12-21,258.1,0.0,0.5512
2017-12-22,258.56,0.0,0.3749
2017-12-23,258.65,0.0,0.27
2017-12-24,256.79,0.0,0.5256
2017-12-25,258.4,0.0,0.49
2017-12-26,257.39,0.0,0.4431
2017-12-27,259.48,0.0,0.4836
2017-12-28,257.61,0.0,0.4198
2017-12-29,259.18,0.0,0.4675
2017-12-30,257.96,0.0,0.5952
2017-12-31,258.47,0.0,0.5921
2018-01-01,259.76,0.0,0.3976
2018-01-02,257.12,0.000451,0.3219
2018-01-03,255.74,0.0,0.457
2018-01-04,259.74,0.0,0.5318
2018-01-05,259.0,0.0,0.4602
2018-01-06,260.46,0.000268,0.4289
2018-01-07,259.44,0.0,0.2618
2018-01-08,258.24,0.0,0.3948
2018-01-09,260.17,0.0,0.373
2018-01-10,259.39,0.0,0.4473
2018-01-11,259.59,0.0,0.4937
2018-01-12,256.93,0.0,0.4695
2018-01-13,257.49,0.0,0.5278
2018-01-14,259.68,0.00041,0.382
2018-01-15,258.75,0.0,0.5925
2018-01-16,260.1,0.0,0.2283
2018-01-17,259.96,0.0,0.6285
2018-01-18,260.06,0.0,0.4785
2018-01-19,259.17,0.0,0.3838
2018-01-20,260.03,5.7e-05,0.4801
2018-01-21,260.2,0.000229,0.5925
2018-01-22,260.03,0.0,0.2587
2018-01-23,260.74,0.000518,0.482
2018-01-24,259.67,0.000437,0.4496
2018-01-25,260.68,0.0,0.5157
2018-01-26,261.11,0.0,0.6747
2018-01-27,260.52,0.0,0.3897
2018-01-28,260.21,0.0,0.4334
2018-01-29,261.4,0.0,0.5745
2018-01-30,261.76,0.0,0.4364
2018-01-31,261.49,0.0,0.2555
2018-02-01,261.38,0.0,0.5144
2018-02-02,259.32,0.0,0.4653
2018-02-03,261.23,0.000333,0.4203
2018-02-04,262.32,0.0,0.3897
2018-02-05,262.39,0.0,0.3128
2018-02-06,262.16,0.000602,0.2114
2018-02-07,262.05,0.0,0.5154
2018-02-08,262.04,0.0,0.5234
2018-02-09,262.74,0.000576,0.5575
2018-02-10,261.82,0.0,0.6086
2018-02-11,261.5,0.002317,0.5103
2018-02-12,261.62,0.0,0.6267
2018-02-13,264.8,0.0,0.6817
2018-02-14,261.64,0.000152,0.5987
2018-02-15,263.17,0.000156,0.5452
2018-02-16,264.55,0.0,0.346
2018-02-17,263.08,0.000494,0.1974
2018-02-18,263.79,0.0,0.1996
2018-02-19,264.15,0.0,0.4557
2018-02-20,264.35,0.000345,0.4636
2018-02-21,265.62,0.000138,0.5662
2018-02-22,267.35,0.0,0.3967
2018-02-23,263.21,0.000132,0.3184
2018-02-24,265.67,0.0,0.203
2018-02-25,265.19,0.000452,0.6811
2018-02-26,265.78,0.0,0.6603
2018-02-27,265.13,0.000541,0.6258
2018-02-28,265.14,0.0,0.6421
2018-03-01,266.3,0.0,0.4346
2018-03-02,265.45,0.0,0.4749
2018-03-03,265.2,0.000602,0.4235
2018-03-04,266.43,0.000297,0.4864
2018-03-05,267.26,0.0,0.687
2018-03-06,266.62,0.000147,0.2981
2018-03-07,266.33,0.000238,0.2896
2018-03-08,266.52,0.0,0.6408
2018-03-09,266.42,0.000939,0.7637
2018-03-10,268.34,0.0,0.2659
2018-03-11,268.84,0.0,0.3567
2018-03-12,267.45,0.0,0.431
2018-03-13,266.23,0.0,0.4678
2018-03-14,267.48,0.000251,0.6287
2018-03-15,269.2,0.0,0.6145
2018-03-16,268.1,0.000559,0.4892
2018-03-17,268.41,0.0,0.7202
2018-03-18,268.19,0.0,0.4873
2018-03-19,269.47,0.0,0.5071
2018-03-20,270.71,0.000447,0.3249
2018-03-21,269.26,0.0,0.495
2018-03-22,271.14,0.0,0.5507
2018-03-23,272.04,0.0,0.3596
2018-03-24,270.31,0.0,0.5187
2018-03-25,271.44,0.0,0.5733
2018-03-26,271.07,0.0,0.5781
2018-03-27,272.3,0.0,0.6442
2018-03-28,271.2,0.0,0.6009
2018-03-29,272.36,0.0,0.4212
2018-03-30,271.73,0.0,0.5035
2018-03-31,268.58,0.0,0.5075
2018-04-01,271.83,0.0,0.4051
2018-04-02,270.78,0.00017,0.4143
2018-04-03,274.11,0.0,0.5927
2018-04-04,271.87,0.0,0.3597
2018-04-05,273.55,0.0,0.4832
2018-04-06,274.27,0.0,0.5303
2018-04-07,272.19,0.0,0.2197
2018-04-08,273.27,0.000874,0.4292
2018-04-09,270.1,0.00026,0.3186
2018-04-10,274.37,0.0,0.6217
2018-04-11,273.72,0.0,0.4127
2018-04-12,274.41,0.0,0.331
2018-04-13,274.46,0.000126,0.496
2018-04-14,275.3,0.0,0.4986
2018-04-15,274.12,0.0,0.3368
2018-04-16,276.2,0.0,0.511
2018-04-17,276.91,0.0,0.4816
2018-04-18,276.24,0.0,0.6257
2018-04-19,277.36,0.000107,0.4749
2018-04-20,274.38,0.0,0.4782
2018-04-21,277.2,0.0,0.5933
2018-04-22,275.17,0.0,0.4116
2018-04-23,276.42,0.0,0.5535
2018-04-24,276.42,0.000236,0.4932
2018-04-25,276.16,0.000275,0.4315
2018-04-26,276.94,0.0,0.4201
2018-04-27,278.59,0.0,0.3485
2018-04-28,278.15,0.0,0.4238
2018-04-29,277.63,0.0,0.4401
2018-04-30,277.67,0.0,0.5212
2018-05-01,279.11,0.0,0.0461
2018-05-02,279.55,0.0,0.0802
2018-05-03,278.94,0.000105,0.0
2018-05-04,278.08,0.000227,0.0356
2018-05-05,278.44,0.0,0.0291
2018-05-06,279.49,0.0,0.0268
2018-05-07,277.03,0.0,0.1044
2018-05-08,279.14,0.000373,0.0
2018-05-09,278.77,0.0,0.0145
2018-05-10,279.34,0.0,0.0481
2018-05-11,278.99,0.0,0.1244
2018-05-12,279.3,0.0,0.0089
2018-05-13,279.93,0.000553,0.1048
2018-05-14,280.05,0.0,0.0934
2018-05-15,280.39,0.0,0.0331
2018-05-16,279.89,0.0,0.0455
2018-05-17,280.4,0.000155,0.0523
2018-05-18,280.12,0.0,0.0124
2018-05-19,279.67,0.0,0.0023
2018-05-20,280.69,0.0,0.0176
2018-05-21,281.98,0.0,0.0914
2018-05-22,280.43,0.0,0.0524
2018-05-23,280.07,0.0,0.0521
2018-05-24,280.29,0.000131,0.1014
2018-05-25,281.25,0.0,0.0253
2018-05-26,279.97,0.0,0.0307
2018-05-27,281.68,0.0,0.0977
2018-05-28,279.34,0.0,0.045
2018-05-29,281.25,0.000241,0.0
2018-05-30,280.77,0.0,0.0362
2018-05-31,279.36,0.0,0.0463
2018-06-01,281.94,0.001263,0.1235
2018-06-02,281.54,0.002613,0.0116
2018-06-03,280.61,0.010344,0.089
2018-06-04,282.03,0.003922,0.0464
2018-06-05,279.98,0.0,0.0386
2018-06-06,281.12,0.006527,0.0
2018-06-07,282.26,0.0,0.0355
2018-06-08,282.05,0.005515,0.0505
2018-06-09,281.62,0.0,0.0173
2018-06-10,282.18,0.007228,0.0305
2018-06-11,280.42,0.00255,0.1003
2018-06-12,282.12,0.004266,0.0043
2018-06-13,282.62,0.02238,0.0356
2018-06-14,281.96,0.006576,0.0434
2018-06-15,282.97,0.002662,0.069
2018-06-16,281.91,0.011918,0.0387
2018-06-17,281.19,0.006223,0.0309
2018-06-18,283.48,0.00355,0.0741
2018-06-19,281.74,0.00024,0.1055
2018-06-20,282.65,0.002425,0.078
2018-06-21,281.53,0.000168,0.0551
2018-06-22,281.51,0.028092,0.1128
2018-06-23,281.55,0.0,0.0423
2018-06-24,283.11,0.010662,0.1166
2018-06-25,283.24,0.011855,0.0
2018-06-26,281.39,0.0,0.0795
2018-06-27,280.6,0.0,0.0524
2018-06-28,281.88,0.017492,0.0797
2018-06-29,283.26,0.011788,0.0584
2018-06-30,282.26,0.004713,0.0
2018-07-01,282.93,0.008022,0.0271
2018-07-02,281.02,0.001751,0.0584
2018-07-03,280.87,0.003813,0.0
2018-07-04,282.6,0.0,0.0
2018-07-05,282.37,0.0,0.0524
2018-07-06,281.81,0.012353,0.0632
2018-07-07,279.47,0.0,0.0445
2018-07-08,280.99,0.0,0.0
2018-07-09,279.72,0.008184,0.0462
2018-07-10,281.8,0.002813,0.0
2018-07-11,282.13,0.0,0.0086
2018-07-12,280.74,0.005744,0.1081
2018-07-13,280.41,0.000998,0.0
2018-07-14,280.43,0.0,0.0313
2018-07-15,281.41,0.000225,0.0596
2018-07-16,282.07,0.003634,0.0555
2018-07-17,279.4,0.003534,0.0347
2018-07-18,280.03,0.009234,0.0082
2018-07-19,278.5,0.008405,0.0615
2018-07-20,279.4,0.00133,0.0325
2018-07-21,280.51,0.0,0.101
2018-07-22,279.23,0.011845,0.0917
2018-07-23,279.85,0.001886,0.0263
2018-07-24,278.97,0.003002,0.0
2018-07-25,280.23,0.003448,0.0796
2018-07-26,278.14,0.003488,0.0542
2018-07-27,280.36,0.0,0.098
2018-07-28,278.73,0.0,0.0728
2018-07-29,281.2,0.001504,0.0036
2018-07-30,278.02,0.026448,0.0889
2018-07-31,278.96,0.011573,0.0
2018-08-01,280.06,0.003358,0.0508
2018-08-02,278.58,0.003442,0.0411
2018-08-03,277.9,0.005462,0.1055
2018-08-04,276.15,0.0,0.0
2018-08-05,278.48,0.0,0.0375
2018-08-06,278.44,0.003138,0.0453
2018-08-07,278.26,0.0,0.0072
2018-08-08,278.34,0.010196,0.0531
2018-08-09,276.42,0.0,0.0236
2018-08-10,278.78,0.013293,0.107
2018-08-11,277.89,0.023913,0.0347
2018-08-12,277.44,0.002911,0.0533
2018-08-13,277.04,0.005854,0.0429
2018-08-14,276.8,0.0,0.0509
2018-08-15,277.84,0.004979,0.0766
2018-08-16,277.87,0.0,0.0382
2018-08-17,276.57,0.023066,0.0844
2018-08-18,277.26,0.01064,0.0833
2018-08-19,275.13,0.005452,0.0977
2018-08-20,276.84,0.0,0.0218
2018-08-21,274.14,0.004871,0.0156
2018-08-22,276.71,0.002416,0.1242
2018-08-23,275.44,0.004373,0.0894
2018-08-24,277.05,0.0,0.0396
2018-08-25,275.61,0.0,0.0437
2018-08-26,275.19,0.034383,0.0594
2018-08-27,274.88,0.025131,0.064
2018-08-28,272.48,0.0,0.0372
2018-08-29,276.37,0.048397,0.0938
2018-08-30,274.69,0.020819,0.0642
2018-08-31,274.12,0.00503,0.0167
2018-09-01,273.64,0.003675,0.0594
2018-09-02,275.08,0.000345,0.0052
2018-09-03,273.15,0.007267,0.0915
2018-09-04,274.56,0.0,0.0205
2018-09-05,273.53,0.004199,0.0659
2018-09-06,272.15,0.01294,0.0401
2018-09-07,272.76,0.000837,0.0312
2018-09-08,273.12,0.007861,0.0
2018-09-09,273.85,0.004685,0.0764
2018-09-10,272.05,0.011182,0.0446
2018-09-11,272.91,0.0,0.0451
2018-09-12,272.17,0.012191,0.0538
2018-09-13,270.32,0.000136,0.0777
2018-09-14,271.21,0.025938,0.0
2018-09-15,268.78,0.043989,0.0442
2018-09-16,270.09,0.007619,0.0034
2018-09-17,270.19,0.00574,0.0623
2018-09-18,269.93,0.031894,0.0502
2018-09-19,270.16,0.0238,0.0788
2018-09-20,269.34,0.0,0.0436
2018-09-21,270.37,0.069151,0.0966
2018-09-22,271.8,0.0,0.0797
2018-09-23,270.83,7.3e-05,0.0
2018-09-24,268.53,0.003528,0.0871
2018-09-25,268.01,0.000125,0.0693
2018-09-26,270.29,0.0,0.0
2018-09-27,267.54,0.005155,0.0347
2018-09-28,268.61,0.0,0.0299
2018-09-29,268.45,0.001053,0.0197
2018-09-30,269.52,0.003486,0.0679
2018-10-01,266.2,0.0,0.0092
2018-10-02,266.84,0.0,0.0427
2018-10-03,266.03,0.0,0.0
2018-10-04,267.0,0.0,0.0831
2018-10-05,266.36,0.000128,0.0974
2018-10-06,266.86,0.0,0.0403
2018-10-07,268.06,0.0,0.0455
2018-10-08,266.37,0.000977,0.0421
2018-10-09,266.23,0.0,0.0493
2018-10-10,266.2,0.0,0.0453
2018-10-11,265.78,0.00031,0.0462
2018-10-12,266.31,0.0,0.0807
2018-10-13,264.62,0.0,0.0496
2018-10-14,265.77,0.0,0.0551
2018-10-15,264.85,0.0,0.0529
2018-10-16,265.82,0.0,0.0454
2018-10-17,265.66,0.000247,0.09
2018-10-18,265.53,0.0,0.0155
2018-10-19,265.58,0.0,0.0028
2018-10-20,264.65,0.0,0.0367
2018-10-21,264.04,0.0,0.0376
2018-10-22,263.68,0.0,0.0944
2018-10-23,265.0,0.0,0.058
2018-10-24,264.25,0.0,0.0212
2018-10-25,263.93,0.0,0.042
2018-10-26,263.14,0.0,0.0133
2018-10-27,263.3,0.001343,0.0005
2018-10-28,261.41,0.0,0.0954
2018-10-29,263.69,0.0,0.1084
2018-10-30,261.91,0.000537,0.0579
2018-10-31,264.08,0.0,0.0112
2018-11-01,262.95,0.0,0.3451
2018-11-02,263.02,0.0,0.4053
2018-11-03,261.54,0.0,0.3642
2018-11-04,262.91,0.0,0.4532
2018-11-05,261.29,0.0,0.3555
2018-11-06,260.54,0.000465,0.5484
2018-11-07,259.71,0.0,0.3288
2018-11-08,261.81,0.0,0.4438
2018-11-09,259.72,0.0,0.3615
2018-11-10,261.84,0.0,0.5329
2018-11-11,261.52,0.0,0.328
2018-11-12,260.13,0.0,0.4287
2018-11-13,260.54,0.000127,0.3763
2018-11-14,261.01,0.0,0.5992
2018-11-15,260.04,0.0,0.3529
2018-11-16,259.83,0.0,0.47
2018-11-17,260.22,0.000143,0.4519
2018-11-18,260.52,0.0,0.3228
2018-11-19,259.03,0.0,0.5817
2018-11-20,259.38,0.000177,0.5044
2018-11-21,260.32,0.000189,0.426
2018-11-22,260.37,7.4e-05,0.4956
2018-11-23,258.44,0.0,0.5647
2018-11-24,259.45,0.0,0.3632
2018-11-25,261.68,0.0,0.606
2018-11-26,259.5,0.0,0.513
2018-11-27,257.91,0.000414,0.2894
2018-11-28,258.11,0.0,0.4002
2018-11-29,259.71,0.0,0.6513
2018-11-30,257.3,0.0,0.5319
2018-12-01,259.56,0.0,0.3626
2018-12-02,257.14,0.0,0.3911
2018-12-03,259.21,0.000228,0.5407
2018-12-04,258.46,0.0,0.5927
2018-12-05,256.93,0.0,0.5777
2018-12-06,259.63,0.000204,0.483
2018-12-07,257.59,0.0,0.6652
2018-12-08,258.83,0.0,0.6051
2018-12-09,256.16,0.0,0.6061
2018-12-10,257.56,0.0,0.5765
2018-12-11,257.36,0.0,0.5958
2018-12-12,258.01,0.0,0.3492
2018-12-13,258.45,0.0,0.412
2018-12-14,257.4,0.0,0.4267
2018-12-15,259.54,0.0,0.5329
2018-12-16,258.53,0.0,0.3916
2018-12-17,257.31,0.0,0.1968
2018-12-18,258.6,0.0,0.6011
2018-12-19,258.83,0.000445,0.2844
2018-12-20,258.23,0.0,0.5514
2018-12-21,259.15,0.000214,0.2675
2018-12-22,258.92,0.0,0.385
2018-12-23,257.99,0.0,0.3652
2018-12-24,258.44,0.0,0.3348
2018-12-25,257.44,0.001003,0.4082
2018-12-26,258.11,0.0,0.3402
2018-12-27,257.9,0.0,0.3856
2018-12-28,259.07,0.0,0.4643
2018-12-29,256.87,0.0,0.344
2018-12-30,258.1,0.0,0.2225
2018-12-31,256.74,0.0,0.4362
2019-01-01,257.4,0.0,0.3522
2019-01-02,257.87,0.000418,0.6996
2019-01-03,257.24,0.0,0.5274
2019-01-04,258.48,0.0,0.4921
2019-01-05,259.58,0.0,0.4913
2019-01-06,258.19,0.0,0.432
2019-01-07,259.85,0.000463,0.3341
2019-01-08,257.75,0.0,0.4545
2019-01-09,258.82,0.0,0.3464
2019-01-10,259.45,0.0,0.3755
2019-01-11,259.03,0.0,0.4191
2019-01-12,259.45,0.000477,0.506
2019-01-13,259.43,0.0,0.3664
2019-01-14,257.84,0.0,0.5163
2019-01-15,258.69,9.7e-05,0.6619
2019-01-16,258.22,0.0,0.4411
2019-01-17,259.0,0.0,0.5923
2019-01-18,258.38,0.0,0.3927
2019-01-19,259.96,0.0,0.5536
2019-01-20,260.81,0.000685,0.5589
2019-01-21,260.32,0.000604,0.3437
2019-01-22,260.14,0.0,0.4709
2019-01-23,259.54,0.0,0.4188
2019-01-24,260.24,0.0,0.4896
2019-01-25,260.87,0.000203,0.3771
2019-01-26,260.57,0.0,0.3181
2019-01-27,260.8,0.0,0.5235
2019-01-28,260.66,0.000166,0.6504
2019-01-29,259.89,0.0,0.4646
2019-01-30,263.07,0.0,0.3878
2019-01-31,261.19,0.0,0.4109
2019-02-01,261.57,0.0,0.4873
2019-02-02,260.68,0.0,0.4778
2019-02-03,260.54,0.0,0.5869
2019-02-04,262.29,0.000261,0.4334
2019-02-05,262.74,0.0,0.6859
2019-02-06,263.57,0.0,0.2791
2019-02-07,262.48,0.0,0.4052
2019-02-08,262.85,0.0,0.3771
2019-02-09,262.3,0.0,0.2408
2019-02-10,264.1,0.0,0.3914
2019-02-11,263.71,0.0,0.3226
2019-02-12,260.46,0.0,0.5073
2019-02-13,263.84,0.0,0.4403
2019-02-14,264.78,0.000451,0.4387
2019-02-15,263.59,0.0,0.4788
2019-02-16,263.97,0.0,0.4846
2019-02-17,264.19,8.5e-05,0.466
2019-02-18,263.12,0.000393,0.5739
2019-02-19,262.34,0.0,0.3343
2019-02-20,264.66,0.000465,0.5945
2019-02-21,265.31,0.0,0.5911
2019-02-22,264.14,0.0,0.4105
2019-02-23,263.53,0.0,0.4425
2019-02-24,266.38,0.0,0.5047
2019-02-25,265.88,0.001027,0.2597
2019-02-26,264.45,0.0,0.5944
2019-02-27,267.39,0.0,0.2023
2019-02-28,265.34,0.0,0.4495
2019-03-01,266.57,0.0,0.3823
2019-03-02,267.3,0.0,0.4471
2019-03-03,265.35,0.0,0.4722
2019-03-04,266.07,0.000161,0.6078
2019-03-05,267.03,0.000209,0.4298
2019-03-06,267.19,0.0,0.4523
2019-03-07,266.04,0.0,0.3786
2019-03-08,267.11,0.0,0.4981
2019-03-09,267.02,0.000172,0.3049
2019-03-10,267.56,0.0,0.6047
2019-03-11,270.34,0.0,0.5983
2019-03-12,269.09,0.001165,0.6658
2019-03-13,269.05,0.0,0.4426
2019-03-14,268.4,0.0,0.3343
2019-03-15,267.65,0.0,0.4066
2019-03-16,270.16,0.0,0.4662
2019-03-17,270.55,0.0,0.4493
2019-03-18,268.88,0.0,0.5354
2019-03-19,268.16,0.0,0.4362
2019-03-20,268.34,0.0,0.5471
2019-03-21,272.03,0.0,0.5282
2019-03-22,269.36,0.0,0.4242
2019-03-23,271.94,0.0,0.4633
2019-03-24,272.94,0.0,0.5424
2019-03-25,270.4,0.0,0.5301
2019-03-26,269.82,0.0,0.3698
2019-03-27,271.22,0.000259,0.4629
2019-03-28,270.23,0.0,0.3655
2019-03-29,272.64,0.0,0.4197
2019-03-30,271.95,6e-05,0.5944
2019-03-31,270.41,0.0,0.4493
2019-04-01,270.93,0.0,0.4812
2019-04-02,271.87,0.001287,0.2889
2019-04-03,272.65,0.0,0.5652
2019-04-04,272.17,0.000336,0.4457
2019-04-05,274.89,0.0,0.4497
2019-04-06,272.93,0.0,0.5099
2019-04-07,274.27,0.0,0.2195
2019-04-08,273.32,0.0,0.2417
2019-04-09,274.99,0.0,0.5594
2019-04-10,273.46,0.0,0.2845
2019-04-11,274.37,0.0,0.4442
2019-04-12,274.58,0.0,0.1988
2019-04-13,274.94,0.0,0.7106
2019-04-14,275.21,0.0,0.5104
2019-04-15,274.47,0.0,0.4964
2019-04-16,274.65,0.0,0.4597
2019-04-17,275.54,0.0,0.5042
2019-04-18,274.91,0.0,0.3703
2019-04-19,275.81,0.0,0.4247
2019-04-20,274.68,0.0,0.2277
2019-04-21,276.46,0.0,0.5759
2019-04-22,276.69,0.0,0.5906
2019-04-23,274.85,0.0,0.5317
2019-04-24,277.54,0.000505,0.4567
2019-04-25,276.24,0.0,0.3979
2019-04-26,277.35,0.0,0.468
2019-04-27,276.5,0.000133,0.3303
2019-04-28,276.6,0.0,0.5131
2019-04-29,277.59,0.0,0.5026
2019-04-30,277.3,0.000296,0.7004
2019-05-01,277.75,0.000432,0.0191
2019-05-02,278.86,0.0,0.0197
2019-05-03,277.92,0.00066,0.1517
2019-05-04,276.28,0.0,0.1051
2019-05-05,278.49,0.0,0.0
2019-05-06,278.43,0.0,0.0
2019-05-07,278.33,0.0,0.0782
2019-05-08,277.61,0.000763,0.0615
2019-05-09,278.84,0.0,0.0587
2019-05-10,280.3,0.0,0.0093
2019-05-11,277.94,0.000426,0.0761
2019-05-12,279.58,0.0,0.0
2019-05-13,278.6,0.0,0.0758
2019-05-14,281.51,0.0,0.0434
2019-05-15,279.59,0.0,0.0406
2019-05-16,280.68,0.0,0.0
2019-05-17,280.93,0.0,0.015
2019-05-18,279.51,0.0,0.0642
2019-05-19,281.99,0.0,0.0619
2019-05-20,279.59,0.0,0.05
2019-05-21,281.41,0.0,0.0868
2019-05-22,279.77,0.0,0.1328
2019-05-23,280.86,0.000246,0.0
2019-05-24,282.97,0.0,0.0691
2019-05-25,281.53,0.0,0.042
2019-05-26,278.51,0.0,0.0094
2019-05-27,280.66,0.0,0.0
2019-05-28,280.57,0.000268,0.0578
2019-05-29,279.46,0.0,0.0
2019-05-30,281.65,0.0,0.0291
2019-05-31,281.07,0.0,0.0552
2019-06-01,280.18,0.006212,0.0637
2019-06-02,280.23,0.0,0.0137
2019-06-03,280.85,0.007337,0.0128
2019-06-04,280.64,0.00704,0.0591
2019-06-05,281.88,0.018155,0.0875
2019-06-06,281.53,0.0,0.0549
2019-06-07,282.82,7.2e-05,0.0963
2019-06-08,280.42,0.010778,0.0299
2019-06-09,281.76,0.008078,0.0691
2019-06-10,281.28,0.000339,0.0553
2019-06-11,281.55,0.0,0.0594
2019-06-12,282.18,0.0,0.0708
2019-06-13,282.67,0.0,0.0996
2019-06-14,281.81,0.008268,0.0339
2019-06-15,281.68,0.003104,0.043
2019-06-16,282.45,0.011322,0.0472
2019-06-17,281.98,0.007133,0.1186
2019-06-18,281.82,0.0,0.0224
2019-06-19,282.48,0.013415,0.0123
2019-06-20,281.87,0.0,0.0797
2019-06-21,281.53,0.0,0.0998
2019-06-22,281.38,0.009419,0.0673
2019-06-23,283.16,0.005308,0.005
2019-06-24,281.62,0.003077,0.1078
2019-06-25,280.86,5.4e-05,0.0877
2019-06-26,281.09,0.003188,0.0446
2019-06-27,281.22,0.019312,0.0623
2019-06-28,281.4,0.00103,0.0493
2019-06-29,282.45,0.006698,0.0041
2019-06-30,281.61,0.006087,0.0164
2019-07-01,283.31,0.00238,0.1535
2019-07-02,281.89,0.0,0.0882
2019-07-03,281.36,0.001028,0.0029
2019-07-04,281.49,0.025903,0.0567
2019-07-05,280.06,0.016048,0.089
2019-07-06,281.07,0.009352,0.0178
2019-07-07,281.72,0.121426,0.0437
2019-07-08,281.35,0.002807,0.0309
2019-07-09,281.84,0.008192,0.0318
2019-07-10,281.09,0.017799,0.0
2019-07-11,280.38,0.0,0.0563
2019-07-12,280.33,0.0,0.0748
2019-07-13,281.36,0.00883,0.0124
2019-07-14,279.98,0.0,0.0078
2019-07-15,280.85,0.009531,0.0847
2019-07-16,280.08,0.003977,0.0964
2019-07-17,280.51,0.005793,0.0354
2019-07-18,282.39,0.015253,0.0497
2019-07-19,281.16,0.0,0.0163
2019-07-20,281.6,0.006981,0.068
2019-07-21,281.8,0.0,0.0727
2019-07-22,280.93,0.032281,0.0
2019-07-23,279.55,0.00957,0.075
2019-07-24,279.12,0.017941,0.0
2019-07-25,279.51,0.0,0.1308
2019-07-26,279.1,0.0,0.0287
2019-07-27,280.24,0.006967,0.0213
2019-07-28,280.33,0.000951,0.0575
2019-07-29,282.53,0.0,0.0236
2019-07-30,278.75,0.005721,0.0511
2019-07-31,279.84,0.0,0.0862
2019-08-01,280.84,0.003718,0.0193
2019-08-02,280.52,0.007988,0.0
2019-08-03,278.75,0.000741,0.0701
2019-08-04,277.52,0.0,0.025
2019-08-05,278.53,0.0,0.0
2019-08-06,278.39,0.019852,0.1108
2019-08-07,277.13,0.010748,0.0193
2019-08-08,278.98,0.03448,0.0
2019-08-09,276.18,0.001316,0.118
2019-08-10,278.01,0.0,0.0542
2019-08-11,279.15,0.0,0.0
2019-08-12,277.89,0.028069,0.0
2019-08-13,276.37,0.01657,0.073
2019-08-14,278.17,0.004689,0.0605
2019-08-15,276.66,0.000129,0.0409
2019-08-16,276.85,0.011958,0.0218
2019-08-17,277.07,0.009092,0.047
2019-08-18,276.9,0.0,0.0574
2019-08-19,276.12,0.003556,0.1268
2019-08-20,277.36,0.011073,0.0256
2019-08-21,276.66,0.000949,0.0483
2019-08-22,275.29,0.0069,0.0137
2019-08-23,277.42,0.001423,0.062
2019-08-24,275.11,0.002845,0.0482
2019-08-25,275.1,0.0,0.0155
2019-08-26,273.2,0.009152,0.139
2019-08-27,275.25,0.00581,0.0728
2019-08-28,274.87,0.0,0.0495
2019-08-29,273.41,0.000117,0.0655
2019-08-30,275.8,0.009477,0.002
2019-08-31,274.18,0.0,0.0308
2019-09-01,274.22,0.0,0.0379
2019-09-02,273.99,0.009105,0.0248
2019-09-03,271.89,0.009786,0.0022
2019-09-04,274.14,0.0,0.0027
2019-09-05,272.61,0.000425,0.0379
2019-09-06,270.34,0.028945,0.0165
2019-09-07,272.4,0.006177,0.109
2019-09-08,274.45,0.008169,0.0138
2019-09-09,272.75,0.0,0.0773
2019-09-10,272.06,0.008759,0.0909
2019-09-11,270.3,0.009791,0.0666
2019-09-12,272.88,0.0,0.0404
2019-09-13,270.59,0.006401,0.1157
2019-09-14,271.39,0.021584,0.0373
2019-09-15,271.21,0.001066,0.0554
2019-09-16,270.35,0.010222,0.0677
2019-09-17,270.7,0.000719,0.0434
2019-09-18,270.47,0.006784,0.0477
2019-09-19,270.33,0.009027,0.0586
2019-09-20,270.23,0.003527,0.0105
2019-09-21,269.04,0.0,0.0749
2019-09-22,269.35,0.000391,0.0151
2019-09-23,268.49,0.019388,0.0
2019-09-24,268.21,0.002915,0.1246
2019-09-25,270.38,0.008104,0.056
2019-09-26,270.03,0.007525,0.0818
2019-09-27,268.55,0.00968,0.0431
2019-09-28,268.31,0.004371,0.0913
2019-09-29,266.71,0.000172,0.1097
2019-09-30,266.09,0.0,0.1067
2019-10-01,267.54,0.0,0.0635
2019-10-02,267.51,0.0,0.0936
2019-10-03,267.36,0.0,0.0327
2019-10-04,267.27,0.0,0.0705
2019-10-05,268.08,0.0,0.0382
2019-10-06,265.87,0.0,0.0331
2019-10-07,266.28,0.000588,0.0677
2019-10-08,266.73,0.0,0.0253
2019-10-09,265.04,0.0,0.0745
2019-10-10,265.57,0.0,0.0144
2019-10-11,266.32,0.0,0.0367
2019-10-12,264.58,0.0,0.0349
2019-10-13,264.44,0.0,0.0874
2019-10-14,265.68,0.0,0.0028
2019-10-15,265.88,0.000202,0.0665
2019-10-16,264.57,0.00039,0.0742
2019-10-17,266.56,0.0,0.0153
2019-10-18,264.41,0.0,0.0465
2019-10-19,264.57,0.000393,0.0775
2019-10-20,263.85,0.000116,0.0533
2019-10-21,264.01,0.0,0.097
2019-10-22,261.78,0.000304,0.0669
2019-10-23,263.55,0.0,0.039
2019-10-24,263.64,0.0,0.0761
2019-10-25,263.74,0.0,0.0277
2019-10-26,264.88,0.0,0.0
2019-10-27,263.85,0.0,0.0838
2019-10-28,261.43,0.0,0.0824
2019-10-29,261.56,0.0,0.0925
2019-10-30,264.59,0.0,0.0
2019-10-31,259.78,0.0,0.0796
2019-11-01,262.65,0.0,0.4344
2019-11-02,260.38,0.0,0.4853
2019-11-03,260.93,0.0,0.4204
2019-11-04,262.48,0.0,0.6468
2019-11-05,261.43,0.0,0.3271
2019-11-06,261.14,0.0,0.3657
2019-11-07,261.61,0.0,0.6841
2019-11-08,260.25,0.0,0.4248
2019-11-09,261.41,0.0,0.2629
2019-11-10,261.71,0.0,0.3376
2019-11-11,258.61,0.0,0.2957
2019-11-12,260.11,0.0,0.4102
2019-11-13,261.35,0.0,0.5691
2019-11-14,258.93,0.0,0.4665
2019-11-15,260.51,0.0,0.5391
2019-11-16,261.42,0.0,0.4426
2019-11-17,260.56,0.0,0.4862
2019-11-18,260.94,0.000223,0.3848
2019-11-19,258.96,0.0,0.5416
2019-11-20,259.87,0.0,0.4155
2019-11-21,259.42,0.0,0.4739
2019-11-22,259.6,0.0,0.5337
2019-11-23,259.05,0.0,0.4288
2019-11-24,258.16,0.0,0.2339
2019-11-25,258.42,0.0,0.4118
2019-11-26,258.95,0.0,0.5138
2019-11-27,259.7,0.000166,0.3674
2019-11-28,257.77,0.0,0.4364
2019-11-29,259.35,0.0,0.3113
2019-11-30,257.34,0.0,0.5566
2019-12-01,258.89,0.0,0.3655
2019-12-02,257.02,0.000206,0.4852
2019-12-03,258.84,0.0,0.3431
2019-12-04,255.07,0.0,0.4459
2019-12-05,258.02,0.0,0.3267
2019-12-06,257.38,0.0,0.3929
2019-12-07,258.46,0.0,0.5144
2019-12-08,257.11,0.0,0.5384
2019-12-09,257.05,0.0,0.3132
2019-12-10,257.27,0.0,0.6192
2019-12-11,258.48,0.0,0.1129
2019-12-12,258.08,0.000501,0.4026
2019-12-13,256.98,0.0,0.5826
2019-12-14,258.83,0.0,0.4455
2019-12-15,256.91,0.0,0.4622
2019-12-16,257.61,0.0,0.5579
2019-12-17,258.1,0.0,0.2972
2019-12-18,256.64,0.000321,0.3572
2019-12-19,255.64,0.000172,0.5202
2019-12-20,257.9,0.0,0.3466
2019-12-21,257.93,0.0,0.4895
2019-12-22,258.33,0.0,0.4561
2019-12-23,257.87,0.0,0.3926
2019-12-24,257.67,0.0,0.6888
2019-12-25,258.43,0.0,0.8385
2019-12-26,257.56,0.0,0.5504
2019-12-27,257.98,0.0,0.5012
2019-12-28,256.18,0.0,0.5292
2019-12-29,257.23,0.0,0.2098
2019-12-30,257.13,0.0,0.3995
2019-12-31,257.62,0.0,0.3373
2020-01-01,258.6,0.0,0.5533
2020-01-02,257.95,0.000545,0.424
2020-01-03,258.69,0.0,0.3937
2020-01-04,258.32,0.0,0.5802
2020-01-05,256.66,0.000126,0.4488
2020-01-06,258.76,0.000143,0.2677
2020-01-07,258.82,0.0,0.531
2020-01-08,258.69,0.0,0.3429
2020-01-09,258.91,0.000403,0.3652
2020-01-10,258.02,0.0,0.5567
2020-01-11,258.7,0.0,0.4616
2020-01-12,258.97,0.0,0.3836
2020-01-13,260.02,0.0,0.4729
2020-01-14,258.18,0.0,0.5494
2020-01-15,258.62,0.000356,0.458
2020-01-16,259.81,0.0,0.6188
2020-01-17,260.83,0.0,0.515
2020-01-18,260.19,0.000264,0.715
2020-01-19,261.36,0.0,0.4936
2020-01-20,258.37,0.0,0.3113
2020-01-21,261.18,0.0,0.6775
2020-01-22,259.78,0.0,0.5717
2020-01-23,259.77,0.0,0.3658
2020-01-24,261.1,0.0,0.474
2020-01-25,261.49,0.0,0.2304
2020-01-26,261.54,0.0,0.4253
2020-01-27,259.65,0.0,0.381
2020-01-28,260.42,0.0,0.3611
2020-01-29,260.5,0.0,0.3229
2020-01-30,260.26,0.0,0.409
2020-01-31,262.13,0.0,0.288
2020-02-01,261.23,0.0,0.3352
2020-02-02,261.64,0.0,0.5246
2020-02-03,262.29,0.0,0.3905
2020-02-04,262.52,0.000321,0.5887
2020-02-05,261.68,0.0,0.3747
2020-02-06,261.98,7.6e-05,0.2947
2020-02-07,262.01,0.0,0.3254
2020-02-08,261.68,0.0,0.3719
2020-02-09,262.61,0.0,0.4983
2020-02-10,262.02,0.0,0.5099
2020-02-11,263.08,0.000132,0.6291
2020-02-12,263.81,0.0,0.4197
2020-02-13,262.66,0.0,0.509
2020-02-14,264.2,0.0,0.3937
2020-02-15,261.71,0.0,0.3752
2020-02-16,261.06,0.0,0.4403
2020-02-17,263.04,0.0,0.4033
2020-02-18,265.18,0.0,0.4591
2020-02-19,263.77,0.0,0.4684
2020-02-20,267.2,0.0,0.4619
2020-02-21,264.47,0.0,0.6203
2020-02-22,263.13,0.0,0.4693
2020-02-23,265.5,0.0,0.5577
2020-02-24,264.89,0.0,0.3462
2020-02-25,263.74,0.0,0.4298
2020-02-26,264.64,0.0,0.4685
2020-02-27,263.25,0.002508,0.2727
2020-02-28,265.0,0.0,0.4804
2020-02-29,265.22,0.0,0.5253
2020-03-01,265.76,0.000186,0.505
2020-03-02,266.69,0.0,0.3152
2020-03-03,267.35,0.000181,0.4129
2020-03-04,266.71,0.0,0.3838
2020-03-05,267.31,0.0,0.5232
2020-03-06,268.31,0.0,0.5066
2020-03-07,266.98,0.0,0.7082
2020-03-08,266.93,0.0,0.4627
2020-03-09,268.29,0.0,0.3258
2020-03-10,267.57,0.000209,0.2525
2020-03-11,269.05,0.0,0.5131
2020-03-12,268.25,0.000632,0.6195
2020-03-13,268.66,0.0,0.3694
2020-03-14,268.04,0.000246,0.3396
2020-03-15,267.68,0.000106,0.4631
2020-03-16,269.77,0.000147,0.4592
2020-03-17,269.16,0.0,0.4119
2020-03-18,268.94,0.0,0.2919
2020-03-19,269.82,0.0,0.4812
2020-03-20,269.96,0.0,0.4886
2020-03-21,269.41,0.0,0.3362
2020-03-22,269.08,0.0,0.491
2020-03-23,268.94,0.0,0.5467
2020-03-24,270.56,0.0,0.4698
2020-03-25,270.1,0.0,0.2295
2020-03-26,270.94,0.0,0.3751
2020-03-27,271.68,0.0,0.5028
2020-03-28,269.43,0.0,0.6599
2020-03-29,272.97,0.0,0.6449
2020-03-30,273.08,0.0,0.4353
2020-03-31,272.05,0.0,0.414
2020-04-01,270.92,0.0,0.3918
2020-04-02,272.73,0.0,0.4039
2020-04-03,271.43,0.0,0.4149
2020-04-04,272.37,0.000355,0.5665
2020-04-05,272.78,0.0,0.2883
2020-04-06,274.52,0.0,0.3637
2020-04-07,273.39,0.0,0.4235
2020-04-08,272.17,0.0,0.5878
2020-04-09,274.17,0.0,0.3145
2020-04-10,274.02,0.0,0.5003
2020-04-11,275.63,0.0,0.4165
2020-04-12,274.42,0.0,0.5938
2020-04-13,273.96,0.0,0.7436
2020-04-14,275.45,0.0,0.4341
2020-04-15,275.35,0.0,0.426
2020-04-16,276.81,0.0,0.5025
2020-04-17,274.47,0.0,0.477
2020-04-18,274.82,0.000535,0.6183
2020-04-19,278.02,0.0,0.5469
2020-04-20,276.24,0.000209,0.5131
2020-04-21,277.77,0.0,0.468
2020-04-22,276.26,0.0,0.5048
2020-04-23,277.94,0.0,0.4484
2020-04-24,275.86,0.0,0.4928
2020-04-25,279.17,0.0,0.4293
2020-04-26,277.72,0.0,0.4165
2020-04-27,279.52,0.0,0.4969
2020-04-28,276.09,0.0,0.3524
2020-04-29,277.22,0.0,0.4722
2020-04-30,278.23,0.0,0.725
2020-05-01,279.38,0.0,0.0
2020-05-02,276.83,0.00025,0.0421
2020-05-03,276.79,0.000174,0.0675
2020-05-04,278.39,8.5e-05,0.0
2020-05-05,279.87,0.000124,0.057
2020-05-06,278.21,0.0,0.0238
2020-05-07,278.41,6e-05,0.0855
2020-05-08,277.15,0.0,0.0921
2020-05-09,278.14,0.000119,0.0584
2020-05-10,279.04,0.0,0.0
2020-05-11,278.37,0.0,0.0
2020-05-12,278.73,0.0,0.0471
2020-05-13,279.9,0.0,0.051
2020-05-14,276.93,0.0,0.0558
2020-05-15,279.29,0.0,0.0567
2020-05-16,280.43,0.0,0.0259
2020-05-17,279.77,0.001193,0.0582
2020-05-18,280.09,0.0,0.0734
2020-05-19,281.44,0.0,0.0523
2020-05-20,281.14,0.0,0.0269
2020-05-21,280.4,0.0,0.0417
2020-05-22,281.26,0.0,0.0629
2020-05-23,281.38,0.0,0.0
2020-05-24,279.63,0.0,0.0909
2020-05-25,281.44,0.0,0.0318
2020-05-26,280.86,0.0,0.0352
2020-05-27,280.6,0.0,0.1631
2020-05-28,281.95,0.0,0.0
2020-05-29,281.63,0.0,0.0604
2020-05-30,281.97,0.0,0.0646
2020-05-31,279.69,0.0,0.0
2020-06-01,281.55,0.0,0.092
2020-06-02,281.74,0.0,0.048
2020-06-03,281.12,0.001913,0.0
2020-06-04,282.39,0.000872,0.0979
2020-06-05,280.5,0.000973,0.0902
2020-06-06,282.37,0.003051,0.0584
2020-06-07,283.03,0.004523,0.0903
2020-06-08,282.97,0.020887,0.0194
2020-06-09,281.12,0.001839,0.0399
2020-06-10,282.38,0.004128,0.0734
2020-06-11,281.76,0.0,0.0279
2020-06-12,282.83,0.0,0.0893
2020-06-13,282.01,0.023173,0.081
2020-06-14,283.49,0.0,0.0335
2020-06-15,281.68,0.006341,0.0692
2020-06-16,282.13,0.0,0.0167
2020-06-17,281.23,0.000209,0.0317
2020-06-18,280.59,0.003612,0.0644
2020-06-19,281.3,0.009001,0.0311
2020-06-20,282.43,0.005896,0.0718
2020-06-21,282.56,0.0,0.0564
2020-06-22,281.35,0.007765,0.0434
2020-06-23,279.96,0.0,0.0396
2020-06-24,280.92,0.002031,0.0033
2020-06-25,283.64,0.018794,0.0117
2020-06-26,282.23,0.005513,0.0606
2020-06-27,282.07,0.000102,0.0506
2020-06-28,282.25,0.0,0.0019
2020-06-29,281.18,0.001337,0.0
2020-06-30,281.62,0.0,0.0275
2020-07-01,280.5,0.002089,0.0
2020-07-02,283.21,0.000265,0.0
2020-07-03,281.83,0.0,0.0839
2020-07-04,282.4,0.000768,0.0374
2020-07-05,281.77,0.0,0.0
2020-07-06,281.55,0.0,0.0699
2020-07-07,280.93,0.021485,0.0639
2020-07-08,280.68,0.016554,0.0708
2020-07-09,280.35,0.004751,0.0949
2020-07-10,282.75,0.003958,0.0584
2020-07-11,280.91,0.063368,0.0799
2020-07-12,283.28,0.0,0.0
2020-07-13,278.7,0.001438,0.0354
2020-07-14,279.48,0.0,0.0972
2020-07-15,280.4,0.007276,0.0556
2020-07-16,279.43,0.0,0.0374
2020-07-17,281.23,0.005141,0.0
2020-07-18,281.26,0.003766,0.0383
2020-07-19,280.16,0.00284,0.0213
2020-07-20,279.53,0.002778,0.1166
2020-07-21,281.34,0.007822,0.1277
2020-07-22,281.27,0.001224,0.101
2020-07-23,280.64,0.010119,0.0022
2020-07-24,279.32,0.0,0.0053
2020-07-25,280.43,0.018497,0.0654
2020-07-26,279.43,0.002193,0.0292
2020-07-27,280.25,0.004739,0.1065
2020-07-28,280.87,0.0,0.0093
2020-07-29,278.62,0.005206,0.0282
2020-07-30,279.34,0.004083,0.0381
2020-07-31,278.77,0.009296,0.1833
2020-08-01,278.24,0.002261,0.0468
2020-08-02,278.53,0.0,0.1111
2020-08-03,278.63,0.0,0.1434
2020-08-04,278.26,0.006485,0.0098
2020-08-05,278.09,0.021945,0.0667
2020-08-06,277.71,0.0,0.0736
2020-08-07,276.61,0.017152,0.0744
2020-08-08,280.16,0.004768,0.02
2020-08-09,278.39,0.031473,0.0081
2020-08-10,278.16,0.0,0.09
2020-08-11,275.94,0.003784,0.0535
2020-08-12,276.75,0.028251,0.0537
2020-08-13,276.74,0.003007,0.0612
2020-08-14,276.05,0.011951,0.0732
2020-08-15,277.25,0.011654,0.0636
2020-08-16,277.15,0.0,0.0176
2020-08-17,277.11,0.0,0.0145
2020-08-18,276.1,0.0,0.0
2020-08-19,276.05,0.011512,0.0569
2020-08-20,275.49,0.021128,0.033
2020-08-21,275.73,0.002581,0.0729
2020-08-22,275.32,0.003818,0.0683
2020-08-23,274.96,0.002463,0.0229
2020-08-24,275.2,0.001486,0.0674
2020-08-25,273.55,0.027565,0.0473
2020-08-26,273.4,0.0,0.0456
2020-08-27,274.9,0.0,0.1087
2020-08-28,272.77,0.017191,0.0617
2020-08-29,273.01,0.004934,0.0624
2020-08-30,274.65,0.003599,0.0398
2020-08-31,272.67,0.000514,0.0737
2020-09-01,273.08,0.00565,0.0288
2020-09-02,273.09,0.008753,0.0969
2020-09-03,273.69,0.005435,0.0409
2020-09-04,272.6,0.0,0.0784
2020-09-05,273.11,0.01599,0.0418
2020-09-06,272.59,0.004245,0.0
2020-09-07,271.55,0.002034,0.0601
2020-09-08,273.66,0.0,0.0202
2020-09-09,271.31,0.0,0.0759
2020-09-10,272.61,0.0,0.0367
2020-09-11,270.37,0.0,0.0263
2020-09-12,270.92,0.00146,0.0683
2020-09-13,273.35,0.001252,0.1173
2020-09-14,270.5,0.032144,0.0655
2020-09-15,269.98,0.019036,0.0049
2020-09-16,271.61,0.000725,0.0636
2020-09-17,270.96,0.008616,0.0184
2020-09-18,271.38,0.01066,0.0606
2020-09-19,269.46,0.007659,0.0871
2020-09-20,269.99,0.000539,0.0429
2020-09-21,269.64,0.0,0.0286
2020-09-22,269.4,0.00015,0.0827
2020-09-23,270.66,0.0,0.111
2020-09-24,270.47,0.0,0.0656
2020-09-25,268.35,0.0,0.0041
2020-09-26,269.58,0.005324,0.0681
2020-09-27,268.09,0.000397,0.0
2020-09-28,269.93,0.005982,0.0874
2020-09-29,267.61,0.006688,0.0
2020-09-30,267.57,0.002119,0.0705
2020-10-01,268.11,0.0,0.0428
2020-10-02,267.46,0.000272,0.0304
2020-10-03,265.99,0.0,0.1081
2020-10-04,267.84,0.0,0.0025
2020-10-05,267.48,0.0,0.0687
2020-10-06,266.19,0.0,0.0745
2020-10-07,266.64,0.0,0.0041
2020-10-08,267.14,0.0,0.1194
2020-10-09,266.43,0.0,0.0608
2020-10-10,265.19,0.000408,0.0928
2020-10-11,264.72,0.0,0.0531
2020-10-12,264.39,0.0,0.1032
2020-10-13,266.52,0.0,0.0292
2020-10-14,264.74,0.0,0.0746
2020-10-15,266.29,0.0,0.052
2020-10-16,264.12,0.0,0.1059
2020-10-17,264.65,0.0,0.0507
2020-10-18,263.15,0.0,0.0239
2020-10-19,263.31,0.0,0.0088
2020-10-20,262.66,0.0,0.0984
2020-10-21,263.53,0.0,0.0227
2020-10-22,264.04,0.0,0.0321
2020-10-23,263.74,0.0,0.058
2020-10-24,264.55,0.0,0.0
2020-10-25,262.34,0.0,0.03
2020-10-26,262.34,0.0,0.0363
2020-10-27,263.66,0.0,0.0
2020-10-28,262.67,0.0,0.1109
2020-10-29,263.55,0.0,0.0476
2020-10-30,261.62,0.0,0.0515
2020-10-31,262.67,0.0,0.0196
2020-11-01,262.31,0.000131,0.5299
2020-11-02,262.08,0.000142,0.3603
2020-11-03,262.54,0.0,0.4907
2020-11-04,260.72,8.7e-05,0.6363
2020-11-05,261.52,0.0,0.4548
2020-11-06,260.0,0.0,0.5206
2020-11-07,260.85,0.0,0.5426
2020-11-08,260.53,0.0,0.6526
2020-11-09,262.73,0.0,0.567
2020-11-10,260.91,0.0,0.5709
2020-11-11,261.32,0.0,0.406
2020-11-12,260.43,0.0,0.6061
2020-11-13,260.04,0.0,0.3798
2020-11-14,259.69,0.0,0.3122
2020-11-15,261.16,0.0,0.6461
2020-11-16,259.98,0.0,0.3946
2020-11-17,259.34,0.000588,0.2861
2020-11-18,260.31,0.0,0.3537
2020-11-19,259.82,9.8e-05,0.5324
2020-11-20,261.53,0.000106,0.5363
2020-11-21,259.4,0.000507,0.4384
2020-11-22,259.65,0.000195,0.3993
2020-11-23,259.48,0.0,0.3473
2020-11-24,258.28,0.000458,0.5442
2020-11-25,260.01,0.0,0.2198
2020-11-26,260.93,0.0,0.4088
2020-11-27,259.11,0.0,0.3743
2020-11-28,259.64,0.0,0.4934
2020-11-29,259.5,0.000104,0.5019
2020-11-30,257.53,0.0,0.4734
2020-12-01,258.82,0.00109,0.5511
2020-12-02,259.93,0.0,0.34
2020-12-03,260.15,0.000395,0.4554
2020-12-04,257.12,0.0,0.5216
2020-12-05,257.32,0.0,0.5864
2020-12-06,258.3,0.0,0.4559
2020-12-07,256.95,0.0,0.6429
2020-12-08,258.0,0.0,0.3236
2020-12-09,258.18,0.0,0.6063
2020-12-10,257.93,0.0,0.2736
2020-12-11,257.91,0.0,0.6025
2020-12-12,258.31,0.000621,0.4114
2020-12-13,257.68,0.000424,0.6352
2020-12-14,257.29,0.0,0.4693
2020-12-15,257.2,0.0,0.3075
2020-12-16,257.81,0.0,0.5367
2020-12-17,255.98,0.0,0.4959
2020-12-18,257.81,0.0,0.5805
2020-12-19,259.13,0.0,0.6113
2020-12-20,259.2,0.0,0.5817
2020-12-21,259.86,0.0,0.2127
2020-12-22,256.83,0.000334,0.5826
2020-12-23,257.87,0.000168,0.1901
2020-12-24,257.99,0.000329,0.4917
2020-12-25,257.29,0.0,0.3027
2020-12-26,258.79,0.00023,0.3484
2020-12-27,258.61,0.0,0.5368
2020-12-28,258.03,0.0,0.5694
2020-12-29,259.88,0.0,0.2892
2020-12-30,259.29,0.0,0.4113
2020-12-31,257.59,0.0,0.6138
2021-01-01,260.46,0.0,0.4442
2021-01-02,259.16,0.0,0.439
2021-01-03,258.8,0.0,0.521
2021-01-04,258.75,0.0,0.4962
2021-01-05,258.18,0.0,0.4398
2021-01-06,258.22,0.000559,0.7064
2021-01-07,258.18,5.6e-05,0.3312
2021-01-08,259.32,5.1e-05,0.5357
2021-01-09,258.39,0.0,0.4241
2021-01-10,258.01,0.0,0.3157
2021-01-11,257.97,0.0,0.555
2021-01-12,259.19,0.0,0.5036
2021-01-13,259.95,0.0,0.4973
2021-01-14,259.42,0.0,0.5362
2021-01-15,259.03,0.0,0.5033
2021-01-16,258.3,0.0,0.4413
2021-01-17,260.22,0.0,0.3008
2021-01-18,257.26,0.0,0.2008
2021-01-19,260.61,0.0,0.2715
2021-01-20,258.61,0.0,0.2282
2021-01-21,259.42,0.0,0.3811
2021-01-22,260.12,0.0,0.3371
2021-01-23,261.71,0.0,0.3937
2021-01-24,259.42,0.0,0.6089
2021-01-25,259.81,0.000522,0.4525
2021-01-26,260.96,0.0,0.3966
2021-01-27,262.44,0.0,0.4105
2021-01-28,260.37,0.001979,0.4649
2021-01-29,260.33,0.0,0.4056
2021-01-30,261.69,0.0,0.2175
2021-01-31,259.82,0.0,0.5666
2021-02-01,259.9,0.0,0.3246
2021-02-02,262.76,0.0,0.5398
2021-02-03,261.3,0.0,0.374
2021-02-04,260.7,0.00058,0.447
2021-02-05,261.43,0.0,0.347
2021-02-06,262.27,0.0,0.3867
2021-02-07,262.04,0.000615,0.6068
2021-02-08,262.04,0.0,0.3634
2021-02-09,261.37,0.0,0.43
2021-02-10,262.84,0.0,0.607
2021-02-11,262.69,0.000278,0.8762
2021-02-12,262.53,0.0,0.5737
2021-02-13,263.12,0.000115,0.4609
2021-02-14,263.01,0.0,0.5025
2021-02-15,262.62,0.0,0.6769
2021-02-16,265.33,0.0,0.3706
2021-02-17,264.29,0.0,0.4803
2021-02-18,264.2,0.0,0.3416
2021-02-19,264.81,0.000214,0.5137
2021-02-20,264.5,0.0,0.4496
2021-02-21,265.14,0.0,0.4613
2021-02-22,265.38,0.0,0.4879
2021-02-23,264.15,0.0,0.3737
2021-02-24,265.61,0.0,0.6218
2021-02-25,265.47,0.0,0.5273
2021-02-26,266.14,0.000465,0.6615
2021-02-27,264.29,0.00042,0.4579
2021-02-28,265.41,0.0,0.3348
2021-03-01,266.57,0.0,0.5808
2021-03-02,266.22,0.0,0.3742
2021-03-03,267.17,0.0,0.5393
2021-03-04,266.67,0.0,0.514
2021-03-05,266.21,0.0,0.4439
2021-03-06,267.05,0.0,0.3662
2021-03-07,269.89,0.0,0.4558
2021-03-08,264.79,0.0,0.4655
2021-03-09,267.92,0.0,0.5843
2021-03-10,266.9,0.000152,0.3449
2021-03-11,266.46,0.0,0.6155
2021-03-12,267.26,0.0,0.5468
2021-03-13,268.29,0.0,0.4237
2021-03-14,268.53,0.000112,0.3186
2021-03-15,268.34,0.0,0.3878
2021-03-16,269.17,0.0,0.5955
2021-03-17,269.36,0.0,0.5594
2021-03-18,269.47,0.0,0.4129
2021-03-19,269.8,0.000362,0.577
2021-03-20,269.71,0.0,0.4183
2021-03-21,269.47,0.0,0.3973
2021-03-22,270.64,0.0,0.6935
2021-03-23,268.81,0.0,0.3496
2021-03-24,269.95,0.0,0.4334
2021-03-25,269.8,0.0,0.4683
2021-03-26,271.14,0.0,0.4003
2021-03-27,271.41,0.0,0.5384
2021-03-28,270.98,0.0,0.3733
2021-03-29,271.39,0.0,0.3121
2021-03-30,273.7,0.0,0.4061
2021-03-31,273.6,0.0,0.1926
2021-04-01,271.44,0.0,0.5905
2021-04-02,272.79,0.0,0.5895
2021-04-03,273.46,0.0,0.4329
2021-04-04,271.67,0.0,0.5179
2021-04-05,274.64,0.0,0.5004
2021-04-06,273.34,0.0,0.2846
2021-04-07,271.88,0.0,0.4368
2021-04-08,273.52,0.0,0.3034
2021-04-09,274.3,0.001342,0.4498
2021-04-10,273.95,0.0,0.278
2021-04-11,274.52,0.0,0.4419
2021-04-12,273.83,0.0,0.4197
2021-04-13,274.45,0.000415,0.4225
2021-04-14,276.33,0.0,0.4255
2021-04-15,273.27,0.0,0.6172
2021-04-16,273.14,0.0,0.3254
2021-04-17,275.89,0.0,0.6763
2021-04-18,275.37,0.0,0.5248
2021-04-19,276.24,0.0,0.377
2021-04-20,275.91,6e-05,0.4731
2021-04-21,277.03,0.0,0.4331
2021-04-22,276.79,0.0,0.5405
2021-04-23,274.35,0.0,0.5022
2021-04-24,277.57,0.00045,0.3379
2021-04-25,277.58,0.0,0.4187
2021-04-26,278.66,0.0,0.4297
2021-04-27,276.73,0.0,0.757
2021-04-28,275.75,0.0,0.5866
2021-04-29,279.02,0.0,0.5291
2021-04-30,278.83,0.0,0.3611
2021-05-01,276.09,0.000236,0.113
2021-05-02,276.18,0.0,0.0375
2021-05-03,277.42,0.0,0.0
2021-05-04,277.76,0.0,0.059
2021-05-05,277.46,0.0,0.0428
2021-05-06,277.54,0.0,0.0177
2021-05-07,279.08,0.000258,0.08
2021-05-08,279.8,0.0,0.0595
2021-05-09,278.67,0.0,0.0
2021-05-10,277.79,0.0,0.0529
2021-05-11,279.71,0.0,0.071
2021-05-12,279.03,0.0,0.0089
2021-05-13,279.27,0.0,0.0246
2021-05-14,277.98,0.0,0.0408
2021-05-15,281.56,0.00078,0.0206
2021-05-16,280.49,0.0,0.118
2021-05-17,278.5,0.0,0.011
2021-05-18,280.46,0.000283,0.0285
2021-05-19,280.62,0.0,0.0924
2021-05-20,281.64,0.0,0.0848
2021-05-21,281.14,0.0,0.1162
2021-05-22,280.35,0.0,0.0
2021-05-23,280.84,0.0,0.0298
2021-05-24,282.17,0.0,0.0726
2021-05-25,279.93,0.0,0.0
2021-05-26,281.04,0.0,0.0248
2021-05-27,281.41,0.0,0.0065
2021-05-28,281.33,0.0,0.0002
2021-05-29,281.35,0.0,0.1468
2021-05-30,279.0,0.0,0.0
2021-05-31,282.33,0.0,0.0533
2021-06-01,282.31,0.008292,0.0432
2021-06-02,280.99,0.0,0.0685
2021-06-03,282.66,0.0,0.0071
2021-06-04,278.53,0.0,0.1129
2021-06-05,281.51,0.0002,0.0449
2021-06-06,282.67,0.006806,0.0
2021-06-07,279.88,0.00392,0.0543
2021-06-08,282.48,0.0,0.0396
2021-06-09,281.45,0.007725,0.0787
2021-06-10,283.77,0.002276,0.0
2021-06-11,281.87,0.0,0.1228
2021-06-12,283.32,0.000203,0.047
2021-06-13,280.79,0.01026,0.082
2021-06-14,282.19,0.002707,0.1036
2021-06-15,282.64,0.001414,0.0465
2021-06-16,283.22,0.001981,0.0473
2021-06-17,283.44,0.0,0.1173
2021-06-18,282.51,0.014023,0.0445
2021-06-19,280.57,0.0,0.0737
2021-06-20,282.67,0.016027,0.0566
2021-06-21,281.53,0.0,0.0159
2021-06-22,282.65,0.01468,0.0948
2021-06-23,283.14,0.0,0.0
2021-06-24,283.85,0.004853,0.0667
2021-06-25,282.44,0.0,0.0164
2021-06-26,281.66,0.0,0.0276
2021-06-27,282.17,0.017187,0.0727
2021-06-28,281.72,0.01115,0.0456
2021-06-29,280.92,0.012547,0.0778
2021-06-30,280.94,0.007908,0.0057
2021-07-01,280.99,0.014329,0.0013
2021-07-02,280.11,0.007098,0.0833
2021-07-03,281.45,0.0,0.0266
2021-07-04,281.12,0.005796,0.0396
2021-07-05,281.9,0.003896,0.0086
2021-07-06,280.7,0.040636,0.0892
2021-07-07,280.71,0.014105,0.0196
2021-07-08,283.51,0.011748,0.0519
2021-07-09,281.51,0.00751,0.0866
2021-07-10,278.57,0.004912,0.0498
2021-07-11,282.54,0.015225,0.0238
2021-07-12,280.87,0.001221,0.0739
2021-07-13,281.27,0.0,0.0218
2021-07-14,281.51,0.002016,0.0664
2021-07-15,281.88,0.002022,0.1307
2021-07-16,281.08,0.004555,0.087
2021-07-17,280.41,0.001269,0.0529
2021-07-18,282.56,0.004436,0.0385
2021-07-19,278.78,0.006142,0.1047
2021-07-20,281.69,0.0,0.0025
2021-07-21,280.57,0.010521,0.0
2021-07-22,279.15,0.002431,0.0317
2021-07-23,279.13,0.004591,0.0979
2021-07-24,279.52,0.001479,0.0109
2021-07-25,279.22,0.012072,0.0573
2021-07-26,279.53,0.000715,0.0171
2021-07-27,279.81,0.005178,0.1108
2021-07-28,278.66,0.0,0.0058
2021-07-29,280.18,0.0,0.0509
2021-07-30,280.48,0.0,0.0006
2021-07-31,280.38,0.002196,0.0393
2021-08-01,279.53,0.0,0.0394
2021-08-02,279.51,0.004613,0.0
2021-08-03,278.89,0.002024,0.0118
2021-08-04,280.86,0.009533,0.1166
2021-08-05,278.95,0.0,0.0
2021-08-06,277.26,0.003464,0.0335
2021-08-07,275.81,0.00595,0.0673
2021-08-08,278.21,0.003576,0.0827
2021-08-09,276.89,0.005462,0.0073
2021-08-10,276.66,0.005029,0.0
2021-08-11,276.89,0.0,0.0001
2021-08-12,278.31,0.010988,0.0315
2021-08-13,277.42,0.002835,0.0769
2021-08-14,276.97,0.0,0.0
2021-08-15,275.42,0.000123,0.0617
2021-08-16,276.54,0.001837,0.0181
2021-08-17,276.12,0.004777,0.0821
2021-08-18,276.12,0.021407,0.0581
2021-08-19,276.53,0.003195,0.0
2021-08-20,275.52,0.0,0.095
2021-08-21,274.54,0.000594,0.0191
2021-08-22,276.4,0.004986,0.0273
2021-08-23,273.74,0.046107,0.0533
2021-08-24,274.65,0.003024,0.0334
2021-08-25,275.4,0.005246,0.0432
2021-08-26,275.08,0.005192,0.0851
2021-08-27,275.35,0.001782,0.1193
2021-08-28,274.69,0.0,0.0884
2021-08-29,277.97,0.006821,0.0663
2021-08-30,274.74,0.000866,0.0444
2021-08-31,273.84,0.006069,0.0992
2021-09-01,274.05,0.000168,0.0614
2021-09-02,274.61,0.0,0.0623
2021-09-03,274.81,0.001454,0.0
2021-09-04,272.12,0.016813,0.0653
2021-09-05,274.84,0.00474,0.0785
2021-09-06,271.16,0.001586,0.0576
2021-09-07,273.81,0.0,0.0937
2021-09-08,273.5,0.012891,0.0484
2021-09-09,272.83,0.0,0.0418
2021-09-10,272.0,0.00333,0.0277
2021-09-11,271.76,0.0,0.0689
2021-09-12,272.44,0.004542,0.0038
2021-09-13,272.47,0.000745,0.0246
2021-09-14,273.3,9.1e-05,0.0072
2021-09-15,272.27,0.001136,0.0
2021-09-16,270.83,0.002889,0.0
2021-09-17,271.65,0.0,0.0821
2021-09-18,270.51,0.006919,0.0854
2021-09-19,269.33,0.0,0.0772
2021-09-20,269.26,0.006581,0.0555
2021-09-21,271.77,0.00406,0.0
2021-09-22,270.9,0.0,0.0585
2021-09-23,268.42,0.0,0.0764
2021-09-24,269.88,0.006131,0.0964
2021-09-25,270.27,0.001053,0.0842
2021-09-26,268.66,0.003768,0.1137
2021-09-27,269.46,0.00187,0.0411
2021-09-28,268.12,0.003037,0.0324
2021-09-29,269.12,0.0,0.0922
2021-09-30,269.89,0.003433,0.0685
2021-10-01,267.08,0.0,0.0939
2021-10-02,269.05,0.0,0.1235
2021-10-03,267.42,0.0,0.0388
2021-10-04,265.56,0.0,0.0
2021-10-05,267.05,0.0,0.1341
2021-10-06,267.59,0.0,0.0658
2021-10-07,265.97,0.000646,0.1255
2021-10-08,266.15,0.0,0.0066
2021-10-09,267.09,0.0,0.0379
2021-10-10,265.82,0.0,0.1226
2021-10-11,267.0,0.0,0.0121
2021-10-12,266.19,0.0,0.0545
2021-10-13,266.55,0.0,0.078
2021-10-14,264.62,0.00019,0.0556
2021-10-15,265.78,0.000665,0.0603
2021-10-16,266.57,0.0,0.0513
2021-10-17,264.01,0.0,0.0
2021-10-18,264.36,0.000492,0.0578
2021-10-19,264.39,0.0,0.0362
2021-10-20,264.75,0.0,0.098
2021-10-21,264.32,0.0,0.0
2021-10-22,262.29,0.0,0.0431
2021-10-23,263.46,0.0,0.0
2021-10-24,264.97,0.0,0.0824
2021-10-25,262.69,0.0,0.02
2021-10-26,264.21,0.0,0.0092
2021-10-27,263.59,0.0,0.0805
2021-10-28,262.43,0.0,0.1168
2021-10-29,262.24,0.0,0.0096
2021-10-30,262.51,0.000581,0.0319
2021-10-31,260.84,0.0,0.0568
2021-11-01,263.37,0.001096,0.4127
2021-11-02,262.15,0.0,0.4524
2021-11-03,262.8,7.7e-05,0.4003
2021-11-04,261.9,0.0,0.569
2021-11-05,262.37,0.0,0.416
2021-11-06,261.31,0.0,0.4469
2021-11-07,260.52,0.0,0.5058
2021-11-08,261.5,0.0,0.6181
2021-11-09,260.58,0.0,0.3402
2021-11-10,262.42,0.0,0.4767
2021-11-11,259.73,0.0,0.3367
2021-11-12,259.49,0.0,0.51
2021-11-13,258.58,0.0,0.0764
2021-11-14,261.26,0.0,0.4165
2021-11-15,260.28,0.0,0.325
2021-11-16,259.86,0.0,0.4415
2021-11-17,260.36,0.000394,0.641
2021-11-18,260.7,0.0,0.5035
2021-11-19,258.68,0.0,0.2321
2021-11-20,260.5,0.0,0.3067
2021-11-21,258.91,0.000123,0.488
2021-11-22,257.14,0.0,0.4557
2021-11-23,259.03,0.0,0.5594
2021-11-24,261.7,0.0,0.4226
2021-11-25,260.05,0.0,0.488
2021-11-26,259.25,0.000294,0.4281
2021-11-27,258.93,0.0,0.6913
2021-11-28,259.13,0.0,0.4929
2021-11-29,257.85,0.0,0.4127
2021-11-30,258.91,0.0,0.4987
2021-12-01,259.34,0.0,0.4233
2021-12-02,257.6,0.000121,0.4885
2021-12-03,258.69,0.0,0.4618
2021-12-04,256.23,0.000179,0.4929
2021-12-05,258.91,0.0,0.4195
2021-12-06,260.9,0.0,0.3434
2021-12-07,260.97,0.0,0.6197
2021-12-08,258.74,0.0,0.2968
2021-12-09,258.72,0.000221,0.5143
2021-12-10,258.91,0.0,0.3617
2021-12-11,258.57,0.0,0.4292
2021-12-12,257.26,9.9e-05,0.2336
2021-12-13,257.62,0.0,0.5754
2021-12-14,258.65,0.0,0.5351
2021-12-15,257.06,0.0,0.576
2021-12-16,259.36,0.0,0.4631
2021-12-17,256.36,0.0,0.5922
2021-12-18,255.98,0.000311,0.4661
2021-12-19,257.07,0.0,0.3352
2021-12-20,257.2,0.000254,0.5794
2021-12-21,257.38,0.0,0.5607
2021-12-22,258.04,0.00046,0.6425
2021-12-23,258.41,0.0,0.2688
2021-12-24,258.68,0.0,0.486
2021-12-25,258.21,0.0,0.3241
2021-12-26,257.45,0.0,0.1939
2021-12-27,257.92,0.0,0.2674
2021-12-28,258.6,0.0,0.2392
2021-12-29,257.43,0.0,0.3794
2021-12-30,257.07,0.0,0.2802
2021-12-31,257.7,0.0,0.3059
2022-01-01,258.75,0.0,0.526
2022-01-02,258.73,0.0,0.4299
2022-01-03,258.37,0.0,0.649
2022-01-04,259.03,0.0,0.3534
2022-01-05,257.54,0.0,0.411
2022-01-06,256.82,0.0,0.5903
2022-01-07,258.75,0.0,0.4503
2022-01-08,259.34,0.0,0.406
2022-01-09,258.12,0.0,0.4068
2022-01-10,259.47,0.0,0.463
2022-01-11,260.11,0.0,0.4182
2022-01-12,258.59,0.0,0.5299
2022-01-13,259.28,0.0,0.3433
2022-01-14,259.96,0.0,0.2397
2022-01-15,257.39,0.000106,0.4183
2022-01-16,258.14,0.0,0.48
2022-01-17,258.35,0.0,0.2561
2022-01-18,259.12,0.0,0.6172
2022-01-19,258.92,0.0,0.3598
2022-01-20,260.6,0.0,0.3511
2022-01-21,258.33,0.0,0.2789
2022-01-22,260.63,0.0,0.533
2022-01-23,261.93,0.0,0.3956
2022-01-24,258.52,0.0,0.4416
2022-01-25,260.37,0.0,0.3715
2022-01-26,261.72,0.0,0.5513
2022-01-27,258.84,0.0,0.348
2022-01-28,261.1,0.000132,0.5973
2022-01-29,260.0,0.0,0.7749
2022-01-30,261.95,0.0,0.4174
2022-01-31,259.79,0.0,0.3114
2022-02-01,261.44,0.0,0.4067
2022-02-02,260.45,0.0,0.2339
2022-02-03,262.62,0.0,0.6024
2022-02-04,262.2,0.0,0.5655
2022-02-05,263.16,0.0,0.3981
2022-02-06,262.57,0.000157,0.5139
2022-02-07,261.3,0.0,0.3074
2022-02-08,262.67,9.9e-05,0.5629
2022-02-09,262.54,0.0,0.3772
2022-02-10,262.27,0.0,0.613
2022-02-11,260.73,0.0,0.4202
2022-02-12,262.95,0.0004,0.3947
2022-02-13,263.27,0.0,0.4547
2022-02-14,262.19,0.0,0.3457
2022-02-15,261.6,0.0,0.4471
2022-02-16,262.98,0.0,0.348
2022-02-17,262.84,0.000453,0.2706
2022-02-18,264.47,0.0,0.3951
2022-02-19,264.74,0.0,0.0851
2022-02-20,263.84,0.0,0.3975
2022-02-21,263.78,0.000361,0.5105
2022-02-22,263.0,0.0,0.6181
2022-02-23,265.03,0.0,0.5186
2022-02-24,263.44,0.0,0.5996
2022-02-25,265.81,0.000432,0.4578
2022-02-26,264.98,0.000539,0.3651
2022-02-27,266.95,0.000208,0.4493
2022-02-28,266.14,0.0,0.4336
2022-03-01,266.47,0.0,0.5037
2022-03-02,267.05,0.0,0.5302
2022-03-03,264.72,0.0,0.5629
2022-03-04,265.16,0.0,0.2315
2022-03-05,265.84,0.0,0.3859
2022-03-06,267.11,0.0,0.2957
2022-03-07,264.55,0.0,0.5302
2022-03-08,267.04,0.0,0.5888
2022-03-09,265.38,0.0,0.6125
2022-03-10,268.98,0.0,0.336
2022-03-11,267.55,0.0,0.5464
2022-03-12,269.81,0.000579,0.3717
2022-03-13,268.72,0.0,0.2299
2022-03-14,267.67,0.0,0.4361
2022-03-15,268.92,0.0,0.3768
2022-03-16,269.53,0.0,0.491
2022-03-17,269.29,0.0,0.4608
2022-03-18,268.59,0.0,0.6418
2022-03-19,268.22,0.0,0.4825
2022-03-20,269.13,0.0,0.4113
2022-03-21,269.75,0.000229,0.4752
2022-03-22,269.23,0.0,0.4575
2022-03-23,270.97,0.0,0.5299
2022-03-24,269.38,0.0,0.4639
2022-03-25,271.66,0.00085,0.4025
2022-03-26,270.46,0.0,0.4309
2022-03-27,273.26,0.0,0.6654
2022-03-28,271.3,0.0,0.7763
2022-03-29,271.69,0.0,0.5105
2022-03-30,270.82,0.0,0.4769
2022-03-31,271.74,0.0,0.4962
2022-04-01,272.07,0.000402,0.4098
2022-04-02,272.64,0.0,0.3696
2022-04-03,271.71,0.0,0.6606
2022-04-04,271.56,0.0,0.2818
2022-04-05,274.42,0.0,0.5849
2022-04-06,273.31,0.0,0.4288
2022-04-07,272.69,0.0,0.5287
2022-04-08,272.87,0.0,0.4464
2022-04-09,275.06,0.000159,0.2626
2022-04-10,273.77,0.000342,0.4494
2022-04-11,271.99,0.0,0.4711
2022-04-12,274.4,0.0,0.4994
2022-04-13,275.27,0.000758,0.416
2022-04-14,274.52,0.0,0.5357
2022-04-15,275.95,0.0,0.6633
2022-04-16,274.87,0.0,0.4408
2022-04-17,276.01,0.0,0.2562
2022-04-18,273.16,0.0,0.4696
2022-04-19,276.75,0.0,0.4971
2022-04-20,274.83,0.0,0.5277
2022-04-21,277.54,0.0,0.4685
2022-04-22,276.38,0.0,0.6093
2022-04-23,274.73,0.0,0.2483
2022-04-24,278.21,0.0,0.4326
2022-04-25,277.57,0.0,0.3031
2022-04-26,277.51,0.000107,0.5175
2022-04-27,277.06,0.0,0.4
2022-04-28,276.78,0.0,0.1702
2022-04-29,279.21,0.0,0.2658
2022-04-30,276.77,0.0,0.3093
2022-05-01,276.65,0.0,0.0174
2022-05-02,278.43,0.0,0.0178
2022-05-03,280.45,0.0,0.0491
2022-05-04,278.35,0.0,0.0
2022-05-05,278.68,0.000441,0.0624
2022-05-06,278.29,0.0,0.0227
2022-05-07,279.35,0.0,0.0
2022-05-08,278.16,0.0,0.0577
2022-05-09,278.6,0.0,0.0666
2022-05-10,277.76,0.0,0.0911
2022-05-11,278.27,0.0,0.0
2022-05-12,279.29,0.0,0.0313
2022-05-13,278.51,0.0,0.0334
2022-05-14,282.4,0.0,0.0681
2022-05-15,278.35,0.0,0.0767
2022-05-16,279.73,0.000347,0.0083
2022-05-17,281.7,0.0,0.0354
2022-05-18,279.91,0.0,0.0571
2022-05-19,279.1,0.00109,0.1395
2022-05-20,280.08,0.0,0.0125
2022-05-21,279.97,6.5e-05,0.0
2022-05-22,281.3,0.0,0.0
2022-05-23,279.55,0.000561,0.1114
2022-05-24,280.63,0.0,0.0459
2022-05-25,280.05,0.000232,0.0179
2022-05-26,280.54,0.002368,0.0611
2022-05-27,281.43,0.0,0.0585
2022-05-28,280.74,0.0,0.1069
2022-05-29,282.14,0.0,0.105
2022-05-30,281.78,0.0,0.0471
2022-05-31,281.01,0.0,0.0834
2022-06-01,282.48,0.000186,0.0614
2022-06-02,282.94,0.003796,0.0228
2022-06-03,282.42,0.0,0.1182
2022-06-04,282.91,0.0,0.0413
2022-06-05,281.48,0.00218,0.0833
2022-06-06,282.38,0.008254,0.0336
2022-06-07,282.73,0.006053,0.0273
2022-06-08,280.46,0.0,0.0633
2022-06-09,283.12,0.002181,0.013
2022-06-10,281.8,0.005272,0.0641
2022-06-11,282.84,0.005549,0.0581
2022-06-12,282.37,0.00528,0.0882
2022-06-13,282.72,0.003509,0.0396
2022-06-14,282.01,0.003995,0.0633
2022-06-15,280.82,0.001653,0.0785
2022-06-16,282.25,0.000398,0.0
2022-06-17,280.03,0.000848,0.021
2022-06-18,281.02,0.0,0.0276
2022-06-19,281.13,0.013369,0.0487
2022-06-20,284.26,0.000613,0.0392
2022-06-21,280.5,0.003847,0.0531
2022-06-22,281.99,0.006953,0.0295
2022-06-23,280.92,0.002987,0.0553
2022-06-24,282.06,0.0,0.0308
2022-06-25,279.52,0.0,0.0
2022-06-26,282.18,0.031341,0.0767
2022-06-27,282.02,0.002007,0.0613
2022-06-28,282.11,0.005812,0.0697
2022-06-29,281.45,0.01257,0.0488
2022-06-30,282.67,0.000177,0.0762
2022-07-01,282.41,0.009331,0.0
2022-07-02,281.95,0.002239,0.0155
2022-07-03,283.05,0.0,0.0
2022-07-04,281.95,0.0,0.0547
2022-07-05,281.92,0.0,0.0
2022-07-06,281.85,0.010661,0.0724
2022-07-07,281.31,0.0,0.127
2022-07-08,280.82,0.006673,0.0545
2022-07-09,280.67,0.0,0.0443
2022-07-10,281.51,0.0,0.0441
2022-07-11,280.29,0.0,0.0
2022-07-12,279.54,0.004228,0.0389
2022-07-13,283.13,0.001033,0.072
2022-07-14,282.53,0.002407,0.0566
2022-07-15,281.3,0.003557,0.0679
2022-07-16,281.64,0.003596,0.0626
2022-07-17,280.84,0.0,0.0705
2022-07-18,280.42,0.001185,0.0166
2022-07-19,279.6,0.001911,0.0506
2022-07-20,280.48,0.008717,0.0672
2022-07-21,280.22,0.003264,0.0729
2022-07-22,280.25,0.003154,0.0
2022-07-23,281.31,0.001615,0.0109
2022-07-24,280.86,0.00701,0.0364
2022-07-25,279.86,0.013616,0.0408
2022-07-26,278.56,0.006057,0.0458
2022-07-27,280.22,0.014046,0.0049
2022-07-28,279.88,0.0,0.0556
2022-07-29,280.1,0.013385,0.1405
2022-07-30,281.71,0.006131,0.0655
2022-07-31,279.65,0.001321,0.0655
2022-08-01,280.28,0.000163,0.0341
2022-08-02,277.41,0.007177,0.0599
2022-08-03,280.09,0.000257,0.0918
2022-08-04,278.39,0.00055,0.0902
2022-08-05,277.76,0.009263,0.0
2022-08-06,280.49,5.7e-05,0.067
2022-08-07,278.44,0.052009,0.0117
2022-08-08,278.79,0.0,0.0
2022-08-09,278.81,0.039324,0.0126
2022-08-10,278.93,0.003537,0.0434
2022-08-11,278.24,0.001805,0.0074
2022-08-12,276.07,0.0,0.0073
2022-08-13,275.84,0.001947,0.0684
2022-08-14,276.77,0.0,0.0899
2022-08-15,276.54,0.0,0.0734
2022-08-16,277.49,0.008978,0.0337
2022-08-17,276.5,0.003005,0.0231
2022-08-18,276.49,0.0,0.0738
2022-08-19,274.2,0.001329,0.0657
2022-08-20,275.33,0.0,0.0099
2022-08-21,275.77,0.0013,0.0874
2022-08-22,274.82,0.00289,0.0473
2022-08-23,275.85,0.012737,0.0274
2022-08-24,275.6,0.0,0.0257
2022-08-25,275.31,0.001516,0.0856
2022-08-26,276.57,0.002355,0.0342
2022-08-27,276.3,0.002221,0.0632
2022-08-28,274.9,0.0051,0.1043
2022-08-29,275.14,0.007607,0.1162
2022-08-30,274.12,0.007649,0.0589
2022-08-31,273.79,0.016679,0.0333
2022-09-01,274.72,0.000303,0.0081
2022-09-02,273.56,0.00625,0.0183
2022-09-03,274.05,0.005206,0.0325
2022-09-04,272.74,0.000219,0.0947
2022-09-05,271.96,0.019816,0.052
2022-09-06,272.62,0.0,0.0249
2022-09-07,275.16,0.0,0.1007
2022-09-08,271.43,0.016003,0.0444
2022-09-09,272.26,0.006691,0.0218
2022-09-10,270.53,0.004883,0.0632
2022-09-11,272.47,0.002213,0.0268
2022-09-12,270.1,0.003122,0.0106
2022-09-13,270.5,0.013079,0.0464
2022-09-14,272.79,0.00231,0.0352
2022-09-15,271.46,0.009441,0.0258
2022-09-16,272.71,0.002641,0.0257
2022-09-17,270.69,0.004927,0.0238
2022-09-18,269.3,0.007029,0.0
2022-09-19,271.22,0.002453,0.0076
2022-09-20,270.9,5.5e-05,0.0272
2022-09-21,270.88,0.004245,0.0
2022-09-22,269.17,0.0,0.0
2022-09-23,268.56,0.008301,0.0088
2022-09-24,269.63,0.025512,0.0
2022-09-25,266.61,0.013149,0.0267
2022-09-26,268.11,0.005188,0.1489
2022-09-27,268.99,0.000207,0.0295
2022-09-28,267.81,0.009806,0.0331
2022-09-29,267.09,0.002494,0.0438
2022-09-30,268.94,0.006565,0.0936
2022-10-01,267.24,0.0,0.0831
2022-10-02,267.2,0.0,0.0319
2022-10-03,267.26,0.0,0.0604
2022-10-04,268.2,0.00015,0.0931
2022-10-05,266.65,0.0,0.0638
2022-10-06,266.24,0.002475,0.141
2022-10-07,268.62,0.0,0.0592
2022-10-08,265.8,0.0,0.0722
2022-10-09,265.36,0.0,0.0579
2022-10-10,264.63,0.0,0.0177
2022-10-11,267.16,0.0,0.1036
2022-10-12,263.83,0.0,0.0
2022-10-13,267.51,0.0,0.0189
2022-10-14,266.75,0.0,0.0
2022-10-15,264.85,0.0,0.0869
2022-10-16,264.1,0.001141,0.0
2022-10-17,263.13,0.0,0.122
2022-10-18,263.2,0.0,0.0303
2022-10-19,262.72,0.0,0.0707
2022-10-20,263.74,0.0,0.0541
2022-10-21,262.97,0.0,0.0716
2022-10-22,265.17,0.0,0.0995
2022-10-23,263.15,0.0,0.0
2022-10-24,262.14,0.0,0.0653
2022-10-25,263.84,0.0,0.1214
2022-10-26,262.58,0.0,0.0469
2022-10-27,264.35,0.0,0.0657
2022-10-28,264.45,0.0,0.1213
2022-10-29,261.59,0.0,0.0247
2022-10-30,262.62,0.0,0.0904
2022-10-31,262.78,0.0,0.0437
2022-11-01,260.56,0.0,0.5311
2022-11-02,261.57,0.0,0.5036
2022-11-03,262.78,0.0,0.7433
2022-11-04,261.57,0.0,0.4324
2022-11-05,261.03,0.0,0.4869
2022-11-06,261.13,0.000782,0.4424
2022-11-07,261.07,0.000287,0.3076
2022-11-08,260.13,7.9e-05,0.3733
2022-11-09,259.65,0.0,0.4418
2022-11-10,260.62,0.000787,0.4264
2022-11-11,260.94,8.9e-05,0.4671
2022-11-12,260.59,0.0,0.6546
2022-11-13,259.9,0.000325,0.5852
2022-11-14,262.03,0.000566,0.5053
2022-11-15,260.74,0.000578,0.4244
2022-11-16,260.26,0.0,0.5648
2022-11-17,261.88,0.000493,0.2892
2022-11-18,259.47,0.0,0.4109
2022-11-19,258.99,0.0,0.4538
2022-11-20,259.6,0.0,0.55
2022-11-21,259.31,0.0,0.5694
2022-11-22,258.62,0.0,0.5066
2022-11-23,260.57,0.001762,0.4606
2022-11-24,259.0,0.00025,0.5568
2022-11-25,259.71,0.0,0.2965
2022-11-26,259.37,0.0,0.5328
2022-11-27,260.18,0.0,0.4754
2022-11-28,259.29,0.0,0.3032
2022-11-29,259.22,0.0,0.2177
2022-11-30,258.73,0.0,0.5865
2022-12-01,259.64,0.0,0.1975
2022-12-02,258.21,0.0,0.4839
2022-12-03,259.7,0.0,0.4862
2022-12-04,258.4,0.0,0.5752
2022-12-05,259.13,0.0,0.368
2022-12-06,257.01,0.0,0.4985
2022-12-07,256.86,0.0,0.4174
2022-12-08,259.58,0.0,0.6447
2022-12-09,259.02,0.0,0.3621
2022-12-10,257.94,0.0,0.3817
2022-12-11,258.16,0.0,0.3875
2022-12-12,257.81,0.0,0.4462
2022-12-13,257.64,0.0,0.3269
2022-12-14,259.47,0.0,0.3813
2022-12-15,259.16,0.000265,0.3284
2022-12-16,257.24,0.0,0.3776
2022-12-17,256.41,0.0,0.3785
2022-12-18,256.9,0.0,0.431
2022-12-19,258.31,0.0,0.5313
2022-12-20,258.9,0.000144,0.5304
2022-12-21,258.02,0.0,0.6638
2022-12-22,258.33,0.0,0.2997
2022-12-23,259.62,0.0,0.5735
2022-12-24,258.19,0.0,0.5014
2022-12-25,257.1,0.0,0.3376
2022-12-26,259.44,0.0,0.6284
2022-12-27,258.73,0.0,0.3337
2022-12-28,259.5,0.0,0.3478
2022-12-29,258.95,0.0,0.4297
2022-12-30,257.53,0.0,0.4252
2022-12-31,259.01,0.000317,0.4088
2023-01-01,256.64,0.000109,0.4376
2023-01-02,257.67,0.0,0.587
2023-01-03,257.09,0.0,0.5506
2023-01-04,260.69,0.000321,0.4896
2023-01-05,258.96,0.0,0.3797
2023-01-06,257.93,0.0,0.4822
2023-01-07,257.97,0.0,0.8247
2023-01-08,258.69,0.0,0.5529
2023-01-09,259.35,0.0,0.4869
2023-01-10,258.07,0.0,0.3628
2023-01-11,257.62,0.0,0.3854
2023-01-12,259.57,0.0,0.4502
2023-01-13,258.66,0.000782,0.3609
2023-01-14,259.27,0.0,0.4748
2023-01-15,259.58,0.000145,0.2595
2023-01-16,259.45,0.0,0.2583
2023-01-17,259.6,0.000481,0.3196
2023-01-18,259.23,0.0,0.373
2023-01-19,259.28,0.000401,0.4301
2023-01-20,259.91,0.000169,0.1412
2023-01-21,258.48,0.0,0.3898
2023-01-22,258.51,0.000382,0.6976
2023-01-23,260.24,0.000441,0.4511
2023-01-24,259.19,0.0,0.2708
2023-01-25,258.98,0.0,0.3173
2023-01-26,261.21,0.0,0.552
2023-01-27,260.12,0.0,0.5217
2023-01-28,261.98,0.0,0.3985
2023-01-29,261.63,0.0,0.4375
2023-01-30,261.2,0.0,0.6133
2023-01-31,260.1,0.0,0.4743
2023-02-01,259.94,0.0,0.245
2023-02-02,260.75,0.0,0.2616
2023-02-03,260.69,0.0,0.4424
2023-02-04,260.99,0.0,0.38
2023-02-05,262.66,0.000236,0.4582
2023-02-06,259.69,0.0,0.5587
2023-02-07,259.63,0.0,0.3605
2023-02-08,263.17,0.0,0.2394
2023-02-09,261.72,0.0,0.3663
2023-02-10,262.13,0.0,0.4805
2023-02-11,260.95,0.0,0.3282
2023-02-12,262.34,0.0,0.3192
2023-02-13,262.13,0.0,0.5385
2023-02-14,262.82,0.0,0.5168
2023-02-15,263.12,0.000395,0.6881
2023-02-16,266.45,0.0,0.7015
2023-02-17,264.22,0.0,0.4246
2023-02-18,263.22,0.00033,0.3947
2023-02-19,263.23,0.00042,0.4619
2023-02-20,265.0,0.0,0.5277
2023-02-21,262.84,0.0,0.4647
2023-02-22,264.81,0.0,0.5125
2023-02-23,263.75,0.0,0.4681
2023-02-24,266.53,0.0,0.4297
2023-02-25,266.99,0.0,0.2045
2023-02-26,264.62,0.0,0.5027
2023-02-27,265.82,0.0,0.5489
2023-02-28,265.93,0.000166,0.4738
2023-03-01,264.59,0.0,0.3736
2023-03-02,266.85,0.000316,0.286
2023-03-03,266.21,0.000753,0.431
2023-03-04,265.66,0.0,0.3338
2023-03-05,268.38,0.0,0.4598
2023-03-06,268.4,0.0,0.387
2023-03-07,266.66,0.0,0.506
2023-03-08,267.79,0.0,0.3397
2023-03-09,268.82,0.0,0.5248
2023-03-10,266.9,0.0,0.6257
2023-03-11,268.22,0.0,0.5886
2023-03-12,268.45,0.0,0.3568
2023-03-13,268.98,0.0,0.4797
2023-03-14,268.58,0.0,0.5583
2023-03-15,268.64,0.0,0.487
2023-03-16,269.01,0.0,0.294
2023-03-17,270.01,0.0,0.4826
2023-03-18,268.23,0.0,0.5123
2023-03-19,271.32,0.0,0.507
2023-03-20,267.2,0.0,0.3299
2023-03-21,271.31,0.0,0.4112
2023-03-22,269.47,0.0,0.5285
2023-03-23,271.1,0.0,0.6316
2023-03-24,269.3,0.0,0.4259
2023-03-25,270.98,0.0,0.3715
2023-03-26,272.31,0.000602,0.4244
2023-03-27,270.62,0.0,0.5018
2023-03-28,271.4,0.0,0.4864
2023-03-29,273.61,0.0,0.2261
2023-03-30,270.57,0.0,0.4656
2023-03-31,273.1,0.0,0.5958
2023-04-01,271.41,0.0,0.5472
2023-04-02,270.26,0.0,0.4774
2023-04-03,273.81,0.0,0.4343
2023-04-04,271.62,0.0,0.4625
2023-04-05,274.82,0.0,0.4395
2023-04-06,274.01,0.0,0.4613
2023-04-07,273.01,0.0,0.4631
2023-04-08,273.08,0.001727,0.3825
2023-04-09,274.63,0.0,0.5449
2023-04-10,273.9,0.000165,0.5259
2023-04-11,273.55,0.0,0.5629
2023-04-12,275.19,0.0,0.2711
2023-04-13,274.78,0.0,0.4169
2023-04-14,273.95,0.0,0.4729
2023-04-15,274.71,0.0,0.4801
2023-04-16,276.13,0.0,0.4375
2023-04-17,275.81,0.0,0.5008
2023-04-18,275.38,0.0,0.4417
2023-04-19,274.39,0.0,0.4405
2023-04-20,275.73,0.0,0.4705
2023-04-21,276.12,0.0,0.4147
2023-04-22,275.21,8.7e-05,0.2722
2023-04-23,277.83,0.0,0.3859
2023-04-24,277.0,0.000141,0.3266
2023-04-25,277.61,0.0,0.2381
2023-04-26,276.12,9.6e-05,0.375
2023-04-27,276.64,0.0,0.511
2023-04-28,277.1,0.0,0.4146
2023-04-29,277.52,0.00019,0.3944
2023-04-30,276.71,0.0,0.4302
2023-05-01,278.16,0.0004,0.0612
2023-05-02,278.63,0.0,0.0642
2023-05-03,278.29,0.0,0.0771
2023-05-04,277.24,0.0,0.0853
2023-05-05,277.74,0.0,0.0851
2023-05-06,276.64,0.0,0.0404
2023-05-07,278.93,0.0,0.0411
2023-05-08,279.27,0.0,0.0653
2023-05-09,277.89,0.0,0.0725
2023-05-10,277.74,0.0,0.0828
2023-05-11,278.11,0.0,0.0095
2023-05-12,278.55,0.0,0.0724
2023-05-13,280.34,0.0,0.0486
2023-05-14,278.5,0.0,0.102
2023-05-15,279.38,0.0,0.02
2023-05-16,279.2,0.0,0.0412
2023-05-17,279.26,0.0,0.0799
2023-05-18,280.34,0.001159,0.1009
2023-05-19,281.29,0.0,0.0043
2023-05-20,280.08,0.0,0.0558
2023-05-21,279.01,0.0,0.0152
2023-05-22,279.97,0.0,0.0638
2023-05-23,281.2,0.000248,0.0813
2023-05-24,281.61,0.0,0.0668
2023-05-25,281.05,0.0,0.0622
2023-05-26,280.1,0.0,0.0188
2023-05-27,281.22,0.0,0.0621
2023-05-28,280.63,0.0,0.0516
2023-05-29,282.08,0.0,0.1173
2023-05-30,282.8,0.0,0.0366
2023-05-31,281.29,0.0,0.0204
2023-06-01,281.35,0.007244,0.0262
2023-06-02,281.72,0.00478,0.0973
2023-06-03,281.94,0.001699,0.0659
2023-06-04,281.66,0.006475,0.0369
2023-06-05,279.5,0.002678,0.0504
2023-06-06,281.35,0.00188,0.0753
2023-06-07,281.04,0.008232,0.0445
2023-06-08,281.26,0.000251,0.0552
2023-06-09,282.07,0.021189,0.0935
2023-06-10,280.87,0.023655,0.0326
2023-06-11,282.58,0.024988,0.0239
2023-06-12,282.25,0.0,0.0858
2023-06-13,283.0,0.000896,0.0372
2023-06-14,283.09,0.010898,0.0203
2023-06-15,281.66,0.0,0.0747
2023-06-16,281.39,0.011661,0.0535
2023-06-17,280.34,0.0,0.0411
2023-06-18,281.91,0.006158,0.0868
2023-06-19,279.79,0.006063,0.0
2023-06-20,281.7,0.035988,0.0078
2023-06-21,281.53,0.0,0.0935
2023-06-22,282.46,0.000176,0.0631
2023-06-23,281.75,0.010808,0.0121
2023-06-24,282.24,0.0,0.049
2023-06-25,282.47,0.008907,0.0593
2023-06-26,282.16,0.005192,0.0099
2023-06-27,281.97,0.003292,0.1329
2023-06-28,283.66,0.0,0.0
2023-06-29,283.16,0.010724,0.0319
2023-06-30,281.78,0.0,0.027
2023-07-01,281.48,0.002084,0.1145
2023-07-02,280.77,0.001629,0.0191
2023-07-03,283.24,0.000373,0.0538
2023-07-04,281.13,0.0,0.0161
2023-07-05,283.41,0.007401,0.0
2023-07-06,282.06,0.000579,0.0541
2023-07-07,281.83,0.005806,0.0774
2023-07-08,282.21,0.000185,0.0185
2023-07-09,282.68,0.00139,0.0634
2023-07-10,281.83,0.000932,0.0779
2023-07-11,281.99,0.0,0.0441
2023-07-12,281.7,0.01724,0.0
2023-07-13,279.03,0.015949,0.0
2023-07-14,280.63,0.000177,0.0632
2023-07-15,281.26,0.006532,0.0152
2023-07-16,280.56,0.00448,0.0398
2023-07-17,281.26,0.0,0.0
2023-07-18,279.65,0.009499,0.1032
2023-07-19,282.89,0.00672,0.0
2023-07-20,279.6,0.002284,0.0678
2023-07-21,281.5,0.0,0.0
2023-07-22,279.19,0.001077,0.0632
2023-07-23,280.41,0.003606,0.0615
2023-07-24,279.78,0.0,0.0072
2023-07-25,280.31,0.024447,0.0179
2023-07-26,278.47,0.001137,0.141
2023-07-27,280.26,0.006829,0.0893
2023-07-28,281.21,0.0,0.0452
2023-07-29,278.84,0.0,0.0
2023-07-30,280.03,0.002614,0.0201
2023-07-31,279.99,0.003219,0.0701
2023-08-01,278.28,0.00093,0.0116
2023-08-02,277.06,0.0,0.016
2023-08-03,278.74,0.00315,0.071
2023-08-04,276.69,0.005132,0.1278
2023-08-05,278.75,0.00343,0.1048
2023-08-06,281.32,0.007906,0.0679
2023-08-07,277.37,0.007935,0.0573
2023-08-08,278.8,0.000465,0.0736
2023-08-09,279.65,0.0,0.0585
2023-08-10,277.63,0.039703,0.026
2023-08-11,279.33,0.0,0.0648
2023-08-12,276.62,0.0,0.0217
2023-08-13,277.95,0.039306,0.0165
2023-08-14,278.59,0.012235,0.0281
2023-08-15,277.3,0.00171,0.0789
2023-08-16,276.76,0.0,0.095
2023-08-17,274.74,0.001864,0.0293
2023-08-18,276.22,0.005138,0.0648
2023-08-19,276.57,0.005957,0.0541
2023-08-20,274.28,0.002074,0.0448
2023-08-21,276.07,0.0,0.0176
2023-08-22,276.87,0.005147,0.0
2023-08-23,277.84,0.01308,0.0141
2023-08-24,275.87,0.001658,0.0565
2023-08-25,277.06,0.0,0.0
2023-08-26,273.37,0.002479,0.0613
2023-08-27,274.19,0.029683,0.0265
2023-08-28,272.78,0.005894,0.0695
2023-08-29,274.0,0.0,0.0778
2023-08-30,273.42,0.002956,0.1107
2023-08-31,273.86,0.023645,0.0527
2023-09-01,274.46,0.0,0.0885
2023-09-02,272.38,0.003713,0.0131
2023-09-03,272.48,0.001127,0.1211
2023-09-04,273.89,0.010807,0.0614
2023-09-05,272.43,0.00398,0.0756
2023-09-06,274.51,0.006784,0.0
2023-09-07,272.3,0.0,0.0569
2023-09-08,272.61,0.011117,0.1049
2023-09-09,273.12,0.016074,0.0556
2023-09-10,273.15,9.2e-05,0.0697
2023-09-11,270.72,0.0,0.0429
2023-09-12,272.38,0.0,0.0731
2023-09-13,272.62,0.001776,0.0662
2023-09-14,270.95,0.003803,0.0922
2023-09-15,271.16,0.0,0.0
2023-09-16,271.29,0.0,0.0453
2023-09-17,270.65,0.003215,0.1002
2023-09-18,271.68,0.009622,0.024
2023-09-19,270.66,0.000206,0.0
2023-09-20,270.54,0.024807,0.0579
2023-09-21,268.92,0.000823,0.0358
2023-09-22,269.88,0.000136,0.0336
2023-09-23,269.37,0.009713,0.0563
2023-09-24,269.93,0.00432,0.0102
2023-09-25,268.92,0.002303,0.0788
2023-09-26,271.17,0.0,0.0268
2023-09-27,270.48,0.004361,0.0915
2023-09-28,268.84,0.010719,0.0
2023-09-29,268.52,0.00664,0.0498
2023-09-30,266.67,0.018289,0.1064
2023-10-01,266.05,0.0,0.0645
2023-10-02,268.19,0.000676,0.0551
2023-10-03,267.08,0.0,0.0
2023-10-04,267.42,0.0,0.0932
2023-10-05,267.5,0.0,0.0613
2023-10-06,266.69,0.000474,0.077
2023-10-07,267.98,0.0,0.0456
2023-10-08,266.53,0.0,0.0465
2023-10-09,265.58,0.0,0.0624
2023-10-10,268.33,0.0,0.0695
2023-10-11,265.04,0.0,0.03
2023-10-12,264.77,0.0,0.0356
2023-10-13,266.27,0.0,0.0236
2023-10-14,262.77,0.0,0.0883
2023-10-15,266.87,0.0,0.0
2023-10-16,265.26,0.000126,0.0
2023-10-17,264.68,0.0,0.0376
2023-10-18,263.62,0.0,0.0451
2023-10-19,263.8,0.0,0.0401
2023-10-20,264.48,0.00171,0.0125
2023-10-21,263.44,0.0,0.0309
2023-10-22,263.92,0.000531,0.0
2023-10-23,264.11,0.0,0.0104
2023-10-24,262.38,0.0,0.0222
2023-10-25,263.27,0.0,0.0591
2023-10-26,263.94,0.0,0.0553
2023-10-27,263.72,0.0,0.0125
2023-10-28,263.73,0.0,0.0261
2023-10-29,262.35,0.0,0.0817
2023-10-30,262.23,0.000174,0.0
2023-10-31,262.68,0.0,0.0306
2023-11-01,262.82,0.0,0.4867
2023-11-02,262.8,0.0,0.7295
2023-11-03,260.82,0.0,0.6862
2023-11-04,261.11,0.000139,0.6018
2023-11-05,260.56,0.0,0.4624
2023-11-06,260.94,0.00024,0.6223
2023-11-07,261.93,0.0,0.5012
2023-11-08,261.46,0.0,0.5151
2023-11-09,261.72,0.0,0.3765
2023-11-10,260.41,0.0,0.3988
2023-11-11,259.81,0.0,0.5102
2023-11-12,260.71,0.0,0.4789
2023-11-13,259.56,0.000198,0.6808
2023-11-14,261.25,0.0,0.6662
2023-11-15,258.48,0.0,0.4658
2023-11-16,260.09,0.0,0.541
2023-11-17,258.36,0.0,0.249
2023-11-18,260.3,0.000186,0.4853
2023-11-19,261.71,0.0,0.3711
2023-11-20,258.09,0.000244,0.2865
2023-11-21,260.22,0.0,0.4203
2023-11-22,258.85,0.0,0.5386
2023-11-23,259.58,0.0,0.6396
2023-11-24,259.11,0.0,0.5156
2023-11-25,259.44,0.0,0.261
2023-11-26,257.29,0.0,0.4625
2023-11-27,259.69,0.000524,0.3808
2023-11-28,257.34,0.0,0.5854
2023-11-29,259.73,0.0,0.5182
2023-11-30,257.88,0.0,0.3709
2023-12-01,258.07,0.000327,0.3989
2023-12-02,257.8,0.0,0.548
2023-12-03,258.34,8.5e-05,0.6536
2023-12-04,255.94,0.0,0.5515
2023-12-05,257.46,0.0,0.5105
2023-12-06,258.49,0.0,0.4931
2023-12-07,258.54,0.0,0.4043
2023-12-08,259.15,0.0,0.5796
2023-12-09,256.52,0.0,0.3209
2023-12-10,257.31,0.000942,0.1875
2023-12-11,257.92,0.0,0.3648
2023-12-12,258.6,0.0,0.2991
2023-12-13,257.55,0.0,0.7432
2023-12-14,256.23,0.001156,0.4163
2023-12-15,259.16,0.0,0.4157
2023-12-16,257.67,0.0,0.5029
2023-12-17,259.5,0.001149,0.3226
2023-12-18,256.92,0.000417,0.426
2023-12-19,256.41,0.0,0.3761
2023-12-20,260.61,0.0,0.3412
2023-12-21,257.79,0.0,0.3989
2023-12-22,258.26,0.0,0.5705
2023-12-23,258.29,0.000312,0.5841
2023-12-24,256.12,0.000739,0.5897
2023-12-25,258.03,0.0,0.5224
2023-12-26,259.68,0.0,0.5373
2023-12-27,258.76,0.0,0.4155
2023-12-28,257.7,0.0,0.3512
2023-12-29,258.01,0.0,0.4277
2023-12-30,258.49,0.0,0.3403
2023-12-31,258.52,0.0,0.6238
2024-01-01,258.38,0.0,0.3166
2024-01-02,257.52,0.0,0.3388
2024-01-03,259.25,0.000245,0.3789
2024-01-04,259.04,0.0,0.3806
2024-01-05,258.53,0.0,0.5879
2024-01-06,256.52,0.0,0.471
2024-01-07,258.86,0.0,0.3789
2024-01-08,260.42,0.0,0.6068
2024-01-09,258.59,0.0,0.7072
2024-01-10,259.07,0.0,0.4542
2024-01-11,258.03,0.0,0.5501
2024-01-12,260.19,0.000227,0.3472
2024-01-13,259.61,0.0,0.2592
2024-01-14,259.63,0.0,0.2576
2024-01-15,260.8,0.000533,0.355
2024-01-16,258.64,0.0,0.3607
2024-01-17,259.15,0.0,0.3245
2024-01-18,259.99,0.0,0.3168
2024-01-19,259.45,0.0,0.4596
2024-01-20,258.77,0.0,0.4294
2024-01-21,260.67,0.0,0.4493
2024-01-22,260.24,0.0,0.3323
2024-01-23,261.13,0.0,0.5188
2024-01-24,259.34,0.0,0.4553
2024-01-25,258.8,0.0,0.4036
2024-01-26,262.71,0.0,0.4687
2024-01-27,260.03,0.000162,0.574
2024-01-28,260.46,0.0,0.4545
2024-01-29,259.74,0.0,0.0595
2024-01-30,261.46,5e-05,0.3572
2024-01-31,260.54,0.0,0.2025
2024-02-01,261.09,0.000173,0.5106
2024-02-02,260.23,0.0,0.4585
2024-02-03,262.26,0.0,0.5024
2024-02-04,263.81,0.000627,0.3717
2024-02-05,262.05,0.000395,0.3532
2024-02-06,263.96,0.0,0.5525
2024-02-07,263.79,0.0,0.4439
2024-02-08,263.28,0.0,0.4377
2024-02-09,262.73,0.0,0.4201
2024-02-10,261.82,0.0,0.5682
2024-02-11,262.03,0.0,0.3321
2024-02-12,262.97,0.000236,0.4383
2024-02-13,262.68,0.0,0.35
2024-02-14,261.92,0.0,0.6885
2024-02-15,263.06,0.0,0.7373
2024-02-16,262.93,0.0,0.4658
2024-02-17,263.02,0.0,0.3899
2024-02-18,263.52,0.0,0.5645
2024-02-19,262.33,0.0,0.3552
2024-02-20,264.99,0.0,0.4517
2024-02-21,264.98,0.0,0.5082
2024-02-22,265.53,0.000353,0.2112
2024-02-23,265.53,0.000371,0.2706
2024-02-24,264.72,0.0,0.6885
2024-02-25,266.89,0.0,0.3448
2024-02-26,265.7,0.0,0.2305
2024-02-27,266.73,0.0,0.4684
2024-02-28,265.97,0.0,0.3745
2024-02-29,265.24,0.0,0.4868
2024-03-01,265.82,0.0,0.5651
2024-03-02,266.17,0.000325,0.4771
2024-03-03,267.14,0.0,0.1013
2024-03-04,265.27,5.2e-05,0.2121
2024-03-05,267.2,0.0,0.1747
2024-03-06,267.12,0.0,0.4286
2024-03-07,267.12,0.0,0.3771
2024-03-08,267.01,0.0,0.2379
2024-03-09,267.31,0.0,0.2379
2024-03-10,267.79,0.0,0.3763
2024-03-11,266.82,0.0,0.4128
2024-03-12,267.98,0.000532,0.5646
2024-03-13,269.01,0.0,0.5174
2024-03-14,268.63,0.000158,0.5461
2024-03-15,269.18,0.0,0.3958
2024-03-16,270.77,0.0,0.295
2024-03-17,268.26,0.0,0.4154
2024-03-18,269.79,0.0,0.4528
2024-03-19,269.92,8.2e-05,0.5362
2024-03-20,268.97,0.0,0.3483
2024-03-21,270.93,0.0,0.4453
2024-03-22,268.58,0.0,0.5268
2024-03-23,271.36,0.000488,0.3961
2024-03-24,272.39,0.0,0.4078
2024-03-25,270.73,0.0,0.5245
2024-03-26,270.96,0.0,0.3869
2024-03-27,271.75,7.9e-05,0.3483
2024-03-28,272.91,0.0,0.4745
2024-03-29,272.09,0.0,0.4272
2024-03-30,273.45,0.0,0.0547
2024-03-31,272.49,0.0,0.3085
2024-04-01,273.94,0.0,0.4606
2024-04-02,272.09,0.0,0.4181
2024-04-03,274.06,0.0,0.5579
2024-04-04,272.27,0.000126,0.5116
2024-04-05,271.66,0.000848,0.381
2024-04-06,273.48,0.0,0.3441
2024-04-07,274.72,0.0,0.5077
2024-04-08,273.49,0.0,0.5613
2024-04-09,274.6,0.0,0.4392
2024-04-10,274.23,0.0,0.354
2024-04-11,273.61,0.0,0.6567
2024-04-12,274.61,0.0,0.5082
2024-04-13,275.91,0.0,0.3826
2024-04-14,274.79,0.0,0.5144
2024-04-15,275.36,0.0,0.5958
2024-04-16,276.4,0.001354,0.4959
2024-04-17,273.36,0.0,0.3481
2024-04-18,274.9,0.0,0.4056
2024-04-19,275.67,0.000575,0.636
2024-04-20,275.63,0.0,0.5884
2024-04-21,275.6,0.000262,0.4508
2024-04-22,275.26,0.000369,0.3385
2024-04-23,276.13,0.0,0.6168
2024-04-24,275.38,0.0,0.5222
2024-04-25,276.54,0.0,0.2858
2024-04-26,276.49,0.0,0.756
2024-04-27,277.88,0.0,0.3401
2024-04-28,279.78,0.0,0.4482
2024-04-29,277.24,0.0,0.6505
2024-04-30,277.54,0.0,0.3766
2024-05-01,278.44,0.0,0.0601
2024-05-02,277.43,0.0,0.0153
2024-05-03,278.52,0.000501,0.0115
2024-05-04,277.9,0.0,0.0375
2024-05-05,277.92,0.0,0.0226
2024-05-06,278.27,0.0,0.0463
2024-05-07,279.76,0.0,0.0713
2024-05-08,279.83,0.0,0.0
2024-05-09,279.09,0.0,0.0
2024-05-10,278.91,0.000259,0.0226
2024-05-11,279.03,0.0,0.0389
2024-05-12,277.31,0.0,0.0175
2024-05-13,279.07,5.2e-05,0.0669
2024-05-14,281.54,0.0,0.0518
2024-05-15,279.1,0.000788,0.1242
2024-05-16,279.47,0.0,0.0778
2024-05-17,281.81,0.0,0.0477
2024-05-18,279.0,0.0,0.0753
2024-05-19,279.5,0.0,0.0
2024-05-20,280.91,0.0,0.0589
2024-05-21,280.84,0.0,0.0535
2024-05-22,280.38,0.0,0.1257
2024-05-23,282.14,0.0,0.066
2024-05-24,280.59,0.0,0.0213
2024-05-25,280.04,0.0,0.0189
2024-05-26,281.89,0.0,0.0739
2024-05-27,281.3,0.0,0.0696
2024-05-28,280.78,0.0,0.0346
2024-05-29,280.72,0.0,0.0655
2024-05-30,280.96,8.9e-05,0.0157
2024-05-31,281.18,0.0,0.0388
2024-06-01,282.55,0.021092,0.0374
2024-06-02,282.84,0.0,0.027
2024-06-03,281.12,0.001964,0.0278
2024-06-04,281.27,8.2e-05,0.0207
2024-06-05,282.03,0.0,0.0
2024-06-06,281.06,0.024963,0.0901
2024-06-07,281.44,0.0,0.0166
2024-06-08,281.34,0.0,0.0123
2024-06-09,281.33,0.0,0.0
2024-06-10,280.11,0.003775,0.0881
2024-06-11,281.88,0.000421,0.0784
2024-06-12,281.7,0.011447,0.0447
2024-06-13,283.34,0.000643,0.0917
2024-06-14,282.39,0.006939,0.0613
2024-06-15,283.15,0.0,0.0817
2024-06-16,281.14,0.0,0.0474
2024-06-17,283.37,0.003716,0.0
2024-06-18,283.58,0.002696,0.0408
2024-06-19,282.69,0.001287,0.0959
2024-06-20,281.85,0.004363,0.0895
2024-06-21,280.98,0.002173,0.1116
2024-06-22,280.84,5.2e-05,0.0
2024-06-23,281.34,0.002666,0.0204
2024-06-24,282.01,0.003506,0.0395
2024-06-25,282.56,0.005968,0.0836
2024-06-26,280.25,0.0,0.0698
2024-06-27,281.83,0.002337,0.0411
2024-06-28,280.55,0.001554,0.0807
2024-06-29,283.09,0.0,0.0641
2024-06-30,281.38,0.004322,0.0896
2024-07-01,284.14,0.004185,0.0
2024-07-02,282.17,0.008687,0.0678
2024-07-03,281.83,0.003114,0.0
2024-07-04,283.04,0.024429,0.0
2024-07-05,282.4,0.0,0.0521
2024-07-06,280.66,0.00194,0.0244
2024-07-07,282.88,0.088857,0.0559
2024-07-08,281.87,0.005476,0.1258
2024-07-09,281.59,0.004878,0.0
2024-07-10,280.13,0.0,0.0891
2024-07-11,281.04,0.008287,0.1008
2024-07-12,281.89,0.004248,0.1067
2024-07-13,281.98,0.01089,0.0543
2024-07-14,280.97,0.0,0.0
2024-07-15,279.92,0.011833,0.0735
2024-07-16,281.55,0.010064,0.0233
2024-07-17,279.68,0.015385,0.048
2024-07-18,282.24,0.015907,0.0855
2024-07-19,280.32,0.006359,0.0
2024-07-20,279.93,0.006259,0.0666
2024-07-21,279.05,0.0,0.0669
2024-07-22,279.32,0.067724,0.0715
2024-07-23,278.41,0.003239,0.0788
2024-07-24,279.97,0.0,0.0592
2024-07-25,280.8,0.001277,0.0
2024-07-26,281.44,0.012014,0.1094
2024-07-27,278.64,0.0,0.0424
2024-07-28,280.57,0.002079,0.0455
2024-07-29,280.51,0.0,0.0418
2024-07-30,278.55,0.007177,0.0624
2024-07-31,277.94,0.005225,0.0555
2024-08-01,279.48,0.000196,0.0457
2024-08-02,279.35,0.002086,0.0039
2024-08-03,277.07,0.008779,0.0752
2024-08-04,280.15,0.004883,0.1172
2024-08-05,278.46,0.0,0.0945
2024-08-06,278.04,0.0,0.0786
2024-08-07,276.32,0.015855,0.0252
2024-08-08,279.07,0.002142,0.0231
2024-08-09,277.3,0.0,0.0269
2024-08-10,277.72,0.017525,0.0191
2024-08-11,275.9,0.011437,0.1385
2024-08-12,277.23,0.01885,0.0915
2024-08-13,276.95,0.002838,0.1123
2024-08-14,278.26,0.009261,0.0417
2024-08-15,277.18,0.000436,0.0191
2024-08-16,276.49,0.001776,0.0284
2024-08-17,278.62,0.00354,0.0476
2024-08-18,277.37,0.0,0.0445
2024-08-19,278.35,0.0,0.1047
2024-08-20,275.87,0.003912,0.1038
2024-08-21,275.78,0.0,0.0419
2024-08-22,275.17,0.0,0.0047
2024-08-23,274.42,0.002923,0.0944
2024-08-24,275.09,0.029197,0.0336
2024-08-25,273.99,0.0,0.072
2024-08-26,275.47,0.0,0.1374
2024-08-27,274.02,0.0,0.1507
2024-08-28,272.38,0.002122,0.0653
2024-08-29,276.54,0.0,0.0376
2024-08-30,274.71,0.050442,0.0
2024-08-31,273.39,0.001778,0.0049
2024-09-01,274.47,0.002451,0.0275
2024-09-02,273.94,0.000356,0.0377
2024-09-03,274.14,0.002522,0.067
2024-09-04,273.29,0.003036,0.0957
2024-09-05,273.02,0.007122,0.0513
2024-09-06,270.65,0.0,0.0325
2024-09-07,272.22,0.0,0.067
2024-09-08,273.42,0.011736,0.0954
2024-09-09,272.65,0.002338,0.0713
2024-09-10,271.23,0.000675,0.0446
2024-09-11,271.05,0.0,0.0723
2024-09-12,271.86,0.000509,0.0014
2024-09-13,270.56,0.005934,0.0744
2024-09-14,271.74,0.0,0.0656
2024-09-15,271.13,0.0,0.1039
2024-09-16,271.75,0.0,0.1235
2024-09-17,270.89,0.0,0.0931
2024-09-18,270.56,0.015114,0.0492
2024-09-19,270.18,0.001327,0.0523
2024-09-20,271.45,0.001697,0.0
2024-09-21,269.98,0.005945,0.047
2024-09-22,269.7,0.0,0.0764
2024-09-23,270.5,0.0,0.0033
2024-09-24,269.15,0.00609,0.0817
2024-09-25,269.95,0.017791,0.1487
2024-09-26,267.31,0.001273,0.0342
2024-09-27,270.5,0.005814,0.0721
2024-09-28,269.02,0.002266,0.0769
2024-09-29,268.55,0.000597,0.0637
2024-09-30,265.99,0.010419,0.0526
2024-10-01,267.57,0.000199,0.0496
2024-10-02,267.16,0.0,0.0466
2024-10-03,267.37,0.0,0.075
2024-10-04,267.27,0.0,0.0794
2024-10-05,266.62,0.0,0.0707
2024-10-06,268.02,0.0,0.0487
2024-10-07,266.56,0.0,0.11
2024-10-08,265.26,0.000314,0.0624
2024-10-09,265.1,0.0,0.012
2024-10-10,265.15,0.0,0.0823
2024-10-11,264.65,0.000458,0.0506
2024-10-12,265.53,0.000214,0.0
2024-10-13,264.57,0.0,0.0764
2024-10-14,265.64,0.0,0.0412
2024-10-15,265.25,0.0,0.0558
2024-10-16,264.0,0.0,0.059
2024-10-17,266.04,0.000401,0.037
2024-10-18,266.51,0.0,0.0622
2024-10-19,264.8,0.0,0.0574
2024-10-20,264.51,0.0,0.0
2024-10-21,263.46,0.000197,0.1017
2024-10-22,261.99,0.0,0.0943
2024-10-23,263.6,0.0,0.0
2024-10-24,262.24,0.000566,0.0
2024-10-25,263.86,0.0,0.0405
2024-10-26,261.87,0.001155,0.0259
2024-10-27,264.09,0.0,0.025
2024-10-28,263.86,0.000329,0.0621
2024-10-29,260.67,0.0,0.0446
2024-10-30,264.58,0.000325,0.0
2024-10-31,263.55,0.0,0.0115
