date,temperature_2m_k,total_precip_m_day,snow_depth_m_we
2016-01-01,261.67,0.000412,0.05
2016-01-02,261.56,0.000939,0.05
2016-01-03,259.14,0.003398,0.05
2016-01-04,261.35,0.0,0.05
2016-01-05,261.17,0.007453,0.05
2016-01-06,261.61,0.00872,0.05
2016-01-07,262.75,0.01826,0.05
2016-01-08,261.96,0.031936,0.05
2016-01-09,259.56,0.011115,0.05
2016-01-10,259.82,0.001152,0.05
2016-01-11,262.61,0.002035,0.05
2016-01-12,263.56,0.007431,0.05
2016-01-13,262.43,0.012453,0.05
2016-01-14,262.39,0.013201,0.05
2016-01-15,261.75,0.026573,0.05
2016-01-16,260.01,0.007122,0.05
2016-01-17,261.23,0.00952,0.05
2016-01-18,262.78,0.014577,0.05
2016-01-19,263.61,0.021824,0.05
2016-01-20,260.98,0.01885,0.05
2016-01-21,258.56,0.00872,0.05
2016-01-22,258.58,0.018517,0.05
2016-01-23,258.11,0.013179,0.05
2016-01-24,259.1,0.013543,0.05
2016-01-25,256.65,0.005519,0.05
2016-01-26,258.44,0.01555,0.05
2016-01-27,258.42,0.017645,0.05
2016-01-28,260.91,0.009289,0.05
2016-01-29,262.24,0.01036,0.05
2016-01-30,263.88,0.011391,0.05
2016-01-31,265.32,0.012405,0.05
2016-02-01,264.64,0.016239,0.05
2016-02-02,265.7,0.014486,0.05
2016-02-03,265.84,0.008012,0.05
2016-02-04,267.87,0.005131,0.05
2016-02-05,268.72,0.00245,0.05
2016-02-06,269.2,0.00434,0.05
2016-02-07,266.69,0.020029,0.05
2016-02-08,262.62,0.02234,0.05
2016-02-09,261.95,0.017582,0.05
2016-02-10,263.5,0.026489,0.05
2016-02-11,262.92,0.034617,0.05
2016-02-12,263.78,0.021722,0.05
2016-02-13,263.47,0.025504,0.05
2016-02-14,263.75,0.015307,0.05
2016-02-15,264.46,0.012498,0.05
2016-02-16,265.82,0.00885,0.05
2016-02-17,266.18,0.007517,0.05
2016-02-18,267.02,0.007347,0.05
2016-02-19,269.32,0.005328,0.05
2016-02-20,270.97,0.029134,0.05
2016-02-21,267.56,0.019004,0.05
2016-02-22,268.24,0.021146,0.05
2016-02-23,267.28,0.024127,0.05
2016-02-24,263.88,0.008595,0.05
2016-02-25,263.32,0.005906,0.05
2016-02-26,262.95,0.00618,0.05
2016-02-27,262.47,0.009161,0.05
2016-02-28,264.22,0.005551,0.05
2016-02-29,264.63,0.003349,0.05
2016-03-01,263.2,0.012,0.05
2016-03-02,265.14,0.011594,0.05
2016-03-03,265.28,0.007602,0.05
2016-03-04,264.54,0.01012,0.05
2016-03-05,265.69,0.017244,0.05
2016-03-06,265.43,0.018178,0.05
2016-03-07,265.45,0.0114,0.05
2016-03-08,265.63,0.013802,0.05
2016-03-09,265.94,0.007712,0.05
2016-03-10,267.0,0.008122,0.05
2016-03-11,268.19,0.011006,0.05
2016-03-12,268.21,0.018226,0.05
2016-03-13,267.48,0.03156,0.05
2016-03-14,265.96,0.030584,0.05
2016-03-15,265.86,0.019803,0.05
2016-03-16,263.8,0.008884,0.05
2016-03-17,265.96,0.016277,0.05
2016-03-18,266.7,0.012361,0.05
2016-03-19,267.47,0.01394,0.05
2016-03-20,268.2,0.02095,0.05
2016-03-21,268.02,0.019987,0.05
2016-03-22,266.25,0.014024,0.05
2016-03-23,267.22,0.003655,0.05
2016-03-24,268.88,0.000653,0.05
2016-03-25,271.26,5.6e-05,0.05
2016-03-26,271.33,0.006496,0.05
2016-03-27,270.13,0.017706,0.05
2016-03-28,266.54,0.031114,0.05
2016-03-29,268.88,0.008157,0.05
2016-03-30,268.6,0.018691,0.05
2016-03-31,268.13,0.007197,0.05
2016-04-01,269.2,0.003778,0.05
2016-04-02,271.22,0.003171,0.05
2016-04-03,272.05,0.006436,0.05
2016-04-04,272.07,0.010728,0.05
2016-04-05,271.06,0.003833,0.05
2016-04-06,270.9,0.008274,0.05
2016-04-07,270.59,0.011297,0.05
2016-04-08,269.28,0.00493,0.05
2016-04-09,269.34,0.003452,0.05
2016-04-10,270.92,0.001801,0.05
2016-04-11,270.61,0.003223,0.05
2016-04-12,270.64,0.006928,0.05
2016-04-13,269.88,0.005066,0.05
2016-04-14,269.44,0.013304,0.05
2016-04-15,271.63,0.009183,0.05
2016-04-16,271.22,0.00517,0.05
2016-04-17,271.42,0.014687,0.05
2016-04-18,271.58,0.011003,0.05
2016-04-19,272.34,0.002786,0.05
2016-04-20,272.05,0.003558,0.05
2016-04-21,271.69,0.006681,0.05
2016-04-22,271.49,0.018808,0.05
2016-04-23,270.78,0.027239,0.05
2016-04-24,269.82,0.010542,0.05
2016-04-25,270.48,0.002704,0.05
2016-04-26,271.17,0.003836,0.05
2016-04-27,271.0,0.012604,0.05
2016-04-28,270.43,0.012329,0.05
2016-04-29,270.44,0.005144,0.05
2016-04-30,269.9,0.004694,0.05
2016-05-01,270.42,0.003214,0.05
2016-05-02,271.52,0.001011,0.05
2016-05-03,271.52,0.006834,0.05
2016-05-04,271.8,0.01589,0.05
2016-05-05,271.37,0.010121,0.05
2016-05-06,272.07,0.013682,0.05
2016-05-07,271.65,0.021746,0.05
2016-05-08,271.52,0.004178,0.05
2016-05-09,273.28,0.00232,0.05
2016-05-10,274.27,0.00102,0.05
2016-05-11,274.31,0.001517,0.05
2016-05-12,274.48,0.007026,0.05
2016-05-13,274.32,0.012692,0.05
2016-05-14,274.9,0.019275,0.05
2016-05-15,275.28,0.045318,0.05
2016-05-16,275.03,0.040762,0.05
2016-05-17,274.31,0.040181,0.05
2016-05-18,274.86,0.004758,0.05
2016-05-19,275.66,0.027861,0.05
2016-05-20,275.48,0.019198,0.05
2016-05-21,274.91,0.003807,0.05
2016-05-22,276.32,0.003857,0.05
2016-05-23,276.29,0.003255,0.05
2016-05-24,275.64,0.019144,0.05
2016-05-25,274.11,0.043039,0.05
2016-05-26,273.78,0.015175,0.05
2016-05-27,275.35,0.005256,0.05
2016-05-28,275.15,0.013942,0.05
2016-05-29,274.61,0.011414,0.05
2016-05-30,274.93,0.01471,0.05
2016-05-31,274.37,0.018928,0.05
2016-06-01,275.47,0.003424,0.05
2016-06-02,276.14,0.00398,0.05
2016-06-03,276.47,0.00488,0.05
2016-06-04,276.48,0.009233,0.05
2016-06-05,277.09,0.011947,0.05
2016-06-06,277.36,0.015386,0.05
2016-06-07,277.57,0.037105,0.05
2016-06-08,277.36,0.008022,0.05
2016-06-09,277.32,0.006771,0.05
2016-06-10,277.74,0.005663,0.05
2016-06-11,277.79,0.00574,0.05
2016-06-12,277.93,0.012012,0.05
2016-06-13,278.26,0.026336,0.05
2016-06-14,278.85,0.031459,0.05
2016-06-15,278.51,0.020168,0.05
2016-06-16,278.39,0.007887,0.05
2016-06-17,278.78,0.005895,0.05
2016-06-18,279.05,0.01515,0.05
2016-06-19,278.43,0.019412,0.05
2016-06-20,278.81,0.024147,0.05
2016-06-21,278.84,0.041279,0.05
2016-06-22,278.94,0.032211,0.05
2016-06-23,278.91,0.036665,0.05
2016-06-24,278.88,0.037862,0.05
2016-06-25,278.28,0.021267,0.05
2016-06-26,279.42,0.024466,0.05
2016-06-27,279.47,0.01447,0.05
2016-06-28,279.53,0.008797,0.05
2016-06-29,279.52,0.011988,0.05
2016-06-30,279.62,0.019612,0.05
2016-07-01,278.75,0.036487,0.05
2016-07-02,279.24,0.016609,0.05
2016-07-03,279.48,0.015668,0.05
2016-07-04,279.49,0.016694,0.05
2016-07-05,279.78,0.022424,0.05
2016-07-06,279.34,0.011142,0.05
2016-07-07,279.72,0.010882,0.05
2016-07-08,279.91,0.009503,0.05
2016-07-09,280.0,0.012171,0.05
2016-07-10,279.82,0.022986,0.05
2016-07-11,279.38,0.014034,0.05
2016-07-12,279.6,0.01163,0.05
2016-07-13,279.82,0.010238,0.05
2016-07-14,280.27,0.017846,0.05
2016-07-15,279.93,0.021389,0.05
2016-07-16,279.68,0.00825,0.05
2016-07-17,279.23,0.014232,0.05
2016-07-18,279.49,0.021383,0.05
2016-07-19,279.14,0.037953,0.05
2016-07-20,279.33,0.027357,0.05
2016-07-21,279.45,0.032519,0.05
2016-07-22,278.51,0.040714,0.05
2016-07-23,278.77,0.022223,0.05
2016-07-24,278.97,0.040084,0.05
2016-07-25,279.0,0.032167,0.05
2016-07-26,278.66,0.032406,0.05
2016-07-27,278.05,0.020378,0.05
2016-07-28,278.15,0.022027,0.05
2016-07-29,278.23,0.013692,0.05
2016-07-30,278.51,0.020721,0.05
2016-07-31,278.26,0.016246,0.05
2016-08-01,278.25,0.00542,0.05
2016-08-02,278.53,0.004282,0.05
2016-08-03,279.1,0.001865,0.05
2016-08-04,279.56,0.005202,0.05
2016-08-05,279.52,0.00897,0.05
2016-08-06,279.62,0.009665,0.05
2016-08-07,279.33,0.005749,0.05
2016-08-08,279.47,0.005695,0.05
2016-08-09,278.72,0.003596,0.05
2016-08-10,278.83,0.006201,0.05
2016-08-11,279.13,0.007539,0.05
2016-08-12,279.22,0.006276,0.05
2016-08-13,279.73,0.004814,0.05
2016-08-14,279.92,0.005732,0.05
2016-08-15,279.94,0.005031,0.05
2016-08-16,279.61,0.005666,0.05
2016-08-17,279.53,0.005184,0.05
2016-08-18,279.41,0.004734,0.05
2016-08-19,279.16,0.003804,0.05
2016-08-20,279.85,0.000895,0.05
2016-08-21,279.6,0.003927,0.05
2016-08-22,278.92,0.006372,0.05
2016-08-23,278.85,0.002325,0.05
2016-08-24,278.81,0.00453,0.05
2016-08-25,278.95,0.000912,0.05
2016-08-26,278.84,0.003332,0.05
2016-08-27,278.75,0.000848,0.05
2016-08-28,278.82,0.002381,0.05
2016-08-29,279.41,0.017333,0.05
2016-08-30,279.11,0.024218,0.05
2016-08-31,279.07,0.034663,0.05
2016-09-01,279.48,0.03122,0.05
2016-09-02,279.66,0.051587,0.05
2016-09-03,278.96,0.039362,0.05
2016-09-04,279.33,0.015617,0.05
2016-09-05,279.55,0.014234,0.05
2016-09-06,279.49,0.012278,0.05
2016-09-07,279.24,0.007908,0.05
2016-09-08,279.16,0.008705,0.05
2016-09-09,279.33,0.008576,0.05
2016-09-10,278.72,0.010405,0.05
2016-09-11,278.64,0.017926,0.05
2016-09-12,277.58,0.035506,0.05
2016-09-13,277.74,0.007914,0.05
2016-09-14,278.38,0.003934,0.05
2016-09-15,278.49,0.00624,0.05
2016-09-16,278.58,0.014896,0.05
2016-09-17,278.04,0.025505,0.05
2016-09-18,278.14,0.006287,0.05
2016-09-19,278.69,0.009932,0.05
2016-09-20,278.08,0.012925,0.05
2016-09-21,277.62,0.01666,0.05
2016-09-22,277.39,0.018708,0.05
2016-09-23,276.85,0.026177,0.05
2016-09-24,277.14,0.027983,0.05
2016-09-25,276.58,0.023645,0.05
2016-09-26,276.93,0.017183,0.05
2016-09-27,277.66,0.00864,0.05
2016-09-28,277.01,0.010454,0.05
2016-09-29,277.41,0.008102,0.05
2016-09-30,277.86,0.003781,0.05
2016-10-01,277.28,0.003588,0.05
2016-10-02,277.47,0.001326,0.05
2016-10-03,277.15,0.001136,0.05
2016-10-04,277.58,0.007033,0.05
2016-10-05,277.1,0.012099,0.05
2016-10-06,277.3,0.0101,0.05
2016-10-07,277.26,0.011499,0.05
2016-10-08,277.15,0.02397,0.05
2016-10-09,276.26,0.012329,0.05
2016-10-10,275.39,0.025923,0.05
2016-10-11,275.37,0.006397,0.05
2016-10-12,275.58,0.001892,0.05
2016-10-13,275.63,0.019074,0.05
2016-10-14,274.6,0.016714,0.05
2016-10-15,274.25,0.008401,0.05
2016-10-16,274.15,0.004403,0.05
2016-10-17,274.08,0.002349,0.05
2016-10-18,274.36,0.00133,0.05
2016-10-19,272.92,0.001353,0.05
2016-10-20,273.74,0.000434,0.05
2016-10-21,272.91,0.003427,0.05
2016-10-22,272.65,0.014862,0.05
2016-10-23,272.54,0.006607,0.05
2016-10-24,273.37,0.006062,0.05
2016-10-25,272.12,0.010429,0.05
2016-10-26,271.52,0.006302,0.05
2016-10-27,270.58,0.001309,0.05
2016-10-28,270.91,0.003054,0.05
2016-10-29,269.67,0.005689,0.05
2016-10-30,267.82,0.003688,0.05
2016-10-31,269.25,0.000393,0.05
2016-11-01,268.6,0.000853,0.05
2016-11-02,268.31,0.000768,0.05
2016-11-03,267.9,0.000567,0.05
2016-11-04,267.71,0.003064,0.05
2016-11-05,268.52,0.005897,0.05
2016-11-06,268.36,0.002305,0.05
2016-11-07,268.72,0.00218,0.05
2016-11-08,269.02,0.00118,0.05
2016-11-09,270.98,0.000101,0.05
2016-11-10,271.03,0.004041,0.05
2016-11-11,271.01,0.009126,0.05
2016-11-12,269.74,0.015901,0.05
2016-11-13,268.95,0.020502,0.05
2016-11-14,268.54,0.019771,0.05
2016-11-15,266.9,0.009224,0.05
2016-11-16,266.24,0.001103,0.05
2016-11-17,265.92,0.000765,0.05
2016-11-18,266.55,0.003222,0.05
2016-11-19,266.96,0.004091,0.05
2016-11-20,267.34,0.006485,0.05
2016-11-21,268.04,0.002107,0.05
2016-11-22,269.18,0.003239,0.05
2016-11-23,268.35,0.005106,0.05
2016-11-24,267.99,0.003971,0.05
2016-11-25,267.56,0.001601,0.05
2016-11-26,268.73,0.001023,0.05
2016-11-27,269.07,0.009512,0.05
2016-11-28,268.53,0.006874,0.05
2016-11-29,268.6,0.005021,0.05
2016-11-30,269.34,0.004959,0.05
2016-12-01,268.21,0.010551,0.05
2016-12-02,267.68,0.013768,0.05
2016-12-03,265.9,1e-06,0.05
2016-12-04,266.77,0.0,0.05
2016-12-05,268.04,0.000423,0.05
2016-12-06,268.1,3e-06,0.05
2016-12-07,268.96,1e-06,0.05
2016-12-08,269.05,5e-06,0.05
2016-12-09,269.26,6.2e-05,0.05
2016-12-10,269.82,0.000351,0.05
2016-12-11,269.7,0.001314,0.05
2016-12-12,270.11,0.001581,0.05
2016-12-13,270.04,0.005496,0.05
2016-12-14,268.13,0.011537,0.05
2016-12-15,267.62,0.002156,0.05
2016-12-16,269.06,0.003235,0.05
2016-12-17,269.44,0.008799,0.05
2016-12-18,268.84,0.006235,0.05
2016-12-19,269.83,0.005901,0.05
2016-12-20,271.07,0.000247,0.05
2016-12-21,270.39,3e-06,0.05
2016-12-22,270.78,0.003106,0.05
2016-12-23,270.33,0.007446,0.05
2016-12-24,268.84,0.016867,0.05
2016-12-25,265.98,0.034042,0.05
2016-12-26,261.76,0.00331,0.05
2016-12-27,262.99,2.8e-05,0.05
2016-12-28,264.89,0.003826,0.05
2016-12-29,265.19,0.002787,0.05
2016-12-30,264.38,0.001706,0.05
2016-12-31,261.83,0.001187,0.05
2017-01-01,261.49,0.00543,0.05
2017-01-02,258.48,0.001283,0.05
2017-01-03,256.48,0.000826,0.05
2017-01-04,257.84,0.004046,0.05
2017-01-05,258.26,0.014425,0.05
2017-01-06,260.3,0.008654,0.05
2017-01-07,261.52,0.012631,0.05
2017-01-08,261.37,0.012804,0.05
2017-01-09,260.45,0.02314,0.05
2017-01-10,259.11,0.023636,0.05
2017-01-11,258.89,0.014813,0.05
2017-01-12,257.93,0.003779,0.05
2017-01-13,257.54,0.005993,0.05
2017-01-14,258.47,0.006945,0.05
2017-01-15,260.71,0.01152,0.05
2017-01-16,261.21,0.02102,0.05
2017-01-17,261.7,0.024833,0.05
2017-01-18,260.75,0.022571,0.05
2017-01-19,261.47,0.024565,0.05
2017-01-20,262.58,0.014801,0.05
2017-01-21,264.01,0.006639,0.05
2017-01-22,265.01,0.005078,0.05
2017-01-23,261.98,0.012504,0.05
2017-01-24,263.54,0.000418,0.05
2017-01-25,264.15,0.002423,0.05
2017-01-26,264.54,0.008484,0.05
2017-01-27,264.22,0.028734,0.05
2017-01-28,261.01,0.001318,0.05
2017-01-29,261.85,0.007469,0.05
2017-01-30,261.2,0.018302,0.05
2017-01-31,261.73,0.027531,0.05
2017-02-01,259.12,0.007661,0.05
2017-02-02,259.39,0.005853,0.05
2017-02-03,261.51,1e-06,0.05
2017-02-04,265.03,3e-06,0.05
2017-02-05,265.65,0.010152,0.05
2017-02-06,263.52,0.046768,0.05
2017-02-07,263.88,0.019778,0.05
2017-02-08,264.62,0.023071,0.05
2017-02-09,263.66,0.03464,0.05
2017-02-10,261.7,0.018949,0.05
2017-02-11,261.57,0.012434,0.05
2017-02-12,261.63,0.019135,0.05
2017-02-13,260.55,0.019852,0.05
2017-02-14,259.89,0.000309,0.05
2017-02-15,262.26,3.5e-05,0.05
2017-02-16,263.87,0.000229,0.05
2017-02-17,265.8,0.000283,0.05
2017-02-18,267.06,0.001548,0.05
2017-02-19,268.51,0.010445,0.05
2017-02-20,266.63,0.029728,0.05
2017-02-21,264.98,0.040073,0.05
2017-02-22,265.08,0.0357,0.05
2017-02-23,265.26,0.024281,0.05
2017-02-24,265.33,0.014196,0.05
2017-02-25,265.94,0.015721,0.05
2017-02-26,266.04,0.016021,0.05
2017-02-27,265.54,0.012459,0.05
2017-02-28,266.68,0.016601,0.05
2017-03-01,266.65,0.024427,0.05
2017-03-02,264.92,0.027508,0.05
2017-03-03,264.47,0.022478,0.05
2017-03-04,264.39,0.016,0.05
2017-03-05,263.59,0.015035,0.05
2017-03-06,262.71,0.019809,0.05
2017-03-07,263.52,0.023125,0.05
2017-03-08,263.63,0.02553,0.05
2017-03-09,264.6,0.032579,0.05
2017-03-10,265.44,0.045075,0.05
2017-03-11,264.77,0.043805,0.05
2017-03-12,262.07,0.018795,0.05
2017-03-13,264.53,0.015993,0.05
2017-03-14,262.31,0.019251,0.05
2017-03-15,263.6,0.015237,0.05
2017-03-16,262.76,0.013456,0.05
2017-03-17,262.39,0.020668,0.05
2017-03-18,260.16,0.016124,0.05
2017-03-19,262.57,0.023371,0.05
2017-03-20,263.03,0.0138,0.05
2017-03-21,264.74,0.000721,0.05
2017-03-22,267.31,0.00099,0.05
2017-03-23,267.51,0.005474,0.05
2017-03-24,266.57,0.00638,0.05
2017-03-25,268.57,0.006567,0.05
2017-03-26,267.95,0.004875,0.05
2017-03-27,269.71,0.01291,0.05
2017-03-28,270.73,0.011881,0.05
2017-03-29,270.64,0.01464,0.05
2017-03-30,271.01,0.01109,0.05
2017-03-31,270.65,0.008498,0.05
2017-04-01,270.39,0.009699,0.05
2017-04-02,268.67,0.005921,0.05
2017-04-03,268.71,0.011302,0.05
2017-04-04,269.61,0.004616,0.05
2017-04-05,270.13,0.01597,0.05
2017-04-06,270.83,0.024163,0.05
2017-04-07,270.16,0.031987,0.05
2017-04-08,268.91,0.018762,0.05
2017-04-09,268.76,0.008571,0.05
2017-04-10,267.8,0.008726,0.05
2017-04-11,267.86,0.00573,0.05
2017-04-12,268.29,0.00713,0.05
2017-04-13,268.15,0.001642,0.05
2017-04-14,269.48,0.012092,0.05
2017-04-15,268.66,0.013547,0.05
2017-04-16,269.4,0.000504,0.05
2017-04-17,270.28,0.001157,0.05
2017-04-18,272.44,0.00539,0.05
2017-04-19,271.87,0.022349,0.05
2017-04-20,272.01,0.010208,0.05
2017-04-21,273.51,0.003419,0.05
2017-04-22,273.74,0.010947,0.05
2017-04-23,273.1,0.018732,0.05
2017-04-24,273.47,0.012838,0.05
2017-04-25,272.29,0.029057,0.05
2017-04-26,271.54,0.027157,0.05
2017-04-27,270.12,0.016881,0.05
2017-04-28,269.6,0.008569,0.05
2017-04-29,270.48,0.013831,0.05
2017-04-30,270.47,0.022852,0.05
2017-05-01,270.18,0.02948,0.05
2017-05-02,269.93,0.009665,0.05
2017-05-03,271.17,0.020869,0.05
2017-05-04,270.39,0.019037,0.05
2017-05-05,271.31,0.008022,0.05
2017-05-06,271.4,0.00836,0.05
2017-05-07,272.19,0.003103,0.05
2017-05-08,272.92,0.004365,0.05
2017-05-09,273.34,0.010918,0.05
2017-05-10,272.38,0.007697,0.05
2017-05-11,273.42,0.005099,0.05
2017-05-12,274.53,0.005473,0.05
2017-05-13,274.36,0.007111,0.05
2017-05-14,275.09,0.021109,0.05
2017-05-15,274.46,0.014533,0.05
2017-05-16,274.64,0.009176,0.05
2017-05-17,274.16,0.011048,0.05
2017-05-18,274.93,0.016783,0.05
2017-05-19,274.5,0.032936,0.05
2017-05-20,274.65,0.032999,0.05
2017-05-21,274.46,0.024684,0.05
2017-05-22,274.89,0.014398,0.05
2017-05-23,275.15,0.028058,0.05
2017-05-24,274.58,0.019039,0.05
2017-05-25,275.47,0.009269,0.05
2017-05-26,275.38,0.016468,0.05
2017-05-27,275.03,0.014926,0.05
2017-05-28,275.16,0.009208,0.05
2017-05-29,275.14,0.003785,0.05
2017-05-30,275.8,0.0075,0.05
2017-05-31,275.44,0.01154,0.05
2017-06-01,275.85,0.031389,0.05
2017-06-02,275.8,0.057874,0.05
2017-06-03,276.61,0.008452,0.05
2017-06-04,277.13,0.003987,0.05
2017-06-05,277.22,0.007297,0.05
2017-06-06,276.94,0.001402,0.05
2017-06-07,277.04,0.003233,0.05
2017-06-08,277.01,0.010387,0.05
2017-06-09,277.35,0.016771,0.05
2017-06-10,277.49,0.012606,0.05
2017-06-11,277.61,0.005894,0.05
2017-06-12,278.09,0.035125,0.05
2017-06-13,278.07,0.027551,0.05
2017-06-14,277.84,0.010213,0.05
2017-06-15,277.67,0.007552,0.05
2017-06-16,277.45,0.008087,0.05
2017-06-17,277.6,0.025283,0.05
2017-06-18,278.24,0.013365,0.05
2017-06-19,278.56,0.033992,0.05
2017-06-20,278.23,0.01658,0.05
2017-06-21,278.27,0.014106,0.05
2017-06-22,278.2,0.014588,0.05
2017-06-23,278.57,0.012215,0.05
2017-06-24,278.38,0.008457,0.05
2017-06-25,278.92,0.007762,0.05
2017-06-26,279.18,0.01192,0.05
2017-06-27,279.52,0.011119,0.05
2017-06-28,278.94,0.014116,0.05
2017-06-29,279.2,0.020272,0.05
2017-06-30,279.29,0.023824,0.05
2017-07-01,279.41,0.025416,0.05
2017-07-02,279.56,0.014214,0.05
2017-07-03,279.55,0.028465,0.05
2017-07-04,279.71,0.026385,0.05
2017-07-05,279.5,0.019756,0.05
2017-07-06,279.24,0.008148,0.05
2017-07-07,279.55,0.008613,0.05
2017-07-08,280.17,0.037749,0.05
2017-07-09,278.65,0.07619,0.05
2017-07-10,278.33,0.04439,0.05
2017-07-11,277.98,0.019459,0.05
2017-07-12,278.15,0.006489,0.05
2017-07-13,278.72,0.005137,0.05
2017-07-14,279.15,0.009657,0.05
2017-07-15,278.79,0.007904,0.05
2017-07-16,279.35,0.008442,0.05
2017-07-17,279.52,0.007755,0.05
2017-07-18,279.43,0.005457,0.05
2017-07-19,279.27,0.007594,0.05
2017-07-20,279.32,0.007125,0.05
2017-07-21,279.26,0.014428,0.05
2017-07-22,278.9,0.006828,0.05
2017-07-23,279.14,0.006669,0.05
2017-07-24,279.45,0.007765,0.05
2017-07-25,279.35,0.008671,0.05
2017-07-26,278.38,0.008954,0.05
2017-07-27,278.68,0.004894,0.05
2017-07-28,279.26,0.009248,0.05
2017-07-29,279.08,0.02845,0.05
2017-07-30,278.98,0.010942,0.05
2017-07-31,279.35,0.007617,0.05
2017-08-01,280.2,0.014825,0.05
2017-08-02,280.45,0.035303,0.05
2017-08-03,280.38,0.033332,0.05
2017-08-04,280.44,0.009844,0.05
2017-08-05,280.42,0.006447,0.05
2017-08-06,280.63,0.003738,0.05
2017-08-07,280.4,0.00712,0.05
2017-08-08,280.47,0.045252,0.05
2017-08-09,279.75,0.055408,0.05
2017-08-10,279.94,0.021386,0.05
2017-08-11,280.73,0.056722,0.05
2017-08-12,278.56,0.07852,0.05
2017-08-13,279.21,0.01694,0.05
2017-08-14,279.5,0.011784,0.05
2017-08-15,280.14,0.010484,0.05
2017-08-16,280.44,0.01142,0.05
2017-08-17,280.35,0.010998,0.05
2017-08-18,279.65,0.017891,0.05
2017-08-19,279.23,0.007581,0.05
2017-08-20,279.06,0.019373,0.05
2017-08-21,279.02,0.017648,0.05
2017-08-22,279.3,0.010623,0.05
2017-08-23,279.25,0.005285,0.05
2017-08-24,278.78,0.003122,0.05
2017-08-25,279.08,0.00176,0.05
2017-08-26,279.47,0.003147,0.05
2017-08-27,279.11,0.007144,0.05
2017-08-28,279.4,0.002679,0.05
2017-08-29,278.88,0.004074,0.05
2017-08-30,279.1,0.007423,0.05
2017-08-31,279.43,0.027601,0.05
2017-09-01,278.93,0.050166,0.05
2017-09-02,278.42,0.023657,0.05
2017-09-03,278.61,0.027241,0.05
2017-09-04,278.52,0.015965,0.05
2017-09-05,279.05,0.006406,0.05
2017-09-06,278.5,0.001406,0.05
2017-09-07,278.22,0.00545,0.05
2017-09-08,278.39,0.006569,0.05
2017-09-09,278.7,0.007879,0.05
2017-09-10,278.43,0.005378,0.05
2017-09-11,278.3,0.018648,0.05
2017-09-12,278.26,0.024032,0.05
2017-09-13,278.34,0.012604,0.05
2017-09-14,278.13,0.007948,0.05
2017-09-15,278.14,0.003941,0.05
2017-09-16,278.5,0.001013,0.05
2017-09-17,278.75,0.000948,0.05
2017-09-18,278.53,0.005179,0.05
2017-09-19,278.69,0.004867,0.05
2017-09-20,278.78,0.018595,0.05
2017-09-21,277.22,0.010551,0.05
2017-09-22,277.68,0.011094,0.05
2017-09-23,278.33,0.020993,0.05
2017-09-24,278.52,0.019337,0.05
2017-09-25,277.54,0.019806,0.05
2017-09-26,277.44,0.007206,0.05
2017-09-27,278.14,0.004006,0.05
2017-09-28,277.73,0.003858,0.05
2017-09-29,277.8,0.006093,0.05
2017-09-30,278.12,0.0144,0.05
2017-10-01,277.85,0.027903,0.05
2017-10-02,276.91,0.011585,0.05
2017-10-03,277.17,0.005265,0.05
2017-10-04,277.1,0.002557,0.05
2017-10-05,276.92,0.000809,0.05
2017-10-06,277.15,0.001396,0.05
2017-10-07,277.06,0.004616,0.05
2017-10-08,276.45,0.004634,0.05
2017-10-09,275.64,0.001876,0.05
2017-10-10,276.81,0.017306,0.05
2017-10-11,276.18,0.009859,0.05
2017-10-12,276.05,0.005044,0.05
2017-10-13,275.6,0.022554,0.05
2017-10-14,275.43,0.040184,0.05
2017-10-15,274.56,0.001678,0.05
2017-10-16,273.64,0.002263,0.05
2017-10-17,274.7,0.000437,0.05
2017-10-18,275.33,0.000112,0.05
2017-10-19,275.47,3.1e-05,0.05
2017-10-20,275.24,0.00024,0.05
2017-10-21,274.62,0.015347,0.05
2017-10-22,275.32,0.01907,0.05
2017-10-23,272.75,0.023421,0.05
2017-10-24,271.24,0.022522,0.05
2017-10-25,270.07,0.006582,0.05
2017-10-26,271.04,0.002582,0.05
2017-10-27,270.21,0.005939,0.05
2017-10-28,268.92,0.006262,0.05
2017-10-29,267.2,0.001661,0.05
2017-10-30,266.74,0.001743,0.05
2017-10-31,267.03,0.003399,0.05
2017-11-01,267.19,0.002792,0.05
2017-11-02,267.65,0.001686,0.05
2017-11-03,267.26,0.000398,0.05
2017-11-04,266.84,0.000601,0.05
2017-11-05,268.08,0.000713,0.05
2017-11-06,269.33,0.000481,0.05
2017-11-07,269.08,3.7e-05,0.05
2017-11-08,268.28,0.000623,0.05
2017-11-09,268.61,0.001014,0.05
2017-11-10,267.31,0.000603,0.05
2017-11-11,268.38,0.000511,0.05
2017-11-12,268.7,0.004259,0.05
2017-11-13,269.19,0.007652,0.05
2017-11-14,269.44,0.005929,0.05
2017-11-15,269.43,0.005035,0.05
2017-11-16,269.88,0.003709,0.05
2017-11-17,269.58,0.007655,0.05
2017-11-18,269.38,0.008872,0.05
2017-11-19,268.62,0.008694,0.05
2017-11-20,268.03,0.017041,0.05
2017-11-21,268.35,0.014216,0.05
2017-11-22,266.8,0.018972,0.05
2017-11-23,265.76,0.010768,0.05
2017-11-24,264.03,0.01092,0.05
2017-11-25,265.99,0.007844,0.05
2017-11-26,265.83,0.007421,0.05
2017-11-27,263.8,0.016676,0.05
2017-11-28,264.33,0.018851,0.05
2017-11-29,264.75,0.011697,0.05
2017-11-30,264.97,0.01171,0.05
2017-12-01,266.05,0.007439,0.05
2017-12-02,267.05,0.004723,0.05
2017-12-03,269.38,0.002375,0.05
2017-12-04,270.49,0.003295,0.05
2017-12-05,270.6,0.007044,0.05
2017-12-06,270.96,0.006902,0.05
2017-12-07,270.82,0.009653,0.05
2017-12-08,269.45,0.009625,0.05
2017-12-09,267.59,0.001915,0.05
2017-12-10,267.28,0.002051,0.05
2017-12-11,268.65,0.004279,0.05
2017-12-12,266.63,0.017907,0.05
2017-12-13,265.95,0.023088,0.05
2017-12-14,266.14,0.017848,0.05
2017-12-15,266.38,0.014452,0.05
2017-12-16,266.51,0.016422,0.05
2017-12-17,267.47,0.012621,0.05
2017-12-18,266.81,0.006132,0.05
2017-12-19,267.32,0.002831,0.05
2017-12-20,268.96,0.00803,0.05
2017-12-21,268.95,0.008716,0.05
2017-12-22,269.05,0.011551,0.05
2017-12-23,268.31,0.010151,0.05
2017-12-24,266.0,0.015764,0.05
2017-12-25,262.63,0.007159,0.05
2017-12-26,261.48,0.000166,0.05
2017-12-27,263.56,2e-06,0.05
2017-12-28,265.87,1.7e-05,0.05
2017-12-29,265.49,0.002855,0.05
2017-12-30,264.27,0.006246,0.05
2017-12-31,263.51,0.005026,0.05
2018-01-01,263.12,0.005376,0.05
2018-01-02,260.16,0.001287,0.05
2018-01-03,258.22,0.003552,0.05
2018-01-04,261.52,0.006349,0.05
2018-01-05,260.32,0.016352,0.05
2018-01-06,260.87,0.012768,0.05
2018-01-07,262.65,0.00488,0.05
2018-01-08,265.36,0.000325,0.05
2018-01-09,265.57,1e-06,0.05
2018-01-10,265.73,1e-06,0.05
2018-01-11,267.01,0.0,0.05
2018-01-12,268.13,0.001497,0.05
2018-01-13,267.37,0.00962,0.05
2018-01-14,266.13,0.007313,0.05
2018-01-15,263.79,0.004282,0.05
2018-01-16,264.31,0.003032,0.05
2018-01-17,265.38,0.006923,0.05
2018-01-18,265.67,0.008046,0.05
2018-01-19,266.55,0.007795,0.05
2018-01-20,265.86,0.005657,0.05
2018-01-21,265.99,0.001332,0.05
2018-01-22,267.58,0.003312,0.05
2018-01-23,267.37,0.017302,0.05
2018-01-24,261.49,0.023658,0.05
2018-01-25,261.35,0.012569,0.05
2018-01-26,261.07,0.021347,0.05
2018-01-27,261.76,0.016379,0.05
2018-01-28,264.32,0.002657,0.05
2018-01-29,266.09,0.001893,0.05
2018-01-30,266.27,0.002409,0.05
2018-01-31,266.26,0.002943,0.05
2018-02-01,266.66,0.01657,0.05
2018-02-02,266.22,0.012329,0.05
2018-02-03,265.75,0.020621,0.05
2018-02-04,265.54,0.018118,0.05
2018-02-05,266.88,0.019119,0.05
2018-02-06,268.21,0.023197,0.05
2018-02-07,266.95,0.030553,0.05
2018-02-08,264.35,0.027295,0.05
2018-02-09,263.47,0.022182,0.05
2018-02-10,262.6,0.016155,0.05
2018-02-11,262.45,0.022949,0.05
2018-02-12,263.91,0.018254,0.05
2018-02-13,264.02,0.023959,0.05
2018-02-14,262.88,0.021038,0.05
2018-02-15,264.58,0.001587,0.05
2018-02-16,263.89,0.017367,0.05
2018-02-17,264.83,0.032234,0.05
2018-02-18,264.72,0.023725,0.05
2018-02-19,263.48,0.00824,0.05
2018-02-20,263.98,0.008636,0.05
2018-02-21,263.56,0.01361,0.05
2018-02-22,262.75,0.024373,0.05
2018-02-23,262.96,0.015428,0.05
2018-02-24,263.32,0.01257,0.05
2018-02-25,263.25,0.01931,0.05
2018-02-26,264.08,0.001848,0.05
2018-02-27,266.42,0.003581,0.05
2018-02-28,266.18,0.005969,0.05
2018-03-01,266.31,0.009533,0.05
2018-03-02,264.81,0.010538,0.05
2018-03-03,266.09,0.013351,0.05
2018-03-04,265.84,0.022833,0.05
2018-03-05,264.41,0.030995,0.05
2018-03-06,262.69,0.019945,0.05
2018-03-07,264.46,0.006877,0.05
2018-03-08,265.41,0.021137,0.05
2018-03-09,263.94,0.033089,0.05
2018-03-10,263.57,0.023658,0.05
2018-03-11,264.52,0.015308,0.05
2018-03-12,264.03,0.01506,0.05
2018-03-13,266.2,0.004438,0.05
2018-03-14,267.05,0.019789,0.05
2018-03-15,266.81,0.030722,0.05
2018-03-16,265.77,0.023259,0.05
2018-03-17,264.4,0.024038,0.05
2018-03-18,264.93,0.007578,0.05
2018-03-19,267.58,0.00147,0.05
2018-03-20,266.81,0.010053,0.05
2018-03-21,266.91,0.011977,0.05
2018-03-22,265.88,0.021573,0.05
2018-03-23,265.69,0.013913,0.05
2018-03-24,267.83,0.00712,0.05
2018-03-25,268.64,0.015307,0.05
2018-03-26,267.19,0.017978,0.05
2018-03-27,268.68,0.000916,0.05
2018-03-28,268.67,0.017501,0.05
2018-03-29,268.25,0.013543,0.05
2018-03-30,265.55,0.022265,0.05
2018-03-31,266.13,0.003094,0.05
2018-04-01,267.32,0.000977,0.05
2018-04-02,268.43,0.00118,0.05
2018-04-03,268.81,0.002373,0.05
2018-04-04,269.69,0.010778,0.05
2018-04-05,269.38,0.004862,0.05
2018-04-06,270.23,0.008522,0.05
2018-04-07,271.26,0.014438,0.05
2018-04-08,269.5,0.01487,0.05
2018-04-09,269.79,0.006116,0.05
2018-04-10,270.87,0.006396,0.05
2018-04-11,270.19,0.011993,0.05
2018-04-12,269.6,0.027301,0.05
2018-04-13,269.18,0.012563,0.05
2018-04-14,270.19,0.010995,0.05
2018-04-15,268.91,0.010411,0.05
2018-04-16,270.03,0.008044,0.05
2018-04-17,270.28,0.027,0.05
2018-04-18,270.54,0.016732,0.05
2018-04-19,271.3,0.023554,0.05
2018-04-20,271.29,0.028238,0.05
2018-04-21,271.67,0.020302,0.05
2018-04-22,271.31,0.020225,0.05
2018-04-23,270.34,0.01416,0.05
2018-04-24,269.21,0.010841,0.05
2018-04-25,269.73,0.012625,0.05
2018-04-26,270.15,0.004154,0.05
2018-04-27,269.68,0.0074,0.05
2018-04-28,270.15,0.006174,0.05
2018-04-29,270.84,0.014758,0.05
2018-04-30,271.69,0.013991,0.05
2018-05-01,271.41,0.00571,0.05
2018-05-02,271.0,0.005266,0.05
2018-05-03,272.1,0.006014,0.05
2018-05-04,270.5,0.011284,0.05
2018-05-05,272.39,0.021123,0.05
2018-05-06,272.32,0.015789,0.05
2018-05-07,272.58,0.019439,0.05
2018-05-08,272.52,0.022597,0.05
2018-05-09,271.2,0.040917,0.05
2018-05-10,270.09,0.021987,0.05
2018-05-11,271.89,0.001158,0.05
2018-05-12,271.98,0.010473,0.05
2018-05-13,272.84,0.007605,0.05
2018-05-14,273.02,0.016982,0.05
2018-05-15,270.63,0.00856,0.05
2018-05-16,273.66,0.004853,0.05
2018-05-17,274.14,0.005064,0.05
2018-05-18,275.04,0.010198,0.05
2018-05-19,275.46,0.008314,0.05
2018-05-20,275.97,0.00775,0.05
2018-05-21,277.75,0.008622,0.05
2018-05-22,276.43,0.008237,0.05
2018-05-23,277.19,0.017634,0.05
2018-05-24,276.93,0.020745,0.05
2018-05-25,277.18,0.021116,0.05
2018-05-26,276.7,0.039918,0.05
2018-05-27,275.48,0.049387,0.05
2018-05-28,274.45,0.0356,0.05
2018-05-29,274.82,0.011158,0.05
2018-05-30,275.33,0.011051,0.05
2018-05-31,275.96,0.019334,0.05
2018-06-01,276.11,0.009506,0.05
2018-06-02,275.79,0.004119,0.05
2018-06-03,276.57,0.003324,0.05
2018-06-04,276.74,0.009007,0.05
2018-06-05,277.2,0.004079,0.05
2018-06-06,278.03,0.005402,0.05
2018-06-07,278.51,0.014264,0.05
2018-06-08,278.4,0.010695,0.05
2018-06-09,278.49,0.004008,0.05
2018-06-10,278.52,0.005048,0.05
2018-06-11,279.05,0.016941,0.05
2018-06-12,278.82,0.036463,0.05
2018-06-13,278.44,0.048145,0.05
2018-06-14,278.05,0.038189,0.05
2018-06-15,278.16,0.042039,0.05
2018-06-16,277.54,0.033694,0.05
2018-06-17,277.64,0.036105,0.05
2018-06-18,277.84,0.032188,0.05
2018-06-19,278.06,0.023298,0.05
2018-06-20,278.75,0.028326,0.05
2018-06-21,279.22,0.025211,0.05
2018-06-22,279.22,0.022142,0.05
2018-06-23,279.27,0.026657,0.05
2018-06-24,279.52,0.045573,0.05
2018-06-25,279.11,0.019825,0.05
2018-06-26,278.74,0.016411,0.05
2018-06-27,278.82,0.016674,0.05
2018-06-28,278.96,0.015484,0.05
2018-06-29,278.52,0.029787,0.05
2018-06-30,279.38,0.034054,0.05
2018-07-01,279.49,0.06141,0.05
2018-07-02,279.08,0.051623,0.05
2018-07-03,278.88,0.066103,0.05
2018-07-04,279.51,0.05083,0.05
2018-07-05,279.38,0.005568,0.05
2018-07-06,279.97,0.006984,0.05
2018-07-07,280.3,0.021321,0.05
2018-07-08,280.01,0.031127,0.05
2018-07-09,279.79,0.020612,0.05
2018-07-10,279.46,0.031471,0.05
2018-07-11,279.16,0.037102,0.05
2018-07-12,279.5,0.018892,0.05
2018-07-13,279.76,0.015595,0.05
2018-07-14,279.66,0.012392,0.05
2018-07-15,279.87,0.024891,0.05
2018-07-16,279.71,0.009472,0.05
2018-07-17,279.64,0.003207,0.05
2018-07-18,279.4,0.007868,0.05
2018-07-19,279.71,0.003678,0.05
2018-07-20,280.08,0.007244,0.05
2018-07-21,279.56,0.006822,0.05
2018-07-22,279.98,0.008118,0.05
2018-07-23,279.79,0.008685,0.05
2018-07-24,280.0,0.011324,0.05
2018-07-25,279.71,0.015305,0.05
2018-07-26,279.41,0.008881,0.05
2018-07-27,279.59,0.010716,0.05
2018-07-28,279.55,0.005667,0.05
2018-07-29,279.58,0.010757,0.05
2018-07-30,279.25,0.017752,0.05
2018-07-31,278.83,0.041242,0.05
2018-08-01,278.46,0.039009,0.05
2018-08-02,279.15,0.009566,0.05
2018-08-03,279.03,0.009521,0.05
2018-08-04,279.43,0.02621,0.05
2018-08-05,278.82,0.049069,0.05
2018-08-06,279.15,0.007811,0.05
2018-08-07,278.75,0.004175,0.05
2018-08-08,278.89,0.005204,0.05
2018-08-09,279.25,0.008975,0.05
2018-08-10,279.54,0.02768,0.05
2018-08-11,279.46,0.034017,0.05
2018-08-12,279.18,0.017167,0.05
2018-08-13,279.42,0.02452,0.05
2018-08-14,279.87,0.012996,0.05
2018-08-15,279.85,0.007098,0.05
2018-08-16,279.76,0.007287,0.05
2018-08-17,280.1,0.011666,0.05
2018-08-18,280.25,0.003707,0.05
2018-08-19,280.27,0.003312,0.05
2018-08-20,280.01,0.003415,0.05
2018-08-21,280.04,0.004874,0.05
2018-08-22,280.06,0.007016,0.05
2018-08-23,280.23,0.009177,0.05
2018-08-24,279.69,0.020764,0.05
2018-08-25,279.75,0.00763,0.05
2018-08-26,280.18,0.023402,0.05
2018-08-27,279.62,0.025421,0.05
2018-08-28,279.14,0.016642,0.05
2018-08-29,279.36,0.025349,0.05
2018-08-30,279.29,0.036948,0.05
2018-08-31,279.19,0.00739,0.05
2018-09-01,279.25,0.006686,0.05
2018-09-02,279.24,0.007468,0.05
2018-09-03,279.2,0.009181,0.05
2018-09-04,279.37,0.00824,0.05
2018-09-05,279.4,0.002367,0.05
2018-09-06,279.48,0.008389,0.05
2018-09-07,278.66,0.008112,0.05
2018-09-08,279.34,0.005693,0.05
2018-09-09,279.84,0.027813,0.05
2018-09-10,279.43,0.04247,0.05
2018-09-11,279.27,0.039579,0.05
2018-09-12,278.47,0.045971,0.05
2018-09-13,278.1,0.048298,0.05
2018-09-14,277.36,0.0556,0.05
2018-09-15,277.52,0.011952,0.05
2018-09-16,277.15,0.003228,0.05
2018-09-17,276.85,0.001318,0.05
2018-09-18,277.28,0.000933,0.05
2018-09-19,277.59,0.001184,0.05
2018-09-20,277.89,0.007767,0.05
2018-09-21,277.51,0.004775,0.05
2018-09-22,276.74,0.004983,0.05
2018-09-23,277.31,0.010224,0.05
2018-09-24,277.69,0.012012,0.05
2018-09-25,278.22,0.010529,0.05
2018-09-26,277.29,0.01188,0.05
2018-09-27,276.58,0.014147,0.05
2018-09-28,276.43,0.010876,0.05
2018-09-29,276.11,0.007071,0.05
2018-09-30,276.85,0.008543,0.05
2018-10-01,275.97,0.012382,0.05
2018-10-02,275.17,0.021819,0.05
2018-10-03,274.24,0.022453,0.05
2018-10-04,273.15,0.018298,0.05
2018-10-05,272.28,0.010864,0.05
2018-10-06,271.23,0.011995,0.05
2018-10-07,270.07,0.020124,0.05
2018-10-08,269.39,0.01117,0.05
2018-10-09,271.4,0.00459,0.05
2018-10-10,272.14,0.003024,0.05
2018-10-11,272.84,0.002617,0.05
2018-10-12,271.4,0.007354,0.05
2018-10-13,270.59,0.020418,0.05
2018-10-14,270.09,0.025602,0.05
2018-10-15,270.04,0.020352,0.05
2018-10-16,271.59,0.015886,0.05
2018-10-17,272.07,0.031992,0.05
2018-10-18,270.18,0.032975,0.05
2018-10-19,269.45,0.029625,0.05
2018-10-20,269.24,0.025471,0.05
2018-10-21,268.79,0.023677,0.05
2018-10-22,266.94,0.022383,0.05
2018-10-23,265.85,0.025388,0.05
2018-10-24,265.13,0.004694,0.05
2018-10-25,264.94,0.000615,0.05
2018-10-26,265.48,0.000595,0.05
2018-10-27,265.72,0.000539,0.05
2018-10-28,264.86,0.000223,0.05
2018-10-29,266.63,0.000565,0.05
2018-10-30,267.01,3.6e-05,0.05
2018-10-31,268.02,0.000287,0.05
2018-11-01,269.26,0.000518,0.05
2018-11-02,269.24,0.011254,0.05
2018-11-03,269.92,0.025435,0.05
2018-11-04,268.8,0.029935,0.05
2018-11-05,268.88,0.021447,0.05
2018-11-06,265.91,0.011357,0.05
2018-11-07,263.19,3.4e-05,0.05
2018-11-08,265.91,0.00167,0.05
2018-11-09,266.66,0.002812,0.05
2018-11-10,265.67,0.001683,0.05
2018-11-11,266.81,0.008755,0.05
2018-11-12,268.3,0.010773,0.05
2018-11-13,267.12,0.02026,0.05
2018-11-14,266.05,0.029079,0.05
2018-11-15,266.49,0.016795,0.05
2018-11-16,268.38,0.015095,0.05
2018-11-17,267.18,0.012077,0.05
2018-11-18,267.74,0.011792,0.05
2018-11-19,267.85,0.011949,0.05
2018-11-20,265.4,0.013217,0.05
2018-11-21,264.43,0.000809,0.05
2018-11-22,267.2,0.004378,0.05
2018-11-23,266.63,0.005006,0.05
2018-11-24,265.08,0.001253,0.05
2018-11-25,267.25,8.9e-05,0.05
2018-11-26,265.6,1.2e-05,0.05
2018-11-27,265.75,0.0,0.05
2018-11-28,268.06,9.2e-05,0.05
2018-11-29,267.45,0.008045,0.05
2018-11-30,267.36,0.019317,0.05
2018-12-01,265.83,0.008858,0.05
2018-12-02,265.74,0.008722,0.05
2018-12-03,266.24,0.00731,0.05
2018-12-04,267.8,0.006199,0.05
2018-12-05,266.47,0.01151,0.05
2018-12-06,264.62,0.014265,0.05
2018-12-07,261.32,0.006503,0.05
2018-12-08,261.93,0.006478,0.05
2018-12-09,262.25,0.009386,0.05
2018-12-10,262.72,0.008336,0.05
2018-12-11,261.45,0.001789,0.05
2018-12-12,260.92,0.000397,0.05
2018-12-13,261.75,0.002296,0.05
2018-12-14,260.67,0.00177,0.05
2018-12-15,259.91,0.003166,0.05
2018-12-16,261.25,0.002376,0.05
2018-12-17,264.66,0.006504,0.05
2018-12-18,265.06,0.010654,0.05
2018-12-19,265.04,2.4e-05,0.05
2018-12-20,264.6,0.011693,0.05
2018-12-21,262.59,0.012261,0.05
2018-12-22,262.63,0.010525,0.05
2018-12-23,266.17,0.006836,0.05
2018-12-24,266.21,0.013917,0.05
2018-12-25,264.44,0.017414,0.05
2018-12-26,264.48,0.013235,0.05
2018-12-27,260.73,0.012159,0.05
2018-12-28,257.61,0.002994,0.05
2018-12-29,255.76,2e-06,0.05
2018-12-30,257.42,5.8e-05,0.05
2018-12-31,258.32,0.000892,0.05
2019-01-01,259.47,0.006165,0.05
2019-01-02,260.01,0.004688,0.05
2019-01-03,256.53,0.012128,0.05
2019-01-04,258.77,0.005289,0.05
2019-01-05,261.59,0.004596,0.05
2019-01-06,260.13,0.008536,0.05
2019-01-07,260.16,0.012209,0.05
2019-01-08,257.93,0.002287,0.05
2019-01-09,258.62,0.01355,0.05
2019-01-10,258.36,0.011682,0.05
2019-01-11,261.4,0.009182,0.05
2019-01-12,261.76,0.011606,0.05
2019-01-13,261.23,0.009612,0.05
2019-01-14,257.7,0.017865,0.05
2019-01-15,256.71,0.0,0.05
2019-01-16,260.98,0.000103,0.05
2019-01-17,262.44,0.003265,0.05
2019-01-18,255.96,0.002596,0.05
2019-01-19,257.12,0.005076,0.05
2019-01-20,258.54,0.009519,0.05
2019-01-21,260.22,0.00885,0.05
2019-01-22,260.84,0.024794,0.05
2019-01-23,262.71,0.035732,0.05
2019-01-24,260.27,0.028294,0.05
2019-01-25,262.1,0.02523,0.05
2019-01-26,262.92,0.027668,0.05
2019-01-27,261.29,0.016982,0.05
2019-01-28,259.9,0.00655,0.05
2019-01-29,258.23,0.001005,0.05
2019-01-30,261.44,2e-06,0.05
2019-01-31,262.58,0.005313,0.05
2019-02-01,263.2,0.017244,0.05
2019-02-02,260.5,0.013249,0.05
2019-02-03,258.98,0.021056,0.05
2019-02-04,259.89,0.005635,0.05
2019-02-05,263.06,0.015686,0.05
2019-02-06,262.82,0.022158,0.05
2019-02-07,264.17,0.054806,0.05
2019-02-08,264.23,0.052845,0.05
2019-02-09,261.85,0.013511,0.05
2019-02-10,262.82,0.002292,0.05
2019-02-11,261.65,0.012483,0.05
2019-02-12,261.81,0.002768,0.05
2019-02-13,261.79,0.002431,0.05
2019-02-14,263.51,0.013556,0.05
2019-02-15,264.15,0.028795,0.05
2019-02-16,261.93,0.021589,0.05
2019-02-17,260.61,0.005086,0.05
2019-02-18,262.67,0.02726,0.05
2019-02-19,263.08,0.028615,0.05
2019-02-20,263.66,0.016713,0.05
2019-02-21,263.32,0.008758,0.05
2019-02-22,263.21,0.023215,0.05
2019-02-23,263.69,0.022685,0.05
2019-02-24,263.7,0.033177,0.05
2019-02-25,262.24,0.03507,0.05
2019-02-26,261.69,0.02785,0.05
2019-02-27,262.66,0.03439,0.05
2019-02-28,259.43,0.023019,0.05
2019-03-01,258.59,0.021598,0.05
2019-03-02,262.08,0.00366,0.05
2019-03-03,263.54,0.028579,0.05
2019-03-04,263.61,0.033181,0.05
2019-03-05,263.2,0.028956,0.05
2019-03-06,262.88,0.027243,0.05
2019-03-07,263.72,0.024237,0.05
2019-03-08,262.76,0.023404,0.05
2019-03-09,263.94,0.023489,0.05
2019-03-10,264.56,0.016654,0.05
2019-03-11,264.48,0.019802,0.05
2019-03-12,264.91,0.015761,0.05
2019-03-13,267.34,0.00982,0.05
2019-03-14,267.1,0.022602,0.05
2019-03-15,264.16,0.024004,0.05
2019-03-16,263.93,0.008499,0.05
2019-03-17,265.6,0.015797,0.05
2019-03-18,263.25,0.017613,0.05
2019-03-19,264.4,0.018347,0.05
2019-03-20,263.72,0.019784,0.05
2019-03-21,265.02,0.021241,0.05
2019-03-22,264.71,0.015532,0.05
2019-03-23,264.38,0.00928,0.05
2019-03-24,265.94,0.008262,0.05
2019-03-25,266.82,0.020639,0.05
2019-03-26,264.63,0.023242,0.05
2019-03-27,266.81,5e-06,0.05
2019-03-28,267.56,0.001328,0.05
2019-03-29,268.68,0.002147,0.05
2019-03-30,267.57,0.014955,0.05
2019-03-31,267.15,0.003513,0.05
2019-04-01,265.84,0.009752,0.05
2019-04-02,265.69,0.000878,0.05
2019-04-03,267.19,0.006693,0.05
2019-04-04,268.55,0.007103,0.05
2019-04-05,268.48,0.002393,0.05
2019-04-06,269.27,0.022781,0.05
2019-04-07,268.21,0.010991,0.05
2019-04-08,269.03,0.006481,0.05
2019-04-09,269.11,0.007821,0.05
2019-04-10,270.09,8e-06,0.05
2019-04-11,269.36,3.7e-05,0.05
2019-04-12,269.87,0.002428,0.05
2019-04-13,270.31,0.006236,0.05
2019-04-14,269.86,0.005275,0.05
2019-04-15,270.15,0.007718,0.05
2019-04-16,271.6,0.008971,0.05
2019-04-17,270.67,0.023303,0.05
2019-04-18,268.77,0.025941,0.05
2019-04-19,268.15,0.004693,0.05
2019-04-20,268.13,0.006617,0.05
2019-04-21,268.4,0.013525,0.05
2019-04-22,268.66,0.005028,0.05
2019-04-23,269.14,0.001119,0.05
2019-04-24,269.48,4e-06,0.05
2019-04-25,270.61,0.000697,0.05
2019-04-26,271.35,0.002746,0.05
2019-04-27,271.81,0.005251,0.05
2019-04-28,272.63,0.003525,0.05
2019-04-29,272.81,0.012356,0.05
2019-04-30,272.5,0.010332,0.05
2019-05-01,273.03,0.023652,0.05
2019-05-02,273.03,0.03168,0.05
2019-05-03,274.21,0.016731,0.05
2019-05-04,274.14,0.014599,0.05
2019-05-05,273.3,0.037614,0.05
2019-05-06,272.76,0.015993,0.05
2019-05-07,273.68,0.02153,0.05
2019-05-08,273.7,0.029709,0.05
2019-05-09,273.44,0.015596,0.05
2019-05-10,273.62,0.018355,0.05
2019-05-11,272.9,0.018988,0.05
2019-05-12,271.99,0.017521,0.05
2019-05-13,271.59,0.017436,0.05
2019-05-14,272.43,0.010217,0.05
2019-05-15,272.63,0.012355,0.05
2019-05-16,272.88,0.024482,0.05
2019-05-17,272.98,0.021197,0.05
2019-05-18,272.7,0.029998,0.05
2019-05-19,272.68,0.024449,0.05
2019-05-20,273.05,0.00902,0.05
2019-05-21,273.53,0.013335,0.05
2019-05-22,273.5,0.019371,0.05
2019-05-23,273.76,0.016924,0.05
2019-05-24,275.0,0.011843,0.05
2019-05-25,274.59,0.036486,0.05
2019-05-26,273.97,0.018638,0.05
2019-05-27,274.34,0.014154,0.05
2019-05-28,274.01,0.029231,0.05
2019-05-29,274.14,0.014445,0.05
2019-05-30,273.91,0.013001,0.05
2019-05-31,274.95,0.005563,0.05
2019-06-01,274.99,0.00468,0.05
2019-06-02,275.3,0.004186,0.05
2019-06-03,275.04,0.003334,0.05
2019-06-04,277.02,0.016579,0.05
2019-06-05,278.04,0.009766,0.05
2019-06-06,277.84,0.008819,0.05
2019-06-07,277.55,0.017664,0.05
2019-06-08,277.06,0.032346,0.05
2019-06-09,276.51,0.047524,0.05
2019-06-10,277.19,0.021453,0.05
2019-06-11,277.97,0.003455,0.05
2019-06-12,278.25,0.005608,0.05
2019-06-13,278.56,0.004953,0.05
2019-06-14,278.76,0.012559,0.05
2019-06-15,278.96,0.042789,0.05
2019-06-16,278.59,0.028582,0.05
2019-06-17,278.24,0.06623,0.05
2019-06-18,277.47,0.060665,0.05
2019-06-19,278.16,0.048736,0.05
2019-06-20,278.31,0.033544,0.05
2019-06-21,278.67,0.006897,0.05
2019-06-22,278.22,0.011518,0.05
2019-06-23,278.03,0.007882,0.05
2019-06-24,278.63,0.014311,0.05
2019-06-25,279.52,0.023149,0.05
2019-06-26,279.4,0.043043,0.05
2019-06-27,279.14,0.03587,0.05
2019-06-28,279.07,0.041518,0.05
2019-06-29,279.22,0.017215,0.05
2019-06-30,279.03,0.008078,0.05
2019-07-01,279.5,0.002193,0.05
2019-07-02,279.57,0.004738,0.05
2019-07-03,280.05,0.006204,0.05
2019-07-04,280.18,0.017072,0.05
2019-07-05,279.65,0.007919,0.05
2019-07-06,279.33,0.007341,0.05
2019-07-07,279.35,0.012311,0.05
2019-07-08,279.74,0.028561,0.05
2019-07-09,279.26,0.046188,0.05
2019-07-10,279.31,0.039564,0.05
2019-07-11,279.2,0.046549,0.05
2019-07-12,278.23,0.069029,0.05
2019-07-13,277.79,0.049198,0.05
2019-07-14,278.18,0.024439,0.05
2019-07-15,278.36,0.061087,0.05
2019-07-16,278.15,0.035869,0.05
2019-07-17,278.69,0.008795,0.05
2019-07-18,278.63,0.00517,0.05
2019-07-19,278.68,0.008038,0.05
2019-07-20,278.55,0.015603,0.05
2019-07-21,279.28,0.021356,0.05
2019-07-22,279.74,0.028116,0.05
2019-07-23,279.5,0.032332,0.05
2019-07-24,279.19,0.026024,0.05
2019-07-25,279.22,0.009886,0.05
2019-07-26,279.43,0.011194,0.05
2019-07-27,279.48,0.011464,0.05
2019-07-28,279.52,0.008264,0.05
2019-07-29,279.36,0.009124,0.05
2019-07-30,279.52,0.0051,0.05
2019-07-31,279.63,0.008959,0.05
2019-08-01,279.2,0.016723,0.05
2019-08-02,279.38,0.018296,0.05
2019-08-03,279.62,0.011319,0.05
2019-08-04,279.77,0.018924,0.05
2019-08-05,279.51,0.01883,0.05
2019-08-06,279.75,0.002622,0.05
2019-08-07,279.49,0.005017,0.05
2019-08-08,279.11,0.010295,0.05
2019-08-09,278.6,0.008728,0.05
2019-08-10,279.52,0.009374,0.05
2019-08-11,279.38,0.007548,0.05
2019-08-12,279.63,0.002043,0.05
2019-08-13,279.48,0.006795,0.05
2019-08-14,279.39,0.008309,0.05
2019-08-15,279.09,0.010465,0.05
2019-08-16,279.36,0.018627,0.05
2019-08-17,279.04,0.012706,0.05
2019-08-18,278.66,0.0053,0.05
2019-08-19,278.55,0.003012,0.05
2019-08-20,278.94,0.003977,0.05
2019-08-21,279.28,0.003535,0.05
2019-08-22,278.87,0.001293,0.05
2019-08-23,279.26,0.003834,0.05
2019-08-24,279.19,0.005044,0.05
2019-08-25,278.77,0.005892,0.05
2019-08-26,278.95,0.006201,0.05
2019-08-27,279.22,0.001111,0.05
2019-08-28,279.98,0.005609,0.05
2019-08-29,279.79,0.005657,0.05
2019-08-30,280.49,0.004308,0.05
2019-08-31,279.94,0.025591,0.05
2019-09-01,279.53,0.004276,0.05
2019-09-02,280.0,0.004252,0.05
2019-09-03,279.65,0.008254,0.05
2019-09-04,279.98,0.00871,0.05
2019-09-05,280.23,0.012121,0.05
2019-09-06,279.86,0.017717,0.05
2019-09-07,279.81,0.006407,0.05
2019-09-08,279.7,0.003341,0.05
2019-09-09,279.72,0.004032,0.05
2019-09-10,280.25,0.005131,0.05
2019-09-11,280.49,0.010737,0.05
2019-09-12,279.94,0.019889,0.05
2019-09-13,279.49,0.008362,0.05
2019-09-14,279.39,0.037063,0.05
2019-09-15,279.53,0.034577,0.05
2019-09-16,279.32,0.057369,0.05
2019-09-17,277.6,0.059324,0.05
2019-09-18,276.63,0.02224,0.05
2019-09-19,276.56,0.008767,0.05
2019-09-20,276.7,0.011636,0.05
2019-09-21,276.83,0.020979,0.05
2019-09-22,276.68,0.008986,0.05
2019-09-23,276.81,0.012931,0.05
2019-09-24,276.97,0.015785,0.05
2019-09-25,276.64,0.010486,0.05
2019-09-26,276.69,0.005682,0.05
2019-09-27,276.28,0.010002,0.05
2019-09-28,275.16,0.028779,0.05
2019-09-29,275.26,0.019649,0.05
2019-09-30,275.5,0.007424,0.05
2019-10-01,275.94,0.012036,0.05
2019-10-02,276.13,0.011303,0.05
2019-10-03,276.2,0.006643,0.05
2019-10-04,276.06,0.007557,0.05
2019-10-05,275.61,0.006313,0.05
2019-10-06,276.11,0.006219,0.05
2019-10-07,276.08,0.005894,0.05
2019-10-08,275.1,0.010977,0.05
2019-10-09,273.81,0.011898,0.05
2019-10-10,273.63,0.008068,0.05
2019-10-11,273.63,0.007976,0.05
2019-10-12,273.09,0.009073,0.05
2019-10-13,273.58,0.00592,0.05
2019-10-14,273.19,0.002336,0.05
2019-10-15,273.3,0.001101,0.05
2019-10-16,272.46,0.002232,0.05
2019-10-17,272.69,0.002589,0.05
2019-10-18,272.57,0.007521,0.05
2019-10-19,272.99,0.006441,0.05
2019-10-20,273.8,0.014327,0.05
2019-10-21,272.56,0.020869,0.05
2019-10-22,271.89,0.02059,0.05
2019-10-23,272.63,0.020156,0.05
2019-10-24,271.56,0.013851,0.05
2019-10-25,272.11,0.007515,0.05
2019-10-26,271.29,0.007645,0.05
2019-10-27,270.47,0.00718,0.05
2019-10-28,270.76,0.00654,0.05
2019-10-29,271.19,0.006204,0.05
2019-10-30,271.5,0.006113,0.05
2019-10-31,270.27,0.009282,0.05
2019-11-01,269.28,0.005413,0.05
2019-11-02,270.06,0.003297,0.05
2019-11-03,269.99,0.008834,0.05
2019-11-04,269.24,0.010829,0.05
2019-11-05,269.25,0.009339,0.05
2019-11-06,270.25,0.012114,0.05
2019-11-07,270.69,0.005535,0.05
2019-11-08,270.63,0.003195,0.05
2019-11-09,270.38,0.002211,0.05
2019-11-10,270.09,0.00181,0.05
2019-11-11,269.97,0.00429,0.05
2019-11-12,269.65,0.002928,0.05
2019-11-13,270.22,0.002068,0.05
2019-11-14,269.66,0.009955,0.05
2019-11-15,269.14,0.015917,0.05
2019-11-16,269.62,0.017491,0.05
2019-11-17,268.38,0.015996,0.05
2019-11-18,269.34,0.020567,0.05
2019-11-19,268.37,0.018297,0.05
2019-11-20,268.29,0.010239,0.05
2019-11-21,269.05,0.004873,0.05
2019-11-22,269.99,0.003719,0.05
2019-11-23,270.54,0.006283,0.05
2019-11-24,269.93,0.008036,0.05
2019-11-25,268.46,0.022947,0.05
2019-11-26,267.12,0.01947,0.05
2019-11-27,266.54,0.009197,0.05
2019-11-28,265.29,0.022394,0.05
2019-11-29,264.78,0.022211,0.05
2019-11-30,264.31,0.02748,0.05
2019-12-01,265.55,0.020955,0.05
2019-12-02,264.85,0.023828,0.05
2019-12-03,261.72,0.008317,0.05
2019-12-04,261.87,0.003814,0.05
2019-12-05,265.11,4.7e-05,0.05
2019-12-06,265.16,3e-05,0.05
2019-12-07,265.59,1.7e-05,0.05
2019-12-08,264.23,5.1e-05,0.05
2019-12-09,265.39,8.5e-05,0.05
2019-12-10,265.41,0.004151,0.05
2019-12-11,264.45,0.008967,0.05
2019-12-12,265.46,0.0188,0.05
2019-12-13,264.88,0.031491,0.05
2019-12-14,264.05,0.02991,0.05
2019-12-15,262.45,0.021631,0.05
2019-12-16,262.19,0.015297,0.05
2019-12-17,258.14,0.016759,0.05
2019-12-18,259.44,0.010228,0.05
2019-12-19,262.06,0.006876,0.05
2019-12-20,264.77,0.008696,0.05
2019-12-21,264.15,0.015355,0.05
2019-12-22,261.77,0.01504,0.05
2019-12-23,261.84,0.01523,0.05
2019-12-24,261.27,0.017784,0.05
2019-12-25,261.19,0.019364,0.05
2019-12-26,259.98,0.011094,0.05
2019-12-27,256.31,0.000209,0.05
2019-12-28,255.69,1e-06,0.05
2019-12-29,254.99,2e-06,0.05
2019-12-30,257.7,1e-06,0.05
2019-12-31,256.73,1.6e-05,0.05
2020-01-01,257.62,0.001555,0.05
2020-01-02,258.97,0.010391,0.05
2020-01-03,259.94,0.03082,0.05
2020-01-04,260.16,0.026307,0.05
2020-01-05,257.6,0.013041,0.05
2020-01-06,259.37,0.001764,0.05
2020-01-07,261.44,0.017727,0.05
2020-01-08,262.74,0.030336,0.05
2020-01-09,261.36,0.025722,0.05
2020-01-10,255.97,0.015715,0.05
2020-01-11,256.25,0.006536,0.05
2020-01-12,261.04,0.000644,0.05
2020-01-13,263.18,0.005177,0.05
2020-01-14,262.79,0.01804,0.05
2020-01-15,262.54,0.019458,0.05
2020-01-16,264.37,0.03058,0.05
2020-01-17,264.76,0.050124,0.05
2020-01-18,261.62,0.034178,0.05
2020-01-19,258.49,0.014186,0.05
2020-01-20,257.24,0.007242,0.05
2020-01-21,258.74,0.026363,0.05
2020-01-22,258.64,0.025128,0.05
2020-01-23,257.29,0.034324,0.05
2020-01-24,256.82,0.003016,0.05
2020-01-25,256.34,0.009922,0.05
2020-01-26,255.05,0.01543,0.05
2020-01-27,257.15,0.012125,0.05
2020-01-28,258.78,0.019225,0.05
2020-01-29,260.45,0.03222,0.05
2020-01-30,259.93,0.027664,0.05
2020-01-31,259.5,0.018281,0.05
2020-02-01,259.49,0.02516,0.05
2020-02-02,257.28,0.016263,0.05
2020-02-03,257.34,0.012229,0.05
2020-02-04,259.54,0.018453,0.05
2020-02-05,258.28,0.024569,0.05
2020-02-06,260.38,0.017409,0.05
2020-02-07,259.6,0.017767,0.05
2020-02-08,258.19,0.00573,0.05
2020-02-09,256.06,1.4e-05,0.05
2020-02-10,257.87,0.005411,0.05
2020-02-11,260.28,0.006713,0.05
2020-02-12,263.09,1e-06,0.05
2020-02-13,264.65,0.003223,0.05
2020-02-14,265.07,0.01177,0.05
2020-02-15,264.63,0.01223,0.05
2020-02-16,265.0,0.006514,0.05
2020-02-17,264.39,0.017892,0.05
2020-02-18,263.36,0.005748,0.05
2020-02-19,263.72,0.012948,0.05
2020-02-20,264.28,0.018978,0.05
2020-02-21,265.01,0.026678,0.05
2020-02-22,264.8,0.020314,0.05
2020-02-23,262.66,0.003951,0.05
2020-02-24,261.66,0.007,0.05
2020-02-25,261.72,0.004293,0.05
2020-02-26,262.04,0.007352,0.05
2020-02-27,261.17,0.000185,0.05
2020-02-28,261.48,0.002608,0.05
2020-02-29,261.95,0.005446,0.05
2020-03-01,262.17,0.019932,0.05
2020-03-02,262.02,0.022646,0.05
2020-03-03,261.71,0.025671,0.05
2020-03-04,262.43,0.016798,0.05
2020-03-05,262.44,0.01856,0.05
2020-03-06,263.13,0.021936,0.05
2020-03-07,264.09,0.032367,0.05
2020-03-08,263.42,0.020764,0.05
2020-03-09,262.94,0.011504,0.05
2020-03-10,263.9,0.026284,0.05
2020-03-11,263.06,0.028745,0.05
2020-03-12,262.53,0.016916,0.05
2020-03-13,265.32,0.016208,0.05
2020-03-14,265.9,0.028776,0.05
2020-03-15,262.68,0.009885,0.05
2020-03-16,262.3,0.005991,0.05
2020-03-17,263.6,0.007616,0.05
2020-03-18,263.49,0.018186,0.05
2020-03-19,263.0,0.027881,0.05
2020-03-20,262.3,0.017712,0.05
2020-03-21,263.13,0.012773,0.05
2020-03-22,264.88,0.010597,0.05
2020-03-23,263.98,0.00729,0.05
2020-03-24,266.04,0.002801,0.05
2020-03-25,265.83,0.014587,0.05
2020-03-26,267.86,0.009836,0.05
2020-03-27,270.73,0.019262,0.05
2020-03-28,269.52,0.025862,0.05
2020-03-29,268.03,0.029141,0.05
2020-03-30,267.19,0.006944,0.05
2020-03-31,266.6,0.005398,0.05
2020-04-01,266.53,0.0175,0.05
2020-04-02,266.27,0.019988,0.05
2020-04-03,265.93,0.018809,0.05
2020-04-04,265.96,0.011293,0.05
2020-04-05,265.7,0.012741,0.05
2020-04-06,266.43,0.01272,0.05
2020-04-07,266.83,0.009384,0.05
2020-04-08,267.2,0.017915,0.05
2020-04-09,265.26,0.014348,0.05
2020-04-10,267.28,0.008396,0.05
2020-04-11,266.92,0.006045,0.05
2020-04-12,269.27,0.000696,0.05
2020-04-13,269.94,0.007216,0.05
2020-04-14,270.48,0.003143,0.05
2020-04-15,270.69,0.00228,0.05
2020-04-16,269.17,0.006957,0.05
2020-04-17,271.53,0.018873,0.05
2020-04-18,270.23,0.015898,0.05
2020-04-19,270.07,0.013335,0.05
2020-04-20,269.5,0.029395,0.05
2020-04-21,267.82,0.030125,0.05
2020-04-22,266.5,0.014993,0.05
2020-04-23,268.19,0.013302,0.05
2020-04-24,267.77,0.015641,0.05
2020-04-25,268.61,0.005793,0.05
2020-04-26,269.88,0.005085,0.05
2020-04-27,269.66,0.002531,0.05
2020-04-28,269.78,0.002299,0.05
2020-04-29,269.78,0.003572,0.05
2020-04-30,271.01,0.007489,0.05
2020-05-01,271.77,0.009259,0.05
2020-05-02,271.59,0.002249,0.05
2020-05-03,272.49,0.005438,0.05
2020-05-04,271.53,0.016323,0.05
2020-05-05,271.69,0.020426,0.05
2020-05-06,269.98,0.014534,0.05
2020-05-07,269.76,0.024242,0.05
2020-05-08,269.27,0.003324,0.05
2020-05-09,270.02,0.002971,0.05
2020-05-10,269.9,0.001875,0.05
2020-05-11,270.7,0.00232,0.05
2020-05-12,270.38,0.012759,0.05
2020-05-13,271.83,0.009451,0.05
2020-05-14,273.14,0.013479,0.05
2020-05-15,273.29,0.019836,0.05
2020-05-16,273.62,0.009753,0.05
2020-05-17,274.5,0.013989,0.05
2020-05-18,273.98,0.023134,0.05
2020-05-19,274.52,0.024195,0.05
2020-05-20,275.64,0.020668,0.05
2020-05-21,277.09,0.009195,0.05
2020-05-22,277.11,0.01981,0.05
2020-05-23,276.5,0.043305,0.05
2020-05-24,276.34,0.051091,0.05
2020-05-25,275.68,0.059407,0.05
2020-05-26,275.1,0.03027,0.05
2020-05-27,273.61,0.011473,0.05
2020-05-28,273.17,0.006521,0.05
2020-05-29,273.2,0.009496,0.05
2020-05-30,274.49,0.012043,0.05
2020-05-31,274.99,0.03823,0.05
2020-06-01,275.11,0.033884,0.05
2020-06-02,275.54,0.034444,0.05
2020-06-03,275.57,0.029093,0.05
2020-06-04,276.06,0.028226,0.05
2020-06-05,276.09,0.024339,0.05
2020-06-06,276.19,0.0251,0.05
2020-06-07,276.37,0.011927,0.05
2020-06-08,277.08,0.015333,0.05
2020-06-09,277.85,0.014187,0.05
2020-06-10,277.87,0.009811,0.05
2020-06-11,278.26,0.013137,0.05
2020-06-12,278.05,0.006286,0.05
2020-06-13,278.86,0.007806,0.05
2020-06-14,278.62,0.014743,0.05
2020-06-15,278.8,0.017325,0.05
2020-06-16,278.45,0.023885,0.05
2020-06-17,279.1,0.005501,0.05
2020-06-18,278.85,0.017644,0.05
2020-06-19,279.08,0.019249,0.05
2020-06-20,278.85,0.019021,0.05
2020-06-21,278.64,0.007265,0.05
2020-06-22,278.44,0.005093,0.05
2020-06-23,278.52,0.009421,0.05
2020-06-24,278.78,0.017118,0.05
2020-06-25,278.37,0.053097,0.05
2020-06-26,278.95,0.067078,0.05
2020-06-27,278.74,0.031814,0.05
2020-06-28,278.3,0.020987,0.05
2020-06-29,278.17,0.010246,0.05
2020-06-30,278.69,0.007665,0.05
2020-07-01,279.58,0.028183,0.05
2020-07-02,279.51,0.043403,0.05
2020-07-03,278.88,0.015446,0.05
2020-07-04,278.96,0.014217,0.05
2020-07-05,279.41,0.009498,0.05
2020-07-06,279.61,0.007962,0.05
2020-07-07,279.47,0.005406,0.05
2020-07-08,280.37,0.031293,0.05
2020-07-09,280.29,0.05311,0.05
2020-07-10,279.1,0.091529,0.05
2020-07-11,278.84,0.039701,0.05
2020-07-12,279.42,0.061717,0.05
2020-07-13,279.1,0.031882,0.05
2020-07-14,279.75,0.008801,0.05
2020-07-15,279.68,0.007476,0.05
2020-07-16,279.85,0.016942,0.05
2020-07-17,280.06,0.038042,0.05
2020-07-18,279.62,0.025348,0.05
2020-07-19,279.89,0.031999,0.05
2020-07-20,277.94,0.061241,0.05
2020-07-21,278.27,0.019772,0.05
2020-07-22,279.02,0.008811,0.05
2020-07-23,279.38,0.029403,0.05
2020-07-24,279.42,0.015715,0.05
2020-07-25,279.82,0.008211,0.05
2020-07-26,280.06,0.012038,0.05
2020-07-27,280.04,0.026428,0.05
2020-07-28,279.03,0.055656,0.05
2020-07-29,279.06,0.037365,0.05
2020-07-30,279.72,0.03401,0.05
2020-07-31,279.78,0.038227,0.05
2020-08-01,279.72,0.035445,0.05
2020-08-02,280.53,0.010349,0.05
2020-08-03,280.19,0.013675,0.05
2020-08-04,280.33,0.003914,0.05
2020-08-05,280.97,0.010991,0.05
2020-08-06,280.57,0.011774,0.05
2020-08-07,280.9,0.004081,0.05
2020-08-08,281.25,0.024605,0.05
2020-08-09,280.42,0.036449,0.05
2020-08-10,279.89,0.025726,0.05
2020-08-11,280.46,0.046728,0.05
2020-08-12,280.37,0.012584,0.05
2020-08-13,280.19,0.009176,0.05
2020-08-14,280.31,0.023116,0.05
2020-08-15,280.1,0.014206,0.05
2020-08-16,280.5,0.009434,0.05
2020-08-17,280.71,0.010825,0.05
2020-08-18,280.62,0.015848,0.05
2020-08-19,279.66,0.00472,0.05
2020-08-20,279.0,0.006684,0.05
2020-08-21,278.81,0.006361,0.05
2020-08-22,279.34,0.006295,0.05
2020-08-23,279.29,0.006305,0.05
2020-08-24,280.21,0.008137,0.05
2020-08-25,280.3,0.012951,0.05
2020-08-26,279.73,0.007864,0.05
2020-08-27,278.93,0.006568,0.05
2020-08-28,278.49,0.004274,0.05
2020-08-29,278.53,0.00948,0.05
2020-08-30,279.65,0.005995,0.05
2020-08-31,280.29,0.020918,0.05
2020-09-01,279.85,0.00471,0.05
2020-09-02,279.75,0.006431,0.05
2020-09-03,279.29,0.003432,0.05
2020-09-04,279.56,0.009958,0.05
2020-09-05,280.03,0.016994,0.05
2020-09-06,279.82,0.046173,0.05
2020-09-07,279.42,0.060243,0.05
2020-09-08,279.51,0.029098,0.05
2020-09-09,279.63,0.013686,0.05
2020-09-10,279.54,0.029138,0.05
2020-09-11,279.42,0.037236,0.05
2020-09-12,278.84,0.029702,0.05
2020-09-13,279.32,0.025074,0.05
2020-09-14,279.26,0.034774,0.05
2020-09-15,279.15,0.041413,0.05
2020-09-16,279.3,0.016416,0.05
2020-09-17,280.08,0.053991,0.05
2020-09-18,278.79,0.022103,0.05
2020-09-19,278.58,0.001575,0.05
2020-09-20,278.82,0.00155,0.05
2020-09-21,278.92,0.003508,0.05
2020-09-22,278.95,0.026013,0.05
2020-09-23,277.91,0.037417,0.05
2020-09-24,278.15,0.029455,0.05
2020-09-25,277.14,0.056213,0.05
2020-09-26,276.43,0.015959,0.05
2020-09-27,275.94,0.004193,0.05
2020-09-28,275.92,0.005491,0.05
2020-09-29,276.66,0.007348,0.05
2020-09-30,276.72,0.010698,0.05
2020-10-01,277.26,0.008828,0.05
2020-10-02,276.84,0.007436,0.05
2020-10-03,276.83,0.005004,0.05
2020-10-04,277.26,0.011085,0.05
2020-10-05,277.26,0.010195,0.05
2020-10-06,276.58,0.003292,0.05
2020-10-07,276.09,0.001586,0.05
2020-10-08,277.04,0.000403,0.05
2020-10-09,277.31,0.000286,0.05
2020-10-10,277.55,0.000147,0.05
2020-10-11,277.6,0.000365,0.05
2020-10-12,277.45,0.000914,0.05
2020-10-13,276.76,0.000578,0.05
2020-10-14,276.43,0.000666,0.05
2020-10-15,276.78,0.000958,0.05
2020-10-16,276.54,0.000823,0.05
2020-10-17,277.11,0.000297,0.05
2020-10-18,276.55,0.00117,0.05
2020-10-19,274.78,0.005412,0.05
2020-10-20,273.97,0.004063,0.05
2020-10-21,274.27,0.002159,0.05
2020-10-22,273.19,0.001747,0.05
2020-10-23,271.88,0.000223,0.05
2020-10-24,274.09,0.000726,0.05
2020-10-25,273.57,0.001815,0.05
2020-10-26,271.28,0.016527,0.05
2020-10-27,269.38,0.003499,0.05
2020-10-28,269.78,3e-05,0.05
2020-10-29,270.44,2e-06,0.05
2020-10-30,271.05,3.3e-05,0.05
2020-10-31,270.9,0.000102,0.05
2020-11-01,272.28,0.00071,0.05
2020-11-02,271.26,0.015839,0.05
2020-11-03,269.46,0.033377,0.05
2020-11-04,267.46,0.011288,0.05
2020-11-05,265.71,0.006847,0.05
2020-11-06,266.49,0.012808,0.05
2020-11-07,266.3,0.005091,0.05
2020-11-08,267.5,9e-05,0.05
2020-11-09,267.89,0.000567,0.05
2020-11-10,267.04,0.0007,0.05
2020-11-11,267.51,0.000174,0.05
2020-11-12,267.18,2.3e-05,0.05
2020-11-13,266.68,6.6e-05,0.05
2020-11-14,267.01,0.001727,0.05
2020-11-15,268.79,0.000932,0.05
2020-11-16,268.07,0.00983,0.05
2020-11-17,264.97,0.016522,0.05
2020-11-18,264.59,0.024154,0.05
2020-11-19,264.98,0.025307,0.05
2020-11-20,264.94,0.029001,0.05
2020-11-21,264.41,0.023276,0.05
2020-11-22,263.46,0.007935,0.05
2020-11-23,264.58,0.015714,0.05
2020-11-24,265.25,0.013141,0.05
2020-11-25,265.35,0.00569,0.05
2020-11-26,266.01,0.00617,0.05
2020-11-27,264.64,0.004596,0.05
2020-11-28,264.72,0.001581,0.05
2020-11-29,266.74,0.0,0.05
2020-11-30,265.2,0.000887,0.05
2020-12-01,265.74,0.004015,0.05
2020-12-02,265.7,0.007774,0.05
2020-12-03,264.26,0.011428,0.05
2020-12-04,264.36,0.013794,0.05
2020-12-05,263.77,0.009646,0.05
2020-12-06,264.41,0.01287,0.05
2020-12-07,264.29,0.003515,0.05
2020-12-08,265.99,0.012967,0.05
2020-12-09,266.1,0.011098,0.05
2020-12-10,266.39,0.015538,0.05
2020-12-11,267.66,0.01433,0.05
2020-12-12,266.89,0.021616,0.05
2020-12-13,264.22,0.026559,0.05
2020-12-14,263.94,0.022055,0.05
2020-12-15,264.15,0.018323,0.05
2020-12-16,263.85,0.024204,0.05
2020-12-17,263.07,0.021291,0.05
2020-12-18,262.59,0.01631,0.05
2020-12-19,262.47,0.010805,0.05
2020-12-20,264.31,0.004526,0.05
2020-12-21,266.35,0.004389,0.05
2020-12-22,265.83,0.006961,0.05
2020-12-23,265.22,0.017281,0.05
2020-12-24,264.34,0.019346,0.05
2020-12-25,261.42,0.012189,0.05
2020-12-26,264.24,0.00906,0.05
2020-12-27,265.75,0.010553,0.05
2020-12-28,264.18,0.013481,0.05
2020-12-29,264.1,0.014118,0.05
2020-12-30,263.84,0.011173,0.05
2020-12-31,264.07,0.008677,0.05
2021-01-01,265.45,0.012149,0.05
2021-01-02,264.87,0.013505,0.05
2021-01-03,264.99,0.01713,0.05
2021-01-04,267.63,0.0219,0.05
2021-01-05,269.13,0.024326,0.05
2021-01-06,267.84,0.021238,0.05
2021-01-07,265.8,0.012637,0.05
2021-01-08,266.95,0.01549,0.05
2021-01-09,267.63,0.012799,0.05
2021-01-10,267.47,0.009059,0.05
2021-01-11,267.67,0.008622,0.05
2021-01-12,267.39,0.004864,0.05
2021-01-13,268.53,0.002757,0.05
2021-01-14,269.37,0.001387,0.05
2021-01-15,269.44,0.002478,0.05
2021-01-16,266.94,0.009646,0.05
2021-01-17,266.19,0.004457,0.05
2021-01-18,265.3,0.012399,0.05
2021-01-19,265.11,0.016599,0.05
2021-01-20,264.07,0.021704,0.05
2021-01-21,264.62,0.003161,0.05
2021-01-22,266.58,0.004795,0.05
2021-01-23,266.56,0.012589,0.05
2021-01-24,264.83,0.0199,0.05
2021-01-25,263.84,0.013578,0.05
2021-01-26,263.1,0.01645,0.05
2021-01-27,263.46,0.011499,0.05
2021-01-28,262.94,0.011695,0.05
2021-01-29,260.08,0.008286,0.05
2021-01-30,257.69,0.008719,0.05
2021-01-31,260.05,0.007205,0.05
2021-02-01,261.42,0.003957,0.05
2021-02-02,261.86,0.005379,0.05
2021-02-03,261.59,0.006734,0.05
2021-02-04,260.68,0.009126,0.05
2021-02-05,259.96,0.025343,0.05
2021-02-06,257.97,0.015792,0.05
2021-02-07,259.56,1.9e-05,0.05
2021-02-08,260.82,1e-06,0.05
2021-02-09,262.35,0.002506,0.05
2021-02-10,264.05,0.019293,0.05
2021-02-11,263.54,0.004627,0.05
2021-02-12,264.29,0.006399,0.05
2021-02-13,264.19,0.007105,0.05
2021-02-14,263.42,0.021025,0.05
2021-02-15,262.43,0.025206,0.05
2021-02-16,262.05,0.031726,0.05
2021-02-17,262.57,0.024528,0.05
2021-02-18,260.53,0.001738,0.05
2021-02-19,258.97,0.000142,0.05
2021-02-20,261.12,0.0,0.05
2021-02-21,264.47,4e-06,0.05
2021-02-22,265.08,0.000246,0.05
2021-02-23,265.61,0.004639,0.05
2021-02-24,265.66,0.014572,0.05
2021-02-25,267.72,0.006517,0.05
2021-02-26,269.58,0.011772,0.05
2021-02-27,269.96,0.015636,0.05
2021-02-28,269.71,0.021062,0.05
2021-03-01,268.22,0.02477,0.05
2021-03-02,267.1,0.006909,0.05
2021-03-03,267.53,0.006519,0.05
2021-03-04,266.26,0.016666,0.05
2021-03-05,265.4,0.025723,0.05
2021-03-06,264.65,0.016225,0.05
2021-03-07,265.55,0.015185,0.05
2021-03-08,265.34,0.012471,0.05
2021-03-09,264.82,0.011653,0.05
2021-03-10,265.54,0.013906,0.05
2021-03-11,265.37,0.013123,0.05
2021-03-12,266.43,0.016236,0.05
2021-03-13,266.88,0.019513,0.05
2021-03-14,266.82,0.00369,0.05
2021-03-15,266.04,0.006886,0.05
2021-03-16,265.76,0.014593,0.05
2021-03-17,266.58,0.010046,0.05
2021-03-18,266.87,0.015446,0.05
2021-03-19,267.38,0.013282,0.05
2021-03-20,266.05,0.027056,0.05
2021-03-21,265.81,0.013147,0.05
2021-03-22,266.74,0.00652,0.05
2021-03-23,268.09,0.008394,0.05
2021-03-24,267.96,0.018421,0.05
2021-03-25,266.35,0.011763,0.05
2021-03-26,265.89,0.000169,0.05
2021-03-27,266.03,0.000954,0.05
2021-03-28,265.63,0.00511,0.05
2021-03-29,268.39,0.017548,0.05
2021-03-30,268.93,0.025559,0.05
2021-03-31,270.06,0.028943,0.05
2021-04-01,268.26,0.031443,0.05
2021-04-02,266.61,0.02385,0.05
2021-04-03,265.1,0.012915,0.05
2021-04-04,264.09,0.000556,0.05
2021-04-05,267.26,0.000154,0.05
2021-04-06,268.37,0.004175,0.05
2021-04-07,268.34,0.013111,0.05
2021-04-08,268.58,0.023869,0.05
2021-04-09,267.89,0.016016,0.05
2021-04-10,267.56,0.013344,0.05
2021-04-11,268.07,0.004559,0.05
2021-04-12,267.18,0.004799,0.05
2021-04-13,266.43,0.004058,0.05
2021-04-14,267.52,0.00312,0.05
2021-04-15,268.69,0.005604,0.05
2021-04-16,268.26,0.015546,0.05
2021-04-17,269.21,0.015322,0.05
2021-04-18,268.85,0.022624,0.05
2021-04-19,269.07,0.012619,0.05
2021-04-20,269.92,0.009532,0.05
2021-04-21,270.36,0.030976,0.05
2021-04-22,267.58,0.031178,0.05
2021-04-23,267.46,0.008913,0.05
2021-04-24,267.26,0.011667,0.05
2021-04-25,267.55,0.008267,0.05
2021-04-26,267.89,0.00156,0.05
2021-04-27,266.92,0.00595,0.05
2021-04-28,268.72,0.009076,0.05
2021-04-29,269.67,0.006723,0.05
2021-04-30,269.86,0.003161,0.05
2021-05-01,270.4,0.005002,0.05
2021-05-02,271.19,0.007749,0.05
2021-05-03,272.1,0.01648,0.05
2021-05-04,272.44,0.009384,0.05
2021-05-05,272.95,0.011129,0.05
2021-05-06,271.25,0.012543,0.05
2021-05-07,272.42,0.00818,0.05
2021-05-08,271.49,0.025263,0.05
2021-05-09,271.08,0.013844,0.05
2021-05-10,271.21,0.00746,0.05
2021-05-11,271.64,0.013194,0.05
2021-05-12,271.7,0.019676,0.05
2021-05-13,271.99,0.024429,0.05
2021-05-14,271.55,0.024743,0.05
2021-05-15,272.9,0.023803,0.05
2021-05-16,274.09,0.023738,0.05
2021-05-17,276.06,0.03602,0.05
2021-05-18,276.42,0.035707,0.05
2021-05-19,276.58,0.04164,0.05
2021-05-20,276.11,0.042514,0.05
2021-05-21,276.32,0.032158,0.05
2021-05-22,275.79,0.002826,0.05
2021-05-23,277.15,0.001678,0.05
2021-05-24,276.45,0.001348,0.05
2021-05-25,276.93,0.013988,0.05
2021-05-26,277.59,0.017768,0.05
2021-05-27,277.57,0.030167,0.05
2021-05-28,276.76,0.052568,0.05
2021-05-29,277.06,0.007959,0.05
2021-05-30,277.09,0.004397,0.05
2021-05-31,276.74,0.01363,0.05
2021-06-01,276.56,0.024164,0.05
2021-06-02,276.24,0.033175,0.05
2021-06-03,277.2,0.024682,0.05
2021-06-04,276.83,0.019355,0.05
2021-06-05,277.09,0.026673,0.05
2021-06-06,277.01,0.021816,0.05
2021-06-07,277.51,0.029036,0.05
2021-06-08,277.42,0.029015,0.05
2021-06-09,277.94,0.006177,0.05
2021-06-10,277.8,0.004934,0.05
2021-06-11,278.0,0.00782,0.05
2021-06-12,277.83,0.022698,0.05
2021-06-13,278.37,0.015084,0.05
2021-06-14,279.01,0.008803,0.05
2021-06-15,278.2,0.009736,0.05
2021-06-16,278.2,0.002411,0.05
2021-06-17,277.96,0.006853,0.05
2021-06-18,277.93,0.010512,0.05
2021-06-19,277.75,0.013759,0.05
2021-06-20,277.85,0.011682,0.05
2021-06-21,277.63,0.00755,0.05
2021-06-22,278.62,0.005936,0.05
2021-06-23,278.17,0.004326,0.05
2021-06-24,278.05,0.00586,0.05
2021-06-25,278.23,0.004895,0.05
2021-06-26,277.87,0.004926,0.05
2021-06-27,278.45,0.008584,0.05
2021-06-28,279.39,0.019264,0.05
2021-06-29,279.61,0.043555,0.05
2021-06-30,279.89,0.023512,0.05
2021-07-01,279.28,0.052275,0.05
2021-07-02,278.3,0.029163,0.05
2021-07-03,278.66,0.009989,0.05
2021-07-04,279.04,0.008744,0.05
2021-07-05,279.47,0.011949,0.05
2021-07-06,280.38,0.020505,0.05
2021-07-07,280.26,0.019547,0.05
2021-07-08,278.93,0.034338,0.05
2021-07-09,279.52,0.009635,0.05
2021-07-10,279.96,0.014987,0.05
2021-07-11,279.23,0.022178,0.05
2021-07-12,279.16,0.012439,0.05
2021-07-13,279.13,0.010167,0.05
2021-07-14,279.42,0.024936,0.05
2021-07-15,278.9,0.035802,0.05
2021-07-16,279.57,0.015799,0.05
2021-07-17,280.23,0.015791,0.05
2021-07-18,280.33,0.026787,0.05
2021-07-19,279.85,0.026257,0.05
2021-07-20,279.77,0.015192,0.05
2021-07-21,279.64,0.011974,0.05
2021-07-22,279.84,0.006454,0.05
2021-07-23,280.45,0.008418,0.05
2021-07-24,280.63,0.006191,0.05
2021-07-25,281.03,0.031018,0.05
2021-07-26,280.33,0.022701,0.05
2021-07-27,280.32,0.027904,0.05
2021-07-28,280.02,0.014506,0.05
2021-07-29,280.06,0.010825,0.05
2021-07-30,280.2,0.01063,0.05
2021-07-31,279.83,0.008055,0.05
2021-08-01,279.99,0.006386,0.05
2021-08-02,279.89,0.008633,0.05
2021-08-03,279.7,0.01676,0.05
2021-08-04,278.78,0.023465,0.05
2021-08-05,279.33,0.001753,0.05
2021-08-06,279.23,0.003903,0.05
2021-08-07,279.41,0.004376,0.05
2021-08-08,279.65,0.01631,0.05
2021-08-09,279.57,0.014164,0.05
2021-08-10,280.22,0.006782,0.05
2021-08-11,280.3,0.010377,0.05
2021-08-12,280.01,0.015298,0.05
2021-08-13,279.88,0.022207,0.05
2021-08-14,280.22,0.053335,0.05
2021-08-15,279.98,0.065747,0.05
2021-08-16,279.5,0.022205,0.05
2021-08-17,279.89,0.010184,0.05
2021-08-18,279.91,0.008373,0.05
2021-08-19,279.77,0.013867,0.05
2021-08-20,279.34,0.015207,0.05
2021-08-21,279.73,0.013089,0.05
2021-08-22,279.96,0.01678,0.05
2021-08-23,280.05,0.023598,0.05
2021-08-24,280.27,0.034389,0.05
2021-08-25,280.19,0.041065,0.05
2021-08-26,280.48,0.035317,0.05
2021-08-27,278.69,0.033819,0.05
2021-08-28,278.41,0.038585,0.05
2021-08-29,277.54,0.03167,0.05
2021-08-30,277.8,0.009502,0.05
2021-08-31,278.22,0.00828,0.05
2021-09-01,279.11,0.014946,0.05
2021-09-02,278.72,0.028718,0.05
2021-09-03,278.29,0.025233,0.05
2021-09-04,279.22,0.011364,0.05
2021-09-05,279.8,0.006499,0.05
2021-09-06,279.42,0.014042,0.05
2021-09-07,278.65,0.01474,0.05
2021-09-08,278.27,0.013246,0.05
2021-09-09,278.25,0.016312,0.05
2021-09-10,278.13,0.003328,0.05
2021-09-11,278.65,0.00221,0.05
2021-09-12,279.11,0.004086,0.05
2021-09-13,278.5,0.00529,0.05
2021-09-14,278.48,0.008853,0.05
2021-09-15,277.76,0.016005,0.05
2021-09-16,277.44,0.007472,0.05
2021-09-17,277.24,0.007737,0.05
2021-09-18,279.0,0.01197,0.05
2021-09-19,278.94,0.017259,0.05
2021-09-20,278.33,0.007103,0.05
2021-09-21,277.66,0.002251,0.05
2021-09-22,277.51,0.003288,0.05
2021-09-23,277.58,0.005877,0.05
2021-09-24,278.11,0.009351,0.05
2021-09-25,277.96,0.007376,0.05
2021-09-26,277.54,0.00303,0.05
2021-09-27,277.9,0.005901,0.05
2021-09-28,277.85,0.006687,0.05
2021-09-29,277.52,0.005529,0.05
2021-09-30,277.56,0.006298,0.05
2021-10-01,277.6,0.003444,0.05
2021-10-02,277.07,0.008265,0.05
2021-10-03,277.07,0.011886,0.05
2021-10-04,276.78,0.006759,0.05
2021-10-05,276.71,0.004271,0.05
2021-10-06,276.74,0.004969,0.05
2021-10-07,277.2,0.005948,0.05
2021-10-08,277.53,0.009797,0.05
2021-10-09,276.97,0.00972,0.05
2021-10-10,275.76,0.00265,0.05
2021-10-11,276.33,0.000604,0.05
2021-10-12,276.44,7e-06,0.05
2021-10-13,275.98,0.0,0.05
2021-10-14,276.21,1.6e-05,0.05
2021-10-15,276.62,4e-05,0.05
2021-10-16,277.17,0.000136,0.05
2021-10-17,277.39,0.001726,0.05
2021-10-18,276.97,0.026902,0.05
2021-10-19,276.72,0.087959,0.05
2021-10-20,275.71,0.024141,0.05
2021-10-21,274.04,0.014566,0.05
2021-10-22,273.45,0.012985,0.05
2021-10-23,273.58,0.015143,0.05
2021-10-24,272.38,0.011751,0.05
2021-10-25,270.54,0.009899,0.05
2021-10-26,270.34,0.003463,0.05
2021-10-27,270.23,0.002723,0.05
2021-10-28,269.46,0.003422,0.05
2021-10-29,269.94,0.002012,0.05
2021-10-30,269.66,0.004795,0.05
2021-10-31,268.67,0.004167,0.05
2021-11-01,268.16,0.013578,0.05
2021-11-02,267.2,0.014297,0.05
2021-11-03,267.1,0.012562,0.05
2021-11-04,265.95,0.008146,0.05
2021-11-05,267.21,0.011232,0.05
2021-11-06,267.93,0.010127,0.05
2021-11-07,269.49,0.010393,0.05
2021-11-08,269.29,0.007868,0.05
2021-11-09,269.26,0.004881,0.05
2021-11-10,270.07,0.004155,0.05
2021-11-11,271.13,0.004045,0.05
2021-11-12,271.1,0.005487,0.05
2021-11-13,269.75,0.007966,0.05
2021-11-14,269.59,0.008651,0.05
2021-11-15,268.44,0.017699,0.05
2021-11-16,267.53,0.007115,0.05
2021-11-17,269.07,0.001823,0.05
2021-11-18,270.12,0.003569,0.05
2021-11-19,270.5,0.008512,0.05
2021-11-20,270.94,0.015615,0.05
2021-11-21,270.2,0.016025,0.05
2021-11-22,268.26,0.012685,0.05
2021-11-23,266.32,0.012962,0.05
2021-11-24,267.45,0.011169,0.05
2021-11-25,266.33,0.008783,0.05
2021-11-26,264.45,0.010006,0.05
2021-11-27,265.16,0.006016,0.05
2021-11-28,267.63,0.002737,0.05
2021-11-29,267.82,0.003752,0.05
2021-11-30,267.98,0.004666,0.05
2021-12-01,269.63,0.001557,0.05
2021-12-02,271.13,0.006292,0.05
2021-12-03,271.9,0.007786,0.05
2021-12-04,270.15,0.007695,0.05
2021-12-05,268.74,0.006503,0.05
2021-12-06,267.91,0.013165,0.05
2021-12-07,266.36,0.012084,0.05
2021-12-08,267.07,0.013662,0.05
2021-12-09,266.22,0.007598,0.05
2021-12-10,262.02,0.005647,0.05
2021-12-11,260.96,0.006746,0.05
2021-12-12,262.99,0.006578,0.05
2021-12-13,265.15,0.003489,0.05
2021-12-14,264.53,0.008996,0.05
2021-12-15,264.29,0.011147,0.05
2021-12-16,264.79,0.011753,0.05
2021-12-17,264.81,0.009463,0.05
2021-12-18,263.93,0.005799,0.05
2021-12-19,259.53,0.000226,0.05
2021-12-20,258.54,1.8e-05,0.05
2021-12-21,261.06,0.002109,0.05
2021-12-22,257.35,0.001438,0.05
2021-12-23,258.49,0.002807,0.05
2021-12-24,258.8,0.007222,0.05
2021-12-25,257.71,0.012993,0.05
2021-12-26,259.48,0.016489,0.05
2021-12-27,260.84,0.02046,0.05
2021-12-28,262.06,0.024045,0.05
2021-12-29,262.57,0.034319,0.05
2021-12-30,259.2,0.004917,0.05
2021-12-31,257.48,0.00698,0.05
2022-01-01,257.51,0.006084,0.05
2022-01-02,257.48,0.006027,0.05
2022-01-03,256.64,0.006634,0.05
2022-01-04,258.55,0.000897,0.05
2022-01-05,260.4,0.00242,0.05
2022-01-06,262.43,0.013197,0.05
2022-01-07,264.2,0.016138,0.05
2022-01-08,263.67,0.022402,0.05
2022-01-09,263.02,0.028384,0.05
2022-01-10,261.97,0.027984,0.05
2022-01-11,260.76,0.015037,0.05
2022-01-12,258.37,0.007411,0.05
2022-01-13,258.14,0.00467,0.05
2022-01-14,259.22,0.011444,0.05
2022-01-15,255.89,0.004086,0.05
2022-01-16,254.36,0.0,0.05
2022-01-17,258.07,4.9e-05,0.05
2022-01-18,259.25,0.000954,0.05
2022-01-19,259.39,0.001883,0.05
2022-01-20,258.95,0.00855,0.05
2022-01-21,259.51,0.009596,0.05
2022-01-22,260.81,0.012979,0.05
2022-01-23,260.55,0.019332,0.05
2022-01-24,260.23,0.019079,0.05
2022-01-25,260.66,0.021474,0.05
2022-01-26,259.15,0.01331,0.05
2022-01-27,256.18,0.007896,0.05
2022-01-28,255.04,0.003472,0.05
2022-01-29,257.44,0.002935,0.05
2022-01-30,259.25,0.007209,0.05
2022-01-31,260.74,0.009429,0.05
2022-02-01,258.04,0.019311,0.05
2022-02-02,259.9,0.009923,0.05
2022-02-03,261.36,0.023047,0.05
2022-02-04,260.31,0.022649,0.05
2022-02-05,256.97,0.003987,0.05
2022-02-06,258.7,0.004662,0.05
2022-02-07,260.12,0.010891,0.05
2022-02-08,259.92,0.012931,0.05
2022-02-09,260.66,0.02803,0.05
2022-02-10,259.82,0.026002,0.05
2022-02-11,258.43,0.019593,0.05
2022-02-12,257.44,0.006041,0.05
2022-02-13,259.14,0.006884,0.05
2022-02-14,260.95,0.010465,0.05
2022-02-15,261.74,0.007452,0.05
2022-02-16,260.26,0.014419,0.05
2022-02-17,261.25,0.016533,0.05
2022-02-18,262.4,0.019223,0.05
2022-02-19,260.44,0.03139,0.05
2022-02-20,258.4,0.027614,0.05
2022-02-21,256.62,0.014381,0.05
2022-02-22,258.83,0.007646,0.05
2022-02-23,260.6,0.01469,0.05
2022-02-24,261.47,0.022211,0.05
2022-02-25,261.45,0.024849,0.05
2022-02-26,261.21,0.030578,0.05
2022-02-27,261.82,0.027249,0.05
2022-02-28,260.51,0.011039,0.05
2022-03-01,261.43,0.015316,0.05
2022-03-02,261.98,0.020475,0.05
2022-03-03,263.6,0.023354,0.05
2022-03-04,264.11,0.023115,0.05
2022-03-05,263.77,0.005445,0.05
2022-03-06,264.28,4e-06,0.05
2022-03-07,263.97,4.2e-05,0.05
2022-03-08,264.33,0.000713,0.05
2022-03-09,265.08,0.000397,0.05
2022-03-10,265.71,0.00073,0.05
2022-03-11,265.12,0.000374,0.05
2022-03-12,265.54,0.000426,0.05
2022-03-13,267.09,0.000463,0.05
2022-03-14,268.62,0.000168,0.05
2022-03-15,268.25,0.001298,0.05
2022-03-16,268.78,0.002206,0.05
2022-03-17,270.58,0.000303,0.05
2022-03-18,271.27,0.001173,0.05
2022-03-19,271.72,0.006951,0.05
2022-03-20,272.84,0.029899,0.05
2022-03-21,271.4,0.019583,0.05
2022-03-22,270.98,0.008833,0.05
2022-03-23,271.4,0.017146,0.05
2022-03-24,270.18,0.025212,0.05
2022-03-25,270.23,0.018022,0.05
2022-03-26,271.08,0.00581,0.05
2022-03-27,272.39,0.0023,0.05
2022-03-28,273.47,0.003343,0.05
2022-03-29,274.43,0.005023,0.05
2022-03-30,274.48,0.013119,0.05
2022-03-31,273.99,0.020432,0.05
2022-04-01,274.21,0.018668,0.05
2022-04-02,273.51,0.024719,0.05
2022-04-03,273.35,0.033654,0.05
2022-04-04,273.01,0.02034,0.05
2022-04-05,273.02,0.014451,0.05
2022-04-06,273.22,0.013145,0.05
2022-04-07,272.43,0.022675,0.05
2022-04-08,271.83,0.013396,0.05
2022-04-09,271.99,0.016179,0.05
2022-04-10,271.73,0.009517,0.05
2022-04-11,273.32,0.000552,0.05
2022-04-12,273.26,0.007998,0.05
2022-04-13,273.58,0.018903,0.05
2022-04-14,271.72,0.028552,0.05
2022-04-15,270.7,0.009436,0.05
2022-04-16,269.63,0.008464,0.05
2022-04-17,269.27,0.004318,0.05
2022-04-18,271.31,0.002287,0.05
2022-04-19,271.98,0.002754,0.05
2022-04-20,272.04,0.007604,0.05
2022-04-21,272.79,0.009258,0.05
2022-04-22,272.12,0.0212,0.05
2022-04-23,271.96,0.012768,0.05
2022-04-24,271.47,0.014103,0.05
2022-04-25,271.34,0.008833,0.05
2022-04-26,270.87,0.011912,0.05
2022-04-27,271.52,0.004694,0.05
2022-04-28,272.4,0.012961,0.05
2022-04-29,272.68,0.006357,0.05
2022-04-30,272.71,0.007501,0.05
2022-05-01,271.75,0.013694,0.05
2022-05-02,272.4,0.015245,0.05
2022-05-03,273.31,0.002772,0.05
2022-05-04,273.04,0.004691,0.05
2022-05-05,274.1,0.005513,0.05
2022-05-06,273.85,0.005592,0.05
2022-05-07,274.29,0.005761,0.05
2022-05-08,274.56,0.006417,0.05
2022-05-09,275.16,0.003948,0.05
2022-05-10,275.44,0.003426,0.05
2022-05-11,275.53,0.006615,0.05
2022-05-12,276.26,0.014984,0.05
2022-05-13,276.73,0.027913,0.05
2022-05-14,277.25,0.025477,0.05
2022-05-15,277.7,0.030362,0.05
2022-05-16,276.24,0.062332,0.05
2022-05-17,275.77,0.061229,0.05
2022-05-18,274.78,0.035363,0.05
2022-05-19,275.57,0.040475,0.05
2022-05-20,275.07,0.029348,0.05
2022-05-21,274.71,0.018863,0.05
2022-05-22,273.93,0.033581,0.05
2022-05-23,273.65,0.007842,0.05
2022-05-24,274.77,0.005967,0.05
2022-05-25,274.39,0.007449,0.05
2022-05-26,273.86,0.003772,0.05
2022-05-27,274.28,0.006964,0.05
2022-05-28,276.12,0.01066,0.05
2022-05-29,276.4,0.012482,0.05
2022-05-30,276.69,0.007728,0.05
2022-05-31,276.99,0.01086,0.05
2022-06-01,277.32,0.010309,0.05
2022-06-02,277.45,0.012491,0.05
2022-06-03,277.39,0.010377,0.05
2022-06-04,277.53,0.007888,0.05
2022-06-05,277.81,0.012012,0.05
2022-06-06,277.79,0.010923,0.05
2022-06-07,277.47,0.019206,0.05
2022-06-08,278.09,0.018841,0.05
2022-06-09,278.05,0.067621,0.05
2022-06-10,278.16,0.034112,0.05
2022-06-11,277.93,0.028294,0.05
2022-06-12,277.97,0.020525,0.05
2022-06-13,278.65,0.027093,0.05
2022-06-14,278.14,0.03774,0.05
2022-06-15,278.5,0.048151,0.05
2022-06-16,277.96,0.047297,0.05
2022-06-17,277.87,0.061443,0.05
2022-06-18,277.67,0.032689,0.05
2022-06-19,277.68,0.043986,0.05
2022-06-20,277.65,0.048004,0.05
2022-06-21,277.19,0.006169,0.05
2022-06-22,277.59,0.006262,0.05
2022-06-23,278.77,0.014305,0.05
2022-06-24,279.35,0.03936,0.05
2022-06-25,278.62,0.04429,0.05
2022-06-26,278.68,0.028048,0.05
2022-06-27,278.31,0.055259,0.05
2022-06-28,278.75,0.02674,0.05
2022-06-29,278.85,0.014513,0.05
2022-06-30,278.73,0.008926,0.05
2022-07-01,279.56,0.015075,0.05
2022-07-02,279.32,0.018887,0.05
2022-07-03,279.06,0.004954,0.05
2022-07-04,279.7,0.004168,0.05
2022-07-05,280.26,0.006147,0.05
2022-07-06,280.14,0.006531,0.05
2022-07-07,280.11,0.00828,0.05
2022-07-08,280.56,0.014162,0.05
2022-07-09,279.22,0.006765,0.05
2022-07-10,279.31,0.002572,0.05
2022-07-11,279.82,0.003306,0.05
2022-07-12,279.84,0.006236,0.05
2022-07-13,279.52,0.002499,0.05
2022-07-14,279.08,0.001907,0.05
2022-07-15,279.29,0.000648,0.05
2022-07-16,279.93,0.002697,0.05
2022-07-17,280.54,0.005304,0.05
2022-07-18,280.77,0.013962,0.05
2022-07-19,280.59,0.014963,0.05
2022-07-20,279.89,0.034684,0.05
2022-07-21,280.14,0.020015,0.05
2022-07-22,279.95,0.018827,0.05
2022-07-23,279.11,0.022541,0.05
2022-07-24,279.24,0.019793,0.05
2022-07-25,278.99,0.018359,0.05
2022-07-26,279.36,0.025616,0.05
2022-07-27,279.32,0.017524,0.05
2022-07-28,279.47,0.010046,0.05
2022-07-29,279.6,0.021144,0.05
2022-07-30,280.01,0.034559,0.05
2022-07-31,279.58,0.054869,0.05
2022-08-01,279.7,0.025908,0.05
2022-08-02,280.02,0.01394,0.05
2022-08-03,280.37,0.012778,0.05
2022-08-04,279.96,0.016575,0.05
2022-08-05,280.74,0.021212,0.05
2022-08-06,279.28,0.030704,0.05
2022-08-07,279.84,0.003341,0.05
2022-08-08,280.28,0.005147,0.05
2022-08-09,281.09,0.004167,0.05
2022-08-10,280.23,0.018088,0.05
2022-08-11,279.66,0.005653,0.05
2022-08-12,280.68,0.002237,0.05
2022-08-13,280.94,0.014074,0.05
2022-08-14,279.03,0.017881,0.05
2022-08-15,278.98,0.004995,0.05
2022-08-16,279.7,0.007919,0.05
2022-08-17,279.8,0.009278,0.05
2022-08-18,280.44,0.006332,0.05
2022-08-19,279.63,0.013631,0.05
2022-08-20,279.35,0.001891,0.05
2022-08-21,279.24,0.003775,0.05
2022-08-22,279.38,0.002846,0.05
2022-08-23,279.86,0.00377,0.05
2022-08-24,279.79,0.00304,0.05
2022-08-25,280.6,0.004808,0.05
2022-08-26,280.54,0.008798,0.05
2022-08-27,280.46,0.01544,0.05
2022-08-28,279.61,0.008662,0.05
2022-08-29,279.69,0.011377,0.05
2022-08-30,279.91,0.014633,0.05
2022-08-31,279.81,0.026662,0.05
2022-09-01,279.58,0.041655,0.05
2022-09-02,279.82,0.030097,0.05
2022-09-03,279.38,0.050806,0.05
2022-09-04,278.61,0.051337,0.05
2022-09-05,278.72,0.037082,0.05
2022-09-06,279.02,0.017337,0.05
2022-09-07,278.69,0.020354,0.05
2022-09-08,278.98,0.005406,0.05
2022-09-09,278.71,0.00944,0.05
2022-09-10,278.44,0.006985,0.05
2022-09-11,278.34,0.00654,0.05
2022-09-12,278.35,0.010787,0.05
2022-09-13,278.26,0.005071,0.05
2022-09-14,278.97,0.008468,0.05
2022-09-15,278.74,0.010227,0.05
2022-09-16,278.42,0.00845,0.05
2022-09-17,278.13,0.023381,0.05
2022-09-18,278.44,0.003513,0.05
2022-09-19,278.47,0.002755,0.05
2022-09-20,278.67,0.002679,0.05
2022-09-21,278.45,0.001778,0.05
2022-09-22,278.08,0.006564,0.05
2022-09-23,278.12,0.015232,0.05
2022-09-24,278.07,0.015303,0.05
2022-09-25,277.42,0.014499,0.05
2022-09-26,277.51,0.039699,0.05
2022-09-27,276.95,0.009257,0.05
2022-09-28,276.56,0.00709,0.05
2022-09-29,276.27,0.005589,0.05
2022-09-30,276.78,0.003854,0.05
2022-10-01,276.69,0.002232,0.05
2022-10-02,277.14,0.001705,0.05
2022-10-03,278.02,0.002589,0.05
2022-10-04,277.42,0.025124,0.05
2022-10-05,276.75,0.027789,0.05
2022-10-06,275.61,0.018762,0.05
2022-10-07,275.64,0.01788,0.05
2022-10-08,275.77,0.012567,0.05
2022-10-09,275.74,0.022409,0.05
2022-10-10,276.04,0.040369,0.05
2022-10-11,275.89,0.049455,0.05
2022-10-12,275.09,0.039612,0.05
2022-10-13,273.98,0.010045,0.05
2022-10-14,271.67,0.000402,0.05
2022-10-15,271.34,0.000931,0.05
2022-10-16,270.95,0.000286,0.05
2022-10-17,270.62,0.000615,0.05
2022-10-18,270.43,0.001603,0.05
2022-10-19,268.83,0.001212,0.05
2022-10-20,269.17,0.001099,0.05
2022-10-21,269.34,0.00067,0.05
2022-10-22,268.0,0.000277,0.05
2022-10-23,267.48,8.6e-05,0.05
2022-10-24,268.25,0.000322,0.05
2022-10-25,270.98,0.014257,0.05
2022-10-26,270.08,0.012098,0.05
2022-10-27,270.76,0.012924,0.05
2022-10-28,269.74,0.006412,0.05
2022-10-29,269.68,0.004034,0.05
2022-10-30,270.29,0.002559,0.05
2022-10-31,270.89,0.000373,0.05
2022-11-01,269.66,0.00107,0.05
2022-11-02,268.27,0.003636,0.05
2022-11-03,267.65,0.002259,0.05
2022-11-04,268.23,0.000124,0.05
2022-11-05,269.15,0.00102,0.05
2022-11-06,268.1,0.002811,0.05
2022-11-07,268.67,0.006998,0.05
2022-11-08,269.1,0.009567,0.05
2022-11-09,268.67,0.009983,0.05
2022-11-10,268.35,0.004659,0.05
2022-11-11,267.1,0.009034,0.05
2022-11-12,266.06,0.023821,0.05
2022-11-13,266.19,0.01145,0.05
2022-11-14,267.49,0.018182,0.05
2022-11-15,267.08,0.013201,0.05
2022-11-16,266.38,0.016226,0.05
2022-11-17,265.07,0.01523,0.05
2022-11-18,265.62,0.000944,0.05
2022-11-19,267.38,0.001295,0.05
2022-11-20,268.06,0.002935,0.05
2022-11-21,267.84,0.007139,0.05
2022-11-22,269.08,0.017629,0.05
2022-11-23,269.28,0.014039,0.05
2022-11-24,267.38,0.000583,0.05
2022-11-25,268.16,7.2e-05,0.05
2022-11-26,268.42,0.002053,0.05
2022-11-27,269.33,0.002637,0.05
2022-11-28,268.79,0.003281,0.05
2022-11-29,268.32,0.005551,0.05
2022-11-30,267.98,0.005512,0.05
2022-12-01,266.45,0.006176,0.05
2022-12-02,267.3,0.003756,0.05
2022-12-03,267.64,0.006848,0.05
2022-12-04,267.69,0.007396,0.05
2022-12-05,267.45,0.010824,0.05
2022-12-06,266.44,0.009217,0.05
2022-12-07,265.8,0.007674,0.05
2022-12-08,265.84,0.006708,0.05
2022-12-09,266.59,0.009562,0.05
2022-12-10,266.16,0.009901,0.05
2022-12-11,266.72,0.007182,0.05
2022-12-12,268.97,0.008425,0.05
2022-12-13,268.72,0.011826,0.05
2022-12-14,268.55,0.012252,0.05
2022-12-15,267.54,0.008613,0.05
2022-12-16,267.24,0.008551,0.05
2022-12-17,266.31,0.009291,0.05
2022-12-18,266.56,0.006573,0.05
2022-12-19,267.14,0.004231,0.05
2022-12-20,268.7,0.004065,0.05
2022-12-21,268.29,0.009937,0.05
2022-12-22,265.2,0.014937,0.05
2022-12-23,265.75,0.009949,0.05
2022-12-24,264.76,0.022484,0.05
2022-12-25,264.31,0.019782,0.05
2022-12-26,262.17,0.025111,0.05
2022-12-27,261.68,0.027185,0.05
2022-12-28,263.77,0.009908,0.05
2022-12-29,265.15,0.005121,0.05
2022-12-30,264.55,0.010417,0.05
2022-12-31,263.31,0.007929,0.05
2023-01-01,264.15,0.010457,0.05
2023-01-02,263.16,0.01134,0.05
2023-01-03,263.74,0.010561,0.05
2023-01-04,262.08,0.007042,0.05
2023-01-05,259.52,0.000315,0.05
2023-01-06,258.86,3e-05,0.05
2023-01-07,260.68,2e-06,0.05
2023-01-08,261.28,0.0,0.05
2023-01-09,262.38,1e-06,0.05
2023-01-10,261.49,0.000284,0.05
2023-01-11,262.82,0.002039,0.05
2023-01-12,263.59,0.008298,0.05
2023-01-13,263.93,0.011031,0.05
2023-01-14,264.48,0.014567,0.05
2023-01-15,264.14,0.015426,0.05
2023-01-16,263.18,0.016907,0.05
2023-01-17,261.71,0.02605,0.05
2023-01-18,262.0,0.009008,0.05
2023-01-19,262.12,0.012388,0.05
2023-01-20,263.08,0.017529,0.05
2023-01-21,264.37,0.020746,0.05
2023-01-22,264.75,0.016003,0.05
2023-01-23,265.66,0.014585,0.05
2023-01-24,266.38,0.013383,0.05
2023-01-25,267.06,0.018688,0.05
2023-01-26,267.81,0.018806,0.05
2023-01-27,268.55,0.015963,0.05
2023-01-28,268.02,0.010502,0.05
2023-01-29,267.23,0.00842,0.05
2023-01-30,268.19,0.01286,0.05
2023-01-31,266.9,0.023959,0.05
2023-02-01,262.76,0.016351,0.05
2023-02-02,261.46,0.004961,0.05
2023-02-03,261.95,0.00927,0.05
2023-02-04,262.7,0.015961,0.05
2023-02-05,264.68,0.012801,0.05
2023-02-06,265.24,0.021602,0.05
2023-02-07,263.83,0.027688,0.05
2023-02-08,264.76,0.021515,0.05
2023-02-09,265.84,0.011232,0.05
2023-02-10,266.61,0.012652,0.05
2023-02-11,266.61,0.025283,0.05
2023-02-12,265.08,0.022384,0.05
2023-02-13,266.31,0.002336,0.05
2023-02-14,266.67,0.005349,0.05
2023-02-15,265.45,0.003293,0.05
2023-02-16,265.47,0.003402,0.05
2023-02-17,267.18,0.00107,0.05
2023-02-18,268.67,0.000784,0.05
2023-02-19,268.72,0.007213,0.05
2023-02-20,269.08,0.015118,0.05
2023-02-21,267.46,0.025552,0.05
2023-02-22,265.47,0.025354,0.05
2023-02-23,264.31,0.022527,0.05
2023-02-24,265.4,0.009477,0.05
2023-02-25,264.94,0.025901,0.05
2023-02-26,263.74,0.017416,0.05
2023-02-27,263.6,0.026769,0.05
2023-02-28,264.38,0.01047,0.05
2023-03-01,264.69,0.016506,0.05
2023-03-02,264.77,0.009244,0.05
2023-03-03,265.83,0.010342,0.05
2023-03-04,266.89,0.013098,0.05
2023-03-05,266.59,0.019443,0.05
2023-03-06,265.35,0.018803,0.05
2023-03-07,265.85,0.010842,0.05
2023-03-08,265.4,0.02576,0.05
2023-03-09,263.91,0.002766,0.05
2023-03-10,263.86,0.004485,0.05
2023-03-11,263.6,5.6e-05,0.05
2023-03-12,265.6,0.000429,0.05
2023-03-13,265.58,0.008033,0.05
2023-03-14,265.3,0.018281,0.05
2023-03-15,264.54,0.010956,0.05
2023-03-16,265.91,0.013153,0.05
2023-03-17,266.57,0.013848,0.05
2023-03-18,267.14,0.012091,0.05
2023-03-19,267.04,0.011512,0.05
2023-03-20,267.37,0.014509,0.05
2023-03-21,265.74,0.019082,0.05
2023-03-22,264.33,0.017425,0.05
2023-03-23,264.61,0.015842,0.05
2023-03-24,265.65,0.014892,0.05
2023-03-25,266.6,0.013326,0.05
2023-03-26,266.09,0.016499,0.05
2023-03-27,264.27,0.023931,0.05
2023-03-28,265.38,0.012787,0.05
2023-03-29,266.03,0.011613,0.05
2023-03-30,266.33,0.008487,0.05
2023-03-31,267.69,0.019114,0.05
2023-04-01,266.93,0.021384,0.05
2023-04-02,264.89,0.019192,0.05
2023-04-03,266.3,0.018472,0.05
2023-04-04,267.53,0.023681,0.05
2023-04-05,267.13,0.019182,0.05
2023-04-06,267.16,0.013494,0.05
2023-04-07,267.18,0.012405,0.05
2023-04-08,267.75,0.014819,0.05
2023-04-09,268.01,0.013898,0.05
2023-04-10,267.42,0.005585,0.05
2023-04-11,268.5,0.005559,0.05
2023-04-12,268.77,0.003671,0.05
2023-04-13,269.56,0.004606,0.05
2023-04-14,270.17,0.008732,0.05
2023-04-15,271.33,0.01217,0.05
2023-04-16,270.78,0.016456,0.05
2023-04-17,271.07,0.00144,0.05
2023-04-18,271.21,0.005199,0.05
2023-04-19,270.67,0.00333,0.05
2023-04-20,270.13,0.010308,0.05
2023-04-21,269.44,0.023816,0.05
2023-04-22,267.94,0.023585,0.05
2023-04-23,267.3,0.012659,0.05
2023-04-24,267.92,0.008897,0.05
2023-04-25,267.15,0.007379,0.05
2023-04-26,268.53,0.010721,0.05
2023-04-27,269.11,0.015938,0.05
2023-04-28,269.39,0.012374,0.05
2023-04-29,270.12,0.013563,0.05
2023-04-30,271.03,0.021666,0.05
2023-05-01,270.65,0.021155,0.05
2023-05-02,269.38,0.013985,0.05
2023-05-03,270.98,0.014242,0.05
2023-05-04,270.12,0.024064,0.05
2023-05-05,270.12,0.019479,0.05
2023-05-06,271.4,0.02436,0.05
2023-05-07,271.17,0.038195,0.05
2023-05-08,270.87,0.032812,0.05
2023-05-09,270.62,0.02366,0.05
2023-05-10,270.41,0.012632,0.05
2023-05-11,270.2,0.005342,0.05
2023-05-12,270.29,0.001539,0.05
2023-05-13,271.32,0.002506,0.05
2023-05-14,272.34,0.011921,0.05
2023-05-15,271.66,0.021152,0.05
2023-05-16,271.62,0.013938,0.05
2023-05-17,272.37,0.017682,0.05
2023-05-18,273.06,0.010459,0.05
2023-05-19,272.22,0.033991,0.05
2023-05-20,272.31,0.021643,0.05
2023-05-21,271.93,0.00966,0.05
2023-05-22,273.61,0.003072,0.05
2023-05-23,272.65,0.003472,0.05
2023-05-24,274.52,0.01372,0.05
2023-05-25,274.57,0.049733,0.05
2023-05-26,273.44,0.02925,0.05
2023-05-27,273.1,0.014582,0.05
2023-05-28,273.52,0.00915,0.05
2023-05-29,274.82,0.006206,0.05
2023-05-30,275.35,0.004269,0.05
2023-05-31,275.65,0.013363,0.05
2023-06-01,276.02,0.034077,0.05
2023-06-02,275.5,0.025199,0.05
2023-06-03,274.0,0.02191,0.05
2023-06-04,275.51,0.010455,0.05
2023-06-05,275.73,0.014458,0.05
2023-06-06,274.94,0.005692,0.05
2023-06-07,275.65,0.004264,0.05
2023-06-08,275.86,0.001854,0.05
2023-06-09,276.61,0.009147,0.05
2023-06-10,277.49,0.009717,0.05
2023-06-11,277.81,0.011744,0.05
2023-06-12,278.15,0.035166,0.05
2023-06-13,278.35,0.052231,0.05
2023-06-14,278.08,0.06119,0.05
2023-06-15,277.12,0.047604,0.05
2023-06-16,277.44,0.031491,0.05
2023-06-17,277.98,0.029132,0.05
2023-06-18,278.34,0.025433,0.05
2023-06-19,277.82,0.036962,0.05
2023-06-20,278.01,0.037394,0.05
2023-06-21,278.87,0.016972,0.05
2023-06-22,279.44,0.022448,0.05
2023-06-23,279.93,0.011752,0.05
2023-06-24,279.42,0.00839,0.05
2023-06-25,279.03,0.008021,0.05
2023-06-26,278.61,0.004194,0.05
2023-06-27,278.39,0.007644,0.05
2023-06-28,278.61,0.012406,0.05
2023-06-29,278.72,0.013603,0.05
2023-06-30,278.69,0.01502,0.05
2023-07-01,278.93,0.022357,0.05
2023-07-02,279.16,0.014284,0.05
2023-07-03,279.24,0.018187,0.05
2023-07-04,278.9,0.028714,0.05
2023-07-05,278.79,0.022573,0.05
2023-07-06,279.35,0.01116,0.05
2023-07-07,279.75,0.010149,0.05
2023-07-08,280.3,0.013263,0.05
2023-07-09,280.65,0.010684,0.05
2023-07-10,280.32,0.015555,0.05
2023-07-11,280.12,0.024101,0.05
2023-07-12,280.03,0.040893,0.05
2023-07-13,280.08,0.038073,0.05
2023-07-14,280.21,0.025005,0.05
2023-07-15,280.49,0.012795,0.05
2023-07-16,280.57,0.012088,0.05
2023-07-17,280.2,0.019818,0.05
2023-07-18,279.27,0.016917,0.05
2023-07-19,279.97,0.007857,0.05
2023-07-20,280.82,0.009391,0.05
2023-07-21,280.43,0.008697,0.05
2023-07-22,279.8,0.00513,0.05
2023-07-23,279.36,0.017619,0.05
2023-07-24,278.87,0.024798,0.05
2023-07-25,279.22,0.025645,0.05
2023-07-26,279.59,0.0151,0.05
2023-07-27,279.74,0.013311,0.05
2023-07-28,280.25,0.030288,0.05
2023-07-29,280.15,0.020285,0.05
2023-07-30,280.26,0.011095,0.05
2023-07-31,280.9,0.009728,0.05
2023-08-01,280.83,0.005879,0.05
2023-08-02,280.94,0.005837,0.05
2023-08-03,280.62,0.004406,0.05
2023-08-04,280.47,0.019805,0.05
2023-08-05,280.38,0.031338,0.05
2023-08-06,280.63,0.012361,0.05
2023-08-07,280.57,0.013811,0.05
2023-08-08,280.55,0.008708,0.05
2023-08-09,280.77,0.011761,0.05
2023-08-10,280.5,0.009592,0.05
2023-08-11,280.77,0.013251,0.05
2023-08-12,281.06,0.037632,0.05
2023-08-13,279.93,0.047641,0.05
2023-08-14,279.75,0.00795,0.05
2023-08-15,280.16,0.011437,0.05
2023-08-16,280.66,0.017848,0.05
2023-08-17,279.96,0.016312,0.05
2023-08-18,280.41,0.008239,0.05
2023-08-19,280.49,0.009942,0.05
2023-08-20,280.42,0.024004,0.05
2023-08-21,280.35,0.021723,0.05
2023-08-22,280.58,0.016326,0.05
2023-08-23,280.15,0.025801,0.05
2023-08-24,279.61,0.062474,0.05
2023-08-25,279.15,0.06568,0.05
2023-08-26,279.27,0.018895,0.05
2023-08-27,279.94,0.036299,0.05
2023-08-28,278.62,0.041752,0.05
2023-08-29,279.22,0.006959,0.05
2023-08-30,280.07,0.003918,0.05
2023-08-31,280.14,0.004311,0.05
2023-09-01,280.62,0.005864,0.05
2023-09-02,280.13,0.002691,0.05
2023-09-03,279.36,0.00353,0.05
2023-09-04,278.86,0.001486,0.05
2023-09-05,278.28,0.001032,0.05
2023-09-06,278.67,0.000604,0.05
2023-09-07,279.3,0.000924,0.05
2023-09-08,279.43,0.007548,0.05
2023-09-09,279.06,0.006652,0.05
2023-09-10,279.46,0.012881,0.05
2023-09-11,279.99,0.010929,0.05
2023-09-12,280.24,0.012108,0.05
2023-09-13,280.12,0.004042,0.05
2023-09-14,279.89,0.001799,0.05
2023-09-15,279.09,0.001384,0.05
2023-09-16,278.77,0.000463,0.05
2023-09-17,278.81,0.00119,0.05
2023-09-18,278.41,0.001482,0.05
2023-09-19,278.7,0.002301,0.05
2023-09-20,279.2,0.005635,0.05
2023-09-21,279.2,0.02212,0.05
2023-09-22,278.41,0.021247,0.05
2023-09-23,277.18,0.017975,0.05
2023-09-24,277.26,0.008106,0.05
2023-09-25,277.19,0.009612,0.05
2023-09-26,277.63,0.004327,0.05
2023-09-27,277.7,0.001857,0.05
2023-09-28,277.84,0.001025,0.05
2023-09-29,277.82,0.000839,0.05
2023-09-30,278.02,0.003239,0.05
2023-10-01,278.56,0.00837,0.05
2023-10-02,278.36,0.008804,0.05
2023-10-03,278.29,0.005769,0.05
2023-10-04,277.84,0.017021,0.05
2023-10-05,277.73,0.007392,0.05
2023-10-06,276.84,0.010453,0.05
2023-10-07,276.44,0.025118,0.05
2023-10-08,276.3,0.020757,0.05
2023-10-09,276.35,0.006864,0.05
2023-10-10,275.39,0.030642,0.05
2023-10-11,273.69,0.017211,0.05
2023-10-12,273.13,0.004277,0.05
2023-10-13,272.42,0.007032,0.05
2023-10-14,272.31,0.011109,0.05
2023-10-15,272.03,0.015845,0.05
2023-10-16,271.66,0.013236,0.05
2023-10-17,270.7,0.005785,0.05
2023-10-18,269.51,0.019653,0.05
2023-10-19,269.2,0.012134,0.05
2023-10-20,269.14,0.00783,0.05
2023-10-21,269.79,0.001641,0.05
2023-10-22,269.95,0.000721,0.05
2023-10-23,268.73,0.000335,0.05
2023-10-24,268.69,0.00105,0.05
2023-10-25,268.92,0.001147,0.05
2023-10-26,268.74,0.002041,0.05
2023-10-27,268.15,0.0017,0.05
2023-10-28,269.27,0.001102,0.05
2023-10-29,270.72,0.002629,0.05
2023-10-30,269.29,0.00231,0.05
2023-10-31,269.45,0.002509,0.05
2023-11-01,268.58,0.005247,0.05
2023-11-02,267.2,0.005085,0.05
2023-11-03,267.21,0.020323,0.05
2023-11-04,265.71,0.013582,0.05
2023-11-05,265.9,0.001816,0.05
2023-11-06,266.39,0.003089,0.05
2023-11-07,266.88,0.00235,0.05
2023-11-08,267.4,0.018152,0.05
2023-11-09,268.15,0.012316,0.05
2023-11-10,267.66,0.010331,0.05
2023-11-11,266.45,0.012478,0.05
2023-11-12,266.23,0.001099,0.05
2023-11-13,267.44,0.000509,0.05
2023-11-14,269.06,0.000443,0.05
2023-11-15,269.22,0.000786,0.05
2023-11-16,268.92,0.000413,0.05
2023-11-17,267.5,0.000997,0.05
2023-11-18,267.92,0.003543,0.05
2023-11-19,269.39,0.007929,0.05
2023-11-20,268.46,0.013097,0.05
2023-11-21,265.51,0.012954,0.05
2023-11-22,265.07,0.001978,0.05
2023-11-23,266.37,0.001407,0.05
2023-11-24,265.41,0.001144,0.05
2023-11-25,265.83,0.00014,0.05
2023-11-26,267.47,4.7e-05,0.05
2023-11-27,269.62,0.000524,0.05
2023-11-28,268.61,0.003058,0.05
2023-11-29,265.41,0.006358,0.05
2023-11-30,265.67,0.009323,0.05
2023-12-01,266.13,0.012267,0.05
2023-12-02,263.87,0.003988,0.05
2023-12-03,263.84,0.007932,0.05
2023-12-04,267.76,0.01586,0.05
2023-12-05,268.01,0.019968,0.05
2023-12-06,267.68,0.011216,0.05
2023-12-07,266.22,0.013617,0.05
2023-12-08,264.62,0.003856,0.05
2023-12-09,265.72,0.013506,0.05
2023-12-10,264.54,0.011314,0.05
2023-12-11,263.73,0.015425,0.05
2023-12-12,263.84,0.020787,0.05
2023-12-13,260.03,0.013609,0.05
2023-12-14,262.27,0.003754,0.05
2023-12-15,265.4,0.000737,0.05
2023-12-16,267.61,0.007204,0.05
2023-12-17,266.38,0.015085,0.05
2023-12-18,265.15,0.011234,0.05
2023-12-19,263.95,0.003389,0.05
2023-12-20,263.11,0.0,0.05
2023-12-21,263.58,0.002872,0.05
2023-12-22,266.43,0.003767,0.05
2023-12-23,267.05,0.001956,0.05
2023-12-24,262.85,0.001388,0.05
2023-12-25,261.7,1e-06,0.05
2023-12-26,263.14,3e-06,0.05
2023-12-27,263.82,0.002296,0.05
2023-12-28,261.79,0.001403,0.05
2023-12-29,260.57,4e-06,0.05
2023-12-30,261.26,9e-06,0.05
2023-12-31,261.23,0.001946,0.05
2024-01-01,260.8,0.011244,0.05
2024-01-02,260.16,0.013896,0.05
2024-01-03,261.57,0.017376,0.05
2024-01-04,259.91,0.010548,0.05
2024-01-05,260.86,0.014387,0.05
2024-01-06,261.23,0.014936,0.05
2024-01-07,261.66,0.014021,0.05
2024-01-08,262.4,0.010127,0.05
2024-01-09,263.97,0.01681,0.05
2024-01-10,263.93,0.011437,0.05
2024-01-11,262.09,0.00035,0.05
2024-01-12,260.98,0.0,0.05
2024-01-13,263.66,3.1e-05,0.05
2024-01-14,262.52,0.002101,0.05
2024-01-15,261.81,0.002714,0.05
2024-01-16,262.62,0.009756,0.05
2024-01-17,261.87,0.019853,0.05
2024-01-18,260.51,0.015019,0.05
2024-01-19,261.3,0.010905,0.05
2024-01-20,262.85,0.012207,0.05
2024-01-21,261.3,0.008804,0.05
2024-01-22,263.8,0.004026,0.05
2024-01-23,262.4,0.00832,0.05
2024-01-24,260.64,0.011369,0.05
2024-01-25,258.93,0.004714,0.05
2024-01-26,258.84,0.01565,0.05
2024-01-27,258.77,0.00994,0.05
2024-01-28,260.37,0.003962,0.05
2024-01-29,261.3,0.008238,0.05
2024-01-30,261.09,0.01192,0.05
2024-01-31,261.8,0.018999,0.05
2024-02-01,262.53,0.027489,0.05
2024-02-02,261.34,0.02423,0.05
2024-02-03,261.45,0.015302,0.05
2024-02-04,263.6,0.027193,0.05
2024-02-05,263.72,0.032978,0.05
2024-02-06,263.62,0.02682,0.05
2024-02-07,264.93,0.018168,0.05
2024-02-08,263.32,0.010759,0.05
2024-02-09,262.03,0.003943,0.05
2024-02-10,262.33,0.000512,0.05
2024-02-11,260.36,0.000294,0.05
2024-02-12,261.44,0.003265,0.05
2024-02-13,264.35,0.01203,0.05
2024-02-14,265.03,0.016857,0.05
2024-02-15,262.81,0.001867,0.05
2024-02-16,262.45,0.007537,0.05
2024-02-17,264.67,0.009063,0.05
2024-02-18,266.29,0.011984,0.05
2024-02-19,266.12,0.018081,0.05
2024-02-20,264.68,0.035896,0.05
2024-02-21,264.18,0.043977,0.05
2024-02-22,263.33,0.037719,0.05
2024-02-23,261.04,0.023352,0.05
2024-02-24,261.11,0.01744,0.05
2024-02-25,262.79,0.010843,0.05
2024-02-26,265.08,0.004702,0.05
2024-02-27,265.44,0.012558,0.05
2024-02-28,264.44,0.018311,0.05
2024-02-29,264.82,0.012075,0.05
2024-03-01,266.41,0.010327,0.05
2024-03-02,266.64,0.017874,0.05
2024-03-03,266.51,0.045252,0.05
2024-03-04,264.35,0.03481,0.05
2024-03-05,263.86,0.021777,0.05
2024-03-06,264.1,0.024086,0.05
2024-03-07,263.81,0.025617,0.05
2024-03-08,263.17,0.023484,0.05
2024-03-09,263.73,0.010902,0.05
2024-03-10,266.81,0.003092,0.05
2024-03-11,268.39,0.017083,0.05
2024-03-12,267.04,0.025238,0.05
2024-03-13,266.61,0.019847,0.05
2024-03-14,265.82,0.01741,0.05
2024-03-15,266.67,0.01014,0.05
2024-03-16,265.97,0.004876,0.05
2024-03-17,264.91,0.002993,0.05
2024-03-18,265.33,0.007259,0.05
2024-03-19,265.01,0.006635,0.05
2024-03-20,266.13,0.010165,0.05
2024-03-21,266.96,0.006033,0.05
2024-03-22,267.48,0.009449,0.05
2024-03-23,265.92,0.006743,0.05
2024-03-24,267.26,0.012496,0.05
2024-03-25,265.91,0.017045,0.05
2024-03-26,266.07,0.004955,0.05
2024-03-27,268.41,0.010999,0.05
2024-03-28,270.57,0.01306,0.05
2024-03-29,270.83,0.006244,0.05
2024-03-30,270.31,0.012855,0.05
2024-03-31,268.82,0.01822,0.05
2024-04-01,270.02,0.008934,0.05
2024-04-02,271.05,0.015368,0.05
2024-04-03,270.96,0.018148,0.05
2024-04-04,270.9,0.01291,0.05
2024-04-05,270.94,0.019926,0.05
2024-04-06,269.96,0.020298,0.05
2024-04-07,269.2,0.016214,0.05
2024-04-08,267.86,0.013506,0.05
2024-04-09,266.17,0.004394,0.05
2024-04-10,265.95,0.003477,0.05
2024-04-11,266.86,0.00744,0.05
2024-04-12,267.99,0.004466,0.05
2024-04-13,268.71,0.003687,0.05
2024-04-14,270.22,0.005397,0.05
2024-04-15,272.59,0.012536,0.05
2024-04-16,271.74,0.022293,0.05
2024-04-17,271.83,0.008512,0.05
2024-04-18,272.21,0.013452,0.05
2024-04-19,271.98,0.010333,0.05
2024-04-20,271.79,0.0139,0.05
2024-04-21,271.54,0.009641,0.05
2024-04-22,271.83,0.007899,0.05
2024-04-23,270.54,0.00947,0.05
2024-04-24,270.34,0.007766,0.05
2024-04-25,270.92,0.007035,0.05
2024-04-26,270.85,0.004028,0.05
2024-04-27,271.48,0.009653,0.05
2024-04-28,272.16,0.00558,0.05
2024-04-29,272.71,0.005329,0.05
2024-04-30,272.92,0.006361,0.05
2024-05-01,271.08,0.015042,0.05
2024-05-02,268.16,0.003767,0.05
2024-05-03,271.95,0.000389,0.05
2024-05-04,271.87,0.006934,0.05
2024-05-05,271.13,0.013658,0.05
2024-05-06,272.01,0.015381,0.05
2024-05-07,271.9,0.013053,0.05
2024-05-08,271.98,0.009357,0.05
2024-05-09,272.6,0.005819,0.05
2024-05-10,272.45,0.004836,0.05
2024-05-11,274.27,0.021828,0.05
2024-05-12,272.73,0.03801,0.05
2024-05-13,273.97,0.009611,0.05
2024-05-14,274.56,0.007027,0.05
2024-05-15,274.61,0.020139,0.05
2024-05-16,274.87,0.022928,0.05
2024-05-17,275.95,0.007527,0.05
2024-05-18,275.3,0.018881,0.05
2024-05-19,275.6,0.008773,0.05
2024-05-20,275.62,0.005156,0.05
2024-05-21,276.5,0.004073,0.05
2024-05-22,276.68,0.004244,0.05
2024-05-23,276.92,0.002712,0.05
2024-05-24,277.66,0.002005,0.05
2024-05-25,278.57,0.003556,0.05
2024-05-26,278.75,0.004704,0.05
2024-05-27,279.17,0.016681,0.05
2024-05-28,278.69,0.0451,0.05
2024-05-29,276.98,0.022996,0.05
2024-05-30,277.38,0.027725,0.05
2024-05-31,277.65,0.056443,0.05
2024-06-01,276.89,0.031376,0.05
2024-06-02,276.97,0.041458,0.05
2024-06-03,276.39,0.01337,0.05
2024-06-04,276.41,0.029286,0.05
2024-06-05,276.89,0.019974,0.05
2024-06-06,277.67,0.021019,0.05
2024-06-07,277.92,0.024635,0.05
2024-06-08,277.97,0.017509,0.05
2024-06-09,278.8,0.020487,0.05
2024-06-10,279.21,0.013234,0.05
2024-06-11,279.06,0.023408,0.05
2024-06-12,278.66,0.014745,0.05
2024-06-13,279.37,0.025522,0.05
2024-06-14,279.43,0.035799,0.05
2024-06-15,279.49,0.033158,0.05
2024-06-16,279.78,0.035159,0.05
2024-06-17,280.17,0.040532,0.05
2024-06-18,280.55,0.031941,0.05
2024-06-19,279.67,0.067346,0.05
2024-06-20,279.33,0.039741,0.05
2024-06-21,279.37,0.022523,0.05
2024-06-22,279.59,0.005913,0.05
2024-06-23,280.11,0.006647,0.05
2024-06-24,280.76,0.023758,0.05
2024-06-25,280.9,0.050788,0.05
2024-06-26,279.21,0.04849,0.05
2024-06-27,279.65,0.011854,0.05
2024-06-28,280.36,0.049759,0.05
2024-06-29,280.27,0.027982,0.05
2024-06-30,280.76,0.039409,0.05
2024-07-01,280.94,0.022827,0.05
2024-07-02,280.6,0.020697,0.05
2024-07-03,280.68,0.021549,0.05
2024-07-04,280.65,0.014389,0.05
2024-07-05,280.23,0.024571,0.05
2024-07-06,279.38,0.062133,0.05
2024-07-07,280.01,0.012712,0.05
2024-07-08,280.5,0.018395,0.05
2024-07-09,281.0,0.040011,0.05
2024-07-10,281.06,0.027515,0.05
2024-07-11,280.96,0.079407,0.05
2024-07-12,279.23,0.037495,0.05
2024-07-13,280.21,0.008169,0.05
2024-07-14,280.93,0.015035,0.05
2024-07-15,281.49,0.005615,0.05
2024-07-16,280.78,0.016986,0.05
2024-07-17,280.59,0.017445,0.05
2024-07-18,281.05,0.027442,0.05
2024-07-19,280.77,0.014213,0.05
2024-07-20,281.24,0.0065,0.05
2024-07-21,280.87,0.018788,0.05
2024-07-22,281.06,0.006317,0.05
2024-07-23,281.01,0.009825,0.05
2024-07-24,281.11,0.007038,0.05
2024-07-25,281.45,0.009642,0.05
2024-07-26,281.75,0.005632,0.05
2024-07-27,281.73,0.002951,0.05
2024-07-28,282.16,0.014418,0.05
2024-07-29,281.95,0.013227,0.05
2024-07-30,282.0,0.022877,0.05
2024-07-31,281.08,0.007834,0.05
2024-08-01,280.42,0.005295,0.05
2024-08-02,280.54,0.021732,0.05
2024-08-03,280.22,0.014619,0.05
2024-08-04,280.45,0.003796,0.05
2024-08-05,280.79,0.030265,0.05
2024-08-06,279.67,0.035637,0.05
2024-08-07,280.21,0.013795,0.05
2024-08-08,280.22,0.016023,0.05
2024-08-09,280.33,0.013049,0.05
2024-08-10,280.22,0.016862,0.05
2024-08-11,279.31,0.027007,0.05
2024-08-12,280.88,0.017768,0.05
2024-08-13,280.58,0.019082,0.05
2024-08-14,280.75,0.00927,0.05
2024-08-15,281.2,0.012771,0.05
2024-08-16,280.86,0.003752,0.05
2024-08-17,280.85,0.007221,0.05
2024-08-18,280.44,0.011802,0.05
2024-08-19,279.98,0.011743,0.05
2024-08-20,280.04,0.018157,0.05
2024-08-21,279.91,0.011492,0.05
2024-08-22,279.98,0.005812,0.05
2024-08-23,279.88,0.007002,0.05
2024-08-24,279.61,0.00301,0.05
2024-08-25,279.74,0.003038,0.05
2024-08-26,279.37,0.00455,0.05
2024-08-27,279.5,0.003256,0.05
2024-08-28,279.48,0.002672,0.05
2024-08-29,279.23,0.002477,0.05
2024-08-30,279.92,0.000805,0.05
2024-08-31,280.89,0.012248,0.05
2024-09-01,279.66,0.026065,0.05
2024-09-02,279.66,0.004287,0.05
2024-09-03,279.66,0.004069,0.05
2024-09-04,279.6,0.011833,0.05
2024-09-05,279.44,0.015262,0.05
2024-09-06,279.7,0.003619,0.05
2024-09-07,280.07,0.002148,0.05
2024-09-08,280.39,0.002159,0.05
2024-09-09,280.16,0.004495,0.05
2024-09-10,280.03,0.001859,0.05
2024-09-11,279.75,0.002801,0.05
2024-09-12,279.43,0.0062,0.05
2024-09-13,279.22,0.003487,0.05
2024-09-14,279.02,0.004413,0.05
2024-09-15,278.86,0.011717,0.05
2024-09-16,278.16,0.007908,0.05
2024-09-17,278.48,0.000576,0.05
2024-09-18,278.99,0.000705,0.05
2024-09-19,279.83,0.001427,0.05
2024-09-20,280.16,0.007412,0.05
2024-09-21,279.79,0.001738,0.05
2024-09-22,279.61,0.000407,0.05
2024-09-23,279.83,0.000756,0.05
2024-09-24,279.5,0.012583,0.05
2024-09-25,278.89,0.016592,0.05
2024-09-26,277.9,0.051789,0.05
2024-09-27,277.13,0.044815,0.05
2024-09-28,276.82,0.026531,0.05
2024-09-29,276.9,0.005377,0.05
2024-09-30,277.16,0.001771,0.05
2024-10-01,278.31,0.006892,0.05
2024-10-02,278.55,0.015523,0.05
2024-10-03,277.29,0.025883,0.05
2024-10-04,277.04,0.018119,0.05
2024-10-05,277.16,0.018594,0.05
2024-10-06,276.26,0.002983,0.05
2024-10-07,275.0,0.001988,0.05
2024-10-08,275.31,0.005423,0.05
2024-10-09,275.35,0.011897,0.05
2024-10-10,275.13,0.020867,0.05
2024-10-11,274.09,0.025382,0.05
2024-10-12,273.54,0.020819,0.05
2024-10-13,273.05,0.008856,0.05
2024-10-14,273.48,0.015454,0.05
2024-10-15,273.11,0.01216,0.05
2024-10-16,273.75,0.01801,0.05
2024-10-17,272.92,0.009288,0.05
2024-10-18,272.23,0.019006,0.05
2024-10-19,270.49,0.011965,0.05
2024-10-20,269.82,0.012132,0.05
2024-10-21,269.87,0.001283,0.05
2024-10-22,270.94,0.000318,0.05
2024-10-23,271.15,0.001731,0.05
2024-10-24,272.18,0.001372,0.05
2024-10-25,273.06,0.00161,0.05
2024-10-26,272.54,0.003473,0.05
2024-10-27,273.69,0.003595,0.05
2024-10-28,273.72,0.005683,0.05
2024-10-29,273.12,0.00712,0.05
2024-10-30,274.07,0.009832,0.05
