date,temperature_2m_k,total_precip_m_day,snow_depth_m_we
2016-01-01,254.55,0.0,0.6128
2016-01-02,254.23,0.0,0.5905
2016-01-03,257.84,0.0,0.4581
2016-01-04,251.98,0.0,0.2972
2016-01-05,254.99,0.000249,0.517
2016-01-06,252.39,0.0,0.4625
2016-01-07,253.15,0.0,0.2688
2016-01-08,254.91,0.0,0.4787
2016-01-09,255.19,0.0,0.3146
2016-01-10,253.16,0.0,0.3874
2016-01-11,254.39,0.0,0.5348
2016-01-12,252.77,0.0,0.5021
2016-01-13,255.8,0.0,0.4842
2016-01-14,255.43,0.0,0.4816
2016-01-15,256.05,0.0,0.2727
2016-01-16,251.86,0.0,0.4136
2016-01-17,255.03,0.0,0.3117
2016-01-18,253.42,0.0,0.2705
2016-01-19,256.51,0.001115,0.3723
2016-01-20,254.44,0.0,0.6565
2016-01-21,255.94,0.0,0.6158
2016-01-22,249.56,0.0,0.413
2016-01-23,255.37,0.0,0.3455
2016-01-24,254.39,0.0,0.5174
2016-01-25,252.42,0.0,0.5178
2016-01-26,255.61,0.00029,0.4355
2016-01-27,255.75,0.0,0.524
2016-01-28,256.77,0.0,0.5705
2016-01-29,257.26,0.001659,0.181
2016-01-30,251.71,0.0,0.4082
2016-01-31,254.73,0.0,0.672
2016-02-01,256.36,0.0,0.2318
2016-02-02,255.01,0.0,0.5525
2016-02-03,253.77,0.0,0.2591
2016-02-04,260.26,0.0,0.5445
2016-02-05,258.2,0.0,0.5684
2016-02-06,260.86,0.0,0.5693
2016-02-07,259.59,0.0,0.5688
2016-02-08,259.53,0.0,0.5239
2016-02-09,254.83,0.0,0.6171
2016-02-10,255.23,0.0,0.2553
2016-02-11,258.98,0.0,0.5042
2016-02-12,256.37,0.001239,0.5208
2016-02-13,258.06,0.0,0.5374
2016-02-14,256.17,0.0,0.6365
2016-02-15,258.99,0.0,0.4784
2016-02-16,256.05,0.0,0.4282
2016-02-17,256.0,0.0,0.5062
2016-02-18,257.53,0.0,0.5091
2016-02-19,257.68,0.0,0.2449
2016-02-20,260.22,0.0,0.3797
2016-02-21,259.82,0.0,0.3331
2016-02-22,260.0,0.0,0.382
2016-02-23,260.33,0.0,0.6645
2016-02-24,259.55,0.0,0.6816
2016-02-25,258.47,0.0,0.4133
2016-02-26,259.91,0.0,0.5617
2016-02-27,258.09,0.0,0.1539
2016-02-28,260.2,0.0,0.4808
2016-02-29,264.67,0.001629,0.2977
2016-03-01,263.61,0.0,0.4141
2016-03-02,261.33,0.0,0.3532
2016-03-03,260.02,0.0,0.5713
2016-03-04,260.35,0.000243,0.5074
2016-03-05,261.77,0.0,0.3952
2016-03-06,261.89,0.0,0.5847
2016-03-07,261.5,0.0,0.5135
2016-03-08,263.72,0.000182,0.26
2016-03-09,263.32,0.0,0.3881
2016-03-10,263.02,0.0003,0.3453
2016-03-11,263.17,0.0,0.5132
2016-03-12,262.14,0.0,0.3597
2016-03-13,263.21,0.0,0.3928
2016-03-14,260.61,0.0,0.4998
2016-03-15,262.35,0.0,0.449
2016-03-16,265.72,0.0,0.4777
2016-03-17,262.27,0.000419,0.4033
2016-03-18,266.74,0.0,0.4829
2016-03-19,264.97,0.0,0.4493
2016-03-20,265.76,0.0,0.5558
2016-03-21,266.55,0.0,0.2799
2016-03-22,262.61,0.000839,0.4406
2016-03-23,265.06,0.000382,0.3388
2016-03-24,267.14,0.000438,0.3314
2016-03-25,266.45,0.0,0.3213
2016-03-26,261.63,0.0,0.4328
2016-03-27,265.8,0.0,0.6313
2016-03-28,266.24,0.0,0.4537
2016-03-29,268.18,0.0,0.2211
2016-03-30,266.73,0.002223,0.5249
2016-03-31,269.99,0.0,0.4126
2016-04-01,265.81,0.0,0.3839
2016-04-02,267.51,0.000407,0.5032
2016-04-03,266.94,0.0,0.4405
2016-04-04,269.05,0.000665,0.5982
2016-04-05,268.89,0.000304,0.3764
2016-04-06,271.6,0.0,0.6459
2016-04-07,269.67,0.000426,0.3727
2016-04-08,265.47,5.9e-05,0.3405
2016-04-09,268.67,0.0,0.4412
2016-04-10,269.64,0.0,0.472
2016-04-11,269.4,0.001461,0.4081
2016-04-12,272.13,0.0,0.529
2016-04-13,272.61,0.000373,0.4162
2016-04-14,271.41,0.0,0.4245
2016-04-15,268.58,0.0,0.4732
2016-04-16,268.7,0.0,0.1655
2016-04-17,269.99,0.0,0.5772
2016-04-18,267.49,0.001642,0.6019
2016-04-19,271.04,0.0,0.6113
2016-04-20,273.0,0.0,0.3701
2016-04-21,270.22,0.0,0.3398
2016-04-22,272.28,0.000783,0.3854
2016-04-23,271.61,0.0,0.5135
2016-04-24,272.3,0.0,0.645
2016-04-25,272.39,0.0,0.4282
2016-04-26,272.79,0.0,0.2895
2016-04-27,267.2,0.000293,0.2849
2016-04-28,274.13,0.0,0.3668
2016-04-29,270.52,0.0,0.0745
2016-04-30,273.5,0.0,0.3084
2016-05-01,274.83,0.0,0.0989
2016-05-02,276.57,0.0,0.0735
2016-05-03,273.52,0.0,0.0494
2016-05-04,273.87,0.0,0.058
2016-05-05,273.54,0.0,0.0366
2016-05-06,273.92,0.0,0.0
2016-05-07,275.17,0.0,0.0703
2016-05-08,271.19,0.0,0.0705
2016-05-09,274.03,0.000292,0.0554
2016-05-10,275.21,0.0,0.0
2016-05-11,273.66,0.0,0.0089
2016-05-12,272.05,0.0,0.0548
2016-05-13,276.76,0.001274,0.0707
2016-05-14,275.36,0.001391,0.109
2016-05-15,275.73,0.0,0.0463
2016-05-16,276.6,0.001275,0.0458
2016-05-17,275.26,0.0,0.0135
2016-05-18,274.27,0.001093,0.0984
2016-05-19,276.98,0.0,0.0914
2016-05-20,277.03,0.0,0.0254
2016-05-21,270.94,0.0,0.0467
2016-05-22,273.47,0.0,0.1654
2016-05-23,272.88,0.000723,0.0463
2016-05-24,272.43,0.000187,0.1026
2016-05-25,273.43,0.0,0.1256
2016-05-26,275.35,0.0,0.0676
2016-05-27,275.84,0.0,0.0732
2016-05-28,278.45,0.000315,0.0859
2016-05-29,276.37,0.0,0.0016
2016-05-30,275.84,0.0,0.0667
2016-05-31,274.42,0.0,0.0176
2016-06-01,276.78,0.0,0.0347
2016-06-02,279.24,0.068287,0.0128
2016-06-03,275.82,0.0,0.0606
2016-06-04,274.65,0.036516,0.024
2016-06-05,277.18,0.0,0.0544
2016-06-06,278.36,0.000227,0.032
2016-06-07,275.34,0.009552,0.0516
2016-06-08,273.8,0.07454,0.0687
2016-06-09,276.41,0.0,0.117
2016-06-10,273.18,0.0,0.0214
2016-06-11,278.15,0.0,0.018
2016-06-12,276.48,0.0,0.015
2016-06-13,278.68,0.0,0.0
2016-06-14,276.33,0.005401,0.1089
2016-06-15,279.37,0.000831,0.0386
2016-06-16,278.8,0.006676,0.0533
2016-06-17,279.04,0.019161,0.0665
2016-06-18,277.43,0.004323,0.0183
2016-06-19,277.45,0.014366,0.0
2016-06-20,277.02,0.003672,0.1071
2016-06-21,276.14,0.0,0.0967
2016-06-22,277.24,0.0,0.0236
2016-06-23,278.75,0.009661,0.0424
2016-06-24,277.37,0.026423,0.0237
2016-06-25,277.3,0.001462,0.0
2016-06-26,275.15,0.015877,0.0411
2016-06-27,278.82,0.010678,0.0936
2016-06-28,275.48,0.0,0.0
2016-06-29,281.91,0.0,0.0205
2016-06-30,276.38,0.0,0.1322
2016-07-01,277.21,0.003966,0.1
2016-07-02,278.63,0.000924,0.0
2016-07-03,278.08,0.042965,0.0331
2016-07-04,275.17,0.003866,0.0469
2016-07-05,277.14,0.007235,0.0102
2016-07-06,278.41,0.0,0.0305
2016-07-07,277.23,0.0,0.0043
2016-07-08,274.55,0.005964,0.0
2016-07-09,275.72,0.0,0.0717
2016-07-10,276.3,0.00012,0.0268
2016-07-11,278.76,0.01169,0.0434
2016-07-12,278.38,0.016629,0.162
2016-07-13,278.96,0.014332,0.0363
2016-07-14,272.66,0.071939,0.0747
2016-07-15,278.17,0.089253,0.054
2016-07-16,274.73,0.005925,0.0053
2016-07-17,275.57,0.003144,0.0489
2016-07-18,275.86,0.0,0.0589
2016-07-19,275.2,0.020832,0.089
2016-07-20,277.16,0.009791,0.0663
2016-07-21,278.1,0.004225,0.0448
2016-07-22,278.64,0.0,0.0363
2016-07-23,273.9,0.012803,0.0519
2016-07-24,272.46,0.007228,0.0911
2016-07-25,274.28,0.0,0.0225
2016-07-26,276.02,0.002199,0.0962
2016-07-27,276.32,0.003012,0.0146
2016-07-28,274.71,0.0,0.1411
2016-07-29,274.51,0.0,0.0226
2016-07-30,273.22,0.038045,0.0209
2016-07-31,272.88,0.011247,0.1399
2016-08-01,275.12,0.0,0.0868
2016-08-02,274.53,0.0,0.0104
2016-08-03,274.16,0.007272,0.0273
2016-08-04,271.93,0.0,0.0
2016-08-05,275.14,0.012997,0.0274
2016-08-06,274.04,0.014908,0.0411
2016-08-07,274.26,0.0,0.0
2016-08-08,274.09,0.021403,0.0
2016-08-09,273.35,0.0,0.1607
2016-08-10,273.55,0.008704,0.0649
2016-08-11,269.71,0.009517,0.0363
2016-08-12,275.75,0.012118,0.064
2016-08-13,272.96,0.030709,0.0063
2016-08-14,269.45,0.007694,0.047
2016-08-15,273.34,0.006717,0.0861
2016-08-16,272.17,0.003017,0.0531
2016-08-17,273.15,0.042995,0.0578
2016-08-18,268.68,0.000707,0.0
2016-08-19,271.59,0.001021,0.0
2016-08-20,267.31,0.0,0.0119
2016-08-21,272.7,0.013305,0.0642
2016-08-22,269.06,0.028497,0.0594
2016-08-23,273.93,0.031805,0.0422
2016-08-24,271.04,0.0,0.1073
2016-08-25,270.68,0.012632,0.0188
2016-08-26,271.28,0.0,0.0273
2016-08-27,271.04,0.008671,0.0369
2016-08-28,270.48,0.010425,0.052
2016-08-29,270.33,0.004117,0.0098
2016-08-30,270.25,0.000275,0.0879
2016-08-31,270.2,0.038623,0.0739
2016-09-01,268.68,0.0,0.0659
2016-09-02,268.32,0.010635,0.0361
2016-09-03,269.14,0.026488,0.164
2016-09-04,266.79,0.0,0.0309
2016-09-05,267.38,0.001694,0.012
2016-09-06,270.95,0.000253,0.0361
2016-09-07,268.59,0.066418,0.0254
2016-09-08,264.3,0.055284,0.0
2016-09-09,269.92,0.0,0.0565
2016-09-10,263.27,0.010333,0.0196
2016-09-11,267.2,0.000342,0.0729
2016-09-12,265.31,0.022072,0.0043
2016-09-13,269.77,0.0,0.016
2016-09-14,264.26,0.043678,0.112
2016-09-15,263.98,0.0,0.018
2016-09-16,270.26,0.0,0.0247
2016-09-17,265.29,0.011351,0.0547
2016-09-18,267.42,0.0,0.058
2016-09-19,264.38,0.003682,0.0174
2016-09-20,265.48,0.002011,0.026
2016-09-21,262.46,0.052227,0.0951
2016-09-22,260.99,0.0,0.0621
2016-09-23,261.58,0.0,0.0105
2016-09-24,263.76,0.001467,0.0203
2016-09-25,263.72,0.04647,0.0109
2016-09-26,264.74,0.034133,0.0764
2016-09-27,262.15,0.005563,0.0385
2016-09-28,262.52,0.002845,0.0585
2016-09-29,265.15,0.003089,0.0153
2016-09-30,263.58,0.061805,0.062
2016-10-01,263.6,0.0,0.1098
2016-10-02,264.23,0.0,0.0843
2016-10-03,261.61,0.0,0.1106
2016-10-04,259.72,0.0,0.0677
2016-10-05,261.33,0.0,0.0468
2016-10-06,263.85,0.000987,0.0797
2016-10-07,263.41,0.0,0.0787
2016-10-08,262.74,0.0,0.0703
2016-10-09,258.67,0.0,0.0065
2016-10-10,262.03,0.0,0.0631
2016-10-11,260.01,0.0,0.0765
2016-10-12,259.17,0.0,0.0375
2016-10-13,259.77,0.0,0.0727
2016-10-14,257.97,0.001353,0.0449
2016-10-15,258.14,0.0,0.1002
2016-10-16,257.56,0.0,0.0217
2016-10-17,259.24,0.0,0.0183
2016-10-18,257.63,0.0,0.1227
2016-10-19,259.34,0.0,0.0645
2016-10-20,258.16,0.0,0.0546
2016-10-21,258.64,0.0,0.0682
2016-10-22,259.47,0.0,0.0
2016-10-23,257.08,0.0,0.027
2016-10-24,258.28,0.0,0.0154
2016-10-25,259.55,0.000499,0.0612
2016-10-26,256.74,0.0,0.0367
2016-10-27,255.25,0.00153,0.1161
2016-10-28,259.44,0.0,0.0906
2016-10-29,258.63,0.0,0.026
2016-10-30,257.1,0.0,0.0593
2016-10-31,257.85,0.0,0.0467
2016-11-01,255.45,0.000354,0.6653
2016-11-02,259.59,0.0,0.5638
2016-11-03,258.38,0.0,0.1478
2016-11-04,255.71,0.0,0.3738
2016-11-05,259.03,0.0,0.4802
2016-11-06,258.61,0.0,0.4811
2016-11-07,256.89,0.0,0.5344
2016-11-08,255.92,0.0,0.5186
2016-11-09,251.88,0.0,0.402
2016-11-10,253.83,0.000292,0.2793
2016-11-11,256.24,0.0,0.3163
2016-11-12,257.49,9.1e-05,0.3989
2016-11-13,254.52,0.0,0.4016
2016-11-14,258.68,0.0,0.3403
2016-11-15,256.93,0.000596,0.6518
2016-11-16,255.62,0.0,0.5914
2016-11-17,256.35,0.0,0.5788
2016-11-18,258.24,0.001613,0.8506
2016-11-19,253.26,0.000297,0.7828
2016-11-20,255.97,0.000679,0.2925
2016-11-21,253.4,0.0,0.2779
2016-11-22,252.49,0.0,0.4408
2016-11-23,252.14,0.0,0.4851
2016-11-24,251.72,0.0,0.4953
2016-11-25,252.49,0.0,0.2807
2016-11-26,252.87,0.0,0.1598
2016-11-27,254.3,0.0,0.5394
2016-11-28,251.47,0.0,0.3395
2016-11-29,251.49,0.0,0.6769
2016-11-30,253.61,0.0,0.3607
2016-12-01,256.65,0.0,0.4817
2016-12-02,250.85,0.0,0.2637
2016-12-03,253.96,0.0,0.4694
2016-12-04,248.85,0.0,0.4707
2016-12-05,253.59,0.0,0.4331
2016-12-06,252.48,0.0,0.6379
2016-12-07,251.88,0.0,0.331
2016-12-08,254.86,0.0,0.3364
2016-12-09,256.03,0.0,0.1839
2016-12-10,251.52,0.003041,0.4739
2016-12-11,252.81,0.000275,0.3828
2016-12-12,255.05,0.0,0.4632
2016-12-13,252.18,0.0,0.4762
2016-12-14,254.89,0.0,0.3966
2016-12-15,253.75,0.0,0.5462
2016-12-16,250.86,0.0,0.4991
2016-12-17,251.53,0.000637,0.5105
2016-12-18,256.15,0.0,0.4257
2016-12-19,253.43,0.0,0.4398
2016-12-20,254.4,0.0,0.3532
2016-12-21,255.19,0.0,0.3301
2016-12-22,249.4,0.0,0.2862
2016-12-23,251.24,0.0,0.3918
2016-12-24,253.96,0.0,0.5369
2016-12-25,252.98,0.0,0.4845
2016-12-26,254.68,0.0,0.4808
2016-12-27,250.85,0.0,0.4694
2016-12-28,255.96,0.0,0.2885
2016-12-29,252.34,0.0,0.531
2016-12-30,252.28,0.0,0.5616
2016-12-31,251.5,0.0,0.4187
2017-01-01,253.01,0.0,0.6602
2017-01-02,253.85,0.0,0.5611
2017-01-03,255.08,0.0,0.6274
2017-01-04,253.76,0.0,0.2828
2017-01-05,249.91,0.000385,0.5567
2017-01-06,256.21,0.000152,0.7226
2017-01-07,251.06,0.0,0.28
2017-01-08,251.38,0.0,0.3459
2017-01-09,253.76,0.0,0.4245
2017-01-10,251.39,0.0,0.154
2017-01-11,256.11,0.0,0.3543
2017-01-12,248.58,0.000153,0.3814
2017-01-13,257.03,0.0,0.4442
2017-01-14,254.75,0.0,0.3584
2017-01-15,254.33,0.000683,0.4199
2017-01-16,252.58,0.0,0.4216
2017-01-17,253.14,0.000624,0.4077
2017-01-18,253.34,0.0,0.2537
2017-01-19,255.87,0.000605,0.5695
2017-01-20,255.24,0.0,0.4274
2017-01-21,254.75,0.0,0.5561
2017-01-22,253.48,0.0,0.5189
2017-01-23,256.39,0.0,0.4421
2017-01-24,254.73,0.0,0.6017
2017-01-25,256.54,0.0,0.3622
2017-01-26,256.65,0.000205,0.3795
2017-01-27,258.09,0.0,0.3778
2017-01-28,253.1,0.0,0.5216
2017-01-29,255.82,0.000435,0.3913
2017-01-30,257.09,0.0,0.5866
2017-01-31,257.46,0.00068,0.5509
2017-02-01,257.08,0.0,0.4313
2017-02-02,257.48,0.0,0.2461
2017-02-03,255.96,0.00037,0.3126
2017-02-04,257.65,0.0,0.3061
2017-02-05,256.56,0.000793,0.3689
2017-02-06,259.57,0.0,0.4157
2017-02-07,253.82,0.0,0.4061
2017-02-08,257.06,0.00084,0.4204
2017-02-09,260.15,0.000715,0.4329
2017-02-10,256.48,0.0,0.5906
2017-02-11,258.72,0.0,0.4849
2017-02-12,256.9,0.001248,0.3498
2017-02-13,258.88,0.0,0.4252
2017-02-14,259.29,0.0,0.4969
2017-02-15,257.08,0.0,0.4606
2017-02-16,258.51,0.0,0.2842
2017-02-17,258.88,0.0,0.4747
2017-02-18,261.82,0.000131,0.4602
2017-02-19,259.2,0.0,0.2428
2017-02-20,260.68,0.0,0.5444
2017-02-21,260.55,0.0,0.4458
2017-02-22,259.86,0.0,0.5493
2017-02-23,262.19,0.0,0.2807
2017-02-24,259.78,7.5e-05,0.5403
2017-02-25,259.14,0.000414,0.6303
2017-02-26,260.63,0.0,0.4539
2017-02-27,260.96,0.0,0.3674
2017-02-28,257.25,0.0,0.1026
2017-03-01,262.06,0.000562,0.6317
2017-03-02,258.81,0.0,0.4261
2017-03-03,263.36,0.000353,0.371
2017-03-04,266.69,0.0,0.5009
2017-03-05,263.33,0.0,0.5956
2017-03-06,261.98,0.00121,0.1738
2017-03-07,262.21,0.0,0.4237
2017-03-08,261.15,0.0,0.4305
2017-03-09,260.57,0.0,0.6306
2017-03-10,262.32,0.0,0.4388
2017-03-11,264.04,0.0,0.5183
2017-03-12,262.71,0.0,0.4281
2017-03-13,263.94,0.000676,0.4771
2017-03-14,265.04,0.0,0.453
2017-03-15,265.65,0.0,0.2419
2017-03-16,262.97,0.0,0.4949
2017-03-17,267.03,0.000368,0.2982
2017-03-18,264.79,0.0,0.4728
2017-03-19,264.59,0.0,0.4213
2017-03-20,264.67,0.000525,0.407
2017-03-21,271.47,0.0,0.4031
2017-03-22,264.67,0.0,0.5684
2017-03-23,264.3,0.0,0.4425
2017-03-24,266.37,0.0,0.7631
2017-03-25,264.57,0.0,0.5213
2017-03-26,266.76,0.0,0.3205
2017-03-27,262.52,0.0,0.5545
2017-03-28,268.69,0.0,0.5031
2017-03-29,269.85,0.0,0.3515
2017-03-30,264.95,0.0,0.3611
2017-03-31,268.2,0.0,0.3138
2017-04-01,265.73,0.0,0.4013
2017-04-02,265.68,0.0,0.6134
2017-04-03,267.67,0.0,0.3557
2017-04-04,265.33,0.0,0.5863
2017-04-05,268.74,0.0,0.5207
2017-04-06,268.4,0.0,0.4845
2017-04-07,265.74,0.0,0.4967
2017-04-08,270.35,0.0,0.4462
2017-04-09,269.33,0.0,0.2768
2017-04-10,269.92,0.0,0.5275
2017-04-11,270.46,0.0,0.3905
2017-04-12,270.77,0.0,0.3989
2017-04-13,270.7,0.0,0.4203
2017-04-14,270.49,0.0,0.2716
2017-04-15,268.33,0.0,0.2538
2017-04-16,270.55,0.0,0.5768
2017-04-17,274.39,0.0,0.3974
2017-04-18,276.23,0.0,0.6359
2017-04-19,269.77,0.0,0.3289
2017-04-20,271.49,0.0,0.5193
2017-04-21,268.05,0.0,0.557
2017-04-22,273.61,0.0,0.3924
2017-04-23,273.1,0.0,0.5767
2017-04-24,273.47,0.0,0.3808
2017-04-25,271.76,0.001431,0.5293
2017-04-26,274.37,0.0,0.5829
2017-04-27,272.58,0.0,0.5267
2017-04-28,273.51,0.0,0.5679
2017-04-29,270.99,0.000602,0.5081
2017-04-30,272.65,0.000779,0.4859
2017-05-01,273.02,0.000512,0.0242
2017-05-02,273.18,0.002228,0.0869
2017-05-03,272.82,0.0,0.0306
2017-05-04,272.98,0.0,0.0785
2017-05-05,271.88,0.0,0.0143
2017-05-06,275.18,0.0,0.101
2017-05-07,273.97,0.000417,0.0081
2017-05-08,272.82,0.0,0.0736
2017-05-09,274.62,0.000242,0.0676
2017-05-10,276.11,0.0,0.1157
2017-05-11,272.43,0.0,0.058
2017-05-12,273.96,0.0,0.0768
2017-05-13,272.46,0.0,0.0504
2017-05-14,274.45,0.0,0.0867
2017-05-15,275.18,0.0,0.0
2017-05-16,273.37,0.0,0.0127
2017-05-17,273.12,0.0,0.0348
2017-05-18,277.1,0.0,0.0
2017-05-19,276.25,0.0,0.0525
2017-05-20,277.04,0.0,0.0278
2017-05-21,274.52,0.000424,0.0248
2017-05-22,277.42,0.00029,0.0601
2017-05-23,276.43,0.0,0.1049
2017-05-24,276.86,0.0,0.0629
2017-05-25,274.19,0.0,0.0842
2017-05-26,275.55,0.0,0.0709
2017-05-27,276.87,0.0,0.0
2017-05-28,278.82,0.000684,0.0277
2017-05-29,279.24,0.0,0.0853
2017-05-30,275.44,0.0,0.0
2017-05-31,277.06,0.0,0.0171
2017-06-01,275.95,0.000526,0.0333
2017-06-02,278.43,0.000977,0.0763
2017-06-03,279.27,0.014912,0.0854
2017-06-04,275.82,0.0,0.0727
2017-06-05,277.47,0.057159,0.04
2017-06-06,272.81,0.008579,0.0554
2017-06-07,275.04,0.016609,0.0736
2017-06-08,277.5,0.019477,0.0672
2017-06-09,272.9,0.007478,0.1013
2017-06-10,278.64,0.009447,0.0896
2017-06-11,277.04,0.076079,0.0
2017-06-12,277.35,0.0,0.0269
2017-06-13,276.43,0.002747,0.0814
2017-06-14,279.1,0.000136,0.0342
2017-06-15,276.6,0.002693,0.0541
2017-06-16,278.1,0.036539,0.0695
2017-06-17,279.18,0.034958,0.0021
2017-06-18,277.14,0.00503,0.06
2017-06-19,274.38,0.005204,0.0083
2017-06-20,279.17,0.007237,0.0887
2017-06-21,277.55,0.001956,0.0
2017-06-22,274.44,0.0,0.107
2017-06-23,279.47,0.001549,0.0634
2017-06-24,279.3,0.0,0.0225
2017-06-25,274.53,0.007439,0.0416
2017-06-26,278.01,0.0,0.0382
2017-06-27,276.89,0.0,0.0388
2017-06-28,277.97,0.0,0.1193
2017-06-29,274.02,0.011745,0.041
2017-06-30,278.61,0.010914,0.0347
2017-07-01,275.61,0.018732,0.0814
2017-07-02,275.69,0.0,0.0377
2017-07-03,281.15,0.005785,0.1211
2017-07-04,277.45,0.022104,0.1137
2017-07-05,276.29,0.004065,0.0012
2017-07-06,274.42,0.00094,0.0609
2017-07-07,277.09,0.00848,0.0121
2017-07-08,278.72,0.002709,0.0897
2017-07-09,277.65,0.007538,0.0817
2017-07-10,274.82,0.003136,0.0599
2017-07-11,276.33,0.003208,0.0
2017-07-12,275.98,0.012849,0.0303
2017-07-13,276.64,0.02129,0.1049
2017-07-14,274.9,0.00157,0.0639
2017-07-15,276.79,0.009251,0.003
2017-07-16,278.01,0.008558,0.0258
2017-07-17,274.74,0.009238,0.0
2017-07-18,273.45,0.01146,0.0194
2017-07-19,275.11,0.000435,0.0
2017-07-20,275.33,0.0,0.0506
2017-07-21,272.56,0.000265,0.0566
2017-07-22,274.88,0.010117,0.0584
2017-07-23,274.33,0.011623,0.0256
2017-07-24,275.46,0.004003,0.0273
2017-07-25,275.16,0.016029,0.0
2017-07-26,275.82,0.004411,0.0424
2017-07-27,276.89,0.0,0.0954
2017-07-28,275.19,0.041008,0.0942
2017-07-29,274.15,0.017698,0.0508
2017-07-30,273.65,0.0,0.0019
2017-07-31,274.86,0.0,0.0
2017-08-01,273.11,0.004785,0.0643
2017-08-02,272.09,0.005216,0.0113
2017-08-03,271.02,0.019325,0.0
2017-08-04,275.04,0.0,0.0281
2017-08-05,274.66,0.0,0.0214
2017-08-06,273.95,0.017751,0.0368
2017-08-07,273.33,0.019905,0.1035
2017-08-08,275.7,0.0,0.0331
2017-08-09,272.74,0.039085,0.0922
2017-08-10,272.17,0.009485,0.017
2017-08-11,271.71,0.002798,0.0307
2017-08-12,273.83,0.003415,0.0674
2017-08-13,270.57,0.0,0.0693
2017-08-14,273.62,0.062977,0.0224
2017-08-15,271.26,0.000613,0.1063
2017-08-16,272.97,0.021326,0.0868
2017-08-17,269.64,0.006684,0.0036
2017-08-18,270.07,0.0,0.0872
2017-08-19,270.45,0.00967,0.0238
2017-08-20,270.96,0.04693,0.0531
2017-08-21,271.77,0.024406,0.0068
2017-08-22,272.39,0.0,0.0804
2017-08-23,270.64,0.006557,0.0
2017-08-24,270.72,0.004524,0.0064
2017-08-25,272.66,0.000391,0.0248
2017-08-26,270.55,0.01595,0.0295
2017-08-27,269.6,0.000152,0.0935
2017-08-28,271.01,0.00127,0.0769
2017-08-29,271.66,0.002716,0.0107
2017-08-30,269.9,0.011589,0.0476
2017-08-31,268.14,0.019897,0.0472
2017-09-01,269.85,0.0,0.0875
2017-09-02,267.59,0.002619,0.0362
2017-09-03,271.0,0.011213,0.0825
2017-09-04,268.9,0.008098,0.0243
2017-09-05,268.78,0.013269,0.1443
2017-09-06,269.81,0.043543,0.0407
2017-09-07,269.3,0.0,0.0
2017-09-08,268.6,0.014425,0.0233
2017-09-09,268.84,0.007168,0.0314
2017-09-10,268.1,0.0,0.0628
2017-09-11,268.32,0.021363,0.0284
2017-09-12,264.43,0.014271,0.0783
2017-09-13,265.35,0.002543,0.0441
2017-09-14,266.44,0.0,0.0
2017-09-15,266.05,0.0,0.0239
2017-09-16,267.06,0.005301,0.1131
2017-09-17,261.8,0.0,0.0229
2017-09-18,263.62,0.00385,0.0655
2017-09-19,265.01,0.0,0.0621
2017-09-20,264.92,0.005561,0.137
2017-09-21,266.79,0.028002,0.0751
2017-09-22,264.69,0.0,0.0665
2017-09-23,262.87,0.005145,0.0509
2017-09-24,265.22,0.020556,0.0937
2017-09-25,261.97,0.007659,0.0678
2017-09-26,262.57,0.004614,0.0188
2017-09-27,263.74,0.001014,0.0115
2017-09-28,260.12,0.024388,0.119
2017-09-29,263.48,0.00444,0.0681
2017-09-30,261.99,0.004522,0.0339
2017-10-01,262.46,0.00119,0.0753
2017-10-02,262.15,0.00126,0.0806
2017-10-03,261.68,0.0,0.0406
2017-10-04,264.93,0.0,0.1001
2017-10-05,262.01,0.0,0.0006
2017-10-06,263.41,0.0,0.0828
2017-10-07,262.39,0.000167,0.0581
2017-10-08,264.65,0.000229,0.0911
2017-10-09,259.99,0.0,0.1512
2017-10-10,260.82,0.0,0.0
2017-10-11,259.54,0.0,0.0109
2017-10-12,258.41,0.0,0.073
2017-10-13,259.17,0.0,0.0
2017-10-14,258.68,0.0,0.1046
2017-10-15,259.99,0.0,0.0714
2017-10-16,258.79,0.000214,0.0648
2017-10-17,257.68,0.0,0.0323
2017-10-18,258.86,0.0,0.0068
2017-10-19,261.6,0.0,0.0842
2017-10-20,258.88,0.0,0.0565
2017-10-21,258.6,0.0,0.0205
2017-10-22,258.77,0.000107,0.0725
2017-10-23,256.05,0.0,0.0317
2017-10-24,257.37,0.0,0.0856
2017-10-25,256.03,0.0,0.0
2017-10-26,258.25,0.0,0.0608
2017-10-27,258.54,0.0,0.0488
2017-10-28,255.05,0.0,0.0644
2017-10-29,257.52,0.0,0.0249
2017-10-30,257.73,0.0,0.0
2017-10-31,255.8,0.0,0.035
2017-11-01,256.45,0.0,0.6536
2017-11-02,259.16,0.0,0.261
2017-11-03,254.75,0.0,0.3568
2017-11-04,256.48,0.000796,0.4861
2017-11-05,258.28,0.0,0.6646
2017-11-06,254.79,0.000602,0.5859
2017-11-07,254.44,0.0,0.4835
2017-11-08,253.44,0.0,0.2505
2017-11-09,255.28,0.0,0.0803
2017-11-10,257.09,0.0,0.541
2017-11-11,257.8,0.0,0.5486
2017-11-12,257.76,0.0,0.5088
2017-11-13,256.11,0.0,0.5161
2017-11-14,255.02,0.0,0.3796
2017-11-15,254.44,0.0,0.5071
2017-11-16,253.74,0.0,0.3291
2017-11-17,256.45,0.0,0.4243
2017-11-18,256.12,0.0,0.6285
2017-11-19,252.12,0.0,0.5459
2017-11-20,258.02,0.0,0.5431
2017-11-21,253.66,0.0,0.329
2017-11-22,255.65,0.0,0.5811
2017-11-23,255.7,0.0,0.4541
2017-11-24,253.85,0.0,0.6145
2017-11-25,252.77,0.0,0.4026
2017-11-26,251.64,0.0,0.4027
2017-11-27,252.31,0.0,0.425
2017-11-28,253.83,0.000881,0.3651
2017-11-29,251.25,0.00013,0.4507
2017-11-30,253.56,0.0,0.4102
2017-12-01,253.25,0.0,0.5082
2017-12-02,254.56,0.0,0.3679
2017-12-03,254.13,0.000682,0.2691
2017-12-04,252.08,0.0,0.732
2017-12-05,253.55,0.0,0.2861
2017-12-06,256.34,0.001421,0.3181
2017-12-07,250.46,0.0,0.2505
2017-12-08,254.18,0.000764,0.4999
2017-12-09,252.58,0.0,0.2397
2017-12-10,254.34,0.0,0.3878
2017-12-11,253.74,0.0,0.2304
2017-12-12,253.47,0.0,0.5792
2017-12-13,253.64,0.0,0.5042
2017-12-14,251.85,0.0,0.4162
2017-12-15,252.97,0.0,0.5271
2017-12-16,250.45,0.0,0.2078
2017-12-17,250.75,0.0,0.4728
2017-12-18,253.91,0.0,0.3159
2017-12-19,253.75,0.000123,0.4248
2017-12-20,253.55,0.0,0.5766
2017-12-21,253.95,0.000447,0.5156
2017-12-22,254.49,0.0,0.5927
2017-12-23,251.42,0.0,0.484
2017-12-24,250.33,0.0,0.5533
2017-12-25,254.21,0.0,0.3893
2017-12-26,254.24,0.0,0.4509
2017-12-27,251.49,0.001413,0.6454
2017-12-28,254.24,0.0,0.3351
2017-12-29,251.61,0.0,0.6082
2017-12-30,252.4,0.0,0.5494
2017-12-31,252.97,0.0,0.3389
2018-01-01,252.54,0.0009,0.4316
2018-01-02,254.31,0.001256,0.4562
2018-01-03,253.16,0.0,0.3195
2018-01-04,253.22,0.0,0.4686
2018-01-05,251.14,0.0,0.6476
2018-01-06,253.36,0.0,0.4199
2018-01-07,254.29,0.0,0.5107
2018-01-08,256.11,0.0,0.3044
2018-01-09,254.59,0.0,0.3079
2018-01-10,253.64,0.0,0.5876
2018-01-11,255.2,0.0,0.3426
2018-01-12,256.43,0.000394,0.0642
2018-01-13,252.81,0.0,0.5567
2018-01-14,253.87,0.0,0.2007
2018-01-15,253.29,0.0,0.4494
2018-01-16,255.98,0.0,0.4195
2018-01-17,255.48,0.0,0.3145
2018-01-18,255.35,0.0,0.4124
2018-01-19,253.96,0.001031,0.3806
2018-01-20,257.4,0.0,0.2858
2018-01-21,255.86,0.0,0.7707
2018-01-22,255.7,0.0,0.4334
2018-01-23,255.9,0.0,0.3836
2018-01-24,251.87,0.0,0.4992
2018-01-25,258.96,0.0003,0.4146
2018-01-26,255.06,0.000213,0.4796
2018-01-27,256.73,0.000608,0.6627
2018-01-28,257.14,0.0,0.3771
2018-01-29,256.64,0.0,0.3344
2018-01-30,256.65,0.000266,0.5753
2018-01-31,253.53,0.000944,0.7165
2018-02-01,253.16,0.0,0.4848
2018-02-02,256.31,0.000715,0.2456
2018-02-03,253.95,0.0,0.4007
2018-02-04,256.23,0.0,0.3329
2018-02-05,254.99,0.0,0.366
2018-02-06,259.52,0.0,0.5157
2018-02-07,257.85,0.0,0.4878
2018-02-08,259.9,0.0,0.3609
2018-02-09,254.05,0.0,0.3168
2018-02-10,259.13,0.000299,0.289
2018-02-11,258.41,0.0,0.7058
2018-02-12,258.66,0.0,0.6122
2018-02-13,255.97,0.0,0.4408
2018-02-14,256.92,0.0,0.4031
2018-02-15,262.15,0.0,0.6411
2018-02-16,257.34,0.0,0.431
2018-02-17,258.14,0.0,0.6266
2018-02-18,259.54,0.0,0.3561
2018-02-19,262.51,0.0,0.5676
2018-02-20,259.29,0.000783,0.4629
2018-02-21,260.48,0.0,0.3924
2018-02-22,260.7,0.0,0.4067
2018-02-23,260.48,0.0,0.4742
2018-02-24,261.13,0.0,0.3921
2018-02-25,260.3,0.000614,0.3945
2018-02-26,261.45,0.0,0.3643
2018-02-27,260.02,0.0,0.3707
2018-02-28,262.09,0.0,0.6377
2018-03-01,259.47,0.000267,0.2956
2018-03-02,256.97,0.0,0.4501
2018-03-03,261.51,0.000815,0.2951
2018-03-04,258.95,0.0,0.5232
2018-03-05,260.18,0.0,0.4402
2018-03-06,265.52,0.000195,0.4269
2018-03-07,259.69,0.0,0.4496
2018-03-08,258.89,0.0,0.3758
2018-03-09,260.31,0.0,0.3175
2018-03-10,263.73,0.0,0.5059
2018-03-11,259.08,0.0,0.5799
2018-03-12,263.25,0.000905,0.2195
2018-03-13,263.81,0.0,0.5279
2018-03-14,262.66,0.0,0.4164
2018-03-15,265.32,0.0,0.6019
2018-03-16,263.56,0.0,0.6613
2018-03-17,260.54,0.0,0.559
2018-03-18,266.93,0.0,0.2856
2018-03-19,264.55,0.01487,0.5214
2018-03-20,265.95,0.0,0.4094
2018-03-21,264.69,0.0,0.3563
2018-03-22,266.36,0.0,0.4415
2018-03-23,268.11,0.0,0.5396
2018-03-24,268.63,0.001315,0.4038
2018-03-25,262.75,0.0,0.5407
2018-03-26,264.12,0.0,0.1916
2018-03-27,265.0,0.001947,0.407
2018-03-28,265.77,0.0,0.5153
2018-03-29,266.1,0.0,0.4803
2018-03-30,267.35,0.0,0.2085
2018-03-31,266.04,0.0,0.4872
2018-04-01,266.3,0.00088,0.33
2018-04-02,264.03,0.0,0.5832
2018-04-03,267.33,0.0,0.5752
2018-04-04,265.45,0.0,0.6057
2018-04-05,268.94,0.0,0.3265
2018-04-06,267.72,0.0,0.4863
2018-04-07,271.37,0.0,0.4084
2018-04-08,266.62,0.0,0.4291
2018-04-09,269.59,0.0,0.442
2018-04-10,270.96,0.0,0.473
2018-04-11,269.43,0.0,0.3898
2018-04-12,268.47,0.0,0.3812
2018-04-13,267.18,0.0,0.4592
2018-04-14,268.02,0.0,0.5055
2018-04-15,270.66,0.0,0.4464
2018-04-16,267.48,0.0,0.596
2018-04-17,273.5,0.0,0.4954
2018-04-18,272.92,0.0,0.5938
2018-04-19,270.54,0.0,0.5225
2018-04-20,270.82,0.0,0.2984
2018-04-21,269.73,0.000351,0.5149
2018-04-22,268.2,0.001377,0.4545
2018-04-23,274.68,0.0,0.5992
2018-04-24,271.95,0.000345,0.3905
2018-04-25,275.97,0.0,0.3746
2018-04-26,270.71,0.0,0.5775
2018-04-27,269.27,0.0,0.2488
2018-04-28,272.56,0.0,0.4428
2018-04-29,269.76,0.0,0.2773
2018-04-30,275.01,0.0,0.4793
2018-05-01,274.77,0.0,0.0711
2018-05-02,270.93,0.0,0.0235
2018-05-03,272.01,0.0,0.0403
2018-05-04,272.82,0.000407,0.0536
2018-05-05,272.34,0.0,0.0789
2018-05-06,273.82,0.000288,0.0939
2018-05-07,272.75,0.0,0.0902
2018-05-08,274.23,0.0,0.0586
2018-05-09,273.87,0.0,0.0987
2018-05-10,276.11,0.0,0.0552
2018-05-11,274.0,0.0,0.057
2018-05-12,273.89,0.0,0.0332
2018-05-13,276.31,0.0,0.0618
2018-05-14,273.49,0.0,0.0313
2018-05-15,274.26,0.00041,0.0608
2018-05-16,274.66,0.0,0.0702
2018-05-17,275.34,0.0,0.0519
2018-05-18,276.21,0.0,0.0889
2018-05-19,272.91,0.0,0.0502
2018-05-20,276.86,0.0,0.0434
2018-05-21,274.58,0.0,0.1002
2018-05-22,275.1,0.0,0.0186
2018-05-23,276.01,0.000273,0.0479
2018-05-24,275.69,0.0,0.0
2018-05-25,279.11,0.0,0.0
2018-05-26,272.52,0.0006,0.0717
2018-05-27,272.9,0.000513,0.0858
2018-05-28,276.85,0.0,0.0032
2018-05-29,277.5,5.6e-05,0.0777
2018-05-30,275.17,0.001262,0.0669
2018-05-31,279.85,0.0,0.0072
2018-06-01,276.34,0.011596,0.1305
2018-06-02,275.72,0.0,0.0127
2018-06-03,277.32,0.0,0.014
2018-06-04,272.99,0.016847,0.0
2018-06-05,275.4,0.0,0.0469
2018-06-06,275.68,0.003465,0.1129
2018-06-07,274.59,0.015905,0.0564
2018-06-08,281.51,0.0,0.1291
2018-06-09,280.05,0.02473,0.0648
2018-06-10,278.78,0.0,0.037
2018-06-11,275.42,0.042265,0.0546
2018-06-12,278.44,0.058261,0.109
2018-06-13,276.97,0.001444,0.0643
2018-06-14,275.67,0.01735,0.0006
2018-06-15,277.47,0.0,0.1124
2018-06-16,276.88,0.005831,0.0378
2018-06-17,276.43,0.048394,0.0288
2018-06-18,283.4,0.003184,0.0015
2018-06-19,279.03,0.00319,0.1481
2018-06-20,275.55,0.0,0.0126
2018-06-21,276.15,0.001206,0.0844
2018-06-22,277.15,0.006425,0.0
2018-06-23,276.78,0.003143,0.0481
2018-06-24,276.46,0.024257,0.0491
2018-06-25,277.26,0.0,0.0295
2018-06-26,278.3,0.018536,0.1036
2018-06-27,277.71,0.0,0.122
2018-06-28,276.56,0.0,0.0016
2018-06-29,277.18,0.0,0.062
2018-06-30,280.77,0.001638,0.0022
2018-07-01,278.15,0.006833,0.0151
2018-07-02,277.08,0.009169,0.0786
2018-07-03,276.26,0.0,0.0
2018-07-04,276.04,0.020964,0.1187
2018-07-05,278.42,0.017941,0.0
2018-07-06,277.89,0.0,0.0124
2018-07-07,276.24,0.009175,0.0062
2018-07-08,274.18,0.0,0.062
2018-07-09,276.7,0.008908,0.005
2018-07-10,276.27,0.0,0.0147
2018-07-11,275.0,0.0,0.0198
2018-07-12,276.1,0.016847,0.0272
2018-07-13,275.79,0.032836,0.0449
2018-07-14,275.94,0.0,0.0566
2018-07-15,279.51,0.103103,0.0296
2018-07-16,273.44,0.012826,0.028
2018-07-17,274.68,0.0,0.0
2018-07-18,275.16,0.001182,0.0799
2018-07-19,276.48,0.017145,0.116
2018-07-20,277.36,0.020327,0.0341
2018-07-21,275.45,0.000841,0.048
2018-07-22,275.64,0.011602,0.0009
2018-07-23,275.06,0.0,0.0374
2018-07-24,273.25,0.0,0.1426
2018-07-25,273.87,0.003544,0.1107
2018-07-26,274.21,0.0,0.0277
2018-07-27,274.21,0.006405,0.0994
2018-07-28,275.51,0.0,0.0142
2018-07-29,277.97,0.012366,0.1145
2018-07-30,272.67,0.0,0.0773
2018-07-31,273.02,0.0,0.1604
2018-08-01,273.48,0.027947,0.0111
2018-08-02,272.11,0.019395,0.0651
2018-08-03,273.07,0.013551,0.0627
2018-08-04,275.41,0.022211,0.0512
2018-08-05,274.56,0.000221,0.0
2018-08-06,273.67,0.0,0.1175
2018-08-07,271.73,0.011668,0.0554
2018-08-08,273.41,0.0,0.0394
2018-08-09,274.99,0.001775,0.0873
2018-08-10,275.56,0.028593,0.0751
2018-08-11,273.83,0.0,0.0746
2018-08-12,273.18,0.037355,0.0929
2018-08-13,273.61,0.003535,0.092
2018-08-14,274.83,0.019595,0.0802
2018-08-15,270.91,0.040405,0.0848
2018-08-16,272.74,0.001631,0.0047
2018-08-17,273.4,0.01672,0.0324
2018-08-18,270.94,0.009253,0.0376
2018-08-19,272.24,0.0,0.1041
2018-08-20,272.53,0.007443,0.0366
2018-08-21,272.84,0.0,0.0484
2018-08-22,270.84,0.010091,0.0678
2018-08-23,270.48,0.005967,0.0546
2018-08-24,270.37,0.0,0.0096
2018-08-25,270.29,0.015796,0.0447
2018-08-26,269.7,0.061336,0.1044
2018-08-27,271.55,0.006788,0.0821
2018-08-28,269.98,0.0,0.0637
2018-08-29,269.76,0.019278,0.0316
2018-08-30,269.15,0.012417,0.0206
2018-08-31,268.87,0.0,0.1011
2018-09-01,270.05,0.023204,0.03
2018-09-02,268.09,0.0,0.0315
2018-09-03,269.75,0.055821,0.0304
2018-09-04,266.24,0.013952,0.0
2018-09-05,265.66,0.003803,0.0492
2018-09-06,267.68,0.028365,0.0123
2018-09-07,268.63,0.007147,0.065
2018-09-08,267.35,0.036716,0.0693
2018-09-09,264.77,0.00998,0.023
2018-09-10,268.6,0.005535,0.0291
2018-09-11,267.32,0.041066,0.0588
2018-09-12,269.69,0.012677,0.0752
2018-09-13,264.19,0.010953,0.0264
2018-09-14,266.08,0.000388,0.0
2018-09-15,268.53,0.0,0.0459
2018-09-16,263.06,0.035844,0.0305
2018-09-17,266.52,0.029814,0.0506
2018-09-18,267.95,0.001154,0.089
2018-09-19,266.13,0.005658,0.0618
2018-09-20,266.32,0.011531,0.0224
2018-09-21,266.92,0.00683,0.0724
2018-09-22,267.01,0.010575,0.0
2018-09-23,261.77,0.00653,0.0679
2018-09-24,263.86,0.004651,0.0694
2018-09-25,264.98,0.0,0.0346
2018-09-26,264.13,0.0,0.0366
2018-09-27,263.54,0.032504,0.0976
2018-09-28,260.71,0.007212,0.0695
2018-09-29,262.29,0.003344,0.1013
2018-09-30,263.71,0.0,0.0863
2018-10-01,263.93,0.0,0.0
2018-10-02,260.4,0.001484,0.0923
2018-10-03,259.82,0.0,0.0
2018-10-04,260.79,0.0,0.0758
2018-10-05,265.06,0.00051,0.0841
2018-10-06,263.25,0.000341,0.1047
2018-10-07,259.03,0.0,0.0457
2018-10-08,260.97,0.0,0.0211
2018-10-09,256.88,0.0,0.0226
2018-10-10,263.76,0.0,0.0473
2018-10-11,261.38,0.0,0.0666
2018-10-12,258.48,0.0,0.06
2018-10-13,261.84,0.000371,0.0645
2018-10-14,262.79,0.0,0.0679
2018-10-15,258.38,0.0,0.035
2018-10-16,259.12,0.0,0.0251
2018-10-17,258.01,0.0,0.0408
2018-10-18,259.86,0.0,0.021
2018-10-19,260.04,0.0,0.064
2018-10-20,258.89,0.00039,0.0001
2018-10-21,258.81,0.0,0.1001
2018-10-22,257.7,0.0,0.0928
2018-10-23,260.92,0.0,0.0847
2018-10-24,258.7,0.0,0.1411
2018-10-25,261.21,0.0,0.037
2018-10-26,260.06,0.0,0.0744
2018-10-27,255.13,0.0,0.0597
2018-10-28,257.98,0.0,0.128
2018-10-29,259.38,0.0,0.0295
2018-10-30,257.94,0.0,0.135
2018-10-31,257.89,0.000598,0.1284
2018-11-01,258.22,0.0,0.6278
2018-11-02,254.04,0.0,0.4234
2018-11-03,257.04,0.0,0.2874
2018-11-04,257.33,0.0,0.2283
2018-11-05,257.0,0.0,0.3224
2018-11-06,257.69,0.0,0.4885
2018-11-07,257.24,0.0,0.4112
2018-11-08,256.18,0.0,0.2743
2018-11-09,255.03,0.0,0.3787
2018-11-10,252.23,0.0,0.4175
2018-11-11,256.76,0.0,0.6566
2018-11-12,257.67,0.0,0.54
2018-11-13,254.82,0.0,0.5315
2018-11-14,255.47,0.001036,0.4613
2018-11-15,258.66,0.001096,0.5766
2018-11-16,257.36,0.0,0.6018
2018-11-17,252.95,0.0,0.4604
2018-11-18,252.06,0.0,0.4301
2018-11-19,253.47,0.000243,0.4521
2018-11-20,254.78,0.0,0.5283
2018-11-21,254.31,0.0,0.5134
2018-11-22,256.19,0.0,0.3341
2018-11-23,252.61,0.0,0.4043
2018-11-24,257.8,0.000381,0.5433
2018-11-25,255.11,0.0,0.6007
2018-11-26,253.85,0.0,0.4009
2018-11-27,251.46,0.0,0.5075
2018-11-28,254.86,0.001402,0.5738
2018-11-29,254.53,0.0,0.5507
2018-11-30,253.04,0.000428,0.3874
2018-12-01,255.03,0.000256,0.4232
2018-12-02,256.05,0.0,0.4379
2018-12-03,251.68,0.0,0.511
2018-12-04,255.9,0.000404,0.276
2018-12-05,254.49,0.0,0.605
2018-12-06,252.25,0.0,0.2919
2018-12-07,250.23,0.0,0.3491
2018-12-08,250.9,0.0,0.4689
2018-12-09,254.34,0.000474,0.4787
2018-12-10,253.52,0.0,0.5285
2018-12-11,254.65,0.0,0.5386
2018-12-12,252.44,0.0,0.5065
2018-12-13,254.81,0.0,0.3127
2018-12-14,249.39,0.000639,0.541
2018-12-15,254.1,0.0,0.5021
2018-12-16,250.08,0.0,0.3658
2018-12-17,253.16,0.0,0.4503
2018-12-18,255.88,0.0,0.6333
2018-12-19,252.88,0.001263,0.8034
2018-12-20,253.19,0.0,0.2588
2018-12-21,256.69,0.0,0.5145
2018-12-22,251.61,0.0,0.5199
2018-12-23,252.65,0.0,0.5775
2018-12-24,249.14,0.0,0.3801
2018-12-25,253.06,0.0,0.4026
2018-12-26,252.58,0.0,0.3726
2018-12-27,253.38,0.0,0.5385
2018-12-28,252.76,0.0,0.4526
2018-12-29,253.4,0.0,0.3421
2018-12-30,253.09,0.0,0.3631
2018-12-31,249.83,0.0,0.373
2019-01-01,252.68,0.0,0.4696
2019-01-02,255.41,0.0,0.33
2019-01-03,251.67,0.000709,0.6396
2019-01-04,254.93,0.0,0.5496
2019-01-05,248.99,0.0,0.4976
2019-01-06,252.52,0.0,0.4423
2019-01-07,252.07,0.0,0.5453
2019-01-08,254.35,0.0,0.162
2019-01-09,251.8,0.0,0.1385
2019-01-10,249.5,0.0,0.278
2019-01-11,255.58,0.0,0.3208
2019-01-12,253.01,0.0,0.4461
2019-01-13,252.5,0.0,0.3681
2019-01-14,254.51,0.0,0.4097
2019-01-15,251.99,0.0,0.5855
2019-01-16,257.45,0.0,0.5369
2019-01-17,257.09,0.000265,0.3405
2019-01-18,256.24,0.0,0.5732
2019-01-19,256.01,0.0,0.4688
2019-01-20,251.95,0.0,0.3494
2019-01-21,253.53,0.0,0.4993
2019-01-22,258.33,0.0,0.6346
2019-01-23,253.19,0.0,0.5606
2019-01-24,255.31,0.0,0.3551
2019-01-25,254.75,0.0,0.4162
2019-01-26,258.51,0.0,0.2184
2019-01-27,255.06,0.0,0.5253
2019-01-28,257.03,0.0,0.4812
2019-01-29,252.27,0.0,0.5295
2019-01-30,253.13,0.0,0.3783
2019-01-31,258.94,0.0,0.5428
2019-02-01,257.38,0.0,0.4991
2019-02-02,258.7,0.0,0.5698
2019-02-03,254.85,0.0,0.4356
2019-02-04,255.63,0.0,0.6888
2019-02-05,257.58,0.0,0.421
2019-02-06,256.31,0.0,0.7326
2019-02-07,258.07,0.0,0.3707
2019-02-08,255.8,0.0,0.5488
2019-02-09,253.99,0.000837,0.5674
2019-02-10,256.08,0.0,0.4668
2019-02-11,258.47,0.0,0.4558
2019-02-12,259.09,0.0,0.1014
2019-02-13,257.6,0.0,0.3046
2019-02-14,260.2,0.0,0.3256
2019-02-15,262.56,0.0,0.6908
2019-02-16,259.53,0.0,0.3046
2019-02-17,260.62,0.0,0.5508
2019-02-18,256.16,0.0,0.3308
2019-02-19,261.57,0.0,0.6658
2019-02-20,258.25,0.003361,0.5403
2019-02-21,258.51,0.0,0.7305
2019-02-22,260.05,0.0,0.3812
2019-02-23,260.27,0.0,0.5994
2019-02-24,261.68,0.0,0.5129
2019-02-25,259.43,0.0,0.3112
2019-02-26,258.96,0.0,0.4765
2019-02-27,259.96,0.0,0.2405
2019-02-28,258.89,0.0,0.2439
2019-03-01,260.29,0.000418,0.5236
2019-03-02,263.26,0.0,0.6193
2019-03-03,260.95,0.0,0.4332
2019-03-04,261.11,0.0,0.4501
2019-03-05,264.13,0.0,0.4959
2019-03-06,261.69,0.0,0.5124
2019-03-07,264.51,0.0,0.5647
2019-03-08,261.88,0.000289,0.5434
2019-03-09,262.05,0.0,0.5431
2019-03-10,261.59,0.0,0.5446
2019-03-11,260.03,0.0,0.6214
2019-03-12,261.15,0.0,0.4179
2019-03-13,264.63,0.0,0.2769
2019-03-14,262.85,0.000232,0.4533
2019-03-15,264.17,0.0,0.6742
2019-03-16,263.18,0.0,0.6266
2019-03-17,262.65,0.0,0.3638
2019-03-18,266.12,0.0,0.4095
2019-03-19,265.54,0.0,0.5553
2019-03-20,263.51,0.0,0.6346
2019-03-21,262.48,0.0,0.3469
2019-03-22,265.07,0.0,0.3443
2019-03-23,265.62,0.0,0.4861
2019-03-24,266.4,0.0,0.5921
2019-03-25,266.22,0.0,0.349
2019-03-26,265.27,0.0,0.6261
2019-03-27,264.72,0.001461,0.5139
2019-03-28,268.05,0.0,0.4386
2019-03-29,267.7,0.000488,0.3064
2019-03-30,268.0,0.000241,0.5621
2019-03-31,268.14,0.0,0.3666
2019-04-01,268.16,0.000385,0.35
2019-04-02,270.1,0.0,0.5125
2019-04-03,265.49,0.001018,0.7239
2019-04-04,269.09,0.0,0.4733
2019-04-05,268.94,0.0,0.5825
2019-04-06,271.28,0.0,0.4631
2019-04-07,266.46,0.0,0.6765
2019-04-08,268.22,0.0,0.4319
2019-04-09,268.87,0.0,0.5029
2019-04-10,266.25,0.0,0.6201
2019-04-11,269.49,0.0,0.4678
2019-04-12,268.84,0.0,0.6044
2019-04-13,269.3,0.0,0.488
2019-04-14,270.02,0.0,0.2553
2019-04-15,272.66,0.0,0.4552
2019-04-16,269.37,0.0,0.4662
2019-04-17,267.4,0.0,0.4594
2019-04-18,270.2,0.0,0.4529
2019-04-19,269.99,0.0,0.6458
2019-04-20,271.94,0.0,0.4396
2019-04-21,269.38,0.0,0.5089
2019-04-22,268.38,0.0,0.5756
2019-04-23,270.66,0.0,0.4695
2019-04-24,270.78,0.0,0.4164
2019-04-25,272.26,0.0,0.597
2019-04-26,274.72,0.0,0.4479
2019-04-27,270.88,0.0,0.5268
2019-04-28,273.46,0.000501,0.3242
2019-04-29,272.63,0.0,0.3414
2019-04-30,271.47,0.001538,0.5961
2019-05-01,270.11,0.0,0.0891
2019-05-02,270.44,0.0,0.0628
2019-05-03,271.16,0.0,0.0
2019-05-04,275.55,0.0,0.1007
2019-05-05,270.76,0.0,0.0516
2019-05-06,274.76,0.0,0.0239
2019-05-07,275.7,0.000237,0.0284
2019-05-08,274.09,0.000439,0.0248
2019-05-09,274.13,0.000177,0.0253
2019-05-10,273.44,0.0,0.159
2019-05-11,274.1,0.0,0.0516
2019-05-12,274.68,0.0,0.0268
2019-05-13,272.58,0.0,0.0383
2019-05-14,272.41,0.000564,0.025
2019-05-15,275.06,0.0,0.0818
2019-05-16,277.03,0.000361,0.0579
2019-05-17,274.48,0.0,0.0
2019-05-18,273.88,0.0,0.0448
2019-05-19,275.62,0.0,0.1258
2019-05-20,276.06,0.0,0.0679
2019-05-21,275.97,0.0,0.0069
2019-05-22,276.45,0.0,0.0936
2019-05-23,275.8,0.0,0.0527
2019-05-24,275.31,0.0,0.0449
2019-05-25,277.75,0.0,0.0168
2019-05-26,274.15,0.001772,0.0141
2019-05-27,277.81,0.0,0.0577
2019-05-28,276.83,0.0,0.0649
2019-05-29,278.14,0.0,0.0501
2019-05-30,276.04,0.000295,0.0269
2019-05-31,278.69,0.0,0.0773
2019-06-01,277.59,0.0,0.0106
2019-06-02,275.49,0.0,0.0419
2019-06-03,271.46,0.337659,0.0836
2019-06-04,280.9,0.00882,0.0637
2019-06-05,275.97,0.009914,0.0921
2019-06-06,278.48,0.05612,0.0394
2019-06-07,277.54,0.009051,0.0618
2019-06-08,279.08,0.006023,0.0711
2019-06-09,278.12,0.05361,0.0
2019-06-10,276.83,0.000157,0.0337
2019-06-11,280.43,0.001371,0.0614
2019-06-12,276.8,0.000214,0.002
2019-06-13,274.75,0.0,0.0174
2019-06-14,278.24,0.016368,0.0106
2019-06-15,274.25,0.001185,0.0975
2019-06-16,277.98,0.022125,0.0141
2019-06-17,276.07,0.00635,0.0245
2019-06-18,277.77,0.001414,0.0175
2019-06-19,276.09,0.019262,0.0
2019-06-20,277.83,0.029817,0.0639
2019-06-21,276.48,0.010822,0.0625
2019-06-22,276.62,0.010646,0.1161
2019-06-23,280.45,0.048596,0.0
2019-06-24,278.68,0.0,0.0256
2019-06-25,279.11,0.001548,0.0
2019-06-26,278.17,0.087024,0.1014
2019-06-27,278.03,0.012279,0.0842
2019-06-28,273.81,0.012615,0.0758
2019-06-29,276.82,0.000442,0.0873
2019-06-30,280.2,0.031216,0.0518
2019-07-01,277.97,0.0,0.054
2019-07-02,277.1,0.016135,0.0602
2019-07-03,273.36,0.000211,0.0131
2019-07-04,275.95,0.005822,0.0281
2019-07-05,276.38,0.0,0.1099
2019-07-06,280.33,0.000765,0.0913
2019-07-07,275.37,0.0,0.0361
2019-07-08,277.79,0.0,0.0526
2019-07-09,277.09,0.0,0.0759
2019-07-10,276.7,0.0,0.0566
2019-07-11,275.0,0.008941,0.0077
2019-07-12,276.2,0.005245,0.0645
2019-07-13,274.02,0.004867,0.092
2019-07-14,278.11,0.0,0.0268
2019-07-15,279.42,0.012316,0.0151
2019-07-16,275.69,0.004957,0.0
2019-07-17,277.49,0.0,0.0821
2019-07-18,274.05,0.0,0.0626
2019-07-19,275.98,0.002497,0.0721
2019-07-20,272.89,0.0,0.0355
2019-07-21,278.13,0.001102,0.0096
2019-07-22,276.49,0.0,0.1204
2019-07-23,280.69,0.00493,0.0
2019-07-24,273.87,0.007216,0.0
2019-07-25,275.35,0.003501,0.039
2019-07-26,274.75,0.02763,0.1098
2019-07-27,271.53,0.041086,0.0157
2019-07-28,273.59,0.0,0.0632
2019-07-29,277.52,0.000508,0.0929
2019-07-30,274.49,0.010876,0.0654
2019-07-31,275.71,0.020064,0.042
2019-08-01,272.92,0.007039,0.0446
2019-08-02,275.82,0.0,0.1154
2019-08-03,273.61,0.0,0.0468
2019-08-04,271.68,0.011197,0.0703
2019-08-05,274.11,0.00818,0.0613
2019-08-06,274.02,0.011869,0.0491
2019-08-07,274.14,0.005875,0.1164
2019-08-08,275.51,0.007005,0.0257
2019-08-09,272.29,0.004802,0.1204
2019-08-10,270.52,0.0,0.0
2019-08-11,268.66,0.000594,0.0449
2019-08-12,273.89,0.012772,0.0029
2019-08-13,271.22,0.01103,0.0719
2019-08-14,268.75,0.013332,0.039
2019-08-15,274.7,0.005871,0.0241
2019-08-16,268.34,0.024687,0.0876
2019-08-17,271.48,0.022792,0.0451
2019-08-18,270.75,0.006636,0.0628
2019-08-19,272.01,0.0,0.1348
2019-08-20,272.64,0.016601,0.0635
2019-08-21,268.51,0.010287,0.0255
2019-08-22,271.97,0.006845,0.0
2019-08-23,272.26,0.015209,0.0144
2019-08-24,271.58,0.0,0.0867
2019-08-25,267.06,0.11617,0.0
2019-08-26,267.16,0.011614,0.0306
2019-08-27,272.96,0.008771,0.0743
2019-08-28,269.86,0.000468,0.0182
2019-08-29,271.98,0.005971,0.0926
2019-08-30,270.62,0.003602,0.0102
2019-08-31,264.92,0.0,0.0
2019-09-01,271.68,0.008089,0.0659
2019-09-02,269.75,0.016801,0.0796
2019-09-03,269.02,0.010538,0.1115
2019-09-04,269.66,0.008533,0.1011
2019-09-05,270.45,0.001974,0.0
2019-09-06,267.13,0.019419,0.047
2019-09-07,270.49,0.004829,0.0408
2019-09-08,270.65,0.000447,0.0
2019-09-09,268.22,0.0,0.0
2019-09-10,266.48,0.0,0.081
2019-09-11,267.33,0.010164,0.0565
2019-09-12,267.49,0.008195,0.0077
2019-09-13,269.36,0.013762,0.0394
2019-09-14,265.98,0.0,0.0101
2019-09-15,264.22,0.002163,0.0732
2019-09-16,262.7,0.0,0.0976
2019-09-17,268.6,0.0,0.0665
2019-09-18,265.38,0.0,0.0867
2019-09-19,266.36,0.0,0.0338
2019-09-20,262.47,0.000443,0.0663
2019-09-21,263.57,0.029407,0.0456
2019-09-22,263.75,0.0,0.0389
2019-09-23,267.88,0.009119,0.0541
2019-09-24,261.98,0.01361,0.0352
2019-09-25,265.66,0.02277,0.0652
2019-09-26,264.37,0.002427,0.0509
2019-09-27,263.93,0.0,0.1181
2019-09-28,262.54,0.001032,0.0406
2019-09-29,263.73,0.0,0.0021
2019-09-30,259.93,0.0,0.0267
2019-10-01,262.67,0.0,0.0159
2019-10-02,260.03,0.0,0.1079
2019-10-03,263.64,0.0,0.0948
2019-10-04,261.7,0.0,0.0838
2019-10-05,261.61,0.0,0.056
2019-10-06,264.11,0.0,0.0727
2019-10-07,264.04,0.0,0.0206
2019-10-08,258.28,0.0,0.0547
2019-10-09,260.87,0.0,0.0236
2019-10-10,261.52,0.0,0.05
2019-10-11,261.11,0.0,0.0707
2019-10-12,262.61,0.0,0.0
2019-10-13,260.13,0.0,0.0399
2019-10-14,261.62,0.0,0.0725
2019-10-15,260.35,0.001126,0.0669
2019-10-16,258.74,0.0,0.0133
2019-10-17,260.61,0.0,0.061
2019-10-18,259.61,0.0,0.0822
2019-10-19,259.82,0.000366,0.0333
2019-10-20,261.08,0.0,0.0675
2019-10-21,257.68,0.000367,0.0
2019-10-22,257.4,0.0,0.1078
2019-10-23,259.05,0.000659,0.0434
2019-10-24,259.57,0.0,0.0323
2019-10-25,257.84,0.0,0.0426
2019-10-26,259.64,0.0,0.0689
2019-10-27,256.33,0.0,0.0871
2019-10-28,257.2,0.0,0.0418
2019-10-29,254.66,0.0,0.0611
2019-10-30,261.95,0.0,0.0
2019-10-31,261.33,0.0,0.0841
2019-11-01,258.34,0.0,0.3592
2019-11-02,255.48,0.0,0.4336
2019-11-03,255.47,0.0,0.4443
2019-11-04,258.89,0.000707,0.4631
2019-11-05,256.77,0.000617,0.5328
2019-11-06,255.33,0.0,0.4107
2019-11-07,253.74,0.001238,0.4346
2019-11-08,258.01,0.0,0.5949
2019-11-09,254.28,0.0,0.5748
2019-11-10,252.82,0.0,0.56
2019-11-11,255.0,0.0,0.3798
2019-11-12,258.97,0.000406,0.3281
2019-11-13,255.0,0.0,0.5289
2019-11-14,257.48,0.0,0.2143
2019-11-15,254.7,0.0,0.2269
2019-11-16,258.91,0.0,0.4914
2019-11-17,252.55,0.0,0.3916
2019-11-18,256.39,0.0,0.5463
2019-11-19,254.42,0.0,0.5683
2019-11-20,254.26,0.0,0.519
2019-11-21,258.38,0.001679,0.5899
2019-11-22,253.44,0.000562,0.3823
2019-11-23,257.22,0.0,0.3752
2019-11-24,253.86,5.8e-05,0.5213
2019-11-25,253.59,0.0,0.7393
2019-11-26,249.8,0.0,0.6054
2019-11-27,254.0,0.000459,0.2552
2019-11-28,254.17,0.0,0.5403
2019-11-29,250.93,0.0,0.2795
2019-11-30,252.56,0.000904,0.5816
2019-12-01,253.47,0.0,0.4971
2019-12-02,254.29,7.9e-05,0.3739
2019-12-03,254.54,0.000191,0.594
2019-12-04,253.46,0.0,0.4292
2019-12-05,253.46,0.0,0.6292
2019-12-06,252.1,0.0,0.5024
2019-12-07,254.67,0.0,0.4646
2019-12-08,250.7,0.0,0.3951
2019-12-09,252.0,0.0,0.5054
2019-12-10,253.96,0.0,0.5723
2019-12-11,254.47,0.0,0.427
2019-12-12,252.9,0.000544,0.3727
2019-12-13,255.97,0.000583,0.3653
2019-12-14,254.94,0.0,0.3918
2019-12-15,253.71,0.0,0.4209
2019-12-16,255.5,0.0,0.5019
2019-12-17,252.66,0.0,0.339
2019-12-18,252.15,0.0,0.4478
2019-12-19,254.96,0.0,0.4866
2019-12-20,251.65,0.0,0.5185
2019-12-21,250.6,0.0,0.6018
2019-12-22,252.33,0.0,0.4919
2019-12-23,252.67,0.0,0.3743
2019-12-24,254.35,0.0,0.3895
2019-12-25,250.3,0.0,0.5596
2019-12-26,254.35,0.000954,0.1873
2019-12-27,251.1,0.0,0.4765
2019-12-28,248.37,0.0,0.5533
2019-12-29,252.6,0.0,0.3559
2019-12-30,254.09,0.0,0.5673
2019-12-31,253.17,0.0,0.4539
2020-01-01,254.79,0.000939,0.5328
2020-01-02,249.21,0.0,0.505
2020-01-03,252.56,0.0,0.1386
2020-01-04,255.75,0.0,0.5314
2020-01-05,254.55,0.0,0.5775
2020-01-06,254.78,0.0,0.2113
2020-01-07,252.64,0.000855,0.4199
2020-01-08,255.89,0.0,0.5521
2020-01-09,255.13,0.0,0.5038
2020-01-10,254.47,0.0,0.7374
2020-01-11,255.69,0.001431,0.4937
2020-01-12,254.53,0.0,0.4307
2020-01-13,254.43,0.0,0.4152
2020-01-14,254.98,0.0,0.4823
2020-01-15,252.79,0.0,0.3657
2020-01-16,257.51,0.000211,0.5409
2020-01-17,254.87,0.0,0.5689
2020-01-18,251.32,0.0,0.4485
2020-01-19,254.59,0.0,0.3876
2020-01-20,254.05,0.0,0.4846
2020-01-21,255.39,0.0,0.4504
2020-01-22,255.03,0.0,0.5402
2020-01-23,252.49,0.0,0.4245
2020-01-24,255.69,0.0,0.4941
2020-01-25,257.43,0.0,0.4027
2020-01-26,254.82,0.0,0.3261
2020-01-27,256.2,0.0,0.4439
2020-01-28,256.11,0.0,0.1307
2020-01-29,255.94,0.0,0.762
2020-01-30,254.38,0.0,0.6473
2020-01-31,253.69,0.0002,0.5523
2020-02-01,254.76,0.0,0.276
2020-02-02,257.8,0.0,0.3961
2020-02-03,256.16,0.000431,0.3644
2020-02-04,259.72,0.0,0.3511
2020-02-05,254.53,0.0,0.4206
2020-02-06,258.04,0.0,0.3041
2020-02-07,256.95,0.000101,0.2454
2020-02-08,257.18,0.0,0.4204
2020-02-09,259.93,0.0,0.4964
2020-02-10,260.56,0.0,0.5049
2020-02-11,256.33,0.0,0.4998
2020-02-12,255.59,0.0,0.2656
2020-02-13,256.08,0.0,0.3671
2020-02-14,259.43,0.0,0.5755
2020-02-15,255.34,0.000664,0.5508
2020-02-16,260.93,0.001912,0.6512
2020-02-17,258.02,0.0,0.4852
2020-02-18,259.67,0.000417,0.5843
2020-02-19,261.78,0.000265,0.5161
2020-02-20,256.75,0.0,0.545
2020-02-21,258.12,0.0,0.3334
2020-02-22,256.58,0.0,0.38
2020-02-23,261.61,0.0,0.3662
2020-02-24,258.68,0.0,0.352
2020-02-25,257.59,0.000163,0.4275
2020-02-26,258.22,0.0,0.2804
2020-02-27,263.94,0.0,0.5985
2020-02-28,257.95,0.0,0.3076
2020-02-29,261.87,0.0,0.5107
2020-03-01,261.54,0.0,0.4456
2020-03-02,263.19,0.0,0.5821
2020-03-03,259.35,0.0,0.5499
2020-03-04,261.21,0.0,0.3784
2020-03-05,261.72,0.0,0.6334
2020-03-06,262.13,0.0,0.5302
2020-03-07,259.24,0.0,0.3522
2020-03-08,263.93,0.0,0.2994
2020-03-09,263.25,0.0,0.6167
2020-03-10,260.17,0.0,0.5324
2020-03-11,262.61,0.0,0.4257
2020-03-12,264.88,0.0,0.4502
2020-03-13,261.95,0.0,0.6133
2020-03-14,264.11,0.0,0.5817
2020-03-15,263.27,0.0,0.5131
2020-03-16,263.99,0.0,0.4261
2020-03-17,262.53,0.0,0.6398
2020-03-18,263.67,0.0,0.5386
2020-03-19,267.82,0.0,0.6792
2020-03-20,264.55,0.0,0.5076
2020-03-21,266.93,0.0,0.3987
2020-03-22,265.76,0.0,0.6011
2020-03-23,264.68,0.0,0.4078
2020-03-24,264.85,0.0,0.57
2020-03-25,265.7,0.0,0.4631
2020-03-26,265.04,0.0,0.4386
2020-03-27,267.34,0.000311,0.7082
2020-03-28,265.34,0.0,0.5277
2020-03-29,266.94,0.0,0.3359
2020-03-30,267.09,0.0,0.4959
2020-03-31,267.82,0.000505,0.3296
2020-04-01,269.49,0.0,0.6347
2020-04-02,265.28,0.0,0.5172
2020-04-03,266.05,0.0,0.3717
2020-04-04,269.93,0.004444,0.4307
2020-04-05,264.52,0.0,0.3658
2020-04-06,270.3,0.000637,0.6362
2020-04-07,268.33,0.0,0.343
2020-04-08,267.97,0.0,0.7608
2020-04-09,265.94,0.0,0.6172
2020-04-10,268.81,0.0,0.5328
2020-04-11,269.51,0.0,0.4276
2020-04-12,268.57,0.000367,0.2589
2020-04-13,270.85,0.0,0.3353
2020-04-14,267.51,0.000655,0.5288
2020-04-15,271.29,0.0,0.5735
2020-04-16,269.66,0.0,0.4604
2020-04-17,272.08,0.0,0.4395
2020-04-18,271.87,0.0,0.5029
2020-04-19,270.83,0.0,0.3302
2020-04-20,269.65,0.0,0.4038
2020-04-21,270.06,0.0,0.5501
2020-04-22,268.04,0.0,0.6986
2020-04-23,272.29,0.0,0.4238
2020-04-24,272.15,0.0,0.4946
2020-04-25,272.68,0.0,0.4786
2020-04-26,271.74,0.0,0.622
2020-04-27,271.67,0.000394,0.4537
2020-04-28,273.63,0.0,0.2988
2020-04-29,272.52,0.000559,0.4176
2020-04-30,270.17,0.0,0.3117
2020-05-01,273.2,0.0,0.0053
2020-05-02,272.96,0.001742,0.0947
2020-05-03,273.42,0.0,0.0187
2020-05-04,270.45,0.001626,0.0339
2020-05-05,274.02,0.0,0.0557
2020-05-06,274.26,0.000621,0.0373
2020-05-07,272.84,0.0,0.0626
2020-05-08,273.8,0.000718,0.0229
2020-05-09,274.68,0.0,0.0582
2020-05-10,277.35,0.001851,0.0503
2020-05-11,274.26,0.0,0.0222
2020-05-12,275.45,0.0,0.1012
2020-05-13,273.48,0.0,0.0628
2020-05-14,276.6,0.0,0.0623
2020-05-15,274.28,0.0,0.0521
2020-05-16,273.12,0.000447,0.0662
2020-05-17,273.61,0.0,0.0
2020-05-18,273.57,0.0,0.0097
2020-05-19,271.3,0.000258,0.0831
2020-05-20,271.03,0.0,0.0802
2020-05-21,276.75,0.0,0.0434
2020-05-22,275.43,0.0,0.0
2020-05-23,278.62,0.0,0.004
2020-05-24,273.54,0.000436,0.0
2020-05-25,273.28,0.0,0.1586
2020-05-26,276.38,0.0,0.0
2020-05-27,280.23,0.0,0.0787
2020-05-28,278.55,0.0,0.084
2020-05-29,277.68,0.0,0.0117
2020-05-30,276.52,0.0,0.0491
2020-05-31,281.92,0.0,0.0722
2020-06-01,275.13,0.010125,0.041
2020-06-02,274.41,0.014698,0.0974
2020-06-03,278.99,8.6e-05,0.0
2020-06-04,274.59,0.009684,0.0844
2020-06-05,278.33,0.016247,0.0281
2020-06-06,275.94,0.047436,0.0844
2020-06-07,277.32,0.0,0.0421
2020-06-08,277.0,0.007533,0.0798
2020-06-09,277.09,0.0,0.0277
2020-06-10,277.65,0.0,0.0706
2020-06-11,275.53,0.016693,0.033
2020-06-12,278.62,0.017985,0.1322
2020-06-13,276.94,0.0,0.0837
2020-06-14,276.94,0.0,0.0434
2020-06-15,275.54,0.0,0.1195
2020-06-16,276.23,0.026989,0.0329
2020-06-17,278.48,0.052333,0.1429
2020-06-18,274.38,0.041072,0.0657
2020-06-19,277.87,0.0,0.1175
2020-06-20,278.29,0.0,0.0314
2020-06-21,279.43,0.001503,0.0982
2020-06-22,277.32,0.007926,0.0722
2020-06-23,276.3,0.017754,0.0112
2020-06-24,273.03,0.013736,0.0727
2020-06-25,277.45,0.011639,0.0451
2020-06-26,277.72,0.029108,0.0242
2020-06-27,277.93,0.011188,0.0334
2020-06-28,275.0,0.017706,0.1088
2020-06-29,276.78,0.037044,0.0724
2020-06-30,278.74,0.01013,0.0221
2020-07-01,273.95,0.064764,0.1068
2020-07-02,274.84,0.0,0.0332
2020-07-03,277.68,0.004588,0.0303
2020-07-04,277.79,0.002765,0.046
2020-07-05,274.27,0.031844,0.1241
2020-07-06,276.91,0.00712,0.1099
2020-07-07,277.57,0.0,0.1151
2020-07-08,277.72,0.040459,0.0081
2020-07-09,279.39,0.004698,0.0203
2020-07-10,277.75,0.006132,0.0746
2020-07-11,272.48,0.0,0.0981
2020-07-12,278.1,0.000327,0.0
2020-07-13,275.29,0.008316,0.0933
2020-07-14,279.3,0.0,0.034
2020-07-15,275.11,0.0,0.1115
2020-07-16,275.56,0.000336,0.0124
2020-07-17,274.24,0.0,0.0
2020-07-18,274.1,0.000222,0.0915
2020-07-19,274.52,0.020601,0.0707
2020-07-20,275.27,0.0,0.0298
2020-07-21,277.55,0.004902,0.0534
2020-07-22,273.81,0.0,0.1222
2020-07-23,276.46,0.0,0.0097
2020-07-24,277.07,0.005683,0.0427
2020-07-25,269.87,0.014737,0.0485
2020-07-26,273.61,0.0097,0.0271
2020-07-27,275.02,0.011578,0.0575
2020-07-28,272.26,0.027215,0.0
2020-07-29,275.64,0.117169,0.0905
2020-07-30,274.55,0.0,0.0185
2020-07-31,273.56,0.000203,0.0
2020-08-01,276.29,0.004093,0.0263
2020-08-02,274.41,0.015117,0.1521
2020-08-03,272.35,0.009927,0.0502
2020-08-04,270.51,0.0,0.0457
2020-08-05,273.31,0.0,0.0698
2020-08-06,269.31,0.000219,0.1071
2020-08-07,272.74,0.0,0.0934
2020-08-08,274.53,0.003587,0.0389
2020-08-09,268.95,0.035533,0.082
2020-08-10,269.72,0.012123,0.0837
2020-08-11,269.98,0.0,0.0671
2020-08-12,275.58,0.000508,0.0358
2020-08-13,270.43,0.025164,0.1015
2020-08-14,271.23,0.04726,0.0762
2020-08-15,273.07,0.003121,0.1084
2020-08-16,272.24,0.027238,0.0266
2020-08-17,271.62,0.012115,0.0247
2020-08-18,269.08,0.0,0.0
2020-08-19,270.17,0.0,0.0303
2020-08-20,271.86,0.003629,0.0826
2020-08-21,271.61,0.010759,0.1459
2020-08-22,270.91,0.004841,0.0339
2020-08-23,269.81,0.002475,0.0884
2020-08-24,271.44,0.002947,0.001
2020-08-25,270.73,0.001103,0.025
2020-08-26,272.18,0.000679,0.0853
2020-08-27,269.28,0.003566,0.0261
2020-08-28,267.99,0.002061,0.048
2020-08-29,268.51,0.001359,0.054
2020-08-30,269.52,0.014028,0.033
2020-08-31,269.72,0.008007,0.0468
2020-09-01,271.98,0.025604,0.0322
2020-09-02,268.11,0.020761,0.0577
2020-09-03,266.81,0.0,0.0386
2020-09-04,267.5,0.000445,0.0527
2020-09-05,266.8,0.015409,0.0073
2020-09-06,270.6,0.014703,0.0434
2020-09-07,266.2,0.0,0.0
2020-09-08,271.01,0.039754,0.0366
2020-09-09,268.06,0.009587,0.0318
2020-09-10,267.91,0.0,0.0589
2020-09-11,265.02,0.0,0.0295
2020-09-12,267.58,0.000726,0.0609
2020-09-13,267.5,0.004988,0.0723
2020-09-14,265.12,0.008316,0.0744
2020-09-15,264.43,0.000785,0.0801
2020-09-16,264.1,0.046821,0.0698
2020-09-17,266.11,0.020815,0.122
2020-09-18,262.23,0.055343,0.0521
2020-09-19,268.39,0.066809,0.006
2020-09-20,265.77,0.000451,0.0
2020-09-21,266.31,0.005138,0.029
2020-09-22,263.9,0.022071,0.0
2020-09-23,263.54,0.021611,0.0472
2020-09-24,264.89,0.003063,0.0807
2020-09-25,262.3,0.02956,0.0016
2020-09-26,266.15,0.0,0.0749
2020-09-27,264.84,0.0161,0.075
2020-09-28,263.92,0.006623,0.0335
2020-09-29,261.4,0.0,0.0592
2020-09-30,262.46,0.073841,0.0575
2020-10-01,262.23,0.0,0.0531
2020-10-02,262.95,0.000761,0.1169
2020-10-03,264.9,0.0,0.0
2020-10-04,261.92,0.0,0.0777
2020-10-05,261.04,0.0,0.0402
2020-10-06,261.82,0.0,0.0273
2020-10-07,261.32,0.0,0.0326
2020-10-08,262.89,0.0,0.1438
2020-10-09,260.13,0.0,0.0696
2020-10-10,261.23,0.00042,0.0769
2020-10-11,260.39,0.0,0.0384
2020-10-12,260.1,0.0,0.0671
2020-10-13,262.5,0.0,0.1258
2020-10-14,259.49,0.0,0.0524
2020-10-15,260.34,0.0,0.0387
2020-10-16,259.17,0.0,0.019
2020-10-17,257.1,0.003132,0.0545
2020-10-18,259.44,0.0,0.0222
2020-10-19,257.01,0.0,0.1093
2020-10-20,258.0,0.0,0.0
2020-10-21,258.44,0.0,0.0
2020-10-22,257.7,0.0,0.0194
2020-10-23,256.49,0.0,0.0099
2020-10-24,258.19,0.002365,0.0
2020-10-25,262.06,0.0,0.0279
2020-10-26,258.49,0.0,0.0
2020-10-27,257.93,0.0,0.0881
2020-10-28,256.89,0.0,0.0539
2020-10-29,254.89,0.0,0.0057
2020-10-30,255.38,0.0,0.0192
2020-10-31,256.76,0.0,0.033
2020-11-01,259.51,0.0,0.573
2020-11-02,255.34,0.000248,0.5923
2020-11-03,259.92,0.0,0.5035
2020-11-04,260.86,0.0,0.6466
2020-11-05,255.21,0.0,0.3661
2020-11-06,259.26,0.0,0.3001
2020-11-07,254.91,0.000619,0.3682
2020-11-08,257.42,0.000306,0.4387
2020-11-09,256.09,0.0,0.3695
2020-11-10,258.53,0.0,0.5008
2020-11-11,255.47,0.0,0.5554
2020-11-12,252.95,0.0,0.2665
2020-11-13,254.75,0.0,0.4438
2020-11-14,253.19,0.0,0.6062
2020-11-15,256.01,0.0,0.3813
2020-11-16,256.26,0.0,0.4374
2020-11-17,255.18,0.0,0.4471
2020-11-18,254.42,0.0,0.3913
2020-11-19,253.38,0.001866,0.469
2020-11-20,255.21,0.0,0.5125
2020-11-21,254.03,0.0,0.3109
2020-11-22,253.93,0.0,0.605
2020-11-23,255.11,0.0,0.3953
2020-11-24,255.72,0.0,0.5104
2020-11-25,253.66,0.0,0.4842
2020-11-26,255.88,0.0,0.4275
2020-11-27,254.5,0.0,0.3713
2020-11-28,253.5,0.0,0.723
2020-11-29,255.7,0.000365,0.6216
2020-11-30,253.02,0.000404,0.5837
2020-12-01,251.89,0.002721,0.2123
2020-12-02,255.61,0.0,0.4291
2020-12-03,253.49,0.0,0.3608
2020-12-04,252.4,0.0,0.4637
2020-12-05,252.64,0.0,0.7821
2020-12-06,255.38,0.0,0.3665
2020-12-07,250.87,0.0,0.3989
2020-12-08,250.8,0.0,0.1713
2020-12-09,252.91,0.0,0.4534
2020-12-10,251.93,0.0,0.4341
2020-12-11,256.15,0.000239,0.5565
2020-12-12,255.06,0.0,0.3364
2020-12-13,250.9,0.000646,0.3949
2020-12-14,249.4,0.0,0.4454
2020-12-15,252.25,0.0,0.4241
2020-12-16,254.93,0.0,0.3513
2020-12-17,253.0,0.0,0.5656
2020-12-18,255.64,0.0,0.3876
2020-12-19,251.95,0.0,0.5349
2020-12-20,252.74,0.0,0.6241
2020-12-21,253.51,0.0,0.2502
2020-12-22,255.01,0.000492,0.4692
2020-12-23,248.6,0.0,0.4357
2020-12-24,255.9,0.0,0.2976
2020-12-25,255.0,0.0,0.4698
2020-12-26,252.6,0.0,0.4937
2020-12-27,255.95,0.002048,0.3685
2020-12-28,250.52,0.0,0.3333
2020-12-29,253.26,0.0,0.4929
2020-12-30,254.25,0.0,0.4361
2020-12-31,251.12,0.0,0.5167
2021-01-01,255.15,0.0,0.4309
2021-01-02,256.24,0.0,0.4364
2021-01-03,258.26,0.0,0.4009
2021-01-04,254.52,0.0,0.4183
2021-01-05,254.87,0.0,0.5113
2021-01-06,256.68,0.0,0.251
2021-01-07,254.29,0.0,0.6485
2021-01-08,254.2,0.000431,0.4152
2021-01-09,254.82,0.0,0.5388
2021-01-10,256.4,0.0,0.4107
2021-01-11,253.34,0.0,0.4692
2021-01-12,254.2,0.0,0.3786
2021-01-13,255.97,0.0,0.3944
2021-01-14,252.44,0.0,0.4313
2021-01-15,252.18,0.0,0.3628
2021-01-16,256.68,0.0,0.415
2021-01-17,254.5,0.0,0.5297
2021-01-18,253.37,0.0,0.6603
2021-01-19,254.47,0.0,0.4283
2021-01-20,252.48,0.0,0.3895
2021-01-21,255.09,0.000787,0.5435
2021-01-22,255.72,0.000503,0.5354
2021-01-23,254.92,0.0,0.249
2021-01-24,255.13,0.0,0.3653
2021-01-25,253.92,0.0,0.6073
2021-01-26,254.89,0.0,0.3871
2021-01-27,253.28,0.0,0.378
2021-01-28,257.64,0.0,0.5488
2021-01-29,254.94,0.000599,0.3501
2021-01-30,255.45,0.0,0.3431
2021-01-31,255.12,0.0,0.5369
2021-02-01,255.09,0.0,0.6356
2021-02-02,256.4,0.005035,0.3668
2021-02-03,255.18,0.0,0.5277
2021-02-04,256.82,0.0,0.6014
2021-02-05,256.98,0.0,0.4042
2021-02-06,259.4,0.0,0.3473
2021-02-07,256.18,0.0,0.4002
2021-02-08,255.93,0.0,0.2656
2021-02-09,255.73,0.000309,0.4894
2021-02-10,259.6,0.0,0.6142
2021-02-11,259.96,0.0,0.4798
2021-02-12,254.25,0.0,0.4707
2021-02-13,258.51,0.0,0.3663
2021-02-14,259.97,0.0,0.5113
2021-02-15,256.56,0.0,0.313
2021-02-16,258.82,0.000237,0.3496
2021-02-17,261.38,0.0,0.5085
2021-02-18,260.89,0.0,0.5085
2021-02-19,258.87,0.0,0.1783
2021-02-20,258.98,0.0,0.5384
2021-02-21,258.11,0.0,0.4617
2021-02-22,256.41,0.001045,0.5205
2021-02-23,262.39,0.0,0.4623
2021-02-24,262.97,0.0,0.5111
2021-02-25,258.03,0.0,0.2853
2021-02-26,259.37,0.0,0.3312
2021-02-27,258.61,0.0,0.3672
2021-02-28,260.72,0.0,0.5105
2021-03-01,262.16,0.0,0.3934
2021-03-02,261.24,0.0,0.4027
2021-03-03,262.15,0.0,0.4427
2021-03-04,264.26,0.0,0.4061
2021-03-05,260.68,0.0,0.3994
2021-03-06,261.69,0.0,0.311
2021-03-07,263.52,0.0,0.3861
2021-03-08,261.27,0.0,0.5618
2021-03-09,262.94,0.0,0.3823
2021-03-10,266.37,0.0,0.2008
2021-03-11,262.44,0.0,0.024
2021-03-12,262.74,0.0,0.3839
2021-03-13,263.8,0.000159,0.5741
2021-03-14,264.15,0.0,0.8645
2021-03-15,263.34,0.0,0.4755
2021-03-16,263.82,0.0,0.6404
2021-03-17,265.19,0.0,0.6471
2021-03-18,265.4,0.0,0.7363
2021-03-19,266.01,0.0,0.4861
2021-03-20,261.41,0.000309,0.3198
2021-03-21,267.42,0.0,0.3359
2021-03-22,263.88,0.0,0.6722
2021-03-23,266.64,0.00028,0.32
2021-03-24,264.85,0.0,0.4176
2021-03-25,266.86,0.0,0.4041
2021-03-26,266.17,0.0,0.3316
2021-03-27,265.05,0.0,0.6485
2021-03-28,269.59,0.0,0.4564
2021-03-29,264.03,0.0,0.1736
2021-03-30,268.58,0.000475,0.4981
2021-03-31,262.58,0.0,0.4635
2021-04-01,262.89,0.0,0.4444
2021-04-02,267.28,0.0,0.5073
2021-04-03,269.33,0.001023,0.3712
2021-04-04,265.43,0.0,0.6063
2021-04-05,266.15,0.0,0.4872
2021-04-06,269.71,0.0,0.3345
2021-04-07,266.2,0.0,0.3663
2021-04-08,268.21,0.0,0.342
2021-04-09,267.32,0.0,0.7163
2021-04-10,269.21,0.0,0.3314
2021-04-11,267.35,0.0,0.3181
2021-04-12,270.93,0.0,0.3363
2021-04-13,265.07,0.0,0.4518
2021-04-14,271.12,0.0,0.4051
2021-04-15,271.65,0.0,0.5898
2021-04-16,269.09,0.0,0.5265
2021-04-17,268.43,0.0,0.6985
2021-04-18,274.54,0.0,0.3568
2021-04-19,272.22,0.001141,0.3589
2021-04-20,272.0,0.001221,0.6512
2021-04-21,270.33,0.0,0.5423
2021-04-22,273.82,0.0,0.3967
2021-04-23,272.03,0.0,0.439
2021-04-24,272.15,0.001401,0.537
2021-04-25,272.82,0.0,0.4664
2021-04-26,271.12,0.0,0.4446
2021-04-27,269.36,0.0,0.5177
2021-04-28,270.76,0.0,0.3358
2021-04-29,274.0,0.000359,0.4944
2021-04-30,273.29,0.001332,0.6159
2021-05-01,270.49,0.0,0.0061
2021-05-02,271.38,0.0,0.0784
2021-05-03,269.74,0.0,0.0006
2021-05-04,273.35,0.0,0.0054
2021-05-05,271.25,0.0,0.0756
2021-05-06,271.03,0.000506,0.1107
2021-05-07,271.89,0.0,0.0
2021-05-08,272.56,0.0,0.0763
2021-05-09,275.73,0.0,0.0108
2021-05-10,274.84,0.0,0.0568
2021-05-11,271.4,0.0,0.0356
2021-05-12,272.78,0.002157,0.1113
2021-05-13,273.03,0.000128,0.051
2021-05-14,274.42,0.0,0.077
2021-05-15,276.72,0.0,0.0004
2021-05-16,278.01,0.0,0.0655
2021-05-17,274.85,0.0,0.0514
2021-05-18,272.22,0.0,0.0465
2021-05-19,276.51,0.002454,0.0739
2021-05-20,274.75,0.0,0.0311
2021-05-21,272.6,0.002335,0.0158
2021-05-22,275.7,0.0,0.0092
2021-05-23,271.2,0.0,0.0653
2021-05-24,275.52,0.0,0.0422
2021-05-25,274.59,0.0,0.1189
2021-05-26,275.53,0.0,0.0571
2021-05-27,277.61,0.0,0.0505
2021-05-28,278.21,0.0,0.1002
2021-05-29,271.8,0.000416,0.0465
2021-05-30,276.18,0.0,0.0292
2021-05-31,273.86,0.0,0.0637
2021-06-01,274.38,0.0,0.0728
2021-06-02,277.92,0.001555,0.1208
2021-06-03,275.04,0.026454,0.0
2021-06-04,273.84,0.0,0.0048
2021-06-05,278.02,0.0,0.0738
2021-06-06,275.42,0.009359,0.0063
2021-06-07,282.21,0.000855,0.0553
2021-06-08,275.68,0.013319,0.0
2021-06-09,273.86,0.005208,0.0176
2021-06-10,274.95,0.001239,0.0
2021-06-11,275.57,0.0,0.0256
2021-06-12,276.58,0.008565,0.0288
2021-06-13,276.72,0.006299,0.0514
2021-06-14,275.53,0.006922,0.0507
2021-06-15,278.45,0.0,0.0957
2021-06-16,278.6,0.008798,0.1202
2021-06-17,277.43,0.016743,0.0046
2021-06-18,273.81,0.0,0.0395
2021-06-19,274.4,0.0,0.067
2021-06-20,277.39,0.037896,0.1026
2021-06-21,279.85,0.0,0.0403
2021-06-22,277.79,0.041411,0.0977
2021-06-23,276.36,0.000893,0.0712
2021-06-24,275.78,0.0,0.0
2021-06-25,277.73,0.006125,0.0766
2021-06-26,276.79,0.0,0.08
2021-06-27,279.52,0.0,0.0288
2021-06-28,275.1,0.0,0.0305
2021-06-29,276.9,0.0,0.0283
2021-06-30,278.06,0.032564,0.0807
2021-07-01,278.48,0.0,0.054
2021-07-02,276.24,0.005946,0.0568
2021-07-03,276.97,0.012384,0.0013
2021-07-04,276.57,0.00917,0.0503
2021-07-05,278.01,0.012407,0.0496
2021-07-06,277.87,0.004209,0.0242
2021-07-07,276.18,0.000577,0.0072
2021-07-08,279.2,0.0,0.1064
2021-07-09,277.23,0.015123,0.0575
2021-07-10,278.7,0.012862,0.0825
2021-07-11,278.92,0.0,0.0643
2021-07-12,278.01,0.0,0.012
2021-07-13,275.36,0.086905,0.0301
2021-07-14,276.1,0.008107,0.0522
2021-07-15,275.05,0.025668,0.0868
2021-07-16,274.59,0.0,0.1253
2021-07-17,275.3,0.014686,0.1173
2021-07-18,274.33,0.027951,0.0536
2021-07-19,274.16,0.002438,0.0717
2021-07-20,278.62,0.020824,0.0306
2021-07-21,272.74,0.001897,0.0511
2021-07-22,274.7,0.0,0.0647
2021-07-23,275.76,0.00095,0.0855
2021-07-24,275.28,0.0,0.1002
2021-07-25,273.85,0.017726,0.0178
2021-07-26,276.11,0.002938,0.0919
2021-07-27,275.62,0.000363,0.0
2021-07-28,272.48,0.010669,0.0868
2021-07-29,273.87,0.038233,0.0777
2021-07-30,272.99,0.016063,0.0224
2021-07-31,278.04,0.00566,0.0599
2021-08-01,274.95,0.009633,0.0
2021-08-02,275.7,0.022174,0.1121
2021-08-03,276.3,0.021843,0.0905
2021-08-04,276.1,0.040218,0.0
2021-08-05,270.83,0.0,0.0517
2021-08-06,271.98,0.005253,0.0727
2021-08-07,270.75,0.000349,0.0688
2021-08-08,273.48,0.0,0.0218
2021-08-09,270.71,0.009918,0.0
2021-08-10,273.32,0.028783,0.1008
2021-08-11,273.59,0.0,0.0754
2021-08-12,272.74,0.134,0.0361
2021-08-13,269.98,0.004181,0.0363
2021-08-14,270.87,0.0155,0.064
2021-08-15,273.42,0.023408,0.0892
2021-08-16,271.1,0.028741,0.0199
2021-08-17,270.22,0.010305,0.0755
2021-08-18,271.93,0.010709,0.0005
2021-08-19,272.0,0.013463,0.045
2021-08-20,275.27,0.06866,0.0816
2021-08-21,267.65,0.01051,0.0697
2021-08-22,271.01,0.008336,0.0156
2021-08-23,272.69,0.000359,0.0466
2021-08-24,271.12,0.0,0.066
2021-08-25,273.94,0.010954,0.0862
2021-08-26,271.01,0.009599,0.0965
2021-08-27,273.41,0.0,0.0
2021-08-28,268.87,0.00954,0.0967
2021-08-29,268.26,0.0,0.1018
2021-08-30,267.81,0.000471,0.0106
2021-08-31,270.61,0.000187,0.0
2021-09-01,269.9,0.0,0.0518
2021-09-02,269.15,0.009328,0.0688
2021-09-03,268.96,0.0,0.0
2021-09-04,266.22,0.007948,0.0689
2021-09-05,268.89,0.030973,0.1015
2021-09-06,267.36,0.005386,0.0403
2021-09-07,267.12,0.0,0.1319
2021-09-08,269.66,0.007398,0.062
2021-09-09,264.29,0.000108,0.0653
2021-09-10,265.63,0.008261,0.012
2021-09-11,268.89,0.0,0.002
2021-09-12,265.05,0.014651,0.0
2021-09-13,268.87,0.003254,0.0137
2021-09-14,266.54,0.000112,0.052
2021-09-15,266.21,0.004379,0.0466
2021-09-16,264.31,0.000872,0.1168
2021-09-17,262.12,0.006425,0.0326
2021-09-18,266.04,0.007509,0.1193
2021-09-19,268.21,0.0,0.0
2021-09-20,265.67,0.008726,0.0674
2021-09-21,267.29,0.014702,0.0137
2021-09-22,267.13,0.0,0.0641
2021-09-23,262.8,0.039672,0.0699
2021-09-24,265.98,0.00881,0.0
2021-09-25,265.54,0.00451,0.0377
2021-09-26,265.1,0.022156,0.1156
2021-09-27,267.16,0.0,0.043
2021-09-28,262.79,0.006044,0.0156
2021-09-29,264.1,0.0,0.0695
2021-09-30,263.2,0.0,0.0796
2021-10-01,262.96,0.000243,0.0975
2021-10-02,267.11,0.0,0.0527
2021-10-03,262.83,0.0,0.0655
2021-10-04,261.1,0.0,0.0
2021-10-05,260.26,0.0,0.005
2021-10-06,261.89,0.000389,0.0
2021-10-07,260.85,0.000139,0.0404
2021-10-08,259.48,0.0,0.1002
2021-10-09,261.75,0.0,0.073
2021-10-10,262.69,0.000884,0.0371
2021-10-11,262.17,0.002162,0.0286
2021-10-12,262.25,0.0,0.069
2021-10-13,260.81,0.0,0.0058
2021-10-14,262.99,0.0,0.0108
2021-10-15,259.21,0.0,0.0112
2021-10-16,261.02,0.0,0.0409
2021-10-17,257.19,0.000818,0.0444
2021-10-18,259.78,0.0,0.06
2021-10-19,260.08,0.000847,0.073
2021-10-20,257.39,0.0,0.0
2021-10-21,257.11,0.0,0.0587
2021-10-22,257.95,0.0,0.0
2021-10-23,260.5,0.0,0.0386
2021-10-24,259.29,0.0,0.0738
2021-10-25,256.2,0.0,0.0743
2021-10-26,261.3,0.003106,0.0479
2021-10-27,256.65,0.0,0.0567
2021-10-28,256.35,0.0,0.0749
2021-10-29,260.72,0.000163,0.0314
2021-10-30,259.43,0.0,0.1116
2021-10-31,261.38,0.000544,0.0831
2021-11-01,257.77,0.0,0.6386
2021-11-02,257.01,0.00028,0.4664
2021-11-03,254.85,0.0,0.4272
2021-11-04,256.73,0.000599,0.3318
2021-11-05,257.87,0.0,0.3149
2021-11-06,254.45,0.0,0.6817
2021-11-07,258.12,0.0,0.3498
2021-11-08,255.56,0.0,0.4527
2021-11-09,253.05,0.0,0.4103
2021-11-10,258.56,0.00069,0.4551
2021-11-11,257.88,0.000511,0.4679
2021-11-12,254.84,0.0,0.8437
2021-11-13,257.27,0.0,0.3043
2021-11-14,257.3,0.0,0.541
2021-11-15,255.06,0.0,0.5411
2021-11-16,253.88,0.0,0.5439
2021-11-17,251.94,0.0,0.4386
2021-11-18,253.18,0.0,0.4262
2021-11-19,255.77,0.0,0.5541
2021-11-20,256.08,0.001173,0.5051
2021-11-21,254.32,0.000236,0.5007
2021-11-22,255.56,0.0,0.156
2021-11-23,253.86,0.0,0.639
2021-11-24,251.22,0.0,0.3667
2021-11-25,256.14,0.0,0.5326
2021-11-26,255.11,0.0,0.5617
2021-11-27,252.78,0.0,0.4067
2021-11-28,253.85,0.0,0.4202
2021-11-29,252.94,0.001315,0.4734
2021-11-30,252.75,0.0,0.4429
2021-12-01,253.8,0.0,0.4197
2021-12-02,254.41,0.0,0.2627
2021-12-03,252.29,0.0,0.4633
2021-12-04,253.52,0.004253,0.555
2021-12-05,255.31,0.000715,0.4662
2021-12-06,255.86,0.002417,0.4927
2021-12-07,252.5,0.0,0.5679
2021-12-08,253.06,0.0,0.4352
2021-12-09,253.6,0.0,0.6172
2021-12-10,252.93,0.0,0.536
2021-12-11,251.48,0.0,0.4096
2021-12-12,255.1,0.0,0.5779
2021-12-13,252.76,0.0,0.6005
2021-12-14,252.9,0.0,0.2695
2021-12-15,251.92,0.0,0.4112
2021-12-16,255.05,0.0,0.4701
2021-12-17,248.51,0.0,0.4747
2021-12-18,252.9,0.000582,0.3654
2021-12-19,255.57,0.0,0.3371
2021-12-20,253.19,0.0,0.3032
2021-12-21,254.92,0.0,0.5628
2021-12-22,252.77,0.000403,0.6316
2021-12-23,253.02,0.0,0.6395
2021-12-24,255.02,0.0,0.3941
2021-12-25,252.13,0.0,0.323
2021-12-26,252.21,0.0,0.424
2021-12-27,252.16,0.0,0.3499
2021-12-28,252.44,0.0,0.3223
2021-12-29,251.83,0.000751,0.4883
2021-12-30,251.41,0.0,0.6527
2021-12-31,255.24,0.0,0.3937
2022-01-01,253.3,0.0,0.5122
2022-01-02,252.63,0.0,0.5356
2022-01-03,254.29,0.0,0.4389
2022-01-04,252.61,0.0,0.5006
2022-01-05,252.56,0.0,0.7682
2022-01-06,252.55,0.0,0.4756
2022-01-07,251.4,0.0,0.2934
2022-01-08,253.15,0.0,0.5553
2022-01-09,253.89,0.0,0.5102
2022-01-10,257.36,0.0,0.5932
2022-01-11,256.41,0.000911,0.5356
2022-01-12,252.87,0.0,0.5134
2022-01-13,255.05,0.001053,0.4745
2022-01-14,253.91,0.0,0.3352
2022-01-15,253.17,0.000251,0.4442
2022-01-16,254.55,0.0,0.248
2022-01-17,256.0,0.000857,0.5143
2022-01-18,251.31,0.0,0.5094
2022-01-19,253.44,0.0,0.386
2022-01-20,253.84,0.0,0.542
2022-01-21,252.84,0.000191,0.4418
2022-01-22,255.9,0.0,0.3215
2022-01-23,254.78,0.0,0.5188
2022-01-24,255.44,0.0,0.3966
2022-01-25,256.64,0.0003,0.3365
2022-01-26,255.0,0.0,0.4384
2022-01-27,254.72,0.0,0.1824
2022-01-28,251.9,0.0,0.5496
2022-01-29,258.17,0.0,0.588
2022-01-30,255.15,0.000648,0.5603
2022-01-31,260.45,0.0,0.636
2022-02-01,257.72,0.00051,0.4829
2022-02-02,257.42,0.000292,0.483
2022-02-03,253.05,0.0,0.5727
2022-02-04,255.15,0.0,0.5479
2022-02-05,259.97,0.0,0.2164
2022-02-06,255.3,0.0,0.4771
2022-02-07,256.1,0.0,0.5107
2022-02-08,261.18,0.0,0.3896
2022-02-09,256.01,0.0,0.5906
2022-02-10,258.1,0.000557,0.4364
2022-02-11,256.93,0.000468,0.2772
2022-02-12,258.13,0.0,0.591
2022-02-13,256.06,0.003063,0.4863
2022-02-14,258.74,0.0,0.4616
2022-02-15,259.41,0.0,0.3621
2022-02-16,258.77,0.0,0.4281
2022-02-17,262.36,0.0,0.376
2022-02-18,256.03,0.0,0.4099
2022-02-19,260.11,0.0,0.4127
2022-02-20,258.92,0.0,0.4049
2022-02-21,260.1,0.0,0.4053
2022-02-22,258.44,0.000332,0.4168
2022-02-23,257.51,0.0,0.4779
2022-02-24,257.88,0.0,0.5604
2022-02-25,261.56,0.0,0.3738
2022-02-26,262.0,0.0,0.4263
2022-02-27,260.5,0.0,0.6885
2022-02-28,259.08,0.001091,0.4483
2022-03-01,263.06,0.0,0.3249
2022-03-02,259.58,0.0,0.4287
2022-03-03,257.41,0.0,0.4666
2022-03-04,262.74,0.0,0.1801
2022-03-05,261.05,0.0,0.4794
2022-03-06,260.52,0.0,0.663
2022-03-07,264.39,0.0,0.2315
2022-03-08,264.5,0.0,0.5177
2022-03-09,261.55,0.0,0.4029
2022-03-10,264.72,0.000186,0.4641
2022-03-11,264.28,0.0,0.1728
2022-03-12,261.59,0.0,0.4356
2022-03-13,266.29,0.0,0.4874
2022-03-14,259.69,0.0,0.4963
2022-03-15,265.51,0.000244,0.316
2022-03-16,263.28,0.000844,0.1303
2022-03-17,264.61,0.0,0.4089
2022-03-18,262.88,0.00022,0.4766
2022-03-19,265.77,0.0,0.334
2022-03-20,262.92,0.0,0.3088
2022-03-21,263.31,0.0,0.4189
2022-03-22,265.95,0.0,0.4083
2022-03-23,264.59,0.0,0.3747
2022-03-24,264.64,0.0,0.619
2022-03-25,264.91,0.0,0.24
2022-03-26,266.22,0.0,0.3737
2022-03-27,264.82,0.0,0.3104
2022-03-28,268.29,0.001171,0.485
2022-03-29,267.85,0.0,0.3131
2022-03-30,268.25,0.0,0.4689
2022-03-31,268.99,0.0,0.4384
2022-04-01,267.02,0.000379,0.2225
2022-04-02,267.82,0.0,0.3024
2022-04-03,269.39,0.0,0.5161
2022-04-04,266.43,0.0,0.6799
2022-04-05,268.88,0.0,0.2474
2022-04-06,270.52,0.002477,0.3607
2022-04-07,267.25,0.0,0.4957
2022-04-08,269.39,0.0,0.4304
2022-04-09,268.96,0.00069,0.1651
2022-04-10,270.32,0.0,0.3095
2022-04-11,272.14,0.0,0.5532
2022-04-12,271.19,0.0,0.5049
2022-04-13,269.75,0.000545,0.3375
2022-04-14,269.62,0.0,0.567
2022-04-15,271.21,0.000713,0.4766
2022-04-16,270.5,0.0,0.574
2022-04-17,268.42,0.0,0.2933
2022-04-18,269.59,0.0,0.5092
2022-04-19,269.48,0.0,0.2631
2022-04-20,269.26,0.0,0.5562
2022-04-21,267.74,0.00162,0.3294
2022-04-22,271.82,0.0,0.354
2022-04-23,270.04,0.0,0.5386
2022-04-24,272.71,0.0,0.3818
2022-04-25,270.89,0.000553,0.536
2022-04-26,272.77,0.0,0.2829
2022-04-27,271.33,0.0,0.2818
2022-04-28,270.44,0.0,0.4789
2022-04-29,269.55,0.000532,0.4635
2022-04-30,273.16,0.0,0.4735
2022-05-01,271.15,0.000726,0.03
2022-05-02,274.81,0.0,0.0685
2022-05-03,271.35,0.0,0.037
2022-05-04,273.89,0.0,0.0536
2022-05-05,273.75,0.0,0.0469
2022-05-06,272.97,0.000995,0.0894
2022-05-07,272.07,0.0,0.0458
2022-05-08,268.54,0.0,0.05
2022-05-09,272.86,0.0,0.0402
2022-05-10,275.88,9.9e-05,0.0
2022-05-11,274.77,0.0,0.0
2022-05-12,275.37,0.0,0.0645
2022-05-13,271.78,0.0,0.0491
2022-05-14,276.27,0.0,0.0219
2022-05-15,277.02,0.0,0.1067
2022-05-16,273.72,0.0,0.1
2022-05-17,275.61,0.0,0.0212
2022-05-18,273.25,0.0,0.1183
2022-05-19,276.66,0.000153,0.033
2022-05-20,275.28,0.0,0.0158
2022-05-21,272.27,0.0,0.0156
2022-05-22,280.48,0.0,0.0353
2022-05-23,277.12,0.0,0.0944
2022-05-24,275.01,0.0,0.0358
2022-05-25,276.71,0.000405,0.0973
2022-05-26,276.37,0.0,0.1731
2022-05-27,271.05,0.000613,0.0353
2022-05-28,275.4,0.0,0.0335
2022-05-29,274.44,0.0,0.0
2022-05-30,273.68,0.0,0.097
2022-05-31,279.07,0.0,0.1277
2022-06-01,281.12,0.013232,0.1067
2022-06-02,275.97,0.0,0.0871
2022-06-03,277.26,0.012128,0.0326
2022-06-04,279.25,0.011553,0.0419
2022-06-05,275.89,0.0,0.0279
2022-06-06,278.24,0.002253,0.0
2022-06-07,275.96,0.051304,0.077
2022-06-08,275.41,0.033784,0.0166
2022-06-09,276.78,0.0,0.0413
2022-06-10,278.16,0.004253,0.0043
2022-06-11,279.1,0.010957,0.0479
2022-06-12,276.01,0.003253,0.0424
2022-06-13,276.48,0.027824,0.0795
2022-06-14,278.36,0.016715,0.0518
2022-06-15,278.27,0.0,0.0829
2022-06-16,275.65,0.013149,0.1391
2022-06-17,277.9,0.060007,0.0077
2022-06-18,279.23,0.0,0.0
2022-06-19,275.61,0.000229,0.1188
2022-06-20,277.26,0.006959,0.0268
2022-06-21,278.77,0.0,0.0521
2022-06-22,274.56,0.0,0.0859
2022-06-23,279.24,0.055351,0.0
2022-06-24,275.95,0.0,0.0909
2022-06-25,276.05,0.0,0.002
2022-06-26,276.82,0.008966,0.0
2022-06-27,276.79,0.000832,0.0497
2022-06-28,278.45,0.010484,0.0473
2022-06-29,278.39,0.010897,0.0625
2022-06-30,278.69,0.010924,0.0224
2022-07-01,277.85,0.0,0.0275
2022-07-02,275.52,0.0,0.1109
2022-07-03,277.16,0.0,0.0539
2022-07-04,277.82,0.000239,0.04
2022-07-05,276.1,0.016543,0.0985
2022-07-06,272.7,0.000853,0.0725
2022-07-07,277.98,0.006488,0.0578
2022-07-08,275.62,0.006923,0.1144
2022-07-09,277.4,0.014751,0.0364
2022-07-10,276.39,0.182646,0.1061
2022-07-11,275.77,0.00927,0.0668
2022-07-12,279.19,0.00775,0.0
2022-07-13,280.65,0.0,0.0203
2022-07-14,276.13,0.010108,0.0276
2022-07-15,275.28,0.049245,0.0561
2022-07-16,277.08,0.0,0.0252
2022-07-17,275.3,0.017242,0.0845
2022-07-18,274.57,0.0,0.0
2022-07-19,275.73,0.001441,0.0603
2022-07-20,275.8,0.011936,0.0098
2022-07-21,277.9,0.005175,0.0719
2022-07-22,275.03,0.011853,0.0766
2022-07-23,274.94,0.022761,0.0
2022-07-24,277.32,0.00918,0.0675
2022-07-25,271.72,0.005572,0.0384
2022-07-26,275.74,0.004829,0.0
2022-07-27,275.58,0.046749,0.0633
2022-07-28,276.57,0.058795,0.069
2022-07-29,273.23,0.016552,0.0628
2022-07-30,275.14,0.003894,0.0504
2022-07-31,272.16,0.024215,0.0
2022-08-01,274.45,0.005073,0.0168
2022-08-02,271.55,0.000792,0.0158
2022-08-03,275.05,0.0,0.0415
2022-08-04,273.81,0.0,0.0117
2022-08-05,276.31,0.010593,0.0068
2022-08-06,272.32,0.029783,0.0588
2022-08-07,273.03,0.0,0.0488
2022-08-08,275.71,0.0,0.0325
2022-08-09,271.46,0.000323,0.1152
2022-08-10,275.75,0.014567,0.0728
2022-08-11,275.63,0.032727,0.1036
2022-08-12,274.25,0.004824,0.0
2022-08-13,273.41,0.010894,0.0342
2022-08-14,273.47,0.002649,0.0336
2022-08-15,271.55,0.004065,0.0222
2022-08-16,272.68,0.023785,0.0
2022-08-17,270.85,0.0,0.0
2022-08-18,271.24,0.192366,0.0
2022-08-19,272.98,0.0,0.1144
2022-08-20,272.72,0.0,0.0253
2022-08-21,269.93,0.001055,0.0659
2022-08-22,273.91,0.0,0.0214
2022-08-23,268.62,0.00181,0.0
2022-08-24,273.66,0.031215,0.0454
2022-08-25,271.69,0.028285,0.0256
2022-08-26,270.99,0.042517,0.1175
2022-08-27,268.51,0.021725,0.0099
2022-08-28,267.69,0.005543,0.0668
2022-08-29,269.16,0.001929,0.0665
2022-08-30,270.06,0.0,0.0693
2022-08-31,264.37,0.005289,0.0715
2022-09-01,271.41,0.0,0.0173
2022-09-02,268.36,0.033398,0.0728
2022-09-03,268.71,0.095748,0.156
2022-09-04,265.16,0.032492,0.0692
2022-09-05,267.73,0.00395,0.0413
2022-09-06,265.79,0.011346,0.0832
2022-09-07,266.62,0.004307,0.0484
2022-09-08,268.83,0.011993,0.0753
2022-09-09,267.22,0.0,0.0342
2022-09-10,265.56,0.004726,0.0785
2022-09-11,266.24,0.004261,0.0822
2022-09-12,262.82,0.0,0.054
2022-09-13,265.14,0.008457,0.0
2022-09-14,266.73,0.0,0.0021
2022-09-15,267.93,0.019254,0.0202
2022-09-16,267.11,0.012647,0.084
2022-09-17,266.55,0.000271,0.075
2022-09-18,264.37,0.010002,0.0667
2022-09-19,267.49,0.003606,0.0721
2022-09-20,265.09,0.0,0.0585
2022-09-21,264.18,0.006224,0.0724
2022-09-22,265.76,0.0,0.0149
2022-09-23,266.35,0.00651,0.0318
2022-09-24,261.49,0.012681,0.0143
2022-09-25,261.51,0.004896,0.0215
2022-09-26,261.21,0.002691,0.1043
2022-09-27,265.32,0.008012,0.068
2022-09-28,262.37,0.005985,0.0
2022-09-29,264.47,0.014735,0.0227
2022-09-30,262.16,0.013315,0.0494
2022-10-01,260.58,0.0,0.1077
2022-10-02,264.57,0.0,0.0
2022-10-03,262.08,0.0,0.0
2022-10-04,259.67,0.0,0.0713
2022-10-05,261.18,0.0,0.0672
2022-10-06,260.47,0.0,0.0
2022-10-07,262.4,0.001443,0.0291
2022-10-08,263.57,0.000327,0.0635
2022-10-09,260.94,0.00038,0.0266
2022-10-10,258.49,0.0,0.0371
2022-10-11,259.88,0.0,0.0543
2022-10-12,262.53,0.0,0.0287
2022-10-13,257.98,0.0,0.0728
2022-10-14,257.03,0.0,0.0564
2022-10-15,260.06,0.0,0.0802
2022-10-16,261.97,0.0,0.0306
2022-10-17,258.81,0.0,0.0852
2022-10-18,259.8,0.0,0.0686
2022-10-19,260.81,0.0,0.0644
2022-10-20,256.83,0.0004,0.0649
2022-10-21,260.05,0.0,0.0
2022-10-22,259.22,0.0,0.108
2022-10-23,259.76,0.0,0.0
2022-10-24,256.48,0.0,0.0696
2022-10-25,259.3,0.000493,0.0283
2022-10-26,261.31,0.0,0.0901
2022-10-27,262.44,0.0,0.0
2022-10-28,258.3,0.0,0.0
2022-10-29,259.23,0.0,0.109
2022-10-30,256.64,0.0,0.0055
2022-10-31,259.43,0.0,0.0622
2022-11-01,258.65,0.0,0.443
2022-11-02,260.61,0.0,0.3187
2022-11-03,257.87,0.0,0.3207
2022-11-04,255.37,0.001562,0.5136
2022-11-05,257.44,0.0,0.3264
2022-11-06,259.47,0.0,0.3986
2022-11-07,256.2,0.0,0.5043
2022-11-08,256.33,0.0,0.3367
2022-11-09,252.91,0.0,0.6527
2022-11-10,251.73,0.0,0.4716
2022-11-11,258.16,0.0,0.3835
2022-11-12,254.21,0.0,0.4185
2022-11-13,256.69,0.0,0.2929
2022-11-14,257.94,0.0,0.4501
2022-11-15,254.23,0.0,0.5836
2022-11-16,256.03,0.0,0.5175
2022-11-17,254.24,0.0,0.3225
2022-11-18,253.03,0.000661,0.3419
2022-11-19,256.63,0.0,0.507
2022-11-20,256.22,0.001491,0.5251
2022-11-21,253.5,0.0,0.2962
2022-11-22,253.37,0.0,0.593
2022-11-23,252.96,0.0,0.5737
2022-11-24,253.52,0.0,0.5397
2022-11-25,256.26,0.0,0.5788
2022-11-26,255.65,0.0,0.2617
2022-11-27,254.09,0.0,0.4987
2022-11-28,251.18,0.000746,0.3739
2022-11-29,253.84,0.0,0.3868
2022-11-30,254.35,0.0,0.4342
2022-12-01,256.13,0.0,0.5152
2022-12-02,255.8,0.0,0.3079
2022-12-03,252.88,0.0,0.3396
2022-12-04,250.95,0.00039,0.2986
2022-12-05,251.46,0.0,0.3989
2022-12-06,254.25,0.0,0.3466
2022-12-07,251.69,0.0,0.387
2022-12-08,255.8,0.0,0.2929
2022-12-09,253.5,0.004348,0.2362
2022-12-10,252.33,0.0,0.4729
2022-12-11,254.95,0.0,0.6816
2022-12-12,252.44,0.0,0.4526
2022-12-13,254.38,0.0,0.2311
2022-12-14,252.79,0.0,0.4394
2022-12-15,253.85,0.0,0.4088
2022-12-16,251.78,0.0,0.3623
2022-12-17,250.78,0.000286,0.6513
2022-12-18,250.97,0.000246,0.3888
2022-12-19,252.07,0.0,0.4907
2022-12-20,252.83,0.000255,0.5943
2022-12-21,252.31,0.0,0.3996
2022-12-22,254.56,0.0,0.196
2022-12-23,252.12,0.0,0.5082
2022-12-24,255.27,0.0,0.657
2022-12-25,255.1,0.0,0.5221
2022-12-26,252.92,0.0,0.5172
2022-12-27,254.07,0.0,0.4692
2022-12-28,252.94,0.0,0.2631
2022-12-29,252.76,0.000753,0.5249
2022-12-30,248.8,0.001239,0.5847
2022-12-31,251.59,0.0,0.527
2023-01-01,251.68,0.0,0.5364
2023-01-02,252.82,0.0,0.4643
2023-01-03,252.52,0.000773,0.409
2023-01-04,253.42,0.0,0.3556
2023-01-05,254.25,0.0,0.5804
2023-01-06,253.86,0.0,0.503
2023-01-07,251.19,0.0,0.4735
2023-01-08,253.36,0.000203,0.3635
2023-01-09,255.2,0.0,0.622
2023-01-10,252.64,0.000569,0.3705
2023-01-11,255.06,0.0,0.3915
2023-01-12,249.34,0.000508,0.4958
2023-01-13,255.59,0.0,0.4494
2023-01-14,250.86,0.000143,0.5127
2023-01-15,255.95,0.0,0.6987
2023-01-16,254.07,0.0,0.5425
2023-01-17,253.95,0.001613,0.4122
2023-01-18,253.42,0.0,0.3757
2023-01-19,256.21,0.0,0.5596
2023-01-20,253.46,0.001582,0.5695
2023-01-21,258.06,0.0,0.4056
2023-01-22,256.19,0.0,0.6677
2023-01-23,256.75,0.0,0.5363
2023-01-24,255.96,0.0,0.6691
2023-01-25,253.73,0.0,0.4806
2023-01-26,255.44,0.0,0.4636
2023-01-27,254.47,0.0,0.4616
2023-01-28,255.87,0.0,0.4407
2023-01-29,255.48,0.000391,0.4018
2023-01-30,255.63,0.0,0.3763
2023-01-31,253.67,0.0,0.5753
2023-02-01,256.63,0.0,0.3098
2023-02-02,257.84,0.0,0.2793
2023-02-03,258.53,0.0,0.3224
2023-02-04,259.02,0.0,0.4731
2023-02-05,258.35,0.0,0.2948
2023-02-06,257.18,0.000301,0.5579
2023-02-07,258.31,0.0,0.4355
2023-02-08,256.49,0.001535,0.497
2023-02-09,258.2,0.0,0.2022
2023-02-10,257.13,0.0,0.3289
2023-02-11,255.53,0.0,0.4765
2023-02-12,257.28,0.0,0.32
2023-02-13,259.35,0.000718,0.4086
2023-02-14,257.38,0.0,0.4402
2023-02-15,257.58,0.0,0.2979
2023-02-16,256.11,0.0,0.481
2023-02-17,258.02,0.0,0.4218
2023-02-18,257.9,0.0,0.4932
2023-02-19,260.79,0.0,0.474
2023-02-20,259.08,0.0,0.3164
2023-02-21,262.82,0.0,0.4003
2023-02-22,258.02,0.0,0.7313
2023-02-23,258.62,0.000173,0.5367
2023-02-24,262.73,0.0,0.4675
2023-02-25,260.65,0.000251,0.4954
2023-02-26,257.02,0.0,0.6183
2023-02-27,259.02,0.0,0.47
2023-02-28,261.29,0.0,0.4582
2023-03-01,256.96,0.0,0.5742
2023-03-02,263.34,0.0,0.3074
2023-03-03,261.31,0.0,0.3509
2023-03-04,260.41,0.0,0.6037
2023-03-05,260.39,0.000394,0.3464
2023-03-06,261.07,0.0,0.1802
2023-03-07,260.44,0.0,0.4349
2023-03-08,263.45,0.000653,0.474
2023-03-09,263.6,0.0,0.508
2023-03-10,265.32,0.000236,0.7323
2023-03-11,259.12,0.0,0.3697
2023-03-12,262.24,0.0,0.5885
2023-03-13,262.38,0.0,0.3607
2023-03-14,261.51,0.000783,0.4393
2023-03-15,265.53,0.0,0.5499
2023-03-16,262.51,0.00096,0.4945
2023-03-17,261.09,0.0,0.4319
2023-03-18,265.1,0.0,0.3349
2023-03-19,264.17,0.0,0.3789
2023-03-20,266.48,0.0,0.5703
2023-03-21,264.51,0.0,0.3521
2023-03-22,265.24,0.0,0.4898
2023-03-23,264.7,0.0,0.607
2023-03-24,264.57,0.00032,0.3172
2023-03-25,264.43,0.0,0.4907
2023-03-26,265.81,0.0,0.3473
2023-03-27,265.67,0.0,0.3677
2023-03-28,268.77,0.0,0.2713
2023-03-29,270.05,0.0,0.4031
2023-03-30,267.3,0.0,0.435
2023-03-31,266.17,0.001703,0.3763
2023-04-01,265.04,0.000693,0.3757
2023-04-02,263.53,0.0,0.3688
2023-04-03,267.81,0.000581,0.3503
2023-04-04,263.45,0.0,0.5262
2023-04-05,266.78,0.0,0.5522
2023-04-06,270.05,0.001731,0.4235
2023-04-07,267.83,0.0,0.5221
2023-04-08,268.32,0.0,0.4675
2023-04-09,271.05,0.0,0.4718
2023-04-10,271.06,0.0,0.5615
2023-04-11,269.13,0.000475,0.6487
2023-04-12,272.1,0.0,0.5756
2023-04-13,268.02,0.0,0.4324
2023-04-14,269.41,0.0,0.3762
2023-04-15,271.16,0.0,0.5377
2023-04-16,268.3,0.0,0.4751
2023-04-17,269.68,0.0,0.4956
2023-04-18,269.16,0.0,0.5119
2023-04-19,270.92,0.0,0.5293
2023-04-20,271.13,0.0,0.242
2023-04-21,267.55,0.0,0.5034
2023-04-22,271.58,0.001204,0.5514
2023-04-23,269.72,0.000675,0.5086
2023-04-24,271.16,0.00031,0.4614
2023-04-25,272.39,0.0,0.4338
2023-04-26,270.85,0.000461,0.2931
2023-04-27,275.25,0.0,0.466
2023-04-28,273.12,0.0,0.2446
2023-04-29,272.61,0.0,0.5116
2023-04-30,272.09,0.0,0.573
2023-05-01,272.24,9.3e-05,0.0096
2023-05-02,274.64,0.0,0.038
2023-05-03,271.12,0.001204,0.0458
2023-05-04,275.65,0.000417,0.0672
2023-05-05,273.48,0.0,0.063
2023-05-06,272.78,0.0,0.0713
2023-05-07,273.53,0.0,0.0493
2023-05-08,271.51,0.0,0.0693
2023-05-09,272.76,0.000631,0.002
2023-05-10,275.2,0.0,0.0819
2023-05-11,274.18,0.0,0.0354
2023-05-12,274.03,0.001051,0.0664
2023-05-13,277.24,0.0,0.0665
2023-05-14,274.99,0.0,0.1356
2023-05-15,276.84,0.0,0.0164
2023-05-16,274.04,0.00048,0.0499
2023-05-17,274.89,0.000289,0.0457
2023-05-18,273.89,0.000808,0.0368
2023-05-19,275.41,0.0,0.0044
2023-05-20,278.08,0.0,0.0456
2023-05-21,277.68,0.001402,0.0
2023-05-22,275.03,0.0,0.0879
2023-05-23,273.14,0.0,0.029
2023-05-24,275.62,0.0,0.0417
2023-05-25,274.68,0.0,0.0
2023-05-26,275.37,0.0,0.0561
2023-05-27,276.16,0.0,0.1147
2023-05-28,275.08,0.0,0.0155
2023-05-29,275.17,0.000707,0.0
2023-05-30,275.85,0.0,0.019
2023-05-31,278.13,0.0,0.0903
2023-06-01,277.36,0.003719,0.0
2023-06-02,276.96,0.0,0.0279
2023-06-03,280.41,0.027417,0.0
2023-06-04,276.1,0.007464,0.0211
2023-06-05,275.78,0.035615,0.0519
2023-06-06,276.43,0.080149,0.0356
2023-06-07,276.71,0.005514,0.1029
2023-06-08,278.58,0.000941,0.0876
2023-06-09,274.92,0.0,0.0235
2023-06-10,278.59,0.0,0.0652
2023-06-11,276.6,0.063526,0.1396
2023-06-12,276.88,0.0,0.0805
2023-06-13,274.82,0.0,0.1099
2023-06-14,278.26,0.0,0.0082
2023-06-15,277.03,0.008286,0.1681
2023-06-16,274.23,0.003356,0.0813
2023-06-17,275.38,0.009725,0.0
2023-06-18,279.89,0.0,0.0891
2023-06-19,275.13,0.00529,0.0893
2023-06-20,276.29,0.011994,0.1468
2023-06-21,278.2,0.002023,0.0252
2023-06-22,275.42,0.001222,0.0768
2023-06-23,278.51,0.0,0.0208
2023-06-24,278.21,0.008167,0.0453
2023-06-25,277.28,0.032734,0.0883
2023-06-26,280.61,0.007572,0.082
2023-06-27,275.72,0.007548,0.0
2023-06-28,277.41,0.05278,0.0471
2023-06-29,273.33,0.007816,0.035
2023-06-30,276.26,0.041687,0.0939
2023-07-01,280.66,0.007605,0.1222
2023-07-02,277.39,0.0,0.0528
2023-07-03,276.82,0.023174,0.0603
2023-07-04,277.97,0.0,0.0395
2023-07-05,279.03,0.025988,0.0669
2023-07-06,277.03,0.012359,0.0517
2023-07-07,272.84,0.000777,0.1076
2023-07-08,276.05,0.014622,0.0416
2023-07-09,275.45,0.008093,0.0364
2023-07-10,276.6,0.000118,0.0159
2023-07-11,274.66,0.013352,0.0257
2023-07-12,279.09,0.000357,0.0
2023-07-13,275.63,0.047587,0.0298
2023-07-14,275.77,0.025158,0.0023
2023-07-15,275.49,0.0,0.0517
2023-07-16,272.85,0.0,0.0034
2023-07-17,279.68,0.0,0.122
2023-07-18,275.45,0.016889,0.0
2023-07-19,272.37,0.005598,0.0304
2023-07-20,275.68,0.035847,0.0564
2023-07-21,275.5,0.0,0.1018
2023-07-22,273.26,0.00914,0.0626
2023-07-23,273.34,0.0,0.0233
2023-07-24,274.82,0.017544,0.0464
2023-07-25,274.68,0.004056,0.0291
2023-07-26,274.48,0.019937,0.0385
2023-07-27,273.52,0.003463,0.0156
2023-07-28,275.66,0.023619,0.0377
2023-07-29,273.55,0.019865,0.0344
2023-07-30,273.79,0.0,0.1429
2023-07-31,275.37,0.003808,0.0439
2023-08-01,273.6,0.007571,0.1297
2023-08-02,272.31,0.007366,0.1113
2023-08-03,276.29,0.042079,0.0181
2023-08-04,274.95,0.009657,0.0744
2023-08-05,274.91,0.0,0.072
2023-08-06,276.23,0.004387,0.0
2023-08-07,275.19,0.0,0.038
2023-08-08,276.69,0.0,0.0
2023-08-09,273.51,0.0,0.0
2023-08-10,271.68,0.02567,0.1509
2023-08-11,272.73,0.0,0.0252
2023-08-12,273.86,0.026012,0.0519
2023-08-13,274.4,0.0,0.066
2023-08-14,272.72,0.0,0.062
2023-08-15,273.1,0.0,0.0781
2023-08-16,271.89,0.02419,0.0
2023-08-17,272.93,0.0,0.0589
2023-08-18,270.79,0.01017,0.0
2023-08-19,269.91,0.008098,0.0
2023-08-20,271.78,0.008436,0.1276
2023-08-21,272.1,0.004588,0.0
2023-08-22,270.34,0.0,0.0827
2023-08-23,270.17,0.005561,0.091
2023-08-24,269.39,0.0,0.0
2023-08-25,271.25,0.039634,0.0267
2023-08-26,267.45,0.003559,0.0025
2023-08-27,272.1,0.097114,0.0236
2023-08-28,271.99,0.009019,0.0364
2023-08-29,266.76,0.005461,0.0
2023-08-30,268.59,0.019467,0.1171
2023-08-31,269.62,0.0,0.0542
2023-09-01,270.48,0.0,0.0223
2023-09-02,268.81,0.0,0.0477
2023-09-03,269.54,0.0,0.0977
2023-09-04,270.75,0.067578,0.0456
2023-09-05,268.89,0.028991,0.0723
2023-09-06,268.49,0.0,0.1242
2023-09-07,268.56,0.0,0.0874
2023-09-08,266.38,0.001238,0.1049
2023-09-09,266.25,0.029926,0.0093
2023-09-10,270.45,0.010698,0.0
2023-09-11,265.35,0.029279,0.1065
2023-09-12,262.14,0.006519,0.0666
2023-09-13,268.49,0.0,0.0795
2023-09-14,270.58,0.005423,0.0425
2023-09-15,264.48,0.027305,0.0362
2023-09-16,267.42,0.036309,0.0552
2023-09-17,265.13,0.214713,0.0434
2023-09-18,263.72,0.00554,0.0716
2023-09-19,264.38,0.006366,0.0644
2023-09-20,268.02,0.0,0.0687
2023-09-21,267.27,0.033867,0.0
2023-09-22,267.18,0.020369,0.0959
2023-09-23,262.74,0.0,0.077
2023-09-24,264.95,0.01802,0.0861
2023-09-25,261.58,0.0,0.062
2023-09-26,263.75,0.00966,0.0858
2023-09-27,264.01,0.027093,0.0102
2023-09-28,261.63,0.001169,0.0283
2023-09-29,259.67,0.034475,0.0383
2023-09-30,267.01,0.014587,0.0101
2023-10-01,263.32,0.0,0.0435
2023-10-02,263.47,0.00124,0.0652
2023-10-03,261.59,0.0,0.0608
2023-10-04,260.82,0.0,0.0
2023-10-05,266.03,0.000365,0.0998
2023-10-06,260.47,0.000399,0.0
2023-10-07,261.11,0.0,0.0332
2023-10-08,262.0,0.0,0.0581
2023-10-09,261.85,0.000368,0.0196
2023-10-10,260.07,0.0,0.0328
2023-10-11,259.93,0.0,0.0629
2023-10-12,258.99,0.0,0.0471
2023-10-13,262.39,0.0,0.0571
2023-10-14,258.69,0.000638,0.1265
2023-10-15,259.95,0.001111,0.0897
2023-10-16,257.48,0.0,0.0816
2023-10-17,258.92,0.0,0.0931
2023-10-18,259.27,0.0,0.0466
2023-10-19,257.78,0.0,0.0
2023-10-20,260.72,0.0,0.014
2023-10-21,258.65,0.000308,0.0393
2023-10-22,257.99,0.0,0.0189
2023-10-23,254.51,0.0,0.0408
2023-10-24,258.05,0.000608,0.027
2023-10-25,255.73,0.0,0.1225
2023-10-26,258.09,0.0,0.0534
2023-10-27,259.29,0.0,0.0679
2023-10-28,255.39,0.0,0.0222
2023-10-29,256.51,0.0,0.0482
2023-10-30,256.19,0.0,0.0
2023-10-31,259.79,0.0,0.1005
2023-11-01,258.88,0.0,0.5074
2023-11-02,257.34,0.0,0.5591
2023-11-03,255.2,0.0,0.424
2023-11-04,258.19,0.0,0.2945
2023-11-05,256.16,0.0,0.3745
2023-11-06,257.4,0.0,0.3598
2023-11-07,260.06,0.0,0.3344
2023-11-08,258.92,0.001504,0.247
2023-11-09,255.72,0.0,0.4775
2023-11-10,254.37,0.0,0.3998
2023-11-11,257.06,0.0,0.4887
2023-11-12,253.64,0.0,0.7148
2023-11-13,258.16,0.0,0.729
2023-11-14,254.05,0.0,0.3693
2023-11-15,257.53,0.0,0.5199
2023-11-16,254.08,0.0,0.4375
2023-11-17,254.31,0.0,0.657
2023-11-18,255.55,0.000664,0.5121
2023-11-19,256.42,0.00041,0.4085
2023-11-20,253.17,0.0,0.6557
2023-11-21,251.21,0.0,0.4748
2023-11-22,255.19,0.0,0.4827
2023-11-23,255.05,0.0,0.37
2023-11-24,254.9,0.0,0.4134
2023-11-25,254.34,0.0,0.4604
2023-11-26,251.65,0.0,0.4497
2023-11-27,251.8,0.001235,0.3554
2023-11-28,251.26,0.0,0.3328
2023-11-29,253.95,0.0,0.5015
2023-11-30,251.4,0.0,0.4474
2023-12-01,254.12,0.0,0.628
2023-12-02,254.12,0.0,0.2826
2023-12-03,251.63,0.0,0.5023
2023-12-04,250.32,0.0,0.2588
2023-12-05,254.67,0.0,0.3585
2023-12-06,252.51,0.0,0.259
2023-12-07,254.18,0.00033,0.4293
2023-12-08,252.8,0.0,0.4242
2023-12-09,255.72,0.0,0.4849
2023-12-10,253.34,0.0,0.3724
2023-12-11,252.83,0.0,0.4637
2023-12-12,254.37,0.000382,0.4389
2023-12-13,252.75,0.00063,0.4412
2023-12-14,253.8,0.0,0.3119
2023-12-15,254.75,0.0,0.5407
2023-12-16,255.6,0.0,0.676
2023-12-17,255.45,0.0,0.5607
2023-12-18,249.56,0.0,0.3395
2023-12-19,255.44,0.0,0.473
2023-12-20,250.53,0.0,0.1841
2023-12-21,251.87,0.000499,0.4998
2023-12-22,253.02,0.0,0.3539
2023-12-23,251.73,0.0,0.3274
2023-12-24,255.07,0.0,0.4366
2023-12-25,253.48,0.0,0.29
2023-12-26,256.3,0.0,0.5002
2023-12-27,254.6,0.0,0.3453
2023-12-28,252.94,0.0,0.4356
2023-12-29,253.45,0.0,0.5307
2023-12-30,255.25,0.0,0.5155
2023-12-31,248.94,0.0,0.7502
2024-01-01,255.47,0.0,0.2662
2024-01-02,255.58,0.000537,0.6363
2024-01-03,252.86,0.0,0.4308
2024-01-04,251.07,0.0,0.3406
2024-01-05,255.87,0.0,0.5891
2024-01-06,249.1,0.0,0.3199
2024-01-07,255.39,0.0,0.5796
2024-01-08,255.18,0.005257,0.5137
2024-01-09,254.73,0.001023,0.4246
2024-01-10,254.27,0.0,0.5351
2024-01-11,254.7,0.0,0.4702
2024-01-12,252.32,0.0,0.3962
2024-01-13,252.27,0.0,0.4398
2024-01-14,253.39,0.0,0.4196
2024-01-15,255.29,0.0,0.5411
2024-01-16,252.93,0.000321,0.321
2024-01-17,254.28,0.0,0.4748
2024-01-18,254.87,0.0,0.5908
2024-01-19,253.03,0.0,0.4675
2024-01-20,256.31,0.0,0.445
2024-01-21,254.68,0.0,0.4699
2024-01-22,253.54,0.0,0.5705
2024-01-23,255.09,0.0,0.2743
2024-01-24,255.11,0.0,0.4686
2024-01-25,254.88,0.0,0.4121
2024-01-26,256.97,0.0,0.5584
2024-01-27,254.33,0.0,0.4599
2024-01-28,257.79,0.0,0.4453
2024-01-29,257.27,0.0,0.1409
2024-01-30,252.31,0.0,0.4333
2024-01-31,258.24,0.0,0.3587
2024-02-01,256.56,0.0,0.4034
2024-02-02,257.6,0.0,0.6402
2024-02-03,255.62,0.0,0.4561
2024-02-04,255.11,0.0,0.6313
2024-02-05,257.53,0.0,0.6643
2024-02-06,257.22,0.0,0.3613
2024-02-07,257.5,0.0,0.3187
2024-02-08,257.51,0.0,0.3039
2024-02-09,253.53,0.0,0.3833
2024-02-10,258.68,0.0,0.3604
2024-02-11,258.86,0.0,0.6947
2024-02-12,254.7,0.0,0.1545
2024-02-13,261.81,0.0,0.5034
2024-02-14,256.9,0.0,0.4196
2024-02-15,258.51,0.0,0.6123
2024-02-16,255.88,0.0,0.27
2024-02-17,257.82,0.0,0.4411
2024-02-18,259.18,0.0,0.4895
2024-02-19,258.15,0.0,0.5163
2024-02-20,262.86,0.0,0.3648
2024-02-21,262.36,0.000857,0.501
2024-02-22,259.83,0.0,0.3142
2024-02-23,257.44,0.0,0.3858
2024-02-24,256.61,0.0,0.3923
2024-02-25,261.53,0.0,0.4577
2024-02-26,261.53,0.0,0.5488
2024-02-27,258.16,0.0,0.3545
2024-02-28,262.75,0.0,0.5848
2024-02-29,262.81,0.000471,0.5553
2024-03-01,258.54,0.000997,0.4602
2024-03-02,261.66,0.0,0.2465
2024-03-03,259.03,0.0,0.5165
2024-03-04,258.11,0.000193,0.3816
2024-03-05,259.99,0.0,0.389
2024-03-06,265.17,0.0,0.3887
2024-03-07,261.55,0.0,0.4856
2024-03-08,261.32,0.000475,0.7448
2024-03-09,261.74,0.0,0.5799
2024-03-10,261.86,0.0,0.5293
2024-03-11,263.14,0.0,0.4661
2024-03-12,262.81,0.00102,0.4073
2024-03-13,261.66,0.0,0.4975
2024-03-14,261.71,0.0,0.6223
2024-03-15,262.88,0.0,0.2505
2024-03-16,265.74,0.0,0.6255
2024-03-17,266.05,0.0,0.5681
2024-03-18,267.32,0.0,0.3772
2024-03-19,267.78,0.0,0.5167
2024-03-20,263.68,0.0,0.491
2024-03-21,263.74,0.001088,0.5728
2024-03-22,266.52,0.0,0.4687
2024-03-23,267.73,0.0,0.3651
2024-03-24,263.27,0.0,0.2955
2024-03-25,267.87,0.0,0.4661
2024-03-26,268.99,0.000865,0.5757
2024-03-27,267.43,0.000593,0.351
2024-03-28,264.34,0.0,0.348
2024-03-29,266.65,0.0,0.4367
2024-03-30,267.36,0.0,0.435
2024-03-31,269.09,0.00154,0.4551
2024-04-01,265.45,0.0,0.4903
2024-04-02,268.75,0.000946,0.38
2024-04-03,265.56,0.0,0.4525
2024-04-04,269.67,0.0,0.6644
2024-04-05,265.75,0.0,0.2931
2024-04-06,268.62,0.0,0.2912
2024-04-07,269.03,0.0,0.5076
2024-04-08,269.48,0.0,0.4103
2024-04-09,270.38,0.000117,0.2324
2024-04-10,269.28,0.0,0.746
2024-04-11,263.42,0.0,0.6115
2024-04-12,266.38,0.0,0.5033
2024-04-13,270.44,0.0,0.5302
2024-04-14,268.22,0.0,0.5611
2024-04-15,270.03,0.0,0.5178
2024-04-16,270.54,0.0,0.3121
2024-04-17,270.25,0.0,0.4649
2024-04-18,273.88,0.0,0.7435
2024-04-19,272.52,0.0,0.3411
2024-04-20,274.06,0.002867,0.3211
2024-04-21,270.71,0.0,0.4393
2024-04-22,273.38,0.0,0.7345
2024-04-23,270.5,0.00048,0.345
2024-04-24,274.27,0.0,0.5637
2024-04-25,273.88,0.0,0.4959
2024-04-26,273.33,0.0,0.3409
2024-04-27,273.95,0.0,0.4484
2024-04-28,269.56,0.0,0.3247
2024-04-29,272.42,0.0,0.4931
2024-04-30,271.04,0.00036,0.3343
2024-05-01,276.61,0.0,0.0577
2024-05-02,271.4,0.0,0.0838
2024-05-03,274.89,0.0,0.0873
2024-05-04,273.31,0.0,0.0
2024-05-05,270.35,0.0,0.0825
2024-05-06,271.78,0.000391,0.0003
2024-05-07,276.2,0.0,0.0003
2024-05-08,275.19,0.000275,0.055
2024-05-09,272.34,0.0,0.0626
2024-05-10,278.05,0.0,0.0402
2024-05-11,271.76,0.0,0.0
2024-05-12,273.57,0.001348,0.0941
2024-05-13,276.23,0.000312,0.0451
2024-05-14,273.91,0.0,0.0367
2024-05-15,277.43,0.001839,0.0135
2024-05-16,272.21,0.0,0.0275
2024-05-17,275.93,0.0,0.0573
2024-05-18,276.44,0.0,0.0945
2024-05-19,277.58,0.000368,0.0446
2024-05-20,276.29,0.0,0.075
2024-05-21,275.94,0.001182,0.0796
2024-05-22,276.2,0.0,0.0303
2024-05-23,276.49,0.0,0.0
2024-05-24,275.93,0.0,0.0148
2024-05-25,275.34,0.0,0.0
2024-05-26,275.28,0.000235,0.0549
2024-05-27,274.93,0.0,0.03
2024-05-28,278.54,0.0,0.0069
2024-05-29,278.92,0.0,0.0336
2024-05-30,277.4,0.0,0.0655
2024-05-31,274.02,0.000278,0.0
2024-06-01,275.97,0.0,0.0383
2024-06-02,275.15,0.0,0.0157
2024-06-03,275.75,0.0,0.0873
2024-06-04,278.01,0.014879,0.0
2024-06-05,278.12,0.08178,0.1465
2024-06-06,277.82,0.000258,0.0411
2024-06-07,277.25,0.01462,0.0684
2024-06-08,277.11,0.003383,0.0483
2024-06-09,274.55,0.025802,0.0816
2024-06-10,277.29,0.190893,0.0828
2024-06-11,274.34,0.004426,0.0849
2024-06-12,278.34,0.0,0.0588
2024-06-13,278.07,0.004841,0.0764
2024-06-14,280.61,0.000252,0.0785
2024-06-15,277.27,0.002288,0.0242
2024-06-16,275.22,0.001274,0.1034
2024-06-17,273.1,0.0,0.0427
2024-06-18,277.04,0.005989,0.0731
2024-06-19,278.01,0.0,0.0326
2024-06-20,278.35,0.014627,0.0878
2024-06-21,276.38,0.003822,0.1214
2024-06-22,278.83,0.074308,0.0957
2024-06-23,278.64,0.003875,0.0427
2024-06-24,275.98,0.070816,0.0699
2024-06-25,275.59,0.154655,0.0499
2024-06-26,277.12,0.01329,0.0518
2024-06-27,276.13,0.113932,0.0695
2024-06-28,276.26,0.053211,0.0105
2024-06-29,277.66,0.0,0.0
2024-06-30,277.86,0.005922,0.0
2024-07-01,276.46,0.006309,0.0485
2024-07-02,272.31,0.0,0.0
2024-07-03,278.25,0.004625,0.0322
2024-07-04,276.36,0.010509,0.0
2024-07-05,276.35,0.0,0.0766
2024-07-06,273.79,0.0,0.1014
2024-07-07,275.23,0.065438,0.0511
2024-07-08,279.19,0.007277,0.0909
2024-07-09,274.33,0.006,0.0941
2024-07-10,275.1,0.034976,0.0537
2024-07-11,274.3,0.004724,0.0634
2024-07-12,278.74,0.0,0.0065
2024-07-13,278.52,0.011388,0.0714
2024-07-14,277.48,0.023759,0.0474
2024-07-15,275.8,0.0,0.0
2024-07-16,277.72,0.0,0.0696
2024-07-17,277.39,0.0,0.0966
2024-07-18,275.04,0.025232,0.0
2024-07-19,274.28,0.09817,0.0535
2024-07-20,274.77,0.008591,0.0447
2024-07-21,275.51,0.008246,0.0618
2024-07-22,275.72,0.0,0.0046
2024-07-23,274.44,0.016088,0.0818
2024-07-24,273.14,0.00087,0.0214
2024-07-25,273.77,0.00915,0.0492
2024-07-26,275.5,0.003024,0.0
2024-07-27,276.79,0.0,0.067
2024-07-28,276.85,0.0133,0.0636
2024-07-29,270.79,0.041927,0.0407
2024-07-30,273.35,0.031052,0.0624
2024-07-31,275.29,0.001187,0.0688
2024-08-01,272.69,0.0,0.0209
2024-08-02,273.03,0.001626,0.0731
2024-08-03,273.91,0.008459,0.0107
2024-08-04,272.67,0.00639,0.0
2024-08-05,274.51,0.014266,0.0
2024-08-06,276.53,0.003074,0.0091
2024-08-07,272.02,0.000591,0.0214
2024-08-08,270.87,0.0,0.0
2024-08-09,272.11,0.0,0.0716
2024-08-10,272.87,0.016088,0.0701
2024-08-11,273.09,0.002277,0.0
2024-08-12,270.7,0.002988,0.0449
2024-08-13,269.97,0.008097,0.0229
2024-08-14,269.88,0.0,0.0129
2024-08-15,269.71,0.0,0.0028
2024-08-16,273.01,0.006565,0.0
2024-08-17,272.54,0.0,0.1283
2024-08-18,272.45,0.000175,0.031
2024-08-19,272.19,0.00553,0.0625
2024-08-20,269.27,0.006477,0.0465
2024-08-21,270.79,0.000637,0.0714
2024-08-22,269.1,0.000546,0.0467
2024-08-23,271.56,0.071717,0.0555
2024-08-24,269.16,0.002681,0.1061
2024-08-25,268.62,0.002616,0.0614
2024-08-26,269.76,0.0,0.1042
2024-08-27,270.11,0.016782,0.0589
2024-08-28,272.45,0.0,0.0443
2024-08-29,270.33,0.008525,0.1138
2024-08-30,268.03,0.039785,0.0842
2024-08-31,269.65,0.002374,0.0294
2024-09-01,268.49,0.007956,0.0754
2024-09-02,270.41,0.010497,0.0548
2024-09-03,267.61,0.004171,0.0213
2024-09-04,266.54,0.005241,0.0407
2024-09-05,267.12,0.007221,0.0186
2024-09-06,268.57,0.020343,0.0
2024-09-07,269.16,0.010629,0.079
2024-09-08,266.84,0.028904,0.0139
2024-09-09,266.54,0.011671,0.0465
2024-09-10,266.18,0.007028,0.0799
2024-09-11,266.23,0.003737,0.1062
2024-09-12,267.91,0.00137,0.0653
2024-09-13,266.03,0.003113,0.0197
2024-09-14,266.58,0.0,0.0301
2024-09-15,268.78,0.005247,0.0129
2024-09-16,268.23,0.0,0.0881
2024-09-17,270.98,0.016811,0.0726
2024-09-18,263.16,0.0,0.0406
2024-09-19,264.6,0.011451,0.0647
2024-09-20,267.83,0.0,0.0571
2024-09-21,266.44,0.044531,0.06
2024-09-22,262.32,0.008134,0.0422
2024-09-23,264.26,0.0,0.0311
2024-09-24,264.89,0.013634,0.0265
2024-09-25,262.93,0.01489,0.0612
2024-09-26,262.49,0.090631,0.0615
2024-09-27,266.4,0.019905,0.0816
2024-09-28,262.17,0.003463,0.0814
2024-09-29,261.68,0.008541,0.0417
2024-09-30,260.19,0.018478,0.0645
2024-10-01,259.84,0.0,0.0513
2024-10-02,262.63,0.0,0.0293
2024-10-03,260.45,0.0,0.069
2024-10-04,263.28,0.0,0.0
2024-10-05,259.39,0.0,0.0235
2024-10-06,260.04,0.0,0.0619
2024-10-07,260.92,0.0,0.0
2024-10-08,261.44,0.00126,0.0338
2024-10-09,263.56,0.0,0.096
2024-10-10,259.45,0.000487,0.0312
2024-10-11,258.99,0.0,0.004
2024-10-12,259.13,0.00031,0.0523
2024-10-13,257.83,0.001944,0.0315
2024-10-14,258.88,0.00047,0.077
2024-10-15,261.02,0.0,0.0452
2024-10-16,259.44,0.0,0.0072
2024-10-17,257.27,0.0,0.0381
2024-10-18,260.15,0.0,0.0209
2024-10-19,259.88,0.0,0.094
2024-10-20,257.65,0.000228,0.0659
2024-10-21,261.6,0.0,0.0977
2024-10-22,262.44,0.000937,0.0347
2024-10-23,257.23,0.0,0.0718
2024-10-24,260.09,0.0,0.0849
2024-10-25,260.89,0.0,0.0817
2024-10-26,254.64,0.0,0.0557
2024-10-27,257.83,0.0,0.0975
2024-10-28,257.14,0.0,0.0573
2024-10-29,257.47,0.0,0.0486
2024-10-30,256.42,0.0,0.0804
2024-10-31,260.16,0.0,0.1078
