date,temperature_2m_k,total_precip_m_day,snow_depth_m_we
2016-01-01,252.89,0.0,0.4505
2016-01-02,251.59,0.00022,0.3765
2016-01-03,254.51,0.0,0.3601
2016-01-04,252.9,0.0,0.4023
2016-01-05,253.17,0.0,0.3045
2016-01-06,251.51,0.0,0.4619
2016-01-07,249.71,0.0,0.3174
2016-01-08,251.2,0.0,0.5197
2016-01-09,253.83,0.0,0.6611
2016-01-10,254.49,0.0,0.6871
2016-01-11,252.93,0.0,0.2538
2016-01-12,254.68,0.0,0.2888
2016-01-13,252.48,0.000282,0.5712
2016-01-14,251.69,0.00232,0.5841
2016-01-15,252.94,0.0,0.3732
2016-01-16,252.15,0.0,0.3979
2016-01-17,252.72,0.0,0.4661
2016-01-18,253.3,0.0,0.4548
2016-01-19,252.5,0.0,0.2153
2016-01-20,253.9,0.0,0.5038
2016-01-21,253.48,0.0,0.4682
2016-01-22,253.98,0.0,0.5426
2016-01-23,253.03,0.0,0.3631
2016-01-24,253.5,0.0,0.5213
2016-01-25,252.55,0.0,0.4067
2016-01-26,254.1,0.0,0.4302
2016-01-27,255.34,0.000479,0.4865
2016-01-28,255.48,0.0,0.5362
2016-01-29,254.63,0.0,0.1832
2016-01-30,251.96,0.0,0.6164
2016-01-31,255.04,0.0,0.4937
2016-02-01,255.59,0.0,0.2616
2016-02-02,256.78,0.001551,0.3865
2016-02-03,253.32,0.0,0.3855
2016-02-04,255.7,0.0,0.2971
2016-02-05,253.87,0.0,0.4688
2016-02-06,257.83,0.001663,0.3624
2016-02-07,253.99,0.0,0.2218
2016-02-08,253.99,0.000733,0.3537
2016-02-09,254.25,0.0,0.4
2016-02-10,256.25,0.0,0.2065
2016-02-11,253.65,0.0,0.3935
2016-02-12,257.77,0.0,0.542
2016-02-13,255.63,0.0,0.5533
2016-02-14,256.37,0.0,0.3095
2016-02-15,256.2,0.0,0.7907
2016-02-16,259.18,0.0,0.2983
2016-02-17,258.87,0.0,0.4534
2016-02-18,255.31,0.0,0.5559
2016-02-19,256.68,0.0,0.5369
2016-02-20,258.24,0.0,0.4961
2016-02-21,258.03,0.000443,0.4826
2016-02-22,257.39,0.0,0.471
2016-02-23,260.56,0.0,0.3932
2016-02-24,256.96,0.0,0.5648
2016-02-25,257.86,0.000691,0.3976
2016-02-26,260.14,0.0,0.4951
2016-02-27,261.09,0.0,0.4786
2016-02-28,259.24,0.0,0.4587
2016-02-29,259.69,0.0,0.4182
2016-03-01,260.29,0.0,0.4921
2016-03-02,260.98,0.0,0.5348
2016-03-03,261.79,0.0,0.4942
2016-03-04,261.23,0.0,0.6965
2016-03-05,261.63,0.0,0.3871
2016-03-06,261.52,0.0,0.2825
2016-03-07,260.84,0.0,0.5342
2016-03-08,261.39,0.0,0.4069
2016-03-09,264.5,0.001429,0.3327
2016-03-10,261.43,0.0,0.5119
2016-03-11,260.28,0.0,0.1495
2016-03-12,262.16,0.0,0.357
2016-03-13,261.25,0.0,0.5681
2016-03-14,260.97,0.0,0.3458
2016-03-15,263.71,0.0,0.4497
2016-03-16,265.82,0.0,0.5007
2016-03-17,265.76,0.0,0.3947
2016-03-18,264.9,0.0,0.3746
2016-03-19,261.06,0.0,0.4656
2016-03-20,265.69,0.001753,0.3563
2016-03-21,264.49,0.002703,0.5429
2016-03-22,264.4,0.001238,0.252
2016-03-23,264.89,0.0,0.358
2016-03-24,266.06,0.0,0.4943
2016-03-25,267.23,0.0,0.4346
2016-03-26,265.79,0.0,0.4066
2016-03-27,266.56,0.0,0.393
2016-03-28,265.63,0.000322,0.5786
2016-03-29,265.02,0.0,0.296
2016-03-30,265.1,0.0,0.5293
2016-03-31,265.97,0.0,0.5824
2016-04-01,267.27,0.000297,0.468
2016-04-02,266.72,0.000845,0.3929
2016-04-03,267.65,0.0,0.6154
2016-04-04,266.71,0.001432,0.4117
2016-04-05,267.38,0.0,0.5241
2016-04-06,267.92,0.0,0.4718
2016-04-07,268.81,0.00011,0.4574
2016-04-08,267.95,0.00022,0.3875
2016-04-09,265.55,0.0,0.4715
2016-04-10,269.03,0.0,0.4369
2016-04-11,270.1,0.0,0.3751
2016-04-12,271.16,0.0,0.3961
2016-04-13,267.27,0.0,0.4344
2016-04-14,269.57,0.0,0.6785
2016-04-15,270.34,0.000771,0.4672
2016-04-16,268.37,0.0,0.3487
2016-04-17,269.89,0.0,0.3982
2016-04-18,269.76,0.0,0.4382
2016-04-19,269.99,0.0,0.3702
2016-04-20,271.04,0.0,0.7175
2016-04-21,271.51,0.0,0.5466
2016-04-22,272.09,0.0,0.4106
2016-04-23,272.6,0.000399,0.4001
2016-04-24,269.72,0.00054,0.3741
2016-04-25,268.81,0.0,0.3354
2016-04-26,271.41,0.0,0.4696
2016-04-27,270.22,0.0,0.4423
2016-04-28,268.93,0.0,0.272
2016-04-29,271.22,0.0,0.2901
2016-04-30,270.77,0.000486,0.5211
2016-05-01,272.57,0.0,0.0241
2016-05-02,269.16,0.0,0.1177
2016-05-03,270.08,0.0,0.1019
2016-05-04,273.22,0.0,0.0155
2016-05-05,272.37,0.0,0.1491
2016-05-06,269.88,0.000967,0.0082
2016-05-07,270.51,0.0,0.0561
2016-05-08,273.63,0.0,0.0692
2016-05-09,275.44,0.0,0.0755
2016-05-10,274.73,0.0,0.0175
2016-05-11,271.16,0.0,0.0752
2016-05-12,274.27,0.0,0.059
2016-05-13,271.24,0.0,0.033
2016-05-14,269.97,0.0,0.0079
2016-05-15,275.54,0.0,0.0
2016-05-16,270.66,0.0,0.024
2016-05-17,273.44,0.0,0.0299
2016-05-18,274.15,0.0,0.0026
2016-05-19,272.37,0.0,0.0859
2016-05-20,273.46,0.0,0.0019
2016-05-21,275.9,0.0,0.0107
2016-05-22,277.3,0.00149,0.006
2016-05-23,276.06,0.0,0.0548
2016-05-24,275.17,0.0,0.1062
2016-05-25,273.82,0.001258,0.0657
2016-05-26,273.65,0.0,0.1038
2016-05-27,274.95,0.001064,0.0356
2016-05-28,276.01,0.001177,0.0593
2016-05-29,274.89,0.0,0.086
2016-05-30,274.17,0.0,0.0674
2016-05-31,275.9,0.0,0.0639
2016-06-01,276.28,0.008947,0.11
2016-06-02,273.62,0.014526,0.0397
2016-06-03,276.27,0.006792,0.0111
2016-06-04,276.65,0.0,0.0534
2016-06-05,274.8,0.015754,0.0
2016-06-06,276.25,0.018743,0.059
2016-06-07,278.09,0.003951,0.0385
2016-06-08,277.57,0.008102,0.0034
2016-06-09,275.97,0.013141,0.0608
2016-06-10,277.64,0.005305,0.0643
2016-06-11,274.6,0.0,0.1167
2016-06-12,275.54,0.0,0.0574
2016-06-13,275.83,0.014417,0.0
2016-06-14,277.51,0.001079,0.0888
2016-06-15,274.02,0.0,0.035
2016-06-16,275.45,0.020736,0.0086
2016-06-17,275.43,0.094189,0.0256
2016-06-18,276.91,0.0,0.0
2016-06-19,275.37,0.087974,0.0452
2016-06-20,278.81,0.000657,0.0433
2016-06-21,276.64,0.010393,0.0
2016-06-22,274.32,0.001804,0.0
2016-06-23,275.68,0.001771,0.0398
2016-06-24,276.36,0.000317,0.0902
2016-06-25,276.28,0.005886,0.0
2016-06-26,276.62,0.021585,0.0236
2016-06-27,274.89,0.0,0.0191
2016-06-28,273.67,0.014249,0.0246
2016-06-29,276.64,0.0,0.1015
2016-06-30,276.62,0.01416,0.0638
2016-07-01,276.99,0.012051,0.0125
2016-07-02,274.47,0.009002,0.0784
2016-07-03,273.8,0.022923,0.068
2016-07-04,278.6,0.0,0.0075
2016-07-05,273.46,0.0031,0.0
2016-07-06,274.37,0.007884,0.0847
2016-07-07,275.57,0.014184,0.1308
2016-07-08,277.67,0.0,0.0235
2016-07-09,276.08,0.0,0.0
2016-07-10,274.64,0.0,0.1148
2016-07-11,275.23,0.00552,0.0017
2016-07-12,277.3,0.00778,0.0499
2016-07-13,276.92,0.015646,0.0834
2016-07-14,278.2,0.019854,0.0551
2016-07-15,274.63,0.009452,0.0
2016-07-16,273.25,0.004793,0.047
2016-07-17,275.56,0.029958,0.0004
2016-07-18,273.0,0.001525,0.0556
2016-07-19,275.51,0.036825,0.0211
2016-07-20,272.52,0.0,0.0
2016-07-21,274.66,0.004395,0.0765
2016-07-22,273.08,0.044512,0.0387
2016-07-23,273.9,0.000584,0.0559
2016-07-24,272.03,0.015662,0.0
2016-07-25,274.1,0.0,0.1186
2016-07-26,274.26,0.008163,0.0999
2016-07-27,272.86,0.00018,0.0249
2016-07-28,271.07,0.003984,0.0205
2016-07-29,272.78,0.015238,0.0122
2016-07-30,276.29,0.026852,0.0097
2016-07-31,274.11,0.009983,0.0899
2016-08-01,274.03,0.0,0.0464
2016-08-02,273.14,0.019,0.0658
2016-08-03,270.83,0.002053,0.064
2016-08-04,273.5,0.004617,0.0469
2016-08-05,271.07,0.012138,0.0131
2016-08-06,271.33,0.028395,0.0649
2016-08-07,270.21,0.0,0.0513
2016-08-08,272.38,0.00829,0.1138
2016-08-09,273.34,0.0,0.1476
2016-08-10,273.49,0.020279,0.0539
2016-08-11,270.41,0.00256,0.0835
2016-08-12,270.44,0.0,0.0659
2016-08-13,270.94,0.02434,0.1037
2016-08-14,270.53,0.0,0.0
2016-08-15,272.33,0.00019,0.0327
2016-08-16,269.91,0.0,0.0513
2016-08-17,267.84,0.0,0.1054
2016-08-18,269.56,0.0,0.0451
2016-08-19,269.7,0.008517,0.0448
2016-08-20,270.73,0.01212,0.0484
2016-08-21,271.0,0.035702,0.1081
2016-08-22,268.71,0.005988,0.0766
2016-08-23,268.21,0.000581,0.0504
2016-08-24,269.29,0.009787,0.0
2016-08-25,268.23,0.0,0.0025
2016-08-26,268.63,0.047958,0.0507
2016-08-27,268.65,0.000252,0.0238
2016-08-28,267.78,0.0,0.0671
2016-08-29,270.48,0.005162,0.0902
2016-08-30,268.32,0.00507,0.0451
2016-08-31,265.5,0.0,0.0767
2016-09-01,270.31,0.0,0.0
2016-09-02,269.13,0.0,0.1256
2016-09-03,268.5,0.0,0.0204
2016-09-04,267.63,0.013826,0.0683
2016-09-05,265.81,0.0,0.0246
2016-09-06,265.95,0.019652,0.0
2016-09-07,266.99,0.00678,0.015
2016-09-08,266.65,0.009476,0.0537
2016-09-09,265.57,0.016927,0.142
2016-09-10,265.63,0.018562,0.0922
2016-09-11,263.54,0.010888,0.0592
2016-09-12,265.82,0.043432,0.0369
2016-09-13,264.35,0.0,0.0842
2016-09-14,264.89,0.0,0.0556
2016-09-15,266.27,0.030791,0.0936
2016-09-16,263.49,0.0,0.0348
2016-09-17,264.37,0.00969,0.0
2016-09-18,264.27,0.0,0.0
2016-09-19,263.47,0.005071,0.1028
2016-09-20,264.23,0.000326,0.0927
2016-09-21,262.95,0.026628,0.0176
2016-09-22,264.2,0.026644,0.0475
2016-09-23,264.65,0.000744,0.099
2016-09-24,262.47,0.0,0.1232
2016-09-25,263.33,0.022201,0.0762
2016-09-26,259.92,0.026242,0.109
2016-09-27,263.13,0.0,0.0
2016-09-28,262.98,0.0,0.1159
2016-09-29,263.29,0.0,0.1017
2016-09-30,259.42,0.011166,0.1116
2016-10-01,259.64,0.0,0.0829
2016-10-02,263.58,0.000535,0.1031
2016-10-03,260.09,0.000133,0.082
2016-10-04,261.18,0.0,0.0437
2016-10-05,259.04,0.0,0.0903
2016-10-06,262.14,0.001431,0.0433
2016-10-07,260.89,0.0,0.1197
2016-10-08,261.13,0.0,0.0594
2016-10-09,261.19,0.000781,0.0112
2016-10-10,260.0,0.000497,0.1112
2016-10-11,260.93,0.0,0.0328
2016-10-12,258.39,0.0,0.0976
2016-10-13,260.39,0.0,0.095
2016-10-14,258.37,0.0,0.0304
2016-10-15,257.92,0.0,0.0
2016-10-16,257.14,0.0,0.1168
2016-10-17,259.61,0.0,0.0616
2016-10-18,258.72,0.0,0.0701
2016-10-19,259.99,0.0,0.1191
2016-10-20,258.39,0.0,0.0536
2016-10-21,256.37,0.000399,0.0909
2016-10-22,258.24,0.0,0.0447
2016-10-23,255.09,0.0,0.0328
2016-10-24,258.69,0.0,0.0613
2016-10-25,255.98,0.0,0.1392
2016-10-26,259.07,0.0,0.0773
2016-10-27,255.93,0.0,0.0405
2016-10-28,255.73,0.0,0.0029
2016-10-29,254.78,0.000946,0.0684
2016-10-30,259.21,0.0,0.0615
2016-10-31,256.78,0.0,0.0514
2016-11-01,256.43,0.0,0.5248
2016-11-02,255.5,0.0,0.326
2016-11-03,255.25,0.0,0.4129
2016-11-04,257.5,0.000841,0.4539
2016-11-05,255.31,0.0,0.5231
2016-11-06,257.99,0.0,0.1938
2016-11-07,254.41,0.0,0.4492
2016-11-08,254.86,0.0,0.4674
2016-11-09,256.51,0.0,0.2849
2016-11-10,255.49,0.0,0.1946
2016-11-11,255.25,0.0,0.4721
2016-11-12,254.94,0.003262,0.6134
2016-11-13,254.96,0.0,0.665
2016-11-14,253.3,0.0,0.7174
2016-11-15,254.27,0.0,0.5481
2016-11-16,250.66,0.0,0.6134
2016-11-17,253.79,0.001441,0.4131
2016-11-18,251.81,0.0,0.4366
2016-11-19,255.38,0.0,0.5635
2016-11-20,253.35,0.0,0.5606
2016-11-21,256.05,0.000274,0.3424
2016-11-22,255.31,0.0,0.3191
2016-11-23,252.81,0.001297,0.3343
2016-11-24,252.54,0.0,0.4614
2016-11-25,254.96,0.0,0.4299
2016-11-26,252.14,0.0,0.3408
2016-11-27,251.57,0.0,0.5813
2016-11-28,252.47,0.000525,0.1796
2016-11-29,251.04,0.0,0.4862
2016-11-30,249.7,0.0,0.5253
2016-12-01,251.08,0.0,0.3896
2016-12-02,252.29,0.0,0.4848
2016-12-03,251.11,0.0,0.4598
2016-12-04,253.69,0.0,0.5281
2016-12-05,253.59,0.0,0.6118
2016-12-06,253.57,0.0,0.5242
2016-12-07,254.43,0.0,0.6223
2016-12-08,250.09,0.0,0.5458
2016-12-09,254.36,0.0,0.4293
2016-12-10,252.25,0.0,0.334
2016-12-11,252.53,0.0,0.4183
2016-12-12,250.61,0.0,0.4297
2016-12-13,251.55,0.0,0.5794
2016-12-14,250.76,0.001723,0.4065
2016-12-15,250.05,0.0,0.3401
2016-12-16,253.15,0.0,0.3969
2016-12-17,253.85,0.000452,0.6281
2016-12-18,251.48,0.0,0.4686
2016-12-19,249.6,0.0,0.51
2016-12-20,252.18,0.0,0.3827
2016-12-21,252.96,0.0,0.5
2016-12-22,252.44,0.0,0.3256
2016-12-23,252.59,0.0,0.4273
2016-12-24,250.83,0.0,0.5037
2016-12-25,251.19,0.0,0.4917
2016-12-26,251.8,0.0,0.4676
2016-12-27,252.87,0.0,0.3487
2016-12-28,253.08,0.000294,0.385
2016-12-29,249.84,0.0,0.5591
2016-12-30,251.93,0.0,0.3393
2016-12-31,252.29,0.0,0.6396
2017-01-01,250.44,0.0,0.3315
2017-01-02,253.54,0.0,0.4065
2017-01-03,253.03,0.0,0.5265
2017-01-04,253.65,0.0,0.592
2017-01-05,252.67,0.0,0.2384
2017-01-06,251.75,0.0,0.4774
2017-01-07,251.94,0.0,0.3911
2017-01-08,253.24,0.000487,0.579
2017-01-09,253.3,0.0,0.5521
2017-01-10,251.04,0.0,0.2947
2017-01-11,253.51,0.0,0.5075
2017-01-12,253.6,0.0,0.3275
2017-01-13,255.0,0.0,0.404
2017-01-14,252.94,0.0,0.3441
2017-01-15,254.22,0.001681,0.4162
2017-01-16,255.44,0.000231,0.3499
2017-01-17,253.79,0.0,0.3769
2017-01-18,254.2,0.0,0.334
2017-01-19,254.46,0.0,0.3581
2017-01-20,254.46,0.0,0.4633
2017-01-21,254.7,0.0,0.4564
2017-01-22,254.73,0.001356,0.5781
2017-01-23,253.49,0.0,0.3777
2017-01-24,255.12,0.0,0.359
2017-01-25,253.19,0.0,0.4751
2017-01-26,256.86,0.0,0.4856
2017-01-27,253.3,0.0,0.58
2017-01-28,254.45,0.0,0.5012
2017-01-29,251.92,0.00185,0.8617
2017-01-30,256.03,0.0,0.4712
2017-01-31,255.57,0.0,0.6487
2017-02-01,257.65,0.0,0.9004
2017-02-02,255.26,0.0,0.3156
2017-02-03,256.44,0.001126,0.4892
2017-02-04,254.99,0.000834,0.4073
2017-02-05,258.05,0.000518,0.5158
2017-02-06,257.62,0.0,0.4816
2017-02-07,256.83,0.0,0.4154
2017-02-08,254.48,0.0,0.2847
2017-02-09,254.49,0.0,0.5737
2017-02-10,255.08,0.0,0.4417
2017-02-11,256.23,0.0,0.4255
2017-02-12,255.96,0.0,0.5928
2017-02-13,257.47,0.000385,0.4155
2017-02-14,258.63,0.0,0.3713
2017-02-15,257.12,0.0,0.5023
2017-02-16,255.87,0.00032,0.4528
2017-02-17,260.74,0.000318,0.6262
2017-02-18,256.53,0.0,0.457
2017-02-19,259.62,0.0,0.3287
2017-02-20,257.27,0.0,0.3741
2017-02-21,258.96,0.0,0.333
2017-02-22,258.07,0.000567,0.5475
2017-02-23,259.68,0.0,0.5396
2017-02-24,257.13,0.0,0.4307
2017-02-25,261.17,0.0,0.464
2017-02-26,256.88,0.0,0.5326
2017-02-27,257.34,0.0,0.6352
2017-02-28,259.19,0.00022,0.4135
2017-03-01,257.56,0.0,0.3853
2017-03-02,261.2,0.0,0.4012
2017-03-03,263.02,0.0,0.2723
2017-03-04,259.74,0.0,0.2437
2017-03-05,257.94,0.000423,0.4005
2017-03-06,262.06,0.0,0.414
2017-03-07,261.21,0.000927,0.6122
2017-03-08,261.58,0.0,0.1372
2017-03-09,260.87,0.0,0.3712
2017-03-10,262.36,0.0,0.659
2017-03-11,261.95,0.0,0.4202
2017-03-12,261.58,0.0,0.3701
2017-03-13,263.25,0.0,0.4579
2017-03-14,263.56,0.0,0.4655
2017-03-15,266.6,0.0,0.4627
2017-03-16,262.48,0.000599,0.6924
2017-03-17,262.88,0.000842,0.5557
2017-03-18,263.7,0.0,0.4043
2017-03-19,262.86,0.0,0.4929
2017-03-20,264.77,0.0,0.611
2017-03-21,261.57,0.0,0.5923
2017-03-22,265.67,0.0,0.4667
2017-03-23,266.32,0.0,0.4243
2017-03-24,263.09,0.0,0.3716
2017-03-25,265.05,0.0,0.3188
2017-03-26,264.82,0.0,0.4442
2017-03-27,263.4,0.0,0.4751
2017-03-28,263.29,0.0,0.3144
2017-03-29,265.24,0.000483,0.4705
2017-03-30,265.41,0.000362,0.5523
2017-03-31,266.44,0.0,0.5081
2017-04-01,263.93,0.000542,0.4802
2017-04-02,266.95,0.0,0.6043
2017-04-03,269.2,0.0,0.2609
2017-04-04,266.49,0.0,0.2789
2017-04-05,267.09,0.0,0.382
2017-04-06,268.65,0.000794,0.4669
2017-04-07,266.45,0.0,0.4792
2017-04-08,266.89,0.0,0.5429
2017-04-09,267.52,0.0,0.4577
2017-04-10,268.17,0.000746,0.246
2017-04-11,267.58,0.0,0.3829
2017-04-12,269.42,0.0,0.4237
2017-04-13,268.69,0.000784,0.4462
2017-04-14,269.51,0.0,0.5839
2017-04-15,270.4,0.0,0.4519
2017-04-16,268.57,0.0,0.3859
2017-04-17,269.15,0.0,0.58
2017-04-18,269.03,0.0,0.3363
2017-04-19,270.2,0.002056,0.3596
2017-04-20,270.22,0.0,0.6595
2017-04-21,270.67,0.0,0.3815
2017-04-22,271.75,0.0,0.4616
2017-04-23,267.6,0.0,0.3949
2017-04-24,269.41,0.0,0.5039
2017-04-25,270.99,0.0,0.3531
2017-04-26,269.83,0.0,0.4442
2017-04-27,269.72,0.000136,0.4309
2017-04-28,269.02,0.000615,0.5453
2017-04-29,271.69,0.00073,0.4739
2017-04-30,271.93,0.0,0.3217
2017-05-01,272.04,0.0,0.0723
2017-05-02,272.19,0.0,0.0577
2017-05-03,270.83,0.0,0.0601
2017-05-04,272.97,0.0,0.0569
2017-05-05,269.71,0.0,0.0572
2017-05-06,273.2,0.0,0.0496
2017-05-07,273.38,0.0,0.0364
2017-05-08,273.96,0.0,0.0
2017-05-09,272.46,0.0,0.0
2017-05-10,271.72,0.0,0.0371
2017-05-11,272.38,0.0,0.0
2017-05-12,275.77,0.0,0.1103
2017-05-13,272.97,0.0,0.0849
2017-05-14,275.25,0.0,0.0546
2017-05-15,272.78,0.0,0.0
2017-05-16,274.07,0.0,0.0706
2017-05-17,273.53,0.0,0.0701
2017-05-18,275.06,0.0,0.071
2017-05-19,272.17,0.0,0.0
2017-05-20,274.74,0.0,0.0217
2017-05-21,273.29,0.0,0.0361
2017-05-22,274.05,0.0,0.0423
2017-05-23,273.78,0.0,0.1121
2017-05-24,274.87,0.0,0.0132
2017-05-25,276.25,0.0,0.074
2017-05-26,272.47,0.0,0.0094
2017-05-27,276.69,0.0,0.0133
2017-05-28,274.79,0.0,0.0743
2017-05-29,274.75,0.0,0.0505
2017-05-30,277.02,0.0,0.0
2017-05-31,277.36,0.0,0.0821
2017-06-01,276.37,0.002452,0.0184
2017-06-02,276.46,0.019864,0.0
2017-06-03,278.0,0.014738,0.0197
2017-06-04,276.46,0.074712,0.0812
2017-06-05,275.8,0.0,0.0313
2017-06-06,275.19,0.0,0.1117
2017-06-07,276.51,0.0,0.043
2017-06-08,277.76,0.0154,0.0273
2017-06-09,277.15,0.03604,0.0296
2017-06-10,276.34,0.0,0.0922
2017-06-11,274.18,0.0,0.0927
2017-06-12,276.25,0.003686,0.0368
2017-06-13,272.78,0.008234,0.1046
2017-06-14,277.19,0.01036,0.0704
2017-06-15,278.32,0.002984,0.1093
2017-06-16,276.65,0.040654,0.0771
2017-06-17,276.66,0.008022,0.0281
2017-06-18,279.73,0.0,0.0
2017-06-19,274.91,0.001859,0.0392
2017-06-20,277.64,0.002328,0.0707
2017-06-21,276.35,0.0,0.0
2017-06-22,276.35,0.003583,0.0624
2017-06-23,275.27,0.014912,0.0424
2017-06-24,275.44,0.009136,0.0305
2017-06-25,275.72,0.007679,0.0564
2017-06-26,276.63,0.0,0.0664
2017-06-27,275.02,0.0,0.0174
2017-06-28,275.42,0.048726,0.055
2017-06-29,273.16,0.0,0.0642
2017-06-30,274.74,0.0,0.0017
2017-07-01,277.75,0.029682,0.0742
2017-07-02,277.98,0.030331,0.0694
2017-07-03,276.03,0.04326,0.0
2017-07-04,276.06,0.002466,0.1111
2017-07-05,276.08,0.0,0.0297
2017-07-06,275.88,0.065952,0.1157
2017-07-07,274.5,0.00022,0.0925
2017-07-08,274.95,0.009069,0.078
2017-07-09,275.44,0.007322,0.052
2017-07-10,274.1,0.0,0.0737
2017-07-11,275.9,0.0,0.0848
2017-07-12,275.65,0.012436,0.1143
2017-07-13,272.13,0.003011,0.0
2017-07-14,275.17,0.023736,0.1376
2017-07-15,274.25,0.003362,0.121
2017-07-16,273.71,0.0,0.0233
2017-07-17,275.68,0.0,0.0366
2017-07-18,273.04,0.0,0.0042
2017-07-19,275.36,0.010799,0.0077
2017-07-20,276.13,0.007388,0.0069
2017-07-21,276.12,0.0,0.0236
2017-07-22,272.81,0.000979,0.1088
2017-07-23,272.6,0.025956,0.045
2017-07-24,272.85,0.001858,0.1155
2017-07-25,272.26,0.0,0.0663
2017-07-26,273.88,0.0,0.0647
2017-07-27,275.61,0.0,0.0609
2017-07-28,271.82,0.0,0.0
2017-07-29,274.65,0.005516,0.0236
2017-07-30,271.97,0.041107,0.024
2017-07-31,273.42,0.002668,0.0437
2017-08-01,275.04,0.002365,0.0683
2017-08-02,272.46,0.084796,0.0546
2017-08-03,273.17,0.001896,0.011
2017-08-04,272.37,0.009357,0.0836
2017-08-05,273.9,0.0,0.0552
2017-08-06,269.73,0.071906,0.0566
2017-08-07,273.11,0.008241,0.032
2017-08-08,271.03,0.03803,0.0028
2017-08-09,270.8,0.003925,0.0446
2017-08-10,270.8,0.003635,0.1195
2017-08-11,271.25,0.007509,0.1074
2017-08-12,270.43,0.003341,0.0525
2017-08-13,270.46,0.0,0.0
2017-08-14,272.44,0.003403,0.0169
2017-08-15,270.73,0.000876,0.1101
2017-08-16,269.39,0.009116,0.0785
2017-08-17,268.75,0.019378,0.104
2017-08-18,270.47,0.000812,0.0316
2017-08-19,270.77,0.001349,0.0805
2017-08-20,271.35,0.020061,0.0613
2017-08-21,270.62,0.004305,0.0674
2017-08-22,268.48,0.002002,0.0346
2017-08-23,271.32,0.018398,0.0239
2017-08-24,269.17,0.005796,0.0204
2017-08-25,271.06,0.062744,0.0497
2017-08-26,269.96,0.015338,0.0276
2017-08-27,268.46,0.0,0.0439
2017-08-28,271.13,0.003809,0.1026
2017-08-29,269.38,0.000698,0.0501
2017-08-30,266.32,0.013864,0.1777
2017-08-31,270.94,0.00448,0.0048
2017-09-01,267.33,0.027554,0.0502
2017-09-02,267.2,0.015065,0.0268
2017-09-03,268.64,0.02427,0.0418
2017-09-04,263.02,0.0,0.0831
2017-09-05,269.08,0.0,0.0245
2017-09-06,267.96,0.001042,0.0381
2017-09-07,267.81,0.005143,0.0569
2017-09-08,268.13,0.007217,0.0212
2017-09-09,266.29,0.002279,0.0269
2017-09-10,266.73,0.01574,0.0535
2017-09-11,264.57,0.0,0.0316
2017-09-12,265.96,0.019858,0.0
2017-09-13,266.48,0.0,0.0496
2017-09-14,265.58,0.012413,0.0559
2017-09-15,262.93,0.020208,0.1044
2017-09-16,265.65,0.010418,0.0
2017-09-17,260.48,0.009443,0.01
2017-09-18,261.84,0.0,0.0609
2017-09-19,264.15,0.014222,0.0907
2017-09-20,263.84,0.001645,0.0035
2017-09-21,261.47,0.007338,0.1146
2017-09-22,262.95,0.034525,0.0525
2017-09-23,262.81,0.0,0.0732
2017-09-24,262.44,0.086659,0.0423
2017-09-25,260.93,0.004297,0.1428
2017-09-26,262.46,0.004612,0.1203
2017-09-27,261.43,0.032459,0.0916
2017-09-28,263.32,0.024757,0.0358
2017-09-29,260.67,0.007474,0.0618
2017-09-30,260.69,0.003156,0.0319
2017-10-01,259.62,0.0,0.0859
2017-10-02,262.47,0.0,0.107
2017-10-03,261.79,0.0,0.0034
2017-10-04,261.48,0.0,0.0671
2017-10-05,258.81,0.0,0.0361
2017-10-06,261.51,0.0,0.0
2017-10-07,258.67,0.0,0.0543
2017-10-08,258.93,0.0,0.0057
2017-10-09,258.99,0.0,0.0626
2017-10-10,260.28,0.0,0.0379
2017-10-11,259.32,0.000138,0.016
2017-10-12,259.77,0.000411,0.0776
2017-10-13,260.89,0.0,0.0
2017-10-14,258.49,0.0,0.0432
2017-10-15,256.85,0.0,0.0116
2017-10-16,261.35,0.0,0.0403
2017-10-17,260.29,0.0,0.0804
2017-10-18,259.36,0.0,0.0345
2017-10-19,259.73,0.0,0.0415
2017-10-20,255.6,0.0,0.0814
2017-10-21,256.58,0.0,0.0
2017-10-22,258.72,0.0,0.0893
2017-10-23,258.67,0.0,0.027
2017-10-24,258.42,0.0,0.0121
2017-10-25,258.49,0.0,0.0609
2017-10-26,258.17,0.001796,0.0017
2017-10-27,257.56,0.0,0.0207
2017-10-28,259.17,0.0,0.0434
2017-10-29,255.7,0.0,0.0205
2017-10-30,256.23,0.0,0.0831
2017-10-31,257.8,0.000931,0.0477
2017-11-01,256.4,0.001585,0.4203
2017-11-02,254.54,0.0,0.46
2017-11-03,255.28,0.0,0.3799
2017-11-04,256.87,0.0,0.3104
2017-11-05,253.9,0.0,0.4992
2017-11-06,255.22,0.001579,0.3355
2017-11-07,253.94,0.0,0.4754
2017-11-08,256.82,0.0,0.5192
2017-11-09,254.33,0.0,0.5258
2017-11-10,255.25,0.0,0.3703
2017-11-11,259.43,0.0,0.4539
2017-11-12,256.35,0.0,0.6368
2017-11-13,254.28,0.0,0.5434
2017-11-14,253.97,0.0,0.342
2017-11-15,255.18,0.0,0.4538
2017-11-16,255.69,0.0,0.3453
2017-11-17,253.07,0.0,0.452
2017-11-18,255.21,0.000228,0.3462
2017-11-19,253.46,0.0,0.604
2017-11-20,255.14,0.000649,0.385
2017-11-21,254.3,0.0,0.4696
2017-11-22,251.9,0.00125,0.5644
2017-11-23,253.89,0.0,0.45
2017-11-24,252.58,0.0,0.5607
2017-11-25,255.46,0.0,0.6213
2017-11-26,252.47,0.0,0.5482
2017-11-27,252.72,0.000828,0.2199
2017-11-28,250.4,0.0,0.3464
2017-11-29,249.97,0.0,0.52
2017-11-30,253.72,0.0,0.4705
2017-12-01,251.39,0.0,0.4051
2017-12-02,252.3,0.000327,0.2133
2017-12-03,250.17,0.0,0.5291
2017-12-04,250.56,0.0,0.697
2017-12-05,252.48,0.0,0.4347
2017-12-06,251.66,0.0,0.3758
2017-12-07,253.98,0.0,0.4784
2017-12-08,250.62,0.0,0.4154
2017-12-09,252.92,0.0,0.4484
2017-12-10,253.53,0.0,0.6683
2017-12-11,249.71,0.0,0.368
2017-12-12,253.92,0.000206,0.4397
2017-12-13,251.34,0.0,0.4912
2017-12-14,253.64,0.0,0.4659
2017-12-15,252.6,0.00013,0.5133
2017-12-16,249.41,0.0,0.5613
2017-12-17,250.97,0.0,0.5618
2017-12-18,252.23,0.0,0.2457
2017-12-19,254.09,0.000753,0.4708
2017-12-20,251.31,0.000456,0.2526
2017-12-21,249.61,0.0,0.2773
2017-12-22,250.34,0.0,0.224
2017-12-23,251.58,0.0,0.4839
2017-12-24,252.6,0.0,0.2981
2017-12-25,250.77,0.0,0.5255
2017-12-26,252.75,0.0,0.4782
2017-12-27,253.75,0.0,0.4988
2017-12-28,253.19,0.000745,0.587
2017-12-29,253.88,0.0,0.3345
2017-12-30,252.98,0.0,0.5797
2017-12-31,254.92,0.000552,0.5278
2018-01-01,251.24,0.000422,0.515
2018-01-02,252.39,0.0,0.7068
2018-01-03,251.94,0.002133,0.251
2018-01-04,253.51,0.0,0.4417
2018-01-05,250.24,0.0,0.4695
2018-01-06,252.41,0.000842,0.4231
2018-01-07,250.63,0.0,0.5339
2018-01-08,253.08,0.0,0.3347
2018-01-09,252.28,0.0,0.3922
2018-01-10,254.71,0.000452,0.2839
2018-01-11,251.53,0.0,0.4975
2018-01-12,254.35,0.0,0.3402
2018-01-13,254.86,0.0,0.3679
2018-01-14,255.67,0.0,0.1397
2018-01-15,250.21,0.002203,0.671
2018-01-16,251.55,0.0,0.5164
2018-01-17,252.44,0.0,0.2783
2018-01-18,252.92,0.0,0.3296
2018-01-19,252.14,0.0,0.2163
2018-01-20,252.77,0.0,0.4965
2018-01-21,254.21,0.000866,0.5853
2018-01-22,250.89,0.000159,0.5142
2018-01-23,257.68,0.0,0.4887
2018-01-24,255.54,0.0,0.5411
2018-01-25,252.11,0.00041,0.6017
2018-01-26,255.96,0.000861,0.4741
2018-01-27,254.97,0.0,0.5357
2018-01-28,253.47,0.0,0.5943
2018-01-29,255.15,0.0,0.6165
2018-01-30,255.86,0.0,0.3347
2018-01-31,256.02,0.001945,0.3265
2018-02-01,253.95,0.0,0.2804
2018-02-02,254.07,0.001003,0.4523
2018-02-03,256.07,0.001002,0.5933
2018-02-04,254.69,0.0,0.485
2018-02-05,253.43,0.0,0.4176
2018-02-06,255.78,0.000748,0.4286
2018-02-07,256.36,0.000226,0.4682
2018-02-08,256.57,0.0,0.5904
2018-02-09,258.47,0.0,0.3407
2018-02-10,256.81,0.0,0.5469
2018-02-11,258.59,0.0,0.6056
2018-02-12,257.6,0.0,0.464
2018-02-13,257.11,0.000376,0.3442
2018-02-14,256.61,0.0,0.3851
2018-02-15,256.27,0.0,0.4909
2018-02-16,259.37,0.0,0.3745
2018-02-17,256.44,0.0,0.5353
2018-02-18,258.97,0.0,0.244
2018-02-19,257.29,0.0,0.3331
2018-02-20,260.71,0.0,0.5127
2018-02-21,257.68,0.0,0.4096
2018-02-22,260.46,0.0,0.3016
2018-02-23,259.02,0.0,0.6065
2018-02-24,260.38,0.0,0.4297
2018-02-25,258.43,0.0,0.3742
2018-02-26,259.05,0.0,0.4132
2018-02-27,258.74,0.0,0.3928
2018-02-28,258.68,0.0,0.5408
2018-03-01,262.71,0.001434,0.5362
2018-03-02,259.25,0.0,0.6335
2018-03-03,262.37,0.0,0.3773
2018-03-04,259.0,0.000425,0.4362
2018-03-05,261.61,0.0,0.5893
2018-03-06,260.14,0.00086,0.425
2018-03-07,260.62,0.0,0.4396
2018-03-08,260.63,0.0,0.3285
2018-03-09,261.91,0.0,0.2161
2018-03-10,262.29,0.0,0.3879
2018-03-11,260.72,0.0,0.5509
2018-03-12,261.66,0.0,0.3855
2018-03-13,264.03,0.0,0.5421
2018-03-14,263.01,0.0,0.5753
2018-03-15,262.36,0.000205,0.4954
2018-03-16,261.8,0.0,0.4381
2018-03-17,263.26,0.0,0.4536
2018-03-18,264.61,0.0,0.4754
2018-03-19,263.63,0.0,0.4838
2018-03-20,263.21,0.0,0.4621
2018-03-21,264.43,0.002181,0.3936
2018-03-22,261.61,0.0,0.4825
2018-03-23,264.56,0.0,0.5645
2018-03-24,264.01,0.0,0.3189
2018-03-25,268.56,0.0,0.5803
2018-03-26,266.36,0.0,0.4652
2018-03-27,264.13,0.0,0.416
2018-03-28,265.3,0.0,0.36
2018-03-29,263.67,0.0,0.4468
2018-03-30,267.24,0.0,0.2923
2018-03-31,263.95,0.0,0.3654
2018-04-01,266.1,0.0,0.4297
2018-04-02,268.19,0.0,0.5234
2018-04-03,266.99,0.0,0.4714
2018-04-04,268.76,0.0,0.4536
2018-04-05,266.81,0.001145,0.3853
2018-04-06,269.27,0.0,0.5116
2018-04-07,268.78,0.0,0.5344
2018-04-08,267.86,0.001399,0.4273
2018-04-09,267.03,0.0,0.4244
2018-04-10,269.07,0.0,0.4512
2018-04-11,267.51,0.000852,0.3248
2018-04-12,267.27,0.0,0.3972
2018-04-13,267.71,0.0,0.354
2018-04-14,268.42,0.0,0.3257
2018-04-15,270.36,0.0,0.3385
2018-04-16,269.47,0.0,0.3065
2018-04-17,268.22,0.00108,0.4934
2018-04-18,271.67,0.0,0.5858
2018-04-19,269.24,0.0,0.5405
2018-04-20,268.44,0.000387,0.4572
2018-04-21,273.79,0.0,0.5414
2018-04-22,271.88,0.000145,0.5644
2018-04-23,272.91,0.0,0.3808
2018-04-24,272.57,0.0,0.2996
2018-04-25,271.71,0.0,0.4626
2018-04-26,270.91,0.0,0.4388
2018-04-27,270.26,0.0,0.3036
2018-04-28,272.02,0.0,0.5663
2018-04-29,271.73,0.000517,0.2851
2018-04-30,270.24,0.0,0.6253
2018-05-01,270.06,0.0,0.0299
2018-05-02,272.7,0.0,0.0248
2018-05-03,273.53,0.001828,0.0411
2018-05-04,273.61,0.0,0.0102
2018-05-05,272.79,0.0,0.1258
2018-05-06,271.57,0.0,0.0516
2018-05-07,273.07,0.0,0.0
2018-05-08,272.33,0.0,0.0672
2018-05-09,272.71,0.0,0.0621
2018-05-10,272.27,0.0,0.0295
2018-05-11,272.15,0.0,0.0594
2018-05-12,273.87,0.0,0.0
2018-05-13,272.91,0.0,0.0247
2018-05-14,273.11,0.0,0.1052
2018-05-15,274.8,0.0,0.0402
2018-05-16,274.58,0.000456,0.0379
2018-05-17,277.78,0.000344,0.0239
2018-05-18,275.27,0.000749,0.0421
2018-05-19,276.59,0.0,0.0609
2018-05-20,274.04,0.0,0.06
2018-05-21,273.93,0.0,0.0
2018-05-22,276.15,0.0,0.1421
2018-05-23,274.47,0.0,0.0007
2018-05-24,273.52,0.0,0.1394
2018-05-25,275.6,0.0,0.0944
2018-05-26,272.83,0.0,0.0525
2018-05-27,275.99,0.0,0.0262
2018-05-28,274.5,0.0,0.0485
2018-05-29,278.1,0.000401,0.0537
2018-05-30,275.29,0.0,0.0
2018-05-31,275.03,0.0,0.0422
2018-06-01,273.16,0.005514,0.0445
2018-06-02,275.3,0.001821,0.0314
2018-06-03,274.95,0.0,0.1031
2018-06-04,274.98,0.007845,0.0827
2018-06-05,274.16,0.003575,0.0812
2018-06-06,278.33,0.005684,0.0728
2018-06-07,273.69,0.0,0.076
2018-06-08,273.3,0.004578,0.0
2018-06-09,273.92,0.000743,0.0547
2018-06-10,273.77,0.007415,0.0314
2018-06-11,275.7,0.010158,0.0538
2018-06-12,274.74,0.010572,0.1125
2018-06-13,277.08,0.0,0.0887
2018-06-14,275.72,0.001307,0.0107
2018-06-15,276.29,0.030783,0.0
2018-06-16,277.47,0.0,0.0958
2018-06-17,277.51,0.001344,0.1301
2018-06-18,275.61,0.008189,0.0889
2018-06-19,274.53,0.00022,0.0
2018-06-20,274.62,0.026658,0.1051
2018-06-21,277.76,0.0,0.0299
2018-06-22,275.06,0.0,0.0662
2018-06-23,277.79,0.006287,0.0857
2018-06-24,276.7,0.014177,0.0719
2018-06-25,274.8,0.0,0.0826
2018-06-26,274.13,0.018964,0.0295
2018-06-27,275.22,0.007717,0.0509
2018-06-28,273.45,0.006854,0.0694
2018-06-29,276.58,0.070236,0.0881
2018-06-30,274.86,0.00213,0.0465
2018-07-01,278.05,0.090936,0.0287
2018-07-02,274.54,0.0,0.0
2018-07-03,275.74,0.010795,0.0142
2018-07-04,276.59,0.0,0.0464
2018-07-05,275.78,0.001211,0.0
2018-07-06,277.06,0.004356,0.0465
2018-07-07,275.95,0.014027,0.0409
2018-07-08,279.3,0.004843,0.1033
2018-07-09,276.68,0.019991,0.0
2018-07-10,276.66,0.021931,0.0
2018-07-11,276.34,0.0,0.0
2018-07-12,275.68,0.008534,0.0
2018-07-13,275.03,0.034593,0.099
2018-07-14,273.99,0.018242,0.0698
2018-07-15,275.16,0.009286,0.07
2018-07-16,273.48,0.003907,0.0914
2018-07-17,272.82,0.013938,0.0894
2018-07-18,274.34,0.019483,0.0
2018-07-19,275.41,0.0,0.0149
2018-07-20,274.77,0.0,0.1311
2018-07-21,275.31,0.021773,0.0258
2018-07-22,275.05,0.03306,0.1525
2018-07-23,274.17,0.019434,0.0769
2018-07-24,274.68,0.004858,0.0642
2018-07-25,275.36,0.0,0.0314
2018-07-26,272.74,0.000407,0.0916
2018-07-27,274.65,0.026125,0.0199
2018-07-28,270.14,0.004789,0.0155
2018-07-29,273.39,0.006579,0.0
2018-07-30,274.3,0.020719,0.047
2018-07-31,273.24,0.008343,0.0373
2018-08-01,274.81,0.022282,0.0596
2018-08-02,274.03,0.0,0.0972
2018-08-03,274.17,0.002193,0.0397
2018-08-04,272.15,0.00044,0.0237
2018-08-05,272.01,0.00464,0.0922
2018-08-06,272.53,0.0,0.0455
2018-08-07,271.79,0.043204,0.0035
2018-08-08,274.6,0.000629,0.0577
2018-08-09,273.36,0.0,0.0698
2018-08-10,271.46,0.03776,0.0
2018-08-11,274.03,0.00402,0.0349
2018-08-12,272.21,0.020022,0.0411
2018-08-13,271.77,0.014481,0.0751
2018-08-14,271.39,0.004628,0.0369
2018-08-15,271.9,0.035692,0.0863
2018-08-16,272.5,0.006024,0.0439
2018-08-17,271.24,0.043067,0.0991
2018-08-18,270.9,0.0,0.1223
2018-08-19,269.6,0.00697,0.0
2018-08-20,271.1,0.010747,0.0171
2018-08-21,269.34,0.033565,0.0293
2018-08-22,270.8,0.059909,0.0194
2018-08-23,267.45,0.007656,0.01
2018-08-24,269.4,0.0,0.0383
2018-08-25,271.05,0.009522,0.0551
2018-08-26,272.18,0.004439,0.0398
2018-08-27,269.59,0.008258,0.0
2018-08-28,268.15,0.0,0.0486
2018-08-29,267.79,0.0,0.086
2018-08-30,268.31,0.025468,0.0606
2018-08-31,270.24,0.013227,0.0642
2018-09-01,265.8,0.00806,0.0682
2018-09-02,267.01,0.130908,0.0036
2018-09-03,267.77,0.003586,0.0177
2018-09-04,267.16,0.019888,0.0885
2018-09-05,267.41,0.000692,0.0455
2018-09-06,267.48,0.00235,0.0541
2018-09-07,266.88,0.003683,0.0068
2018-09-08,267.1,0.003818,0.0525
2018-09-09,267.31,0.0,0.0765
2018-09-10,266.37,0.005949,0.0323
2018-09-11,264.39,0.065875,0.0455
2018-09-12,266.37,0.0,0.0821
2018-09-13,265.65,0.01988,0.0077
2018-09-14,263.75,0.0,0.0285
2018-09-15,266.04,0.0,0.0571
2018-09-16,264.9,0.007907,0.05
2018-09-17,265.9,0.0,0.1009
2018-09-18,265.21,0.001225,0.0125
2018-09-19,261.97,0.064796,0.0
2018-09-20,263.82,0.01753,0.0744
2018-09-21,263.67,0.0,0.0282
2018-09-22,263.59,0.0,0.0246
2018-09-23,263.8,0.020341,0.0
2018-09-24,262.87,0.0,0.0243
2018-09-25,261.34,0.008563,0.0836
2018-09-26,262.15,0.00873,0.0228
2018-09-27,264.85,0.007491,0.0334
2018-09-28,264.34,0.005558,0.0872
2018-09-29,263.91,0.0,0.0092
2018-09-30,262.26,0.015676,0.0287
2018-10-01,263.5,0.0,0.0153
2018-10-02,260.65,0.0,0.0102
2018-10-03,261.1,0.0,0.1068
2018-10-04,260.84,0.0,0.051
2018-10-05,262.15,0.0,0.0576
2018-10-06,258.64,0.0,0.0
2018-10-07,260.15,0.000321,0.0
2018-10-08,261.06,0.0,0.0
2018-10-09,259.58,0.0,0.0412
2018-10-10,259.27,0.00082,0.083
2018-10-11,258.73,0.0,0.0108
2018-10-12,258.29,0.0,0.012
2018-10-13,260.0,0.0,0.0596
2018-10-14,261.53,0.0,0.0225
2018-10-15,258.6,0.0,0.026
2018-10-16,258.9,0.0,0.025
2018-10-17,258.0,0.0,0.0917
2018-10-18,256.66,0.0,0.1388
2018-10-19,260.33,0.0,0.117
2018-10-20,258.83,0.0,0.0725
2018-10-21,257.69,0.0,0.0699
2018-10-22,258.43,0.0,0.0498
2018-10-23,256.78,0.0,0.0915
2018-10-24,257.91,0.0,0.0222
2018-10-25,257.67,0.0,0.0011
2018-10-26,259.3,0.0,0.0798
2018-10-27,256.24,0.0,0.0131
2018-10-28,254.76,0.0,0.0406
2018-10-29,255.96,0.0,0.0526
2018-10-30,257.63,0.0,0.1144
2018-10-31,257.42,0.0,0.029
2018-11-01,254.77,0.00043,0.3842
2018-11-02,256.06,0.0,0.5559
2018-11-03,254.34,0.00058,0.4964
2018-11-04,256.58,0.0,0.3517
2018-11-05,256.02,0.0,0.3203
2018-11-06,255.12,0.0,0.3562
2018-11-07,253.65,0.000788,0.422
2018-11-08,257.24,0.0,0.4349
2018-11-09,255.42,0.0,0.6464
2018-11-10,253.82,0.0,0.4203
2018-11-11,253.71,0.0,0.5058
2018-11-12,254.08,0.0,0.6289
2018-11-13,254.38,0.0,0.6585
2018-11-14,256.1,0.0,0.4468
2018-11-15,252.74,0.0,0.5408
2018-11-16,253.75,0.000829,0.5803
2018-11-17,254.68,0.0,0.4754
2018-11-18,255.68,0.0,0.4747
2018-11-19,257.71,0.0,0.364
2018-11-20,251.84,0.0,0.5237
2018-11-21,255.71,0.000749,0.3827
2018-11-22,253.34,0.0,0.3287
2018-11-23,253.74,0.0,0.3697
2018-11-24,256.8,0.0,0.5442
2018-11-25,251.76,0.000833,0.5388
2018-11-26,253.62,0.000316,0.3883
2018-11-27,252.74,0.0,0.5193
2018-11-28,254.05,0.0,0.2584
2018-11-29,252.52,0.0,0.5428
2018-11-30,251.52,0.0,0.6941
2018-12-01,254.21,0.0,0.2724
2018-12-02,252.97,0.0,0.3449
2018-12-03,253.26,0.0,0.4793
2018-12-04,249.67,0.0,0.4521
2018-12-05,252.58,0.000243,0.4924
2018-12-06,250.22,0.0,0.5273
2018-12-07,251.41,0.0,0.338
2018-12-08,251.58,0.000825,0.4014
2018-12-09,251.85,0.0,0.4299
2018-12-10,250.01,0.0,0.3963
2018-12-11,252.29,0.0,0.4945
2018-12-12,252.25,0.0,0.5173
2018-12-13,253.86,0.002949,0.4797
2018-12-14,251.93,0.0,0.5021
2018-12-15,251.11,0.0,0.478
2018-12-16,251.42,0.0,0.3446
2018-12-17,251.49,0.0,0.4365
2018-12-18,252.56,0.0,0.3997
2018-12-19,253.62,0.0,0.3939
2018-12-20,252.41,0.001209,0.5478
2018-12-21,251.66,0.000483,0.4972
2018-12-22,249.86,0.0,0.6068
2018-12-23,252.06,0.0,0.4534
2018-12-24,252.8,0.0,0.5132
2018-12-25,252.23,0.0,0.3813
2018-12-26,252.87,0.0,0.4677
2018-12-27,251.19,0.0,0.147
2018-12-28,251.82,0.0,0.3731
2018-12-29,251.78,0.0,0.2184
2018-12-30,252.72,0.0,0.4067
2018-12-31,248.65,0.0,0.597
2019-01-01,252.75,0.0,0.5885
2019-01-02,250.19,0.0,0.3766
2019-01-03,253.67,0.0,0.3761
2019-01-04,251.46,0.0,0.259
2019-01-05,252.47,0.0,0.3278
2019-01-06,253.08,0.0,0.5324
2019-01-07,250.98,0.0,0.6286
2019-01-08,251.57,0.0,0.4349
2019-01-09,252.34,0.0,0.5317
2019-01-10,253.06,0.0,0.3248
2019-01-11,254.89,0.000126,0.4599
2019-01-12,255.23,0.0,0.436
2019-01-13,252.95,0.0,0.4585
2019-01-14,252.74,0.00185,0.5067
2019-01-15,254.88,0.0,0.4892
2019-01-16,253.18,0.0,0.2462
2019-01-17,253.41,0.000255,0.6972
2019-01-18,254.74,0.0,0.4777
2019-01-19,251.11,0.0,0.1743
2019-01-20,254.56,0.0,0.2497
2019-01-21,253.87,0.0,0.3677
2019-01-22,256.02,0.0,0.4589
2019-01-23,255.52,0.0,0.5318
2019-01-24,254.8,0.0,0.5091
2019-01-25,254.82,0.000628,0.4372
2019-01-26,257.57,0.0,0.4062
2019-01-27,255.27,0.000368,0.504
2019-01-28,251.98,0.0,0.4311
2019-01-29,252.71,0.0,0.435
2019-01-30,253.31,0.0,0.2876
2019-01-31,255.06,0.0,0.4055
2019-02-01,255.98,0.0,0.5747
2019-02-02,252.77,0.0,0.5299
2019-02-03,255.03,0.0,0.4549
2019-02-04,255.72,0.0,0.278
2019-02-05,259.63,0.0,0.3764
2019-02-06,254.5,0.0,0.3309
2019-02-07,255.09,0.0,0.3261
2019-02-08,257.2,0.0,0.5573
2019-02-09,254.46,0.0,0.4483
2019-02-10,256.48,0.0,0.4478
2019-02-11,257.94,0.0,0.3881
2019-02-12,257.29,0.0,0.4566
2019-02-13,255.49,0.000406,0.5329
2019-02-14,257.21,0.000346,0.1228
2019-02-15,257.46,0.0,0.6558
2019-02-16,256.41,0.0,0.4255
2019-02-17,255.82,0.0,0.4955
2019-02-18,258.08,0.0,0.3477
2019-02-19,257.13,0.001675,0.5411
2019-02-20,256.85,0.0,0.2606
2019-02-21,259.18,0.0,0.3705
2019-02-22,258.74,0.0,0.4203
2019-02-23,256.56,0.0,0.3897
2019-02-24,260.1,0.0,0.5664
2019-02-25,258.45,0.0,0.4745
2019-02-26,261.37,0.0,0.2901
2019-02-27,260.22,0.0,0.5058
2019-02-28,260.29,0.00032,0.4846
2019-03-01,261.11,0.0,0.3528
2019-03-02,259.45,0.000303,0.1454
2019-03-03,258.76,0.0,0.5819
2019-03-04,263.29,0.0,0.3524
2019-03-05,259.29,0.000858,0.1939
2019-03-06,260.82,0.0,0.4524
2019-03-07,261.72,0.0,0.5648
2019-03-08,259.27,0.0,0.4949
2019-03-09,262.95,0.001319,0.366
2019-03-10,259.25,0.0,0.3481
2019-03-11,261.01,0.0,0.2567
2019-03-12,260.69,0.0,0.4817
2019-03-13,261.66,0.0,0.4458
2019-03-14,263.11,0.0,0.4672
2019-03-15,262.95,0.0,0.3492
2019-03-16,264.78,0.0,0.6299
2019-03-17,262.71,0.0,0.3915
2019-03-18,261.56,0.0,0.5094
2019-03-19,265.38,0.0,0.4781
2019-03-20,264.81,0.0,0.3759
2019-03-21,265.66,0.0,0.4444
2019-03-22,261.89,0.0,0.4757
2019-03-23,264.39,0.0,0.4741
2019-03-24,263.62,0.0,0.5435
2019-03-25,263.02,0.0,0.3462
2019-03-26,264.74,0.000882,0.4705
2019-03-27,266.73,0.000262,0.5975
2019-03-28,264.76,0.0,0.4825
2019-03-29,266.16,0.0,0.5678
2019-03-30,267.06,0.000942,0.5555
2019-03-31,265.17,0.0,0.5201
2019-04-01,266.66,0.0,0.4797
2019-04-02,264.27,0.0,0.4525
2019-04-03,266.28,0.0,0.5811
2019-04-04,265.64,0.0,0.3032
2019-04-05,266.82,0.000266,0.5612
2019-04-06,263.75,0.0,0.2318
2019-04-07,267.53,0.001617,0.485
2019-04-08,268.42,0.0,0.5446
2019-04-09,266.25,0.0,0.5027
2019-04-10,268.92,0.0,0.4438
2019-04-11,268.92,0.0,0.5522
2019-04-12,266.42,0.000546,0.5132
2019-04-13,268.87,0.000883,0.5372
2019-04-14,268.71,0.0,0.2666
2019-04-15,268.15,0.000377,0.3635
2019-04-16,269.59,0.0,0.5014
2019-04-17,269.27,0.0,0.378
2019-04-18,270.44,0.0,0.3753
2019-04-19,272.17,0.0,0.4496
2019-04-20,270.92,0.0,0.3328
2019-04-21,269.27,0.000649,0.5167
2019-04-22,269.82,0.0,0.403
2019-04-23,270.0,0.0,0.4985
2019-04-24,270.06,0.0,0.5865
2019-04-25,270.67,0.0,0.3559
2019-04-26,269.9,0.0,0.4025
2019-04-27,272.82,0.0,0.4065
2019-04-28,271.68,0.0,0.4086
2019-04-29,273.95,0.0,0.5015
2019-04-30,269.32,0.000746,0.4603
2019-05-01,271.16,0.0,0.0203
2019-05-02,271.32,0.0,0.0326
2019-05-03,272.4,0.0,0.0355
2019-05-04,272.55,0.0,0.0
2019-05-05,272.14,0.0,0.0723
2019-05-06,272.51,0.0,0.063
2019-05-07,272.99,0.0,0.0611
2019-05-08,273.6,0.0,0.0515
2019-05-09,275.66,0.0,0.0414
2019-05-10,273.87,0.000819,0.0751
2019-05-11,274.2,0.0,0.0
2019-05-12,270.08,0.0,0.0
2019-05-13,272.91,0.0,0.0997
2019-05-14,273.93,0.0,0.0689
2019-05-15,274.19,0.000256,0.0051
2019-05-16,273.17,0.0,0.0
2019-05-17,273.17,0.0,0.0973
2019-05-18,276.91,0.0,0.0841
2019-05-19,274.54,0.0,0.0634
2019-05-20,274.12,0.0,0.0311
2019-05-21,275.44,0.0,0.1267
2019-05-22,276.53,0.0,0.0
2019-05-23,275.45,0.0,0.0
2019-05-24,276.56,0.002092,0.069
2019-05-25,276.08,0.004803,0.0
2019-05-26,274.98,0.001749,0.0332
2019-05-27,275.44,0.0,0.0521
2019-05-28,273.81,0.0,0.0679
2019-05-29,275.73,0.0,0.031
2019-05-30,276.48,0.001068,0.0
2019-05-31,274.9,0.0,0.0779
2019-06-01,272.56,0.0,0.0683
2019-06-02,275.64,0.0,0.0968
2019-06-03,274.58,0.005154,0.0687
2019-06-04,275.28,0.00602,0.0617
2019-06-05,275.27,0.013066,0.1197
2019-06-06,277.03,0.019914,0.0135
2019-06-07,274.81,0.0,0.0436
2019-06-08,274.85,0.002764,0.0214
2019-06-09,273.19,0.0,0.0952
2019-06-10,275.16,0.0009,0.0539
2019-06-11,275.81,0.008826,0.1098
2019-06-12,273.89,0.031114,0.0672
2019-06-13,277.35,0.0,0.0987
2019-06-14,277.97,0.023551,0.0679
2019-06-15,276.71,0.019572,0.0689
2019-06-16,273.9,0.014938,0.1202
2019-06-17,274.02,0.022923,0.0
2019-06-18,275.17,0.0,0.0793
2019-06-19,276.13,0.0,0.0279
2019-06-20,275.73,0.031765,0.1219
2019-06-21,277.08,0.011509,0.0409
2019-06-22,280.32,0.00829,0.0163
2019-06-23,275.17,0.052253,0.0686
2019-06-24,275.19,0.0,0.0283
2019-06-25,277.58,0.0,0.0
2019-06-26,274.95,0.004379,0.0476
2019-06-27,278.74,0.026545,0.123
2019-06-28,273.31,0.006776,0.0695
2019-06-29,273.82,0.0,0.0559
2019-06-30,275.3,0.007633,0.1026
2019-07-01,276.05,0.004538,0.0701
2019-07-02,278.04,0.002918,0.0303
2019-07-03,276.69,0.044302,0.0
2019-07-04,274.09,0.0,0.0561
2019-07-05,277.56,0.0,0.0613
2019-07-06,275.02,0.010523,0.0066
2019-07-07,276.05,0.004896,0.0276
2019-07-08,274.0,0.0,0.0213
2019-07-09,277.76,0.008456,0.0
2019-07-10,273.08,0.0,0.087
2019-07-11,273.9,0.043109,0.0059
2019-07-12,274.74,0.0,0.1262
2019-07-13,275.11,0.001831,0.0942
2019-07-14,276.0,0.02706,0.0671
2019-07-15,272.53,0.00045,0.0013
2019-07-16,275.46,0.004665,0.0932
2019-07-17,274.44,0.019054,0.0324
2019-07-18,275.55,0.008728,0.1015
2019-07-19,278.79,0.000835,0.0621
2019-07-20,274.7,0.008204,0.0703
2019-07-21,272.26,0.058155,0.0047
2019-07-22,273.43,0.004794,0.0404
2019-07-23,276.69,0.0,0.0792
2019-07-24,272.83,0.000128,0.0479
2019-07-25,273.36,0.002334,0.0
2019-07-26,275.75,0.018523,0.0595
2019-07-27,275.22,0.005267,0.0999
2019-07-28,275.24,0.016515,0.094
2019-07-29,271.77,0.0,0.0575
2019-07-30,271.87,0.000209,0.0781
2019-07-31,273.91,0.008635,0.0506
2019-08-01,271.91,0.029126,0.0149
2019-08-02,271.66,0.0,0.107
2019-08-03,275.3,0.0,0.084
2019-08-04,272.02,0.0,0.05
2019-08-05,272.41,0.003107,0.0965
2019-08-06,273.29,0.092869,0.0565
2019-08-07,269.93,0.049606,0.0714
2019-08-08,271.97,0.004757,0.0266
2019-08-09,272.92,0.026119,0.0
2019-08-10,269.7,0.004087,0.0645
2019-08-11,273.44,0.065337,0.0151
2019-08-12,271.13,0.019607,0.0635
2019-08-13,271.13,0.0,0.0887
2019-08-14,268.88,0.018133,0.0524
2019-08-15,272.83,0.003647,0.0698
2019-08-16,267.06,0.008463,0.0886
2019-08-17,272.92,0.011054,0.0098
2019-08-18,271.02,0.031728,0.0
2019-08-19,270.38,0.000986,0.0261
2019-08-20,269.18,0.0,0.0925
2019-08-21,271.29,0.007312,0.0607
2019-08-22,270.84,0.020154,0.0
2019-08-23,269.05,0.0,0.0
2019-08-24,268.97,0.0,0.0725
2019-08-25,270.35,0.004879,0.0402
2019-08-26,271.64,0.008673,0.0642
2019-08-27,268.1,0.000801,0.0899
2019-08-28,268.29,0.015254,0.0492
2019-08-29,265.93,0.014423,0.0304
2019-08-30,265.63,0.010055,0.0
2019-08-31,267.99,0.019331,0.0578
2019-09-01,268.02,0.0,0.0128
2019-09-02,266.08,0.008953,0.0335
2019-09-03,268.07,0.048456,0.0791
2019-09-04,267.83,0.0183,0.0189
2019-09-05,268.71,0.017163,0.0276
2019-09-06,268.56,0.0,0.0438
2019-09-07,267.5,0.005298,0.0022
2019-09-08,267.35,0.024733,0.0369
2019-09-09,266.86,0.022239,0.0143
2019-09-10,268.72,0.001269,0.0375
2019-09-11,264.98,0.0,0.0
2019-09-12,266.66,0.0,0.0675
2019-09-13,267.74,0.0,0.0846
2019-09-14,265.51,0.006738,0.0
2019-09-15,263.87,0.005085,0.0
2019-09-16,266.9,0.043815,0.0575
2019-09-17,263.84,0.009695,0.0158
2019-09-18,264.93,0.000419,0.0
2019-09-19,265.69,0.036033,0.0409
2019-09-20,263.55,0.0,0.0
2019-09-21,265.8,0.0,0.0791
2019-09-22,264.35,0.0,0.0128
2019-09-23,264.39,0.011052,0.0434
2019-09-24,262.77,0.009649,0.0445
2019-09-25,266.26,0.005847,0.0752
2019-09-26,264.17,0.044255,0.0332
2019-09-27,264.45,0.016159,0.0
2019-09-28,261.45,0.005547,0.0901
2019-09-29,262.79,0.0,0.1243
2019-09-30,262.99,0.011164,0.0266
2019-10-01,263.98,0.0,0.0752
2019-10-02,261.16,0.0,0.0324
2019-10-03,260.67,0.0,0.0293
2019-10-04,262.07,0.0,0.0
2019-10-05,261.69,0.0,0.0678
2019-10-06,260.1,0.0,0.0372
2019-10-07,262.78,0.0,0.0335
2019-10-08,258.92,0.0,0.0363
2019-10-09,260.84,0.0,0.0557
2019-10-10,259.42,0.000652,0.0
2019-10-11,261.66,0.0,0.029
2019-10-12,260.02,0.0,0.0121
2019-10-13,258.14,0.0,0.0549
2019-10-14,260.33,0.0,0.1232
2019-10-15,258.23,0.0,0.0151
2019-10-16,258.91,0.0,0.0344
2019-10-17,258.87,0.0,0.0645
2019-10-18,260.65,0.000248,0.0445
2019-10-19,259.37,0.000355,0.0643
2019-10-20,258.65,0.0,0.0351
2019-10-21,258.98,0.0,0.0972
2019-10-22,258.69,0.0,0.0483
2019-10-23,258.25,0.001309,0.0398
2019-10-24,259.34,0.0,0.0
2019-10-25,258.16,0.0,0.0233
2019-10-26,258.19,0.0,0.0824
2019-10-27,255.95,0.0,0.0664
2019-10-28,257.34,0.0,0.013
2019-10-29,255.46,0.000505,0.0642
2019-10-30,255.39,0.0,0.047
2019-10-31,259.57,0.000189,0.0102
2019-11-01,257.69,0.000475,0.429
2019-11-02,255.02,0.0,0.3698
2019-11-03,256.48,0.0,0.5162
2019-11-04,257.91,0.0,0.4655
2019-11-05,255.23,0.0,0.5195
2019-11-06,257.67,0.00053,0.7764
2019-11-07,256.29,0.000171,0.7653
2019-11-08,252.82,0.0,0.5084
2019-11-09,257.44,0.0,0.398
2019-11-10,255.93,0.0002,0.6531
2019-11-11,253.83,0.0,0.6705
2019-11-12,255.47,0.0,0.5488
2019-11-13,253.67,0.0,0.4129
2019-11-14,251.95,0.0,0.4369
2019-11-15,248.98,0.0,0.3594
2019-11-16,254.71,0.0,0.692
2019-11-17,253.61,0.0,0.6318
2019-11-18,253.53,0.0,0.2633
2019-11-19,255.04,0.0,0.6146
2019-11-20,255.98,0.0,0.4236
2019-11-21,254.55,0.0,0.5109
2019-11-22,253.29,0.0,0.3248
2019-11-23,252.09,0.0,0.5106
2019-11-24,249.55,0.0,0.3602
2019-11-25,257.16,0.0,0.3845
2019-11-26,252.28,0.000746,0.3522
2019-11-27,253.31,0.0,0.5524
2019-11-28,253.56,0.004039,0.4688
2019-11-29,252.24,0.0,0.5287
2019-11-30,253.53,0.002966,0.6115
2019-12-01,253.77,0.0,0.3536
2019-12-02,251.46,0.0,0.2216
2019-12-03,250.86,0.0,0.3581
2019-12-04,252.51,0.0,0.4268
2019-12-05,251.71,0.0,0.4277
2019-12-06,251.55,0.001372,0.532
2019-12-07,253.62,0.0,0.4381
2019-12-08,252.52,0.0,0.4055
2019-12-09,251.91,0.0,0.3714
2019-12-10,251.55,0.0,0.3926
2019-12-11,250.37,0.0,0.7168
2019-12-12,251.42,0.0,0.4023
2019-12-13,251.11,0.004119,0.3067
2019-12-14,251.22,0.0,0.4698
2019-12-15,252.3,0.0,0.4159
2019-12-16,251.3,0.0,0.3999
2019-12-17,253.48,0.0,0.5181
2019-12-18,255.31,0.0,0.5315
2019-12-19,249.38,0.0,0.393
2019-12-20,251.35,0.000369,0.5261
2019-12-21,250.48,0.0,0.4018
2019-12-22,252.4,0.0,0.5229
2019-12-23,251.96,0.0,0.3925
2019-12-24,254.24,0.000728,0.2753
2019-12-25,249.92,0.0,0.6813
2019-12-26,255.28,0.0,0.4035
2019-12-27,252.94,0.0,0.4646
2019-12-28,251.17,0.0,0.5301
2019-12-29,251.1,0.0,0.1493
2019-12-30,254.04,0.0,0.3821
2019-12-31,252.36,0.0,0.5316
2020-01-01,253.24,0.0,0.4982
2020-01-02,251.01,0.000466,0.2868
2020-01-03,253.03,0.0,0.4829
2020-01-04,252.0,0.002065,0.4383
2020-01-05,250.5,0.0,0.3459
2020-01-06,250.83,0.0,0.7041
2020-01-07,251.2,0.0,0.4762
2020-01-08,252.41,0.0,0.6245
2020-01-09,251.66,0.0,0.5151
2020-01-10,252.84,0.0,0.4552
2020-01-11,251.75,0.0,0.5881
2020-01-12,251.85,0.00028,0.3761
2020-01-13,253.9,0.0,0.3789
2020-01-14,251.68,0.0,0.6691
2020-01-15,252.9,0.0,0.5899
2020-01-16,254.7,0.0,0.3467
2020-01-17,253.94,0.0,0.8553
2020-01-18,254.46,0.000438,0.3325
2020-01-19,254.13,0.0,0.5145
2020-01-20,256.6,0.0,0.4654
2020-01-21,251.74,0.0,0.5217
2020-01-22,250.31,0.000773,0.5015
2020-01-23,252.91,0.0,0.487
2020-01-24,253.79,0.0,0.4503
2020-01-25,254.91,0.0,0.4237
2020-01-26,254.32,0.001748,0.4705
2020-01-27,255.6,0.0,0.5253
2020-01-28,257.07,0.0,0.478
2020-01-29,254.46,0.000112,0.4055
2020-01-30,254.04,0.0,0.3067
2020-01-31,254.77,0.0,0.3989
2020-02-01,255.63,0.0,0.5209
2020-02-02,257.2,0.0,0.3272
2020-02-03,255.35,0.0,0.6297
2020-02-04,256.01,0.0,0.6567
2020-02-05,253.05,0.0,0.4462
2020-02-06,256.41,0.0,0.5338
2020-02-07,257.23,0.0004,0.6426
2020-02-08,255.46,0.0,0.5037
2020-02-09,256.72,0.0,0.3133
2020-02-10,254.13,0.0,0.4512
2020-02-11,258.25,0.0,0.3987
2020-02-12,259.47,0.0,0.4646
2020-02-13,258.17,0.001195,0.3135
2020-02-14,257.52,0.002243,0.424
2020-02-15,258.33,0.0,0.3802
2020-02-16,257.39,0.0,0.4359
2020-02-17,258.39,0.0,0.2555
2020-02-18,257.47,0.0,0.4426
2020-02-19,260.5,0.001235,0.3963
2020-02-20,259.12,0.000588,0.4782
2020-02-21,256.55,0.0,0.3254
2020-02-22,257.77,0.0,0.301
2020-02-23,260.16,0.0,0.3849
2020-02-24,258.83,0.0,0.5854
2020-02-25,257.16,0.0,0.377
2020-02-26,258.77,0.0,0.6065
2020-02-27,260.39,0.0,0.3004
2020-02-28,256.44,0.0,0.3268
2020-02-29,259.75,0.0,0.4855
2020-03-01,261.72,0.0,0.5226
2020-03-02,258.85,0.0,0.4314
2020-03-03,258.85,0.0,0.3988
2020-03-04,258.75,0.0,0.4757
2020-03-05,260.64,0.0,0.2838
2020-03-06,261.67,0.0,0.6124
2020-03-07,260.75,0.0,0.2928
2020-03-08,265.12,0.0,0.4061
2020-03-09,262.76,0.0,0.5397
2020-03-10,262.4,0.0,0.4144
2020-03-11,262.12,0.0,0.3204
2020-03-12,262.69,0.0,0.3008
2020-03-13,262.42,0.000132,0.4094
2020-03-14,261.83,0.0,0.7445
2020-03-15,261.41,0.0,0.3454
2020-03-16,263.11,0.0,0.1898
2020-03-17,262.74,0.0,0.5063
2020-03-18,264.86,0.000403,0.6711
2020-03-19,264.38,0.0,0.4933
2020-03-20,262.66,0.000644,0.403
2020-03-21,264.48,0.0,0.5472
2020-03-22,262.51,0.0,0.3882
2020-03-23,262.13,0.0,0.7521
2020-03-24,265.76,0.000772,0.5735
2020-03-25,263.03,0.0,0.5243
2020-03-26,264.3,0.0,0.455
2020-03-27,264.5,0.0,0.5397
2020-03-28,265.86,0.0,0.5469
2020-03-29,268.5,0.0,0.4053
2020-03-30,265.04,0.0,0.641
2020-03-31,266.47,0.0,0.4966
2020-04-01,263.21,0.0,0.5503
2020-04-02,265.56,0.00025,0.5057
2020-04-03,267.13,0.0,0.6778
2020-04-04,262.75,0.0,0.5716
2020-04-05,265.41,0.0,0.3893
2020-04-06,267.75,0.001211,0.4985
2020-04-07,269.09,0.0,0.453
2020-04-08,268.8,0.0,0.4277
2020-04-09,269.44,0.0,0.3798
2020-04-10,267.89,0.0,0.5082
2020-04-11,267.86,0.0,0.5179
2020-04-12,268.39,0.0,0.5896
2020-04-13,271.66,0.0,0.2944
2020-04-14,268.36,0.0,0.6021
2020-04-15,271.08,0.0,0.5257
2020-04-16,267.31,0.0,0.4965
2020-04-17,270.26,0.0,0.5247
2020-04-18,271.47,0.001015,0.5662
2020-04-19,271.45,0.0,0.4451
2020-04-20,268.73,0.0,0.3305
2020-04-21,270.09,0.0,0.3908
2020-04-22,268.02,0.0,0.3205
2020-04-23,270.81,0.000635,0.4635
2020-04-24,268.92,0.0,0.6282
2020-04-25,270.93,0.0,0.5241
2020-04-26,268.82,0.0,0.419
2020-04-27,271.88,0.0,0.5569
2020-04-28,271.94,0.0,0.4773
2020-04-29,272.51,0.0,0.6193
2020-04-30,271.83,0.0,0.6522
2020-05-01,272.08,0.0,0.0007
2020-05-02,270.59,0.001188,0.0474
2020-05-03,273.18,0.0,0.1122
2020-05-04,272.6,0.0,0.0916
2020-05-05,273.3,0.0,0.0
2020-05-06,269.74,0.0,0.0724
2020-05-07,273.29,0.0,0.0265
2020-05-08,272.33,0.0,0.0167
2020-05-09,274.48,0.0,0.0114
2020-05-10,273.02,0.000678,0.1004
2020-05-11,274.9,0.0,0.0634
2020-05-12,274.5,0.0,0.0816
2020-05-13,274.54,0.000729,0.0716
2020-05-14,274.17,0.0,0.0262
2020-05-15,273.61,0.0,0.058
2020-05-16,274.93,0.0,0.0732
2020-05-17,276.11,0.0,0.0883
2020-05-18,271.52,0.0,0.0928
2020-05-19,274.59,0.0,0.0645
2020-05-20,274.41,0.0,0.0725
2020-05-21,275.24,0.0,0.0428
2020-05-22,275.85,0.001033,0.0804
2020-05-23,273.73,0.002832,0.0491
2020-05-24,274.33,0.0,0.059
2020-05-25,272.07,0.0,0.0029
2020-05-26,276.02,0.0,0.0809
2020-05-27,273.21,0.0,0.028
2020-05-28,273.87,0.000545,0.0197
2020-05-29,275.15,0.000523,0.0445
2020-05-30,273.94,0.000267,0.076
2020-05-31,274.27,0.0,0.0612
2020-06-01,275.56,0.000169,0.0642
2020-06-02,275.17,0.009989,0.0872
2020-06-03,275.39,0.005215,0.03
2020-06-04,275.83,0.044123,0.0292
2020-06-05,274.14,0.010659,0.0553
2020-06-06,273.15,0.026131,0.107
2020-06-07,274.71,0.058215,0.0069
2020-06-08,275.77,0.006378,0.0583
2020-06-09,274.01,0.0,0.0
2020-06-10,273.06,0.000586,0.0
2020-06-11,276.15,0.0,0.0378
2020-06-12,274.65,0.0,0.0592
2020-06-13,276.34,0.0,0.05
2020-06-14,274.35,0.005109,0.0222
2020-06-15,275.96,0.000999,0.0627
2020-06-16,276.33,0.032807,0.0151
2020-06-17,277.38,0.0,0.0485
2020-06-18,277.44,0.0,0.0551
2020-06-19,275.5,0.0,0.0
2020-06-20,277.06,0.0,0.0606
2020-06-21,275.25,0.0,0.1145
2020-06-22,277.84,0.002966,0.1035
2020-06-23,276.85,0.003809,0.0151
2020-06-24,275.26,0.026112,0.0981
2020-06-25,275.77,0.0,0.0545
2020-06-26,276.35,0.01275,0.0268
2020-06-27,275.2,0.002013,0.0575
2020-06-28,275.58,0.000768,0.051
2020-06-29,276.14,0.002527,0.0761
2020-06-30,274.08,0.023964,0.0694
2020-07-01,276.14,0.12298,0.0377
2020-07-02,277.8,0.0,0.0433
2020-07-03,276.09,0.033732,0.1038
2020-07-04,275.31,0.002459,0.0973
2020-07-05,273.04,0.0,0.0
2020-07-06,277.63,0.032825,0.0
2020-07-07,274.31,0.005977,0.056
2020-07-08,276.48,0.0,0.1055
2020-07-09,275.88,0.006021,0.0659
2020-07-10,274.33,0.0,0.0627
2020-07-11,272.16,0.001738,0.1365
2020-07-12,275.28,0.012934,0.0646
2020-07-13,275.95,0.0,0.0
2020-07-14,279.42,0.0,0.0969
2020-07-15,275.19,0.002928,0.0239
2020-07-16,275.28,0.0,0.0458
2020-07-17,274.15,0.006158,0.1356
2020-07-18,274.63,0.040234,0.0796
2020-07-19,275.16,0.000281,0.0292
2020-07-20,276.05,0.001725,0.0006
2020-07-21,275.07,0.001954,0.0782
2020-07-22,273.48,0.079888,0.0114
2020-07-23,273.69,0.0,0.1017
2020-07-24,274.13,0.014151,0.0964
2020-07-25,274.11,0.051471,0.0027
2020-07-26,272.34,0.008407,0.1132
2020-07-27,272.62,0.0,0.0528
2020-07-28,273.91,0.0,0.026
2020-07-29,275.63,0.0,0.0
2020-07-30,271.5,0.007451,0.0
2020-07-31,274.45,0.0,0.0223
2020-08-01,273.23,0.012392,0.0649
2020-08-02,272.95,0.012058,0.0896
2020-08-03,271.37,0.0,0.0
2020-08-04,271.96,0.020236,0.0101
2020-08-05,273.21,0.000517,0.0
2020-08-06,272.5,0.0,0.0
2020-08-07,269.42,0.02487,0.0558
2020-08-08,271.89,0.012194,0.0
2020-08-09,271.78,0.008668,0.0449
2020-08-10,271.03,0.0,0.0472
2020-08-11,272.07,0.0,0.0337
2020-08-12,268.91,0.03917,0.0301
2020-08-13,271.02,0.034474,0.0658
2020-08-14,270.94,0.000621,0.0034
2020-08-15,267.14,0.025946,0.0675
2020-08-16,272.22,0.0,0.0631
2020-08-17,271.01,0.005504,0.0247
2020-08-18,271.86,0.0,0.0513
2020-08-19,271.09,0.022951,0.0255
2020-08-20,269.34,0.018319,0.0716
2020-08-21,271.06,0.0,0.0405
2020-08-22,268.89,0.009951,0.0314
2020-08-23,269.52,0.010142,0.0886
2020-08-24,269.84,0.006192,0.0304
2020-08-25,269.3,0.0,0.0972
2020-08-26,268.93,0.001083,0.0935
2020-08-27,268.1,0.003969,0.1141
2020-08-28,267.86,0.0,0.0288
2020-08-29,270.75,0.0,0.0269
2020-08-30,268.94,0.024532,0.0738
2020-08-31,267.79,0.012071,0.0589
2020-09-01,267.09,0.011098,0.0326
2020-09-02,266.36,0.011424,0.0321
2020-09-03,267.23,0.000293,0.0852
2020-09-04,267.05,0.001525,0.0648
2020-09-05,269.56,0.025576,0.0701
2020-09-06,265.61,0.0,0.0108
2020-09-07,266.28,0.009426,0.0574
2020-09-08,266.09,0.020537,0.0442
2020-09-09,265.1,0.034956,0.0972
2020-09-10,265.27,0.000757,0.1244
2020-09-11,265.77,0.0,0.0105
2020-09-12,266.05,0.03324,0.0866
2020-09-13,265.38,0.003839,0.0216
2020-09-14,264.56,0.0,0.0222
2020-09-15,264.53,0.008611,0.0833
2020-09-16,265.02,0.003688,0.1019
2020-09-17,265.18,0.002478,0.1093
2020-09-18,265.17,0.0,0.0245
2020-09-19,265.45,0.004414,0.0746
2020-09-20,265.7,0.004474,0.1157
2020-09-21,264.0,0.014604,0.0059
2020-09-22,263.72,0.0,0.0304
2020-09-23,262.09,0.0,0.1267
2020-09-24,263.56,0.015419,0.1018
2020-09-25,261.67,0.0,0.0167
2020-09-26,261.49,0.005814,0.093
2020-09-27,262.02,0.0199,0.0638
2020-09-28,263.55,0.001253,0.0
2020-09-29,260.84,0.000422,0.0687
2020-09-30,260.77,0.005758,0.0508
2020-10-01,260.95,0.0,0.0447
2020-10-02,261.4,0.0,0.0518
2020-10-03,262.11,0.0,0.1732
2020-10-04,261.67,0.0,0.1085
2020-10-05,261.08,0.0,0.0792
2020-10-06,259.56,0.0,0.0923
2020-10-07,258.25,0.0,0.0668
2020-10-08,261.48,0.0,0.0451
2020-10-09,257.48,0.000525,0.021
2020-10-10,260.0,0.000466,0.0654
2020-10-11,259.09,0.0,0.052
2020-10-12,260.65,0.0,0.0
2020-10-13,259.42,0.0,0.0472
2020-10-14,260.94,0.0,0.0912
2020-10-15,257.1,0.0,0.0446
2020-10-16,258.3,0.0,0.0
2020-10-17,258.22,0.002371,0.0668
2020-10-18,254.48,0.0,0.1189
2020-10-19,257.96,0.0,0.0421
2020-10-20,258.42,0.0,0.0
2020-10-21,258.91,0.000267,0.0414
2020-10-22,257.16,0.000866,0.1058
2020-10-23,257.64,0.000222,0.105
2020-10-24,256.86,0.0,0.0
2020-10-25,258.01,0.0,0.0722
2020-10-26,257.45,0.0,0.1466
2020-10-27,256.52,0.000895,0.0342
2020-10-28,259.41,0.000629,0.0142
2020-10-29,255.87,0.0,0.0039
2020-10-30,255.65,0.0,0.0711
2020-10-31,257.21,0.0,0.0779
2020-11-01,254.81,0.0,0.5514
2020-11-02,254.69,0.005337,0.5149
2020-11-03,254.79,0.0,0.486
2020-11-04,254.21,0.000745,0.2395
2020-11-05,254.75,0.002578,0.3062
2020-11-06,255.75,0.0,0.4703
2020-11-07,254.02,0.0,0.4451
2020-11-08,256.24,0.000948,0.3942
2020-11-09,257.27,0.0,0.4181
2020-11-10,256.3,0.0,0.4777
2020-11-11,254.93,0.0,0.5077
2020-11-12,252.7,0.0,0.3217
2020-11-13,254.41,0.001927,0.4231
2020-11-14,252.97,0.0,0.4136
2020-11-15,254.46,0.0,0.3924
2020-11-16,254.75,0.0,0.458
2020-11-17,254.28,0.0,0.5251
2020-11-18,253.93,0.000574,0.2106
2020-11-19,254.82,0.0,0.4524
2020-11-20,253.99,0.0,0.5085
2020-11-21,255.72,0.000428,0.2517
2020-11-22,254.5,0.0,0.5523
2020-11-23,251.42,0.0,0.5242
2020-11-24,250.72,0.0,0.4423
2020-11-25,254.63,0.0,0.4195
2020-11-26,254.42,0.0,0.2489
2020-11-27,254.35,0.0,0.2
2020-11-28,252.38,0.0,0.5724
2020-11-29,250.75,0.0,0.5056
2020-11-30,250.5,0.000432,0.3716
2020-12-01,251.38,0.0,0.4682
2020-12-02,251.38,0.00029,0.6274
2020-12-03,253.8,0.0,0.408
2020-12-04,251.62,0.0,0.4781
2020-12-05,253.34,0.0,0.6545
2020-12-06,252.03,0.0,0.5812
2020-12-07,250.94,0.0,0.2207
2020-12-08,255.8,0.0,0.6161
2020-12-09,249.6,0.0,0.2527
2020-12-10,253.77,0.0,0.5428
2020-12-11,252.99,0.0,0.1971
2020-12-12,251.7,0.000334,0.1746
2020-12-13,252.46,0.0,0.4287
2020-12-14,251.21,0.0,0.3177
2020-12-15,250.0,0.000197,0.2748
2020-12-16,254.81,0.0,0.5365
2020-12-17,251.92,0.0,0.3048
2020-12-18,253.4,0.0,0.3993
2020-12-19,251.51,0.002275,0.4803
2020-12-20,256.38,0.0,0.3238
2020-12-21,251.56,0.0,0.5636
2020-12-22,249.51,0.000586,0.5696
2020-12-23,252.85,0.0,0.3489
2020-12-24,250.27,0.0,0.5339
2020-12-25,251.76,0.0,0.4529
2020-12-26,249.43,0.0,0.6121
2020-12-27,251.24,0.0,0.5184
2020-12-28,253.79,0.000573,0.4531
2020-12-29,252.58,0.0,0.4314
2020-12-30,254.09,0.0,0.4187
2020-12-31,250.79,0.0,0.4402
2021-01-01,253.74,0.0,0.5104
2021-01-02,252.61,0.001405,0.4283
2021-01-03,252.89,0.0,0.6582
2021-01-04,249.17,0.0,0.4351
2021-01-05,254.15,0.0,0.244
2021-01-06,251.27,0.001267,0.0702
2021-01-07,253.24,0.0,0.5441
2021-01-08,250.33,0.0,0.4039
2021-01-09,253.86,0.0,0.2419
2021-01-10,251.43,0.0,0.712
2021-01-11,251.69,0.0,0.3675
2021-01-12,254.03,6.9e-05,0.4494
2021-01-13,254.87,0.0,0.471
2021-01-14,253.44,0.0,0.3967
2021-01-15,255.41,0.0,0.3895
2021-01-16,252.63,0.0,0.46
2021-01-17,252.3,0.0,0.4785
2021-01-18,252.46,0.0,0.3889
2021-01-19,253.14,0.0,0.3912
2021-01-20,257.6,0.0,0.2998
2021-01-21,253.72,0.0,0.5527
2021-01-22,253.04,0.0,0.4514
2021-01-23,253.6,0.0,0.5417
2021-01-24,251.07,0.0,0.3188
2021-01-25,254.15,0.0,0.5218
2021-01-26,256.44,0.001116,0.6526
2021-01-27,256.28,0.000622,0.4225
2021-01-28,254.56,0.0,0.3509
2021-01-29,251.32,0.0,0.4408
2021-01-30,255.3,0.0,0.483
2021-01-31,256.34,0.0,0.3444
2021-02-01,257.68,0.0,0.4854
2021-02-02,253.4,0.0,0.6457
2021-02-03,253.16,0.0,0.3228
2021-02-04,256.56,0.0,0.4515
2021-02-05,257.18,0.0,0.197
2021-02-06,255.05,0.0,0.5542
2021-02-07,255.29,0.0,0.7632
2021-02-08,254.32,0.0,0.3183
2021-02-09,257.73,0.0,0.2239
2021-02-10,256.83,0.0,0.6008
2021-02-11,254.39,0.000622,0.5096
2021-02-12,255.75,0.0,0.3635
2021-02-13,257.76,0.0,0.3895
2021-02-14,254.94,0.000853,0.4192
2021-02-15,256.9,0.0,0.5043
2021-02-16,255.31,0.0,0.3386
2021-02-17,258.25,0.0,0.1798
2021-02-18,257.23,0.0,0.094
2021-02-19,257.92,0.002761,0.4324
2021-02-20,259.04,0.0,0.439
2021-02-21,255.39,0.0,0.3287
2021-02-22,259.24,0.0,0.6022
2021-02-23,258.61,0.0,0.3292
2021-02-24,257.39,0.0,0.4082
2021-02-25,261.79,0.0,0.5796
2021-02-26,258.0,0.0,0.5097
2021-02-27,257.75,0.0,0.2535
2021-02-28,257.96,0.000243,0.3708
2021-03-01,260.6,0.000448,0.6824
2021-03-02,258.25,0.0,0.5722
2021-03-03,260.41,0.0,0.2361
2021-03-04,260.42,0.0,0.4526
2021-03-05,260.94,0.0,0.1541
2021-03-06,262.21,0.0,0.5746
2021-03-07,262.69,0.0,0.5288
2021-03-08,262.18,0.0,0.2563
2021-03-09,261.36,0.0,0.3107
2021-03-10,259.87,0.00049,0.592
2021-03-11,260.78,0.0,0.1487
2021-03-12,263.36,0.0,0.353
2021-03-13,261.01,0.0,0.8633
2021-03-14,262.77,0.0,0.4929
2021-03-15,263.25,0.000719,0.2564
2021-03-16,261.56,0.00054,0.3216
2021-03-17,263.23,0.0,0.5552
2021-03-18,264.87,0.0,0.3575
2021-03-19,264.75,0.000732,0.5442
2021-03-20,264.18,0.0,0.701
2021-03-21,262.55,0.0,0.3196
2021-03-22,263.5,0.004065,0.4762
2021-03-23,264.36,0.0,0.4244
2021-03-24,263.18,0.0,0.5459
2021-03-25,264.81,0.0,0.3946
2021-03-26,266.52,0.0,0.5824
2021-03-27,264.31,0.0,0.5509
2021-03-28,264.84,0.0,0.5938
2021-03-29,263.52,0.0,0.3894
2021-03-30,266.27,0.0,0.4762
2021-03-31,266.17,0.0,0.4651
2021-04-01,267.11,0.0,0.2716
2021-04-02,266.03,0.0,0.251
2021-04-03,264.32,0.0,0.564
2021-04-04,267.52,0.0,0.1246
2021-04-05,269.55,0.000764,0.4628
2021-04-06,266.97,0.0,0.5018
2021-04-07,269.41,0.0,0.2624
2021-04-08,270.69,0.0,0.4049
2021-04-09,266.73,0.0,0.2344
2021-04-10,267.38,0.0,0.4717
2021-04-11,266.24,0.0,0.4679
2021-04-12,270.15,0.0,0.6034
2021-04-13,268.51,0.0,0.4438
2021-04-14,270.6,0.001415,0.5848
2021-04-15,268.77,0.0,0.5013
2021-04-16,272.18,0.0,0.4195
2021-04-17,268.15,0.001004,0.4294
2021-04-18,270.14,0.001451,0.4749
2021-04-19,269.54,0.0,0.615
2021-04-20,269.62,0.0,0.5902
2021-04-21,269.27,0.0,0.5479
2021-04-22,268.09,0.0,0.5036
2021-04-23,270.06,0.0,0.4512
2021-04-24,272.12,0.0,0.5705
2021-04-25,270.44,0.001392,0.3921
2021-04-26,269.72,0.0,0.3528
2021-04-27,269.22,0.000659,0.3004
2021-04-28,268.65,0.0,0.3858
2021-04-29,271.8,0.0,0.4411
2021-04-30,273.26,0.0,0.317
2021-05-01,270.84,0.000678,0.0923
2021-05-02,271.5,0.0,0.0736
2021-05-03,272.38,0.0,0.0
2021-05-04,272.6,0.0,0.0587
2021-05-05,272.56,0.0,0.0559
2021-05-06,270.4,0.0,0.0198
2021-05-07,271.06,0.0,0.0548
2021-05-08,270.36,0.00061,0.0657
2021-05-09,274.88,0.0,0.0344
2021-05-10,269.56,0.0,0.0431
2021-05-11,273.41,0.0,0.0208
2021-05-12,273.62,0.0,0.0865
2021-05-13,274.99,0.0,0.1311
2021-05-14,272.86,0.0,0.0601
2021-05-15,270.86,0.0,0.0919
2021-05-16,273.78,0.0,0.0104
2021-05-17,274.62,0.0,0.1134
2021-05-18,276.73,0.0,0.0
2021-05-19,274.04,0.000413,0.067
2021-05-20,275.5,0.0,0.0732
2021-05-21,273.69,0.0,0.0401
2021-05-22,272.16,0.000685,0.0283
2021-05-23,277.96,0.0,0.0166
2021-05-24,273.23,0.0,0.0872
2021-05-25,275.84,0.0,0.0689
2021-05-26,274.22,0.000343,0.0335
2021-05-27,274.9,0.0,0.0207
2021-05-28,273.19,0.000198,0.0449
2021-05-29,276.27,0.0,0.0782
2021-05-30,275.59,0.0,0.1708
2021-05-31,276.72,0.0,0.018
2021-06-01,274.0,0.0611,0.001
2021-06-02,275.09,0.0,0.0175
2021-06-03,274.43,0.007918,0.0086
2021-06-04,275.09,0.0,0.0797
2021-06-05,275.03,0.0,0.0
2021-06-06,275.69,0.030108,0.032
2021-06-07,275.99,0.018778,0.0533
2021-06-08,277.07,0.0,0.0914
2021-06-09,275.62,0.039819,0.0211
2021-06-10,275.53,0.0,0.017
2021-06-11,277.15,0.044796,0.0559
2021-06-12,275.42,0.013811,0.0425
2021-06-13,274.26,0.007073,0.0991
2021-06-14,274.03,0.04273,0.0387
2021-06-15,275.74,0.023997,0.0497
2021-06-16,273.86,0.0,0.0532
2021-06-17,276.69,0.006118,0.0
2021-06-18,273.21,0.060811,0.0508
2021-06-19,274.17,0.0,0.1434
2021-06-20,275.57,0.000424,0.0059
2021-06-21,276.14,0.022116,0.0066
2021-06-22,276.31,0.0,0.0156
2021-06-23,273.38,0.004279,0.0858
2021-06-24,276.74,0.010168,0.0446
2021-06-25,275.4,0.00134,0.0526
2021-06-26,275.71,0.022962,0.1008
2021-06-27,276.67,0.0,0.0
2021-06-28,276.92,0.004462,0.0187
2021-06-29,275.36,0.012719,0.0723
2021-06-30,277.98,0.013974,0.076
2021-07-01,275.23,0.003217,0.0137
2021-07-02,275.8,0.0,0.0393
2021-07-03,276.79,0.002258,0.0279
2021-07-04,277.07,0.003149,0.041
2021-07-05,277.43,0.0,0.0917
2021-07-06,275.07,0.039257,0.0535
2021-07-07,275.74,0.009415,0.0191
2021-07-08,274.56,0.0,0.0147
2021-07-09,274.97,0.0181,0.0411
2021-07-10,275.48,0.008687,0.1482
2021-07-11,274.3,0.027455,0.0498
2021-07-12,273.58,0.000913,0.102
2021-07-13,271.71,0.002532,0.0019
2021-07-14,276.07,0.0,0.0
2021-07-15,274.93,0.003429,0.0826
2021-07-16,274.69,0.023003,0.0177
2021-07-17,272.34,0.002421,0.0297
2021-07-18,274.58,0.014005,0.065
2021-07-19,273.69,0.0,0.0498
2021-07-20,276.44,0.0,0.0836
2021-07-21,273.59,0.000544,0.0275
2021-07-22,275.06,0.0,0.07
2021-07-23,276.74,0.0,0.029
2021-07-24,274.35,0.012768,0.049
2021-07-25,275.59,0.009464,0.0
2021-07-26,275.59,0.009794,0.0598
2021-07-27,273.64,0.007579,0.0282
2021-07-28,274.91,0.011315,0.0225
2021-07-29,273.57,0.0,0.0655
2021-07-30,273.94,0.0,0.0307
2021-07-31,273.33,0.01473,0.1019
2021-08-01,271.69,0.00552,0.0387
2021-08-02,272.71,0.022384,0.0606
2021-08-03,269.01,0.023892,0.0354
2021-08-04,275.18,0.003683,0.0518
2021-08-05,272.38,0.0,0.0
2021-08-06,272.19,0.031166,0.0912
2021-08-07,271.25,0.003367,0.0239
2021-08-08,272.07,0.0,0.0596
2021-08-09,269.64,0.0,0.0575
2021-08-10,270.7,0.0,0.0516
2021-08-11,268.51,0.011148,0.0818
2021-08-12,268.68,0.001714,0.0861
2021-08-13,274.21,0.0,0.0843
2021-08-14,271.61,0.0,0.0
2021-08-15,272.83,0.030315,0.1145
2021-08-16,269.35,0.002787,0.0177
2021-08-17,271.07,0.029536,0.0362
2021-08-18,270.36,0.004792,0.0
2021-08-19,270.31,0.0,0.095
2021-08-20,269.9,0.006137,0.0804
2021-08-21,270.58,0.006048,0.035
2021-08-22,273.02,0.062805,0.0737
2021-08-23,266.57,0.004452,0.0852
2021-08-24,269.35,0.018892,0.0757
2021-08-25,267.68,0.0,0.0
2021-08-26,268.85,0.0,0.1066
2021-08-27,269.67,0.000835,0.0631
2021-08-28,270.47,0.0,0.0345
2021-08-29,267.9,0.007056,0.0545
2021-08-30,267.24,0.000872,0.0647
2021-08-31,270.05,0.004521,0.0116
2021-09-01,268.69,0.001506,0.0854
2021-09-02,266.3,0.0,0.0827
2021-09-03,267.69,0.00223,0.0596
2021-09-04,267.28,0.0,0.1448
2021-09-05,265.77,0.012864,0.0074
2021-09-06,266.8,0.0,0.0579
2021-09-07,266.03,0.004031,0.0307
2021-09-08,263.21,0.025612,0.0703
2021-09-09,268.88,0.006484,0.0351
2021-09-10,263.37,0.005269,0.0956
2021-09-11,265.75,0.021365,0.0504
2021-09-12,264.96,0.0,0.0
2021-09-13,269.09,0.015211,0.0713
2021-09-14,262.22,0.019315,0.1083
2021-09-15,267.4,0.003042,0.003
2021-09-16,264.82,0.0,0.0671
2021-09-17,264.63,0.158156,0.104
2021-09-18,266.14,0.0,0.0567
2021-09-19,264.56,0.007663,0.0995
2021-09-20,265.29,0.0,0.0
2021-09-21,264.1,0.000902,0.0669
2021-09-22,263.8,0.01105,0.0573
2021-09-23,265.44,0.0,0.0091
2021-09-24,262.52,0.005582,0.0003
2021-09-25,260.79,0.013817,0.0685
2021-09-26,264.16,0.005291,0.0705
2021-09-27,261.48,0.012181,0.0565
2021-09-28,259.91,0.28463,0.0746
2021-09-29,260.97,0.012072,0.087
2021-09-30,262.55,0.0,0.0533
2021-10-01,262.55,0.0,0.0174
2021-10-02,262.3,0.0,0.0716
2021-10-03,257.16,0.0,0.0551
2021-10-04,263.23,0.000654,0.0837
2021-10-05,258.74,0.0,0.0564
2021-10-06,260.46,0.0,0.0
2021-10-07,259.6,0.0,0.0
2021-10-08,261.17,0.000925,0.0466
2021-10-09,259.95,0.0,0.0289
2021-10-10,261.89,0.0,0.0746
2021-10-11,259.46,0.0,0.1192
2021-10-12,260.15,0.0,0.0707
2021-10-13,259.48,0.0,0.0
2021-10-14,258.85,0.0,0.1263
2021-10-15,258.73,0.0,0.0786
2021-10-16,257.75,0.0,0.0
2021-10-17,257.62,0.0,0.0679
2021-10-18,258.22,0.000357,0.0194
2021-10-19,260.42,0.0,0.0023
2021-10-20,257.43,0.00483,0.0706
2021-10-21,256.76,0.001416,0.0552
2021-10-22,256.91,0.0,0.1239
2021-10-23,258.28,0.0,0.0575
2021-10-24,258.16,0.00083,0.0166
2021-10-25,258.78,0.00084,0.0
2021-10-26,255.29,0.0,0.0496
2021-10-27,255.52,0.0,0.0636
2021-10-28,256.73,0.0,0.0338
2021-10-29,255.54,0.0,0.0207
2021-10-30,255.57,0.0,0.0998
2021-10-31,254.53,0.001098,0.077
2021-11-01,256.19,0.0,0.3869
2021-11-02,255.55,0.0,0.3883
2021-11-03,255.14,0.0,0.3787
2021-11-04,254.27,0.000589,0.3908
2021-11-05,255.71,0.0,0.4061
2021-11-06,254.31,0.0,0.6144
2021-11-07,255.87,0.001448,0.3238
2021-11-08,257.63,0.0,0.4415
2021-11-09,256.64,0.0,0.4514
2021-11-10,254.47,0.0,0.62
2021-11-11,252.09,0.0,0.3161
2021-11-12,257.65,0.0,0.465
2021-11-13,254.23,0.0,0.5058
2021-11-14,253.53,0.0,0.3334
2021-11-15,255.37,0.0,0.3622
2021-11-16,254.16,0.0,0.4767
2021-11-17,251.83,0.000856,0.438
2021-11-18,254.89,0.0,0.6014
2021-11-19,253.63,0.0,0.5037
2021-11-20,254.35,0.0,0.4226
2021-11-21,251.77,0.0,0.4193
2021-11-22,252.82,0.0,0.3479
2021-11-23,252.01,0.0,0.6548
2021-11-24,252.61,0.0,0.3557
2021-11-25,252.18,0.0,0.5037
2021-11-26,254.17,0.0,0.5278
2021-11-27,250.23,0.0,0.352
2021-11-28,253.87,0.000769,0.4484
2021-11-29,253.7,0.0,0.5771
2021-11-30,250.6,0.0,0.4303
2021-12-01,252.44,0.0,0.3685
2021-12-02,254.24,0.0,0.5545
2021-12-03,255.02,0.0,0.4917
2021-12-04,251.51,0.0,0.4969
2021-12-05,253.05,0.0,0.4955
2021-12-06,252.32,0.0,0.6298
2021-12-07,253.14,0.0,0.4932
2021-12-08,251.7,0.0,0.2785
2021-12-09,250.83,7.3e-05,0.3436
2021-12-10,252.92,0.0,0.3194
2021-12-11,252.44,0.0,0.5333
2021-12-12,253.37,0.000484,0.546
2021-12-13,254.79,0.000307,0.4667
2021-12-14,250.5,0.001199,0.632
2021-12-15,252.51,0.0,0.4684
2021-12-16,251.72,0.0,0.3066
2021-12-17,251.04,0.0,0.4442
2021-12-18,250.95,0.0,0.4486
2021-12-19,253.34,0.00088,0.4307
2021-12-20,249.76,0.0,0.255
2021-12-21,253.05,0.000249,0.5991
2021-12-22,251.23,0.000819,0.4951
2021-12-23,253.97,0.0,0.6404
2021-12-24,253.27,0.0,0.4798
2021-12-25,251.53,0.000494,0.2878
2021-12-26,252.01,0.0,0.6884
2021-12-27,254.47,0.001711,0.3252
2021-12-28,252.64,0.000121,0.4387
2021-12-29,251.59,0.000213,0.413
2021-12-30,253.2,0.0,0.3665
2021-12-31,250.53,0.0,0.5371
2022-01-01,253.71,0.0,0.3156
2022-01-02,251.99,0.0,0.2064
2022-01-03,250.74,0.000306,0.3932
2022-01-04,252.95,0.0,0.5142
2022-01-05,251.06,0.000409,0.4799
2022-01-06,251.83,0.0,0.4345
2022-01-07,251.17,0.0,0.4499
2022-01-08,252.43,0.0,0.4273
2022-01-09,254.58,0.0,0.606
2022-01-10,252.2,0.0,0.391
2022-01-11,254.16,0.0,0.5256
2022-01-12,253.57,0.0,0.4632
2022-01-13,252.44,0.0,0.4797
2022-01-14,252.59,0.0,0.2299
2022-01-15,252.74,0.000682,0.577
2022-01-16,253.78,0.0,0.3517
2022-01-17,253.13,0.0,0.5712
2022-01-18,255.17,0.0,0.6111
2022-01-19,254.84,0.000377,0.3636
2022-01-20,256.57,0.00109,0.4331
2022-01-21,252.97,0.001628,0.2858
2022-01-22,251.27,0.0,0.5873
2022-01-23,255.33,0.0,0.4483
2022-01-24,256.87,0.000847,0.4369
2022-01-25,252.91,0.0,0.6241
2022-01-26,255.7,0.0,0.3604
2022-01-27,253.08,0.0,0.5877
2022-01-28,254.31,9.2e-05,0.7065
2022-01-29,255.7,0.0,0.4939
2022-01-30,255.58,0.0,0.4704
2022-01-31,255.64,0.0,0.3902
2022-02-01,256.68,0.0,0.4962
2022-02-02,253.99,0.000894,0.2918
2022-02-03,255.53,0.0,0.6334
2022-02-04,253.41,0.0,0.3227
2022-02-05,255.93,0.0,0.4415
2022-02-06,257.23,0.0,0.228
2022-02-07,257.57,0.0,0.5176
2022-02-08,254.61,0.000219,0.4715
2022-02-09,254.52,0.0,0.2172
2022-02-10,255.65,0.0,0.4691
2022-02-11,255.67,0.0,0.4104
2022-02-12,256.77,0.0,0.4381
2022-02-13,258.3,0.0,0.3802
2022-02-14,254.9,0.0,0.3442
2022-02-15,256.77,0.0,0.2581
2022-02-16,258.16,0.0,0.5225
2022-02-17,257.54,0.0,0.5071
2022-02-18,256.8,0.0,0.3953
2022-02-19,259.01,0.0,0.5632
2022-02-20,258.27,0.0,0.3125
2022-02-21,256.89,0.0,0.4904
2022-02-22,260.09,0.0,0.5258
2022-02-23,261.04,0.0,0.2976
2022-02-24,260.42,0.0,0.23
2022-02-25,260.23,0.0,0.1913
2022-02-26,259.7,0.0,0.5671
2022-02-27,259.21,0.000712,0.513
2022-02-28,259.77,0.000972,0.7298
2022-03-01,259.51,0.003099,0.4028
2022-03-02,261.25,0.0,0.4239
2022-03-03,259.67,0.0,0.4948
2022-03-04,260.82,0.0,0.37
2022-03-05,260.49,0.000501,0.4219
2022-03-06,259.27,0.000353,0.3744
2022-03-07,261.27,0.0,0.1575
2022-03-08,259.49,0.00073,0.451
2022-03-09,260.94,0.0,0.6477
2022-03-10,260.27,0.0,0.4516
2022-03-11,260.79,0.0,0.3035
2022-03-12,263.49,0.0,0.5296
2022-03-13,260.38,0.0,0.3781
2022-03-14,261.97,0.0,0.64
2022-03-15,262.26,0.001888,0.3528
2022-03-16,262.59,0.0,0.4785
2022-03-17,260.59,0.000626,0.3755
2022-03-18,263.57,0.0,0.2222
2022-03-19,263.96,0.0,0.236
2022-03-20,263.48,0.0,0.4341
2022-03-21,263.6,0.0,0.2913
2022-03-22,266.7,0.000396,0.624
2022-03-23,266.88,0.0,0.4717
2022-03-24,265.26,0.0,0.3806
2022-03-25,263.95,0.0,0.3986
2022-03-26,266.01,0.0,0.4157
2022-03-27,265.78,0.0,0.543
2022-03-28,266.89,0.0,0.3518
2022-03-29,266.67,0.0,0.4315
2022-03-30,265.17,0.0,0.3469
2022-03-31,267.72,0.0,0.3864
2022-04-01,267.42,0.000248,0.3114
2022-04-02,265.52,0.0,0.5377
2022-04-03,266.43,0.0,0.5258
2022-04-04,266.24,0.0,0.4478
2022-04-05,264.38,0.0,0.4867
2022-04-06,265.76,0.001978,0.2779
2022-04-07,267.24,0.0,0.4039
2022-04-08,270.19,0.0,0.3698
2022-04-09,266.02,0.0,0.4618
2022-04-10,266.6,0.0,0.2223
2022-04-11,267.63,0.0,0.6287
2022-04-12,266.84,0.0,0.3067
2022-04-13,269.97,0.0,0.527
2022-04-14,268.85,0.0,0.3964
2022-04-15,267.75,0.0,0.5084
2022-04-16,267.88,0.0,0.4569
2022-04-17,270.34,0.0,0.563
2022-04-18,270.09,0.0,0.5145
2022-04-19,270.16,0.0,0.4997
2022-04-20,267.45,0.0,0.388
2022-04-21,271.25,0.0,0.4564
2022-04-22,267.66,0.000439,0.6238
2022-04-23,270.77,0.0,0.4013
2022-04-24,271.16,0.0,0.4442
2022-04-25,272.17,0.00026,0.4173
2022-04-26,268.46,0.0,0.3801
2022-04-27,270.98,0.0,0.5729
2022-04-28,270.18,0.0,0.4851
2022-04-29,269.33,0.001954,0.6174
2022-04-30,272.65,0.000338,0.2147
2022-05-01,269.67,0.000769,0.0
2022-05-02,270.09,0.0,0.0613
2022-05-03,272.07,0.0,0.0436
2022-05-04,267.73,0.0,0.0493
2022-05-05,271.35,0.0,0.0218
2022-05-06,270.73,0.0,0.0205
2022-05-07,272.05,0.0,0.0584
2022-05-08,271.8,0.0,0.0694
2022-05-09,275.69,0.0,0.0775
2022-05-10,273.6,0.00096,0.0152
2022-05-11,275.59,0.0,0.0687
2022-05-12,272.03,0.000404,0.0654
2022-05-13,270.68,0.0,0.0276
2022-05-14,272.92,0.0,0.0591
2022-05-15,274.93,0.000462,0.1178
2022-05-16,275.1,0.0,0.1364
2022-05-17,274.55,0.0,0.0548
2022-05-18,274.03,0.0,0.0619
2022-05-19,273.72,0.0,0.004
2022-05-20,274.72,0.0,0.0
2022-05-21,276.09,0.0,0.0659
2022-05-22,274.09,0.0,0.066
2022-05-23,273.97,0.0,0.0045
2022-05-24,272.27,0.00055,0.0
2022-05-25,273.32,0.000898,0.0755
2022-05-26,275.84,0.0,0.0443
2022-05-27,275.85,0.0,0.0759
2022-05-28,274.31,0.0,0.0
2022-05-29,275.44,0.0,0.1228
2022-05-30,275.59,0.0,0.0698
2022-05-31,274.89,0.000344,0.079
2022-06-01,275.61,0.008356,0.0498
2022-06-02,273.93,0.012639,0.0817
2022-06-03,274.92,0.0,0.0129
2022-06-04,275.79,0.004277,0.0137
2022-06-05,275.87,0.0073,0.09
2022-06-06,274.92,0.007829,0.0999
2022-06-07,272.39,0.023643,0.0334
2022-06-08,274.0,0.0,0.0874
2022-06-09,277.49,0.0,0.0737
2022-06-10,276.47,0.0,0.0309
2022-06-11,277.98,0.012981,0.0913
2022-06-12,275.78,0.002524,0.0389
2022-06-13,276.01,0.016978,0.0
2022-06-14,275.93,0.007187,0.0618
2022-06-15,278.4,0.027076,0.1267
2022-06-16,275.09,0.014891,0.0498
2022-06-17,273.46,0.011249,0.0458
2022-06-18,274.42,0.008015,0.0046
2022-06-19,277.95,0.016519,0.0789
2022-06-20,276.17,0.001919,0.0013
2022-06-21,275.63,0.003577,0.0695
2022-06-22,277.0,0.016572,0.1065
2022-06-23,276.03,0.0,0.0364
2022-06-24,274.56,0.030287,0.0645
2022-06-25,277.12,0.0,0.0308
2022-06-26,276.38,0.007971,0.0051
2022-06-27,276.81,0.0,0.0
2022-06-28,274.52,0.008948,0.0
2022-06-29,276.35,0.0,0.0794
2022-06-30,275.02,0.0,0.0218
2022-07-01,276.41,0.0,0.0329
2022-07-02,276.28,0.018324,0.1033
2022-07-03,274.38,0.018375,0.0762
2022-07-04,276.98,0.007042,0.0559
2022-07-05,274.45,0.003802,0.0913
2022-07-06,271.74,0.0,0.0188
2022-07-07,276.62,0.012676,0.0723
2022-07-08,275.75,0.006684,0.0567
2022-07-09,275.13,0.0,0.0313
2022-07-10,273.73,0.000841,0.0
2022-07-11,275.01,0.027478,0.0268
2022-07-12,274.06,0.014368,0.0513
2022-07-13,275.76,0.0,0.0106
2022-07-14,273.79,0.027009,0.0972
2022-07-15,277.88,0.003789,0.0
2022-07-16,275.17,0.00178,0.0945
2022-07-17,274.21,0.005868,0.0669
2022-07-18,276.1,0.005506,0.0247
2022-07-19,274.98,0.01975,0.0456
2022-07-20,275.29,0.005764,0.0819
2022-07-21,274.36,0.023755,0.0
2022-07-22,276.16,0.016716,0.0658
2022-07-23,277.53,0.008754,0.099
2022-07-24,272.01,0.005155,0.0578
2022-07-25,274.54,0.0,0.0988
2022-07-26,275.81,0.0,0.0714
2022-07-27,272.33,0.002477,0.0759
2022-07-28,273.81,0.000602,0.0044
2022-07-29,275.18,0.043975,0.0835
2022-07-30,272.3,0.03594,0.0425
2022-07-31,275.02,0.026057,0.1207
2022-08-01,273.62,0.005675,0.0416
2022-08-02,273.75,0.219937,0.0384
2022-08-03,271.27,0.032922,0.0709
2022-08-04,271.44,0.013961,0.0223
2022-08-05,270.46,0.010986,0.0295
2022-08-06,275.31,0.100978,0.1019
2022-08-07,271.1,0.063617,0.0211
2022-08-08,272.87,0.006183,0.034
2022-08-09,273.14,0.072187,0.0426
2022-08-10,271.81,0.0,0.0929
2022-08-11,269.91,0.015105,0.0
2022-08-12,272.01,0.061205,0.0342
2022-08-13,271.39,0.006412,0.0
2022-08-14,269.33,0.100623,0.0475
2022-08-15,269.35,0.0,0.0307
2022-08-16,269.71,0.02452,0.0
2022-08-17,272.59,0.006463,0.0289
2022-08-18,268.86,0.0,0.0305
2022-08-19,271.96,0.009271,0.0367
2022-08-20,268.04,0.002955,0.0036
2022-08-21,270.59,0.017401,0.0119
2022-08-22,268.98,0.004353,0.0058
2022-08-23,267.36,0.0,0.0687
2022-08-24,268.87,0.0,0.0318
2022-08-25,266.71,0.017026,0.0556
2022-08-26,270.49,0.010803,0.0084
2022-08-27,269.99,0.007363,0.0999
2022-08-28,271.99,0.000924,0.1007
2022-08-29,270.77,0.020046,0.0041
2022-08-30,270.22,0.003611,0.0312
2022-08-31,268.3,0.009574,0.0089
2022-09-01,268.1,0.078228,0.0594
2022-09-02,268.52,0.0,0.0471
2022-09-03,266.38,0.006677,0.0108
2022-09-04,267.34,0.03209,0.1013
2022-09-05,267.24,0.025284,0.0987
2022-09-06,268.33,0.013202,0.0282
2022-09-07,266.79,0.014376,0.0289
2022-09-08,266.31,0.000415,0.0
2022-09-09,266.16,0.0,0.0231
2022-09-10,265.69,0.005358,0.0383
2022-09-11,267.25,0.032823,0.1185
2022-09-12,263.71,0.0,0.0166
2022-09-13,267.24,0.000747,0.0369
2022-09-14,264.68,0.010953,0.0222
2022-09-15,263.5,0.0,0.0788
2022-09-16,264.51,0.011831,0.0487
2022-09-17,264.49,0.000413,0.097
2022-09-18,263.5,0.014127,0.0665
2022-09-19,265.86,0.0,0.0871
2022-09-20,261.68,0.000355,0.1362
2022-09-21,266.05,0.064604,0.0137
2022-09-22,265.63,0.038922,0.0516
2022-09-23,262.04,0.002691,0.0061
2022-09-24,263.18,0.041833,0.0
2022-09-25,265.8,0.019373,0.047
2022-09-26,263.55,0.0,0.0027
2022-09-27,261.59,0.0,0.0715
2022-09-28,262.52,0.040731,0.0988
2022-09-29,262.57,0.065602,0.0893
2022-09-30,261.35,0.0,0.0284
2022-10-01,266.85,0.0,0.0791
2022-10-02,261.75,0.0,0.0686
2022-10-03,261.97,0.000825,0.0075
2022-10-04,262.04,0.0,0.0488
2022-10-05,262.88,0.001206,0.0718
2022-10-06,259.72,0.0,0.0484
2022-10-07,260.7,0.0,0.0218
2022-10-08,262.05,0.0,0.0506
2022-10-09,263.18,0.0,0.0539
2022-10-10,258.31,0.0,0.0528
2022-10-11,258.35,0.000343,0.0534
2022-10-12,256.42,0.0,0.0757
2022-10-13,259.44,0.001146,0.0471
2022-10-14,258.1,0.0,0.0871
2022-10-15,260.97,0.000139,0.0724
2022-10-16,257.53,0.0,0.0
2022-10-17,259.03,0.0,0.0676
2022-10-18,260.59,0.0,0.0287
2022-10-19,258.5,0.0,0.0591
2022-10-20,258.79,0.0,0.0561
2022-10-21,257.74,0.0,0.0223
2022-10-22,259.73,0.0,0.0588
2022-10-23,258.98,0.0,0.0
2022-10-24,255.32,0.00035,0.0449
2022-10-25,255.91,0.0,0.0123
2022-10-26,256.49,0.0,0.0437
2022-10-27,255.03,0.0,0.0566
2022-10-28,255.25,0.0,0.061
2022-10-29,254.94,0.000682,0.1139
2022-10-30,255.26,0.0,0.003
2022-10-31,255.25,0.000477,0.0135
2022-11-01,254.85,0.0,0.5874
2022-11-02,255.57,0.0,0.4716
2022-11-03,254.16,0.0,0.5401
2022-11-04,256.65,0.0,0.5747
2022-11-05,254.49,0.000317,0.6138
2022-11-06,255.02,0.0,0.3379
2022-11-07,253.4,0.0,0.3453
2022-11-08,254.18,0.0,0.1992
2022-11-09,253.6,0.0,0.1998
2022-11-10,256.9,0.0,0.4494
2022-11-11,256.07,0.0,0.3627
2022-11-12,258.21,0.0,0.4531
2022-11-13,255.05,0.0,0.5015
2022-11-14,253.46,0.0,0.4307
2022-11-15,254.27,0.0,0.2639
2022-11-16,253.25,0.0,0.4934
2022-11-17,255.64,0.001004,0.5078
2022-11-18,253.21,0.000745,0.5264
2022-11-19,254.08,0.0,0.5492
2022-11-20,254.22,0.000857,0.3452
2022-11-21,253.62,0.0,0.4328
2022-11-22,251.97,0.0,0.567
2022-11-23,254.69,0.001251,0.3674
2022-11-24,253.96,0.0,0.4527
2022-11-25,255.26,0.0,0.1644
2022-11-26,251.64,0.0,0.613
2022-11-27,250.81,0.001413,0.484
2022-11-28,252.51,0.0,0.4577
2022-11-29,253.65,0.0,0.3362
2022-11-30,254.29,0.0,0.2685
2022-12-01,255.06,0.0,0.5532
2022-12-02,252.86,0.0,0.4201
2022-12-03,250.79,0.0,0.5891
2022-12-04,252.27,0.0,0.4616
2022-12-05,251.88,0.0,0.4837
2022-12-06,254.19,0.0,0.3156
2022-12-07,254.9,0.000977,0.3773
2022-12-08,253.18,0.0,0.2932
2022-12-09,251.53,0.00166,0.5986
2022-12-10,251.26,0.0,0.4737
2022-12-11,252.67,0.0,0.5304
2022-12-12,252.84,0.000644,0.5619
2022-12-13,253.53,0.000246,0.4497
2022-12-14,251.65,0.0,0.4369
2022-12-15,251.61,0.0,0.3391
2022-12-16,252.89,0.0,0.2922
2022-12-17,251.89,0.001747,0.5704
2022-12-18,252.48,0.001949,0.5395
2022-12-19,251.09,0.0,0.521
2022-12-20,252.25,0.0,0.3868
2022-12-21,252.59,0.0,0.4927
2022-12-22,252.5,0.0,0.562
2022-12-23,252.5,0.0,0.6629
2022-12-24,251.58,0.0,0.6889
2022-12-25,250.27,0.0,0.3164
2022-12-26,250.72,0.0,0.3558
2022-12-27,252.69,0.0,0.2887
2022-12-28,253.43,0.0,0.5008
2022-12-29,253.59,0.0,0.5035
2022-12-30,253.54,0.0,0.3529
2022-12-31,251.88,0.001144,0.4889
2023-01-01,252.91,0.0,0.3116
2023-01-02,252.17,0.0,0.4566
2023-01-03,252.82,0.0,0.258
2023-01-04,253.35,0.0,0.6239
2023-01-05,251.75,0.0,0.2807
2023-01-06,250.43,0.0,0.4897
2023-01-07,252.54,0.0,0.3939
2023-01-08,250.38,0.0,0.3529
2023-01-09,253.53,0.0,0.3525
2023-01-10,252.84,0.0,0.4471
2023-01-11,253.8,0.000717,0.3987
2023-01-12,254.86,0.0,0.3889
2023-01-13,253.12,0.0,0.3134
2023-01-14,252.53,0.0,0.2328
2023-01-15,254.18,0.0,0.4667
2023-01-16,253.55,0.0,0.4242
2023-01-17,253.56,0.0,0.6116
2023-01-18,251.3,0.0,0.5458
2023-01-19,251.44,0.0,0.457
2023-01-20,250.74,0.001239,0.459
2023-01-21,253.95,0.0,0.5303
2023-01-22,252.9,0.0,0.5127
2023-01-23,251.93,0.0,0.5466
2023-01-24,253.98,0.0,0.5444
2023-01-25,252.28,0.0,0.406
2023-01-26,252.85,0.0,0.5563
2023-01-27,253.63,0.0,0.374
2023-01-28,253.21,0.0,0.5344
2023-01-29,256.84,0.0,0.4817
2023-01-30,252.98,0.000287,0.3573
2023-01-31,250.86,0.0,0.3882
2023-02-01,254.25,0.0,0.5211
2023-02-02,255.32,0.0,0.5127
2023-02-03,252.31,0.0,0.4965
2023-02-04,255.56,0.000781,0.3728
2023-02-05,256.45,0.0,0.5059
2023-02-06,256.92,0.000442,0.379
2023-02-07,255.08,0.0,0.6337
2023-02-08,253.38,0.0,0.5575
2023-02-09,256.82,0.0,0.3831
2023-02-10,256.53,0.00128,0.3678
2023-02-11,257.52,0.001028,0.7173
2023-02-12,255.54,0.0,0.3813
2023-02-13,256.06,0.0,0.5643
2023-02-14,258.04,0.0,0.3965
2023-02-15,257.09,0.002785,0.3992
2023-02-16,256.35,0.0,0.5209
2023-02-17,257.02,0.0,0.2002
2023-02-18,256.33,0.000327,0.5604
2023-02-19,258.96,0.0,0.3913
2023-02-20,259.56,0.0,0.3891
2023-02-21,257.8,0.0,0.4817
2023-02-22,256.36,0.0,0.4552
2023-02-23,258.96,0.0,0.3772
2023-02-24,259.65,0.0,0.3948
2023-02-25,258.05,0.0,0.505
2023-02-26,258.91,0.00029,0.4173
2023-02-27,257.92,0.00073,0.3703
2023-02-28,260.03,0.001645,0.2952
2023-03-01,259.57,0.0,0.4761
2023-03-02,262.41,0.0,0.5541
2023-03-03,259.04,0.0,0.5922
2023-03-04,258.51,0.0,0.1963
2023-03-05,260.58,0.0,0.6629
2023-03-06,261.66,0.0,0.4179
2023-03-07,259.35,0.0,0.4369
2023-03-08,261.36,0.0,0.3182
2023-03-09,262.4,0.0,0.4572
2023-03-10,260.76,0.0,0.4698
2023-03-11,263.47,0.0,0.349
2023-03-12,261.11,0.0,0.3556
2023-03-13,262.85,0.0,0.3899
2023-03-14,263.07,0.000518,0.3613
2023-03-15,262.73,0.0,0.4728
2023-03-16,261.67,0.0,0.1341
2023-03-17,263.09,0.000301,0.3759
2023-03-18,265.3,0.0,0.2681
2023-03-19,264.94,0.0,0.3434
2023-03-20,264.5,0.00123,0.3203
2023-03-21,264.94,0.0,0.5778
2023-03-22,265.88,0.0,0.411
2023-03-23,263.37,0.0,0.2947
2023-03-24,266.62,0.000189,0.602
2023-03-25,265.06,0.0,0.5314
2023-03-26,264.76,0.0,0.6335
2023-03-27,267.44,0.000515,0.2661
2023-03-28,267.69,0.0,0.3588
2023-03-29,267.28,0.0,0.4093
2023-03-30,265.3,0.0,0.443
2023-03-31,267.55,0.0,0.2828
2023-04-01,264.65,0.000549,0.5173
2023-04-02,266.15,0.002246,0.3442
2023-04-03,265.92,0.0,0.4307
2023-04-04,265.96,0.0,0.498
2023-04-05,270.41,0.0,0.4443
2023-04-06,265.8,0.0,0.6375
2023-04-07,266.97,0.0,0.3755
2023-04-08,269.45,0.0,0.5017
2023-04-09,265.53,0.0,0.3855
2023-04-10,266.93,0.0,0.4102
2023-04-11,268.3,0.0,0.5268
2023-04-12,269.99,0.0,0.5734
2023-04-13,268.64,0.0,0.3281
2023-04-14,267.48,0.000382,0.6751
2023-04-15,268.52,0.0,0.4983
2023-04-16,269.32,0.0,0.561
2023-04-17,270.91,0.0,0.5449
2023-04-18,269.61,0.000685,0.5344
2023-04-19,270.01,0.000484,0.3383
2023-04-20,269.75,0.0,0.3337
2023-04-21,268.88,0.0,0.6746
2023-04-22,271.25,0.000522,0.4689
2023-04-23,270.66,0.0,0.5032
2023-04-24,270.06,0.0,0.3035
2023-04-25,272.37,0.0,0.3798
2023-04-26,271.53,0.0,0.4872
2023-04-27,272.54,0.0,0.4005
2023-04-28,270.8,0.0,0.5718
2023-04-29,273.4,0.0,0.5724
2023-04-30,272.79,0.002103,0.4429
2023-05-01,272.87,0.0,0.0651
2023-05-02,271.45,0.0,0.0922
2023-05-03,272.51,0.0,0.0345
2023-05-04,272.79,0.0,0.1019
2023-05-05,270.05,0.0,0.1308
2023-05-06,273.85,0.0,0.0
2023-05-07,272.72,0.00073,0.0
2023-05-08,273.16,0.0,0.0233
2023-05-09,273.36,0.0,0.0912
2023-05-10,271.36,0.0,0.0162
2023-05-11,272.3,0.0,0.061
2023-05-12,273.74,0.0,0.0818
2023-05-13,272.24,0.001102,0.0709
2023-05-14,271.31,0.0,0.0497
2023-05-15,272.64,0.0,0.0
2023-05-16,273.31,0.0,0.0628
2023-05-17,275.75,0.0,0.0837
2023-05-18,274.41,0.0,0.0608
2023-05-19,275.03,0.0,0.0474
2023-05-20,274.52,0.0,0.0502
2023-05-21,273.48,0.0,0.0006
2023-05-22,273.67,0.002059,0.0911
2023-05-23,275.37,0.00064,0.1022
2023-05-24,274.98,0.0,0.0541
2023-05-25,272.54,0.0,0.161
2023-05-26,274.51,0.000644,0.0712
2023-05-27,273.67,0.0,0.0678
2023-05-28,274.72,0.001543,0.0
2023-05-29,272.66,0.0,0.0182
2023-05-30,274.67,0.00103,0.0773
2023-05-31,276.4,0.0,0.0089
2023-06-01,274.88,0.010168,0.0108
2023-06-02,275.5,0.000667,0.0662
2023-06-03,276.85,0.0,0.0
2023-06-04,275.94,0.0,0.1144
2023-06-05,275.51,0.0,0.0609
2023-06-06,275.97,0.007062,0.0727
2023-06-07,275.65,0.006744,0.0476
2023-06-08,276.1,0.004421,0.0911
2023-06-09,276.29,0.021665,0.0553
2023-06-10,274.76,0.011473,0.0433
2023-06-11,274.71,0.0,0.0257
2023-06-12,278.38,0.002391,0.0
2023-06-13,276.54,0.003818,0.0279
2023-06-14,276.67,0.025371,0.1132
2023-06-15,276.14,0.000684,0.0
2023-06-16,275.43,0.000369,0.0414
2023-06-17,275.38,0.005157,0.0686
2023-06-18,277.55,0.0,0.0921
2023-06-19,274.8,0.00655,0.0517
2023-06-20,276.71,0.02568,0.0994
2023-06-21,273.99,5.7e-05,0.0737
2023-06-22,275.27,0.020335,0.0
2023-06-23,275.47,0.058281,0.0364
2023-06-24,276.25,0.019053,0.0872
2023-06-25,277.85,0.015657,0.0173
2023-06-26,279.11,0.002991,0.0789
2023-06-27,276.83,0.075585,0.1044
2023-06-28,273.12,0.007838,0.0305
2023-06-29,275.88,0.00669,0.009
2023-06-30,277.65,0.0,0.0165
2023-07-01,275.86,0.000532,0.1291
2023-07-02,272.73,0.000445,0.0019
2023-07-03,274.31,0.011047,0.0931
2023-07-04,276.31,0.005582,0.0631
2023-07-05,274.05,0.013104,0.0812
2023-07-06,275.0,0.013365,0.1074
2023-07-07,277.45,0.060167,0.0164
2023-07-08,275.18,0.000533,0.0834
2023-07-09,274.92,0.0,0.0687
2023-07-10,275.35,0.003743,0.0804
2023-07-11,278.3,0.065798,0.0758
2023-07-12,274.57,0.008887,0.0218
2023-07-13,275.66,0.008212,0.065
2023-07-14,274.42,0.02875,0.0
2023-07-15,275.55,0.000435,0.0514
2023-07-16,275.07,0.0,0.0268
2023-07-17,272.78,0.005405,0.046
2023-07-18,275.48,0.002569,0.0568
2023-07-19,273.3,0.0,0.0161
2023-07-20,275.19,0.0,0.0323
2023-07-21,275.15,0.00657,0.0024
2023-07-22,274.12,0.0,0.0319
2023-07-23,277.18,0.0,0.0715
2023-07-24,272.29,0.000558,0.0652
2023-07-25,275.16,0.005843,0.0128
2023-07-26,274.6,0.022993,0.0566
2023-07-27,274.15,0.036885,0.0423
2023-07-28,273.46,0.0,0.0863
2023-07-29,274.02,0.0,0.1025
2023-07-30,273.64,0.00493,0.0662
2023-07-31,273.1,0.0,0.0
2023-08-01,273.42,0.0,0.0694
2023-08-02,273.89,0.0,0.0976
2023-08-03,275.33,0.0,0.0
2023-08-04,273.3,0.0,0.0221
2023-08-05,272.5,0.0,0.0116
2023-08-06,271.19,0.002647,0.1227
2023-08-07,274.68,0.056302,0.0
2023-08-08,271.42,0.044635,0.0483
2023-08-09,273.48,0.028374,0.0239
2023-08-10,269.98,0.027862,0.0176
2023-08-11,270.56,0.056273,0.0938
2023-08-12,271.26,0.000545,0.0
2023-08-13,271.45,0.025299,0.1012
2023-08-14,268.61,0.023207,0.0406
2023-08-15,268.13,0.0,0.0567
2023-08-16,272.99,0.0,0.0982
2023-08-17,271.02,0.009485,0.0815
2023-08-18,271.1,0.048024,0.0903
2023-08-19,270.04,0.0,0.0
2023-08-20,269.41,0.0,0.1109
2023-08-21,268.73,0.006928,0.087
2023-08-22,270.91,0.016039,0.0988
2023-08-23,267.42,0.011717,0.0864
2023-08-24,270.44,0.0,0.0447
2023-08-25,267.02,0.008366,0.1425
2023-08-26,270.48,0.0,0.0286
2023-08-27,266.86,0.0,0.0161
2023-08-28,269.47,0.0,0.0
2023-08-29,268.77,0.0,0.0071
2023-08-30,266.23,0.059623,0.0584
2023-08-31,266.9,0.005657,0.0023
2023-09-01,270.19,0.008762,0.0313
2023-09-02,267.32,0.0,0.08
2023-09-03,266.59,0.0,0.0955
2023-09-04,268.66,0.025222,0.0069
2023-09-05,265.95,0.005628,0.0594
2023-09-06,265.23,0.0,0.0
2023-09-07,266.13,0.006461,0.1137
2023-09-08,267.2,0.024677,0.062
2023-09-09,263.57,0.01414,0.0
2023-09-10,266.21,0.0,0.0792
2023-09-11,267.88,0.000674,0.1172
2023-09-12,266.21,0.008876,0.0841
2023-09-13,264.19,0.022071,0.055
2023-09-14,268.19,0.0,0.0453
2023-09-15,267.8,0.034584,0.1114
2023-09-16,267.83,0.055678,0.0723
2023-09-17,264.21,0.020858,0.0508
2023-09-18,262.54,0.003087,0.0948
2023-09-19,263.24,0.063591,0.1205
2023-09-20,264.15,0.006325,0.0816
2023-09-21,263.79,0.009422,0.0724
2023-09-22,260.93,0.013078,0.0
2023-09-23,265.5,0.0,0.0829
2023-09-24,261.92,0.0,0.0635
2023-09-25,260.86,0.005716,0.0776
2023-09-26,261.06,0.0,0.0
2023-09-27,261.5,0.0,0.0313
2023-09-28,261.1,0.0,0.0466
2023-09-29,263.52,0.007652,0.1365
2023-09-30,261.6,0.0,0.0631
2023-10-01,261.37,0.0,0.0
2023-10-02,261.35,0.0,0.0825
2023-10-03,263.74,0.0,0.0615
2023-10-04,260.75,0.0,0.0376
2023-10-05,260.28,0.001625,0.0688
2023-10-06,259.31,0.0,0.0477
2023-10-07,261.1,0.0,0.1015
2023-10-08,260.17,0.0,0.0783
2023-10-09,260.97,0.0,0.0464
2023-10-10,261.89,0.000191,0.0
2023-10-11,261.39,0.0,0.0
2023-10-12,260.98,0.0,0.0262
2023-10-13,258.96,0.0,0.1005
2023-10-14,260.86,0.00194,0.018
2023-10-15,257.42,0.0,0.0406
2023-10-16,258.96,0.0,0.0603
2023-10-17,259.88,0.0,0.0047
2023-10-18,258.89,0.0,0.0594
2023-10-19,258.45,0.0,0.1314
2023-10-20,258.88,0.0,0.0625
2023-10-21,256.51,0.0,0.0932
2023-10-22,258.46,0.0,0.082
2023-10-23,260.31,0.0,0.0698
2023-10-24,261.0,0.0,0.1037
2023-10-25,257.92,0.0,0.122
2023-10-26,256.53,0.0,0.0285
2023-10-27,256.79,0.0,0.0505
2023-10-28,258.2,0.0,0.0292
2023-10-29,257.37,0.0,0.0645
2023-10-30,258.38,0.0,0.0376
2023-10-31,256.2,0.0,0.1262
2023-11-01,256.49,0.0,0.5224
2023-11-02,253.35,0.0,0.3848
2023-11-03,255.5,0.0,0.5002
2023-11-04,254.08,0.0,0.2179
2023-11-05,255.9,0.0,0.4731
2023-11-06,255.44,0.0,0.3889
2023-11-07,254.18,0.00067,0.5727
2023-11-08,256.55,0.0,0.357
2023-11-09,253.87,0.0,0.3172
2023-11-10,255.29,0.0,0.5609
2023-11-11,254.76,0.0,0.5724
2023-11-12,256.16,0.0,0.4846
2023-11-13,254.31,0.0,0.4521
2023-11-14,254.96,0.0,0.6912
2023-11-15,253.66,0.000201,0.5247
2023-11-16,255.72,0.0,0.5661
2023-11-17,255.48,0.0,0.4979
2023-11-18,255.54,0.0,0.4572
2023-11-19,255.53,0.0,0.5739
2023-11-20,252.16,0.0,0.4367
2023-11-21,253.28,0.0,0.709
2023-11-22,253.72,0.0,0.642
2023-11-23,253.89,0.0,0.5671
2023-11-24,251.2,0.0,0.4425
2023-11-25,253.3,0.0,0.5538
2023-11-26,253.01,0.0,0.3632
2023-11-27,254.69,0.000886,0.3803
2023-11-28,250.8,0.0,0.4219
2023-11-29,252.57,0.000287,0.3294
2023-11-30,253.08,0.0,0.5721
2023-12-01,251.09,0.0,0.6035
2023-12-02,253.63,0.0,0.5646
2023-12-03,251.36,0.000273,0.3789
2023-12-04,251.55,0.0,0.6029
2023-12-05,253.53,0.0,0.3233
2023-12-06,252.16,0.0,0.4853
2023-12-07,253.04,0.003779,0.6592
2023-12-08,250.57,0.000301,0.4213
2023-12-09,254.16,0.0,0.4196
2023-12-10,253.73,0.000357,0.4719
2023-12-11,250.22,0.0,0.2733
2023-12-12,250.58,0.0,0.2548
2023-12-13,252.73,0.0,0.4589
2023-12-14,252.86,0.0,0.5506
2023-12-15,252.05,0.0,0.3284
2023-12-16,252.72,0.0,0.6864
2023-12-17,254.04,0.000579,0.4738
2023-12-18,250.61,0.0,0.415
2023-12-19,252.99,0.000733,0.1655
2023-12-20,254.1,0.0,0.6557
2023-12-21,251.04,0.000629,0.3541
2023-12-22,250.38,0.0,0.4605
2023-12-23,250.36,0.0,0.4269
2023-12-24,252.52,0.0,0.6626
2023-12-25,251.14,0.0,0.5284
2023-12-26,249.92,0.0,0.5233
2023-12-27,252.06,0.0,0.4505
2023-12-28,252.62,0.0,0.5942
2023-12-29,251.11,0.0,0.4423
2023-12-30,252.24,0.0,0.6009
2023-12-31,251.03,0.0,0.3706
2024-01-01,253.5,0.0,0.3615
2024-01-02,252.36,0.0,0.4063
2024-01-03,254.88,0.00055,0.5094
2024-01-04,252.84,0.0,0.3501
2024-01-05,253.07,0.001388,0.3931
2024-01-06,252.45,0.0,0.4193
2024-01-07,254.51,0.0,0.5669
2024-01-08,252.85,0.0,0.3959
2024-01-09,253.31,6.6e-05,0.564
2024-01-10,253.16,0.000161,0.2674
2024-01-11,250.25,0.0,0.5763
2024-01-12,255.43,0.000622,0.4322
2024-01-13,253.15,0.0,0.4312
2024-01-14,250.8,0.0,0.3275
2024-01-15,254.44,0.0,0.3818
2024-01-16,253.31,0.0,0.6231
2024-01-17,252.93,0.0,0.6969
2024-01-18,254.37,0.0,0.5634
2024-01-19,252.68,0.0,0.292
2024-01-20,253.15,0.000236,0.477
2024-01-21,254.95,0.0,0.3831
2024-01-22,252.75,0.0,0.699
2024-01-23,254.86,0.0,0.3984
2024-01-24,257.21,0.0,0.4692
2024-01-25,256.41,0.0,0.614
2024-01-26,251.71,0.0,0.4761
2024-01-27,254.33,0.0,0.3966
2024-01-28,254.52,0.0,0.3831
2024-01-29,254.21,0.0,0.4765
2024-01-30,254.61,0.0,0.5272
2024-01-31,253.82,0.0,0.4236
2024-02-01,252.49,0.0,0.4567
2024-02-02,254.45,0.0,0.2969
2024-02-03,253.2,0.001015,0.36
2024-02-04,254.44,0.000489,0.2532
2024-02-05,256.2,0.0,0.6253
2024-02-06,257.21,0.0,0.4149
2024-02-07,258.59,0.0,0.3912
2024-02-08,257.29,0.000791,0.3248
2024-02-09,255.25,0.0,0.3635
2024-02-10,256.44,0.0,0.4272
2024-02-11,258.81,0.001381,0.2938
2024-02-12,256.96,0.0,0.235
2024-02-13,258.32,0.0,0.5445
2024-02-14,258.5,0.0,0.4551
2024-02-15,252.6,0.0,0.5212
2024-02-16,255.9,0.0,0.3856
2024-02-17,257.1,0.0,0.4166
2024-02-18,255.78,0.000422,0.3964
2024-02-19,256.05,0.0,0.651
2024-02-20,258.42,0.0,0.2505
2024-02-21,257.72,0.0,0.3361
2024-02-22,257.23,0.0,0.438
2024-02-23,262.32,0.0,0.2673
2024-02-24,261.32,0.0,0.4928
2024-02-25,260.92,0.0,0.6227
2024-02-26,261.43,0.0,0.3981
2024-02-27,259.05,0.0,0.3927
2024-02-28,258.46,0.001538,0.4269
2024-02-29,261.38,0.000124,0.4798
2024-03-01,261.61,0.000414,0.3333
2024-03-02,259.45,0.0,0.6001
2024-03-03,259.44,0.0,0.5419
2024-03-04,261.68,0.0,0.2416
2024-03-05,259.93,0.000594,0.3419
2024-03-06,263.85,0.0,0.6516
2024-03-07,262.96,0.0,0.3628
2024-03-08,262.84,0.000396,0.4514
2024-03-09,263.94,0.000859,0.4307
2024-03-10,262.18,0.0,0.4008
2024-03-11,263.14,0.0,0.424
2024-03-12,263.1,0.0,0.3095
2024-03-13,265.2,0.0,0.3483
2024-03-14,264.43,0.001623,0.4959
2024-03-15,265.15,0.0,0.6023
2024-03-16,266.07,0.000658,0.5091
2024-03-17,263.33,0.0,0.5022
2024-03-18,262.24,0.0,0.4967
2024-03-19,264.13,0.0,0.4457
2024-03-20,263.56,0.0,0.6985
2024-03-21,266.86,0.0,0.5754
2024-03-22,264.1,0.0,0.392
2024-03-23,264.26,0.0,0.5158
2024-03-24,266.28,0.001405,0.6331
2024-03-25,264.18,0.0,0.4543
2024-03-26,263.4,0.0,0.4317
2024-03-27,265.53,0.0,0.5704
2024-03-28,266.76,0.0,0.2943
2024-03-29,266.34,0.0,0.5808
2024-03-30,267.27,0.0,0.5235
2024-03-31,265.37,0.0,0.2402
2024-04-01,264.2,0.0,0.5337
2024-04-02,269.84,0.0,0.6819
2024-04-03,268.07,0.0,0.8657
2024-04-04,269.1,0.0,0.2933
2024-04-05,265.97,0.0,0.4063
2024-04-06,268.83,0.0,0.4832
2024-04-07,267.48,0.000909,0.4582
2024-04-08,267.3,0.0,0.5152
2024-04-09,265.65,0.000481,0.7153
2024-04-10,268.53,0.0,0.5098
2024-04-11,269.3,0.0,0.4226
2024-04-12,267.67,0.0,0.5138
2024-04-13,268.8,0.0,0.4453
2024-04-14,268.11,0.0,0.6635
2024-04-15,269.27,0.0,0.4049
2024-04-16,268.42,0.0,0.486
2024-04-17,268.08,0.000421,0.6374
2024-04-18,270.33,0.0,0.4695
2024-04-19,271.24,0.0,0.6532
2024-04-20,268.34,0.001278,0.576
2024-04-21,269.45,0.0,0.4053
2024-04-22,270.24,0.0,0.7005
2024-04-23,268.05,0.0,0.4451
2024-04-24,269.87,0.0,0.3409
2024-04-25,270.69,0.0,0.4549
2024-04-26,267.68,0.0,0.4683
2024-04-27,270.16,0.0,0.5128
2024-04-28,271.53,0.0,0.1902
2024-04-29,270.62,0.0,0.3819
2024-04-30,273.35,0.0,0.2529
2024-05-01,271.78,0.0,0.0115
2024-05-02,270.04,0.0,0.0559
2024-05-03,272.69,0.0,0.0645
2024-05-04,270.73,0.0,0.0644
2024-05-05,272.9,0.0,0.0866
2024-05-06,274.58,0.0,0.0376
2024-05-07,272.82,0.0,0.0737
2024-05-08,275.09,0.0,0.011
2024-05-09,272.7,0.000492,0.1094
2024-05-10,271.82,0.000263,0.0
2024-05-11,272.0,0.0,0.0
2024-05-12,271.69,0.0,0.0594
2024-05-13,274.81,0.0,0.0032
2024-05-14,273.86,0.0,0.078
2024-05-15,274.21,0.001219,0.0578
2024-05-16,273.0,0.0,0.0267
2024-05-17,272.43,0.0,0.0118
2024-05-18,273.82,0.0,0.041
2024-05-19,273.8,0.0,0.0703
2024-05-20,274.81,0.0,0.039
2024-05-21,272.26,0.001763,0.0397
2024-05-22,276.68,0.001039,0.0394
2024-05-23,274.81,0.0,0.0
2024-05-24,274.15,0.0,0.0
2024-05-25,276.56,0.0,0.0327
2024-05-26,274.04,0.0,0.0855
2024-05-27,276.32,0.0,0.0629
2024-05-28,275.12,0.0,0.083
2024-05-29,275.33,0.0,0.0306
2024-05-30,277.38,0.001758,0.113
2024-05-31,275.94,0.000732,0.0369
2024-06-01,275.0,0.014543,0.0961
2024-06-02,277.32,0.007177,0.0241
2024-06-03,273.33,0.022971,0.032
2024-06-04,276.27,0.003104,0.0127
2024-06-05,274.42,0.0,0.0691
2024-06-06,275.54,0.000711,0.0909
2024-06-07,276.67,0.0,0.1066
2024-06-08,276.44,0.006136,0.0312
2024-06-09,275.67,0.02083,0.0085
2024-06-10,276.14,0.0,0.0135
2024-06-11,276.16,0.004094,0.0733
2024-06-12,278.29,0.0,0.0
2024-06-13,274.48,0.011954,0.1221
2024-06-14,276.15,0.010672,0.0099
2024-06-15,274.61,0.0,0.103
2024-06-16,274.49,0.004451,0.0335
2024-06-17,278.03,0.009762,0.041
2024-06-18,275.45,0.003227,0.0194
2024-06-19,275.39,0.00876,0.0083
2024-06-20,275.89,0.003599,0.0721
2024-06-21,276.17,0.015358,0.0058
2024-06-22,274.36,0.010056,0.0627
2024-06-23,276.53,0.0,0.0642
2024-06-24,274.19,0.00482,0.0101
2024-06-25,274.38,0.01393,0.1031
2024-06-26,276.42,0.0,0.0824
2024-06-27,277.41,0.006475,0.0815
2024-06-28,276.85,0.038444,0.0321
2024-06-29,275.23,0.020229,0.1085
2024-06-30,276.15,0.000619,0.0292
2024-07-01,276.51,0.0,0.1036
2024-07-02,277.29,0.007131,0.1325
2024-07-03,273.97,0.006208,0.0292
2024-07-04,274.33,0.0,0.0696
2024-07-05,275.91,0.106603,0.0481
2024-07-06,277.29,0.0122,0.0689
2024-07-07,273.98,0.010372,0.0808
2024-07-08,276.02,0.0,0.0414
2024-07-09,275.99,0.004562,0.0579
2024-07-10,274.85,0.030386,0.1221
2024-07-11,276.37,0.0,0.0808
2024-07-12,274.36,0.0,0.0
2024-07-13,273.97,0.000501,0.0867
2024-07-14,278.74,0.004833,0.0201
2024-07-15,273.35,0.022435,0.0781
2024-07-16,275.72,0.044059,0.0141
2024-07-17,272.76,0.0,0.0477
2024-07-18,275.89,0.0,0.0547
2024-07-19,273.4,0.020844,0.0895
2024-07-20,274.47,0.008531,0.0916
2024-07-21,277.24,0.000556,0.0844
2024-07-22,277.23,0.0,0.0258
2024-07-23,274.62,0.0,0.0666
2024-07-24,275.72,0.009259,0.0257
2024-07-25,273.57,0.01689,0.0875
2024-07-26,273.37,0.000343,0.0978
2024-07-27,273.06,0.0,0.0884
2024-07-28,277.66,0.029284,0.0037
2024-07-29,273.86,0.015362,0.0185
2024-07-30,272.41,0.008555,0.0023
2024-07-31,273.16,0.012464,0.0584
2024-08-01,271.89,0.010936,0.0261
2024-08-02,272.7,0.025819,0.0222
2024-08-03,272.58,0.008708,0.0617
2024-08-04,271.65,0.020642,0.0015
2024-08-05,271.92,0.0,0.0618
2024-08-06,272.36,0.003862,0.0
2024-08-07,271.65,0.02043,0.0812
2024-08-08,272.87,0.012579,0.0667
2024-08-09,271.79,0.0,0.0212
2024-08-10,273.46,0.034829,0.0574
2024-08-11,274.77,0.051744,0.0237
2024-08-12,271.0,0.0,0.0264
2024-08-13,270.9,0.018844,0.1401
2024-08-14,268.66,0.025674,0.0356
2024-08-15,273.52,0.043262,0.0763
2024-08-16,271.85,0.000293,0.0255
2024-08-17,272.93,0.022393,0.0288
2024-08-18,271.32,0.0,0.0
2024-08-19,272.19,0.0,0.0117
2024-08-20,270.75,0.006328,0.0552
2024-08-21,268.1,0.057113,0.053
2024-08-22,267.22,0.012447,0.0279
2024-08-23,270.57,0.005952,0.0
2024-08-24,270.98,0.044847,0.0
2024-08-25,267.91,0.009779,0.0332
2024-08-26,271.47,0.0,0.0682
2024-08-27,269.63,0.107091,0.031
2024-08-28,269.07,0.000926,0.0285
2024-08-29,268.74,0.05896,0.0
2024-08-30,269.1,0.009592,0.0616
2024-08-31,266.05,0.0,0.1084
2024-09-01,268.09,0.017849,0.0825
2024-09-02,267.71,0.0,0.0022
2024-09-03,269.45,0.015915,0.0916
2024-09-04,268.06,0.070548,0.0847
2024-09-05,268.82,0.004045,0.0
2024-09-06,264.33,0.002177,0.0
2024-09-07,267.37,0.002355,0.0
2024-09-08,267.72,0.04465,0.0631
2024-09-09,266.46,0.013006,0.1179
2024-09-10,262.38,0.010534,0.0575
2024-09-11,263.9,0.019562,0.0065
2024-09-12,264.59,0.005365,0.019
2024-09-13,266.43,0.012923,0.0822
2024-09-14,262.57,0.00628,0.1213
2024-09-15,262.8,0.000317,0.0161
2024-09-16,264.69,0.017305,0.0825
2024-09-17,264.65,0.005991,0.0339
2024-09-18,264.03,0.001513,0.0
2024-09-19,263.24,0.014287,0.0451
2024-09-20,262.38,0.02604,0.0594
2024-09-21,264.8,0.0136,0.0187
2024-09-22,265.0,0.0,0.0716
2024-09-23,267.17,0.0,0.0474
2024-09-24,265.87,0.016853,0.0926
2024-09-25,264.46,0.0,0.0697
2024-09-26,263.53,0.0,0.0
2024-09-27,261.3,0.01311,0.0952
2024-09-28,261.76,0.008895,0.0299
2024-09-29,263.71,0.019783,0.0389
2024-09-30,262.41,0.0,0.0229
2024-10-01,262.79,0.00024,0.0213
2024-10-02,260.39,0.0,0.0
2024-10-03,261.99,0.0,0.0
2024-10-04,259.25,0.0,0.0865
2024-10-05,261.43,0.0,0.0
2024-10-06,261.78,0.0,0.0626
2024-10-07,260.42,0.0,0.0465
2024-10-08,259.53,0.0,0.1018
2024-10-09,259.96,0.0,0.0322
2024-10-10,259.48,0.0,0.0163
2024-10-11,259.99,0.0,0.1073
2024-10-12,259.8,0.001247,0.1129
2024-10-13,257.85,0.0,0.0202
2024-10-14,262.62,0.0,0.0
2024-10-15,259.87,0.0,0.0281
2024-10-16,258.85,0.0,0.0849
2024-10-17,259.79,0.0,0.0564
2024-10-18,257.66,0.0,0.0686
2024-10-19,260.63,0.001658,0.0
2024-10-20,257.79,0.0,0.0
2024-10-21,257.85,0.0,0.0527
2024-10-22,255.05,0.0,0.1253
2024-10-23,258.32,0.0,0.0381
2024-10-24,255.35,0.0,0.0347
2024-10-25,259.1,8.7e-05,0.0
2024-10-26,258.19,0.001063,0.0471
2024-10-27,256.89,0.0,0.0
2024-10-28,255.1,0.0,0.0282
2024-10-29,257.21,0.000929,0.0358
2024-10-30,257.18,0.0,0.0
2024-10-31,253.73,0.001397,0.0366
