date,temperature_2m_k,total_precip_m_day,snow_depth_m_we
2016-01-01,256.59,0.000296,0.05
2016-01-02,253.97,5.8e-05,0.05
2016-01-03,255.63,0.000444,0.05
2016-01-04,254.58,2.2e-05,0.05
2016-01-05,256.02,6.1e-05,0.05
2016-01-06,256.38,0.000215,0.05
2016-01-07,257.73,0.000304,0.05
2016-01-08,260.21,0.001435,0.05
2016-01-09,260.26,0.000827,0.05
2016-01-10,255.86,1.3e-05,0.05
2016-01-11,255.12,5e-06,0.05
2016-01-12,255.88,4e-06,0.05
2016-01-13,257.62,0.000456,0.05
2016-01-14,256.46,0.000323,0.05
2016-01-15,258.11,0.00158,0.05
2016-01-16,258.03,7.9e-05,0.05
2016-01-17,253.18,1.7e-05,0.05
2016-01-18,254.6,9e-06,0.05
2016-01-19,256.83,0.000227,0.05
2016-01-20,260.66,0.001257,0.05
2016-01-21,257.26,0.00021,0.05
2016-01-22,254.54,2.2e-05,0.05
2016-01-23,253.75,6e-06,0.05
2016-01-24,254.92,0.000193,0.05
2016-01-25,260.54,0.002737,0.05
2016-01-26,260.07,0.001012,0.05
2016-01-27,258.83,0.000905,0.05
2016-01-28,255.8,0.0001,0.05
2016-01-29,255.66,2.1e-05,0.05
2016-01-30,256.32,8e-05,0.05
2016-01-31,256.77,0.000245,0.05
2016-02-01,259.5,0.000245,0.05
2016-02-02,259.71,0.000264,0.05
2016-02-03,259.57,0.000137,0.05
2016-02-04,258.42,3.6e-05,0.05
2016-02-05,262.93,1e-06,0.05
2016-02-06,265.15,5.4e-05,0.05
2016-02-07,266.4,0.000773,0.05
2016-02-08,267.58,0.002283,0.05
2016-02-09,265.98,0.001548,0.05
2016-02-10,264.83,0.000773,0.05
2016-02-11,265.62,0.002005,0.05
2016-02-12,264.0,0.000511,0.05
2016-02-13,263.52,0.000513,0.05
2016-02-14,263.14,0.000231,0.05
2016-02-15,262.22,0.000131,0.05
2016-02-16,263.31,0.000237,0.05
2016-02-17,263.4,4.4e-05,0.05
2016-02-18,264.54,1e-05,0.05
2016-02-19,268.17,2e-06,0.05
2016-02-20,268.51,0.000729,0.05
2016-02-21,269.14,0.0031,0.05
2016-02-22,269.03,0.002672,0.05
2016-02-23,269.01,0.008664,0.05
2016-02-24,266.72,0.009029,0.05
2016-02-25,260.93,0.000458,0.05
2016-02-26,255.9,3e-06,0.05
2016-02-27,257.51,3e-06,0.05
2016-02-28,256.26,3e-06,0.05
2016-02-29,256.74,2e-06,0.05
2016-03-01,259.9,0.000155,0.05
2016-03-02,259.17,1.9e-05,0.05
2016-03-03,259.25,1.4e-05,0.05
2016-03-04,260.65,1.5e-05,0.05
2016-03-05,258.07,1.2e-05,0.05
2016-03-06,261.88,4.9e-05,0.05
2016-03-07,262.69,0.000205,0.05
2016-03-08,264.0,0.001769,0.05
2016-03-09,265.3,0.00036,0.05
2016-03-10,263.93,0.000406,0.05
2016-03-11,264.55,0.000591,0.05
2016-03-12,267.85,0.000661,0.05
2016-03-13,269.66,0.002074,0.05
2016-03-14,270.65,0.005281,0.05
2016-03-15,268.3,0.001877,0.05
2016-03-16,266.5,0.003834,0.05
2016-03-17,262.78,3.7e-05,0.05
2016-03-18,263.72,0.000804,0.05
2016-03-19,266.1,0.000479,0.05
2016-03-20,267.8,0.001446,0.05
2016-03-21,270.35,0.004649,0.05
2016-03-22,269.74,0.004783,0.05
2016-03-23,267.23,0.003471,0.05
2016-03-24,262.61,2e-06,0.05
2016-03-25,264.22,1e-06,0.05
2016-03-26,267.43,0.0002,0.05
2016-03-27,270.48,0.002904,0.05
2016-03-28,271.22,0.004161,0.05
2016-03-29,269.11,0.001069,0.05
2016-03-30,268.45,0.003216,0.05
2016-03-31,270.59,0.002533,0.05
2016-04-01,270.42,0.000319,0.05
2016-04-02,267.77,6.3e-05,0.05
2016-04-03,269.89,0.000321,0.05
2016-04-04,271.81,0.00118,0.05
2016-04-05,271.43,0.003788,0.05
2016-04-06,270.5,0.000279,0.05
2016-04-07,272.47,0.00045,0.05
2016-04-08,272.15,0.00493,0.05
2016-04-09,270.95,0.00021,0.05
2016-04-10,272.75,0.001922,0.05
2016-04-11,273.02,0.004229,0.05
2016-04-12,272.56,0.004266,0.05
2016-04-13,272.75,0.005484,0.05
2016-04-14,271.81,0.005947,0.05
2016-04-15,268.76,7.5e-05,0.05
2016-04-16,268.86,0.000768,0.05
2016-04-17,269.55,5.4e-05,0.05
2016-04-18,272.69,0.00297,0.05
2016-04-19,273.21,0.000195,0.05
2016-04-20,273.27,0.003931,0.05
2016-04-21,272.91,0.00153,0.05
2016-04-22,272.91,0.004239,0.05
2016-04-23,273.46,0.003484,0.05
2016-04-24,274.06,0.002773,0.05
2016-04-25,274.14,0.0005,0.05
2016-04-26,274.59,0.002955,0.05
2016-04-27,274.75,0.005696,0.05
2016-04-28,274.34,0.005324,0.05
2016-04-29,274.94,0.001837,0.05
2016-04-30,274.44,0.006626,0.05
2016-05-01,272.19,0.003192,0.05
2016-05-02,274.17,3.6e-05,0.05
2016-05-03,274.11,3.8e-05,0.05
2016-05-04,276.12,0.00039,0.05
2016-05-05,276.18,0.002186,0.05
2016-05-06,275.82,0.003411,0.05
2016-05-07,276.26,0.003673,0.05
2016-05-08,275.1,0.006647,0.05
2016-05-09,274.95,0.00013,0.05
2016-05-10,276.06,2.8e-05,0.05
2016-05-11,277.66,1.4e-05,0.05
2016-05-12,277.71,0.001127,0.05
2016-05-13,276.47,0.003695,0.05
2016-05-14,277.27,0.009845,0.05
2016-05-15,275.27,0.013925,0.05
2016-05-16,275.77,0.003297,0.05
2016-05-17,275.72,0.017627,0.05
2016-05-18,273.64,0.000938,0.05
2016-05-19,274.23,0.000121,0.05
2016-05-20,276.56,0.006383,0.05
2016-05-21,275.89,0.007777,0.05
2016-05-22,277.18,0.000724,0.05
2016-05-23,278.55,0.00017,0.05
2016-05-24,279.33,0.00169,0.05
2016-05-25,278.25,0.007309,0.05
2016-05-26,276.67,0.008757,0.05
2016-05-27,277.55,0.0078,0.05
2016-05-28,277.84,0.006626,0.05
2016-05-29,278.2,0.005624,0.05
2016-05-30,278.01,0.006847,0.05
2016-05-31,277.52,0.006859,0.05
2016-06-01,278.0,0.004217,0.05
2016-06-02,278.57,0.000144,0.05
2016-06-03,281.53,0.000482,0.05
2016-06-04,279.25,0.001796,0.05
2016-06-05,279.67,0.006173,0.05
2016-06-06,278.63,0.01021,0.05
2016-06-07,279.96,0.00868,0.05
2016-06-08,280.46,0.007117,0.05
2016-06-09,280.29,0.01006,0.05
2016-06-10,280.49,0.007105,0.05
2016-06-11,280.7,0.007635,0.05
2016-06-12,281.4,0.006361,0.05
2016-06-13,281.93,0.009832,0.05
2016-06-14,281.19,0.009289,0.05
2016-06-15,280.32,0.00818,0.05
2016-06-16,280.22,0.007356,0.05
2016-06-17,282.18,0.006808,0.05
2016-06-18,282.72,0.008768,0.05
2016-06-19,282.03,0.012011,0.05
2016-06-20,282.03,0.00565,0.05
2016-06-21,281.25,0.010084,0.05
2016-06-22,282.26,0.009024,0.05
2016-06-23,282.79,0.005121,0.05
2016-06-24,283.51,0.006539,0.05
2016-06-25,283.39,0.006902,0.05
2016-06-26,282.94,0.013178,0.05
2016-06-27,283.47,0.006857,0.05
2016-06-28,284.0,0.005821,0.05
2016-06-29,284.16,0.011501,0.05
2016-06-30,282.08,0.009961,0.05
2016-07-01,281.24,0.013997,0.05
2016-07-02,278.25,0.023306,0.05
2016-07-03,281.83,0.002972,0.05
2016-07-04,283.12,0.00613,0.05
2016-07-05,283.62,0.006551,0.05
2016-07-06,284.77,0.002512,0.05
2016-07-07,284.59,0.003271,0.05
2016-07-08,283.58,0.006496,0.05
2016-07-09,284.01,0.009251,0.05
2016-07-10,283.66,0.007484,0.05
2016-07-11,283.82,0.005641,0.05
2016-07-12,284.22,0.004708,0.05
2016-07-13,284.23,0.022991,0.05
2016-07-14,285.08,0.00178,0.05
2016-07-15,284.26,0.002294,0.05
2016-07-16,283.52,0.004379,0.05
2016-07-17,283.83,0.005814,0.05
2016-07-18,283.66,0.00776,0.05
2016-07-19,283.86,0.006286,0.05
2016-07-20,284.26,0.006947,0.05
2016-07-21,281.99,0.028635,0.05
2016-07-22,281.06,0.013214,0.05
2016-07-23,282.78,0.009782,0.05
2016-07-24,283.12,0.008412,0.05
2016-07-25,281.84,0.015859,0.05
2016-07-26,281.17,0.005204,0.05
2016-07-27,283.68,0.001004,0.05
2016-07-28,282.16,0.004978,0.05
2016-07-29,282.15,0.004985,0.05
2016-07-30,282.27,0.004323,0.05
2016-07-31,281.82,0.005678,0.05
2016-08-01,281.82,0.003356,0.05
2016-08-02,282.54,0.00471,0.05
2016-08-03,284.14,0.000833,0.05
2016-08-04,284.08,0.004207,0.05
2016-08-05,283.26,0.008125,0.05
2016-08-06,283.15,0.0092,0.05
2016-08-07,283.31,0.003972,0.05
2016-08-08,283.76,0.002914,0.05
2016-08-09,283.21,0.00285,0.05
2016-08-10,283.04,0.001902,0.05
2016-08-11,283.34,0.000811,0.05
2016-08-12,283.75,0.003616,0.05
2016-08-13,284.44,0.001228,0.05
2016-08-14,283.82,0.003855,0.05
2016-08-15,283.8,0.002451,0.05
2016-08-16,283.24,0.003497,0.05
2016-08-17,283.44,0.001173,0.05
2016-08-18,283.91,0.001279,0.05
2016-08-19,286.12,0.000255,0.05
2016-08-20,284.4,0.003032,0.05
2016-08-21,283.86,0.003104,0.05
2016-08-22,284.5,0.000842,0.05
2016-08-23,283.6,0.00416,0.05
2016-08-24,282.98,0.003182,0.05
2016-08-25,283.85,0.001197,0.05
2016-08-26,283.72,0.000641,0.05
2016-08-27,284.54,0.000617,0.05
2016-08-28,283.84,0.003571,0.05
2016-08-29,283.49,0.002881,0.05
2016-08-30,282.99,0.004634,0.05
2016-08-31,283.25,0.005848,0.05
2016-09-01,283.34,0.007745,0.05
2016-09-02,283.21,0.010822,0.05
2016-09-03,282.76,0.012545,0.05
2016-09-04,282.22,0.01188,0.05
2016-09-05,282.4,0.013354,0.05
2016-09-06,281.69,0.008846,0.05
2016-09-07,282.11,0.00572,0.05
2016-09-08,282.06,0.007624,0.05
2016-09-09,281.82,0.003773,0.05
2016-09-10,282.74,0.00062,0.05
2016-09-11,280.9,0.005517,0.05
2016-09-12,279.55,0.00576,0.05
2016-09-13,279.21,0.007178,0.05
2016-09-14,281.39,0.005221,0.05
2016-09-15,281.19,0.005361,0.05
2016-09-16,281.45,0.004808,0.05
2016-09-17,280.86,0.006854,0.05
2016-09-18,280.4,0.008387,0.05
2016-09-19,280.54,0.005609,0.05
2016-09-20,281.6,0.000206,0.05
2016-09-21,279.25,0.010353,0.05
2016-09-22,279.21,0.007383,0.05
2016-09-23,279.46,0.007896,0.05
2016-09-24,279.77,0.006733,0.05
2016-09-25,278.62,0.011721,0.05
2016-09-26,279.13,0.012941,0.05
2016-09-27,277.86,0.011883,0.05
2016-09-28,278.98,0.006156,0.05
2016-09-29,279.2,0.007296,0.05
2016-09-30,278.8,0.004553,0.05
2016-10-01,277.01,3.1e-05,0.05
2016-10-02,279.13,4e-05,0.05
2016-10-03,280.08,0.000922,0.05
2016-10-04,279.71,0.003571,0.05
2016-10-05,279.32,0.004574,0.05
2016-10-06,279.27,0.003603,0.05
2016-10-07,280.15,0.005198,0.05
2016-10-08,279.94,0.005443,0.05
2016-10-09,279.92,0.007288,0.05
2016-10-10,279.22,0.008104,0.05
2016-10-11,277.94,0.009225,0.05
2016-10-12,277.39,0.006353,0.05
2016-10-13,277.76,0.006332,0.05
2016-10-14,276.99,0.005936,0.05
2016-10-15,277.41,0.002061,0.05
2016-10-16,276.1,0.010407,0.05
2016-10-17,274.52,0.002078,0.05
2016-10-18,274.26,0.002317,0.05
2016-10-19,274.08,0.001938,0.05
2016-10-20,274.78,0.000198,0.05
2016-10-21,275.57,0.000401,0.05
2016-10-22,275.32,0.001573,0.05
2016-10-23,274.6,0.002305,0.05
2016-10-24,275.11,0.000716,0.05
2016-10-25,274.27,0.001398,0.05
2016-10-26,274.79,0.002303,0.05
2016-10-27,273.9,0.001901,0.05
2016-10-28,273.0,0.00448,0.05
2016-10-29,272.79,0.002059,0.05
2016-10-30,270.87,0.002766,0.05
2016-10-31,267.11,7e-05,0.05
2016-11-01,270.43,0.000732,0.05
2016-11-02,271.3,0.000676,0.05
2016-11-03,271.28,0.000237,0.05
2016-11-04,271.93,0.000341,0.05
2016-11-05,272.62,0.001799,0.05
2016-11-06,272.54,0.000747,0.05
2016-11-07,273.24,0.002343,0.05
2016-11-08,270.98,0.005955,0.05
2016-11-09,266.95,3.2e-05,0.05
2016-11-10,268.12,0.000208,0.05
2016-11-11,270.79,0.000419,0.05
2016-11-12,271.36,0.000731,0.05
2016-11-13,272.94,0.00111,0.05
2016-11-14,272.51,0.00113,0.05
2016-11-15,272.05,0.003816,0.05
2016-11-16,270.54,0.001664,0.05
2016-11-17,267.24,0.000601,0.05
2016-11-18,265.28,0.000108,0.05
2016-11-19,266.29,0.000142,0.05
2016-11-20,266.27,6.8e-05,0.05
2016-11-21,266.14,8.1e-05,0.05
2016-11-22,267.09,3e-05,0.05
2016-11-23,269.31,0.000152,0.05
2016-11-24,269.27,0.000182,0.05
2016-11-25,269.19,4.8e-05,0.05
2016-11-26,269.94,0.000134,0.05
2016-11-27,269.48,0.002348,0.05
2016-11-28,267.77,0.000986,0.05
2016-11-29,268.21,0.000428,0.05
2016-11-30,269.57,0.000735,0.05
2016-12-01,269.92,0.003043,0.05
2016-12-02,269.27,0.003096,0.05
2016-12-03,262.87,4.6e-05,0.05
2016-12-04,261.42,0.0,0.05
2016-12-05,264.1,0.0,0.05
2016-12-06,263.59,1.1e-05,0.05
2016-12-07,262.61,4.6e-05,0.05
2016-12-08,264.34,3e-06,0.05
2016-12-09,263.7,2.7e-05,0.05
2016-12-10,265.0,9e-06,0.05
2016-12-11,265.27,0.000117,0.05
2016-12-12,265.11,9e-05,0.05
2016-12-13,266.4,0.000109,0.05
2016-12-14,268.25,0.001135,0.05
2016-12-15,265.9,0.000289,0.05
2016-12-16,265.81,0.000118,0.05
2016-12-17,266.78,0.000237,0.05
2016-12-18,266.49,0.00029,0.05
2016-12-19,266.84,0.000188,0.05
2016-12-20,266.49,7.1e-05,0.05
2016-12-21,267.99,1.5e-05,0.05
2016-12-22,269.79,0.000426,0.05
2016-12-23,269.51,0.000554,0.05
2016-12-24,269.84,0.000808,0.05
2016-12-25,269.92,0.00134,0.05
2016-12-26,267.61,0.009515,0.05
2016-12-27,258.91,3.2e-05,0.05
2016-12-28,259.15,4.2e-05,0.05
2016-12-29,257.26,1.6e-05,0.05
2016-12-30,259.13,0.000204,0.05
2016-12-31,260.24,0.000309,0.05
2017-01-01,261.51,0.000682,0.05
2017-01-02,263.61,0.001176,0.05
2017-01-03,263.2,0.001575,0.05
2017-01-04,259.92,0.000509,0.05
2017-01-05,258.69,0.000383,0.05
2017-01-06,257.11,0.0001,0.05
2017-01-07,256.73,0.000456,0.05
2017-01-08,257.89,0.000312,0.05
2017-01-09,260.18,0.001124,0.05
2017-01-10,261.88,0.001233,0.05
2017-01-11,260.63,0.000794,0.05
2017-01-12,258.79,0.000527,0.05
2017-01-13,255.82,0.000272,0.05
2017-01-14,252.91,7.1e-05,0.05
2017-01-15,255.77,1.3e-05,0.05
2017-01-16,257.29,0.000183,0.05
2017-01-17,257.09,0.000215,0.05
2017-01-18,256.99,8.6e-05,0.05
2017-01-19,259.1,9.4e-05,0.05
2017-01-20,258.09,0.000102,0.05
2017-01-21,257.98,7.9e-05,0.05
2017-01-22,262.2,0.000284,0.05
2017-01-23,262.32,0.000812,0.05
2017-01-24,259.63,3.4e-05,0.05
2017-01-25,260.66,4e-06,0.05
2017-01-26,260.71,1.1e-05,0.05
2017-01-27,263.91,0.001132,0.05
2017-01-28,262.5,0.002107,0.05
2017-01-29,260.06,5e-05,0.05
2017-01-30,263.08,0.001663,0.05
2017-01-31,263.99,0.002022,0.05
2017-02-01,262.37,0.000645,0.05
2017-02-02,259.09,0.000196,0.05
2017-02-03,258.51,1.3e-05,0.05
2017-02-04,261.51,3e-06,0.05
2017-02-05,262.94,0.0,0.05
2017-02-06,265.43,0.001417,0.05
2017-02-07,263.06,0.000536,0.05
2017-02-08,261.17,2.1e-05,0.05
2017-02-09,264.35,0.00071,0.05
2017-02-10,267.43,0.005944,0.05
2017-02-11,264.15,0.00077,0.05
2017-02-12,263.94,0.002299,0.05
2017-02-13,265.03,0.001484,0.05
2017-02-14,260.39,0.000167,0.05
2017-02-15,256.64,1.7e-05,0.05
2017-02-16,259.6,5e-06,0.05
2017-02-17,262.66,4.4e-05,0.05
2017-02-18,263.77,3e-06,0.05
2017-02-19,265.03,0.001166,0.05
2017-02-20,268.3,0.002199,0.05
2017-02-21,267.98,0.002939,0.05
2017-02-22,267.66,0.002982,0.05
2017-02-23,266.98,0.003002,0.05
2017-02-24,263.42,0.000396,0.05
2017-02-25,260.44,0.000293,0.05
2017-02-26,263.09,0.002237,0.05
2017-02-27,262.94,0.000383,0.05
2017-02-28,260.01,2.6e-05,0.05
2017-03-01,263.98,0.000922,0.05
2017-03-02,267.12,0.001828,0.05
2017-03-03,264.99,0.002947,0.05
2017-03-04,265.2,0.001207,0.05
2017-03-05,265.05,0.001663,0.05
2017-03-06,265.07,0.003578,0.05
2017-03-07,264.94,0.002265,0.05
2017-03-08,265.35,0.003044,0.05
2017-03-09,264.91,0.0017,0.05
2017-03-10,265.17,0.000934,0.05
2017-03-11,267.55,0.003854,0.05
2017-03-12,265.9,0.00349,0.05
2017-03-13,263.87,0.000519,0.05
2017-03-14,264.47,0.002815,0.05
2017-03-15,262.74,0.000339,0.05
2017-03-16,263.09,0.001534,0.05
2017-03-17,265.96,0.002669,0.05
2017-03-18,265.39,0.003755,0.05
2017-03-19,264.44,0.000456,0.05
2017-03-20,264.63,0.003968,0.05
2017-03-21,261.91,1.1e-05,0.05
2017-03-22,261.79,2e-06,0.05
2017-03-23,264.67,0.000373,0.05
2017-03-24,268.3,0.002721,0.05
2017-03-25,266.53,0.001742,0.05
2017-03-26,265.18,0.000377,0.05
2017-03-27,265.08,2e-06,0.05
2017-03-28,264.8,8e-05,0.05
2017-03-29,266.99,0.0003,0.05
2017-03-30,267.61,0.001853,0.05
2017-03-31,267.25,5.5e-05,0.05
2017-04-01,270.76,0.004987,0.05
2017-04-02,271.88,0.005359,0.05
2017-04-03,270.75,0.000358,0.05
2017-04-04,268.4,0.001015,0.05
2017-04-05,267.19,3.1e-05,0.05
2017-04-06,268.85,8.8e-05,0.05
2017-04-07,270.43,0.000559,0.05
2017-04-08,272.8,0.003698,0.05
2017-04-09,271.67,0.001642,0.05
2017-04-10,271.55,0.006544,0.05
2017-04-11,270.38,0.002523,0.05
2017-04-12,268.1,0.000663,0.05
2017-04-13,268.12,7e-05,0.05
2017-04-14,269.22,0.000839,0.05
2017-04-15,271.58,0.01148,0.05
2017-04-16,268.73,0.000131,0.05
2017-04-17,265.27,3e-06,0.05
2017-04-18,267.22,0.0,0.05
2017-04-19,271.45,0.000659,0.05
2017-04-20,273.67,0.002929,0.05
2017-04-21,271.16,0.000117,0.05
2017-04-22,273.42,0.000776,0.05
2017-04-23,275.27,0.002566,0.05
2017-04-24,274.51,0.00709,0.05
2017-04-25,274.46,0.004791,0.05
2017-04-26,274.58,0.00339,0.05
2017-04-27,274.21,0.0022,0.05
2017-04-28,273.51,0.001823,0.05
2017-04-29,273.36,0.001732,0.05
2017-04-30,273.57,0.001442,0.05
2017-05-01,274.49,0.003447,0.05
2017-05-02,273.25,0.007178,0.05
2017-05-03,272.4,0.002396,0.05
2017-05-04,273.1,0.005546,0.05
2017-05-05,274.32,0.002038,0.05
2017-05-06,273.78,0.003365,0.05
2017-05-07,273.47,6.5e-05,0.05
2017-05-08,276.6,0.000286,0.05
2017-05-09,276.81,0.00092,0.05
2017-05-10,275.91,0.005219,0.05
2017-05-11,274.76,0.003381,0.05
2017-05-12,276.0,0.00057,0.05
2017-05-13,275.76,0.005648,0.05
2017-05-14,276.49,0.000226,0.05
2017-05-15,277.68,2.4e-05,0.05
2017-05-16,278.01,0.000409,0.05
2017-05-17,277.55,0.004239,0.05
2017-05-18,278.38,0.003585,0.05
2017-05-19,278.26,0.004223,0.05
2017-05-20,278.82,0.003025,0.05
2017-05-21,278.71,0.006234,0.05
2017-05-22,279.24,0.006106,0.05
2017-05-23,279.76,0.004926,0.05
2017-05-24,279.26,0.017709,0.05
2017-05-25,279.18,0.001264,0.05
2017-05-26,278.46,0.00542,0.05
2017-05-27,278.22,0.005996,0.05
2017-05-28,278.01,0.005896,0.05
2017-05-29,279.46,0.005035,0.05
2017-05-30,277.06,0.014301,0.05
2017-05-31,278.22,0.005267,0.05
2017-06-01,280.81,0.002056,0.05
2017-06-02,279.55,0.007974,0.05
2017-06-03,278.3,0.005727,0.05
2017-06-04,278.25,7e-06,0.05
2017-06-05,278.14,0.000478,0.05
2017-06-06,280.5,0.000502,0.05
2017-06-07,279.93,0.0036,0.05
2017-06-08,279.7,0.009369,0.05
2017-06-09,279.31,0.007572,0.05
2017-06-10,280.68,0.005662,0.05
2017-06-11,281.52,0.005096,0.05
2017-06-12,280.55,0.009616,0.05
2017-06-13,279.23,0.014839,0.05
2017-06-14,281.18,0.004462,0.05
2017-06-15,281.94,0.006236,0.05
2017-06-16,281.62,0.006627,0.05
2017-06-17,281.71,0.005407,0.05
2017-06-18,281.24,0.017584,0.05
2017-06-19,280.73,0.005883,0.05
2017-06-20,280.67,0.008689,0.05
2017-06-21,281.74,0.005618,0.05
2017-06-22,282.5,0.006987,0.05
2017-06-23,282.71,0.007166,0.05
2017-06-24,282.14,0.015159,0.05
2017-06-25,280.96,0.009451,0.05
2017-06-26,283.04,0.002629,0.05
2017-06-27,283.53,0.000663,0.05
2017-06-28,283.47,0.006062,0.05
2017-06-29,282.37,0.01425,0.05
2017-06-30,282.0,0.007202,0.05
2017-07-01,282.5,0.003869,0.05
2017-07-02,282.95,0.013527,0.05
2017-07-03,282.17,0.010858,0.05
2017-07-04,282.39,0.012242,0.05
2017-07-05,282.88,0.010303,0.05
2017-07-06,283.72,0.009065,0.05
2017-07-07,284.12,0.013174,0.05
2017-07-08,281.78,0.012103,0.05
2017-07-09,282.63,0.00709,0.05
2017-07-10,281.63,0.003997,0.05
2017-07-11,281.07,0.008687,0.05
2017-07-12,281.98,0.00221,0.05
2017-07-13,283.24,0.003511,0.05
2017-07-14,283.49,0.003042,0.05
2017-07-15,284.3,0.001459,0.05
2017-07-16,283.8,0.003956,0.05
2017-07-17,283.57,0.004077,0.05
2017-07-18,284.04,0.001608,0.05
2017-07-19,284.22,0.0009,0.05
2017-07-20,283.59,0.003165,0.05
2017-07-21,283.19,0.004687,0.05
2017-07-22,283.15,0.0044,0.05
2017-07-23,283.09,0.002978,0.05
2017-07-24,283.13,0.00278,0.05
2017-07-25,282.97,0.0046,0.05
2017-07-26,283.17,0.003627,0.05
2017-07-27,283.93,0.002629,0.05
2017-07-28,283.54,0.004832,0.05
2017-07-29,283.05,0.006057,0.05
2017-07-30,283.85,0.004339,0.05
2017-07-31,284.67,0.001164,0.05
2017-08-01,284.32,0.005082,0.05
2017-08-02,283.96,0.00687,0.05
2017-08-03,284.47,0.003994,0.05
2017-08-04,284.48,0.005138,0.05
2017-08-05,284.67,0.002133,0.05
2017-08-06,285.63,0.00069,0.05
2017-08-07,284.82,0.004359,0.05
2017-08-08,284.15,0.016481,0.05
2017-08-09,280.75,0.027263,0.05
2017-08-10,280.15,0.008671,0.05
2017-08-11,282.9,0.004875,0.05
2017-08-12,283.02,0.006198,0.05
2017-08-13,282.95,0.006769,0.05
2017-08-14,283.71,0.00451,0.05
2017-08-15,284.29,0.005124,0.05
2017-08-16,283.9,0.004203,0.05
2017-08-17,283.72,0.004155,0.05
2017-08-18,282.81,0.005509,0.05
2017-08-19,282.59,0.007407,0.05
2017-08-20,282.55,0.006069,0.05
2017-08-21,282.72,0.003396,0.05
2017-08-22,283.46,0.001303,0.05
2017-08-23,283.37,0.001244,0.05
2017-08-24,283.7,0.000369,0.05
2017-08-25,282.95,0.003988,0.05
2017-08-26,282.73,0.003817,0.05
2017-08-27,283.06,0.003629,0.05
2017-08-28,283.33,0.002975,0.05
2017-08-29,283.62,0.003404,0.05
2017-08-30,283.37,0.005915,0.05
2017-08-31,282.63,0.004114,0.05
2017-09-01,282.55,0.006196,0.05
2017-09-02,282.75,0.006403,0.05
2017-09-03,282.03,0.006501,0.05
2017-09-04,282.03,0.008708,0.05
2017-09-05,281.68,0.008175,0.05
2017-09-06,282.45,0.00572,0.05
2017-09-07,282.34,0.003147,0.05
2017-09-08,282.32,0.007721,0.05
2017-09-09,280.77,0.006402,0.05
2017-09-10,281.97,2e-05,0.05
2017-09-11,281.51,0.002456,0.05
2017-09-12,280.97,0.005159,0.05
2017-09-13,281.42,0.003916,0.05
2017-09-14,282.2,0.004295,0.05
2017-09-15,282.95,0.001281,0.05
2017-09-16,283.29,0.001645,0.05
2017-09-17,282.0,0.00151,0.05
2017-09-18,281.17,0.003033,0.05
2017-09-19,281.74,0.006237,0.05
2017-09-20,281.74,0.00984,0.05
2017-09-21,280.98,0.009409,0.05
2017-09-22,281.95,0.005357,0.05
2017-09-23,282.39,0.003555,0.05
2017-09-24,282.44,0.003852,0.05
2017-09-25,282.46,0.002093,0.05
2017-09-26,282.39,0.002382,0.05
2017-09-27,281.55,0.004024,0.05
2017-09-28,280.96,0.002576,0.05
2017-09-29,280.32,0.005939,0.05
2017-09-30,279.62,0.006323,0.05
2017-10-01,280.64,0.006261,0.05
2017-10-02,279.11,0.007564,0.05
2017-10-03,279.25,0.013394,0.05
2017-10-04,279.26,0.001096,0.05
2017-10-05,279.93,0.000351,0.05
2017-10-06,281.06,0.000391,0.05
2017-10-07,280.65,0.001532,0.05
2017-10-08,279.17,0.004781,0.05
2017-10-09,279.22,0.004519,0.05
2017-10-10,279.55,0.004931,0.05
2017-10-11,279.39,0.006318,0.05
2017-10-12,279.41,0.005224,0.05
2017-10-13,279.38,0.003767,0.05
2017-10-14,279.04,0.005309,0.05
2017-10-15,277.86,0.007665,0.05
2017-10-16,276.3,0.004227,0.05
2017-10-17,277.44,0.000385,0.05
2017-10-18,278.19,0.000171,0.05
2017-10-19,278.49,0.000295,0.05
2017-10-20,278.1,0.000505,0.05
2017-10-21,276.33,0.00351,0.05
2017-10-22,277.47,0.002248,0.05
2017-10-23,276.73,0.005455,0.05
2017-10-24,274.62,0.003374,0.05
2017-10-25,273.27,0.003948,0.05
2017-10-26,271.31,0.000424,0.05
2017-10-27,272.25,0.000479,0.05
2017-10-28,272.57,0.000338,0.05
2017-10-29,271.77,0.000149,0.05
2017-10-30,271.71,0.006654,0.05
2017-10-31,270.0,0.006706,0.05
2017-11-01,263.93,0.000153,0.05
2017-11-02,259.46,5.4e-05,0.05
2017-11-03,260.16,4e-05,0.05
2017-11-04,260.27,2.3e-05,0.05
2017-11-05,262.57,0.000499,0.05
2017-11-06,262.01,5.6e-05,0.05
2017-11-07,266.33,0.000223,0.05
2017-11-08,268.29,0.000657,0.05
2017-11-09,268.46,0.00071,0.05
2017-11-10,267.43,0.000836,0.05
2017-11-11,264.92,0.000131,0.05
2017-11-12,265.36,0.000459,0.05
2017-11-13,266.13,0.000143,0.05
2017-11-14,264.82,9.7e-05,0.05
2017-11-15,267.57,9.1e-05,0.05
2017-11-16,269.7,0.000425,0.05
2017-11-17,270.49,0.000365,0.05
2017-11-18,271.44,0.000528,0.05
2017-11-19,272.21,0.000873,0.05
2017-11-20,271.4,0.002071,0.05
2017-11-21,270.54,0.001077,0.05
2017-11-22,270.71,0.002366,0.05
2017-11-23,268.64,0.002441,0.05
2017-11-24,263.29,0.002882,0.05
2017-11-25,260.23,3.1e-05,0.05
2017-11-26,263.4,0.001073,0.05
2017-11-27,263.95,0.000827,0.05
2017-11-28,264.56,0.001377,0.05
2017-11-29,262.78,0.000525,0.05
2017-11-30,260.26,0.000253,0.05
2017-12-01,259.09,0.00028,0.05
2017-12-02,258.24,7.4e-05,0.05
2017-12-03,259.27,7.2e-05,0.05
2017-12-04,261.53,7.8e-05,0.05
2017-12-05,264.14,5.5e-05,0.05
2017-12-06,264.33,0.000157,0.05
2017-12-07,265.94,0.000154,0.05
2017-12-08,266.48,0.000206,0.05
2017-12-09,260.02,5.7e-05,0.05
2017-12-10,262.36,5e-06,0.05
2017-12-11,263.78,1.8e-05,0.05
2017-12-12,266.86,0.00071,0.05
2017-12-13,267.4,0.000228,0.05
2017-12-14,268.5,0.000499,0.05
2017-12-15,265.85,0.000142,0.05
2017-12-16,266.73,0.000858,0.05
2017-12-17,268.09,0.000564,0.05
2017-12-18,264.12,0.000101,0.05
2017-12-19,262.51,1.1e-05,0.05
2017-12-20,264.46,9e-06,0.05
2017-12-21,266.39,0.000248,0.05
2017-12-22,268.4,0.000825,0.05
2017-12-23,265.92,0.000141,0.05
2017-12-24,267.12,0.001155,0.05
2017-12-25,268.43,0.001441,0.05
2017-12-26,264.3,0.003246,0.05
2017-12-27,258.22,3.8e-05,0.05
2017-12-28,261.5,7.6e-05,0.05
2017-12-29,264.06,0.000505,0.05
2017-12-30,263.91,0.000639,0.05
2017-12-31,265.37,0.001117,0.05
2018-01-01,265.96,0.000983,0.05
2018-01-02,264.7,0.000967,0.05
2018-01-03,260.65,0.000965,0.05
2018-01-04,256.86,4.7e-05,0.05
2018-01-05,259.7,0.001702,0.05
2018-01-06,260.52,0.001498,0.05
2018-01-07,259.16,0.001312,0.05
2018-01-08,254.97,4.2e-05,0.05
2018-01-09,255.87,2.1e-05,0.05
2018-01-10,258.88,1.3e-05,0.05
2018-01-11,262.83,2e-06,0.05
2018-01-12,263.61,3.5e-05,0.05
2018-01-13,264.05,0.00067,0.05
2018-01-14,263.91,0.000216,0.05
2018-01-15,262.15,0.001653,0.05
2018-01-16,257.49,2e-05,0.05
2018-01-17,258.46,5.6e-05,0.05
2018-01-18,258.74,6.9e-05,0.05
2018-01-19,260.04,0.00011,0.05
2018-01-20,260.08,0.000122,0.05
2018-01-21,260.01,8e-06,0.05
2018-01-22,261.2,2e-06,0.05
2018-01-23,264.46,0.000109,0.05
2018-01-24,266.35,0.002694,0.05
2018-01-25,265.2,0.001523,0.05
2018-01-26,262.91,0.001262,0.05
2018-01-27,261.1,0.001078,0.05
2018-01-28,257.89,0.000134,0.05
2018-01-29,257.54,5.1e-05,0.05
2018-01-30,259.14,2.3e-05,0.05
2018-01-31,262.2,5e-06,0.05
2018-02-01,264.19,0.000988,0.05
2018-02-02,265.42,0.001561,0.05
2018-02-03,265.19,0.00151,0.05
2018-02-04,263.5,0.000254,0.05
2018-02-05,261.71,6.8e-05,0.05
2018-02-06,264.14,0.000251,0.05
2018-02-07,266.2,0.002284,0.05
2018-02-08,266.14,0.003039,0.05
2018-02-09,264.36,0.005041,0.05
2018-02-10,262.44,0.000483,0.05
2018-02-11,260.0,0.000408,0.05
2018-02-12,260.02,0.000207,0.05
2018-02-13,263.96,0.000961,0.05
2018-02-14,265.55,0.005671,0.05
2018-02-15,260.05,1e-05,0.05
2018-02-16,260.93,0.000998,0.05
2018-02-17,264.32,0.002061,0.05
2018-02-18,265.19,0.003397,0.05
2018-02-19,263.65,0.003634,0.05
2018-02-20,259.95,0.000137,0.05
2018-02-21,261.77,0.003101,0.05
2018-02-22,264.4,0.003832,0.05
2018-02-23,265.18,0.001669,0.05
2018-02-24,259.62,5e-05,0.05
2018-02-25,260.33,0.000254,0.05
2018-02-26,260.08,0.001761,0.05
2018-02-27,260.14,1.8e-05,0.05
2018-02-28,260.7,5.4e-05,0.05
2018-03-01,261.09,0.000112,0.05
2018-03-02,265.42,0.001879,0.05
2018-03-03,264.66,0.000204,0.05
2018-03-04,263.72,0.001871,0.05
2018-03-05,266.08,0.002103,0.05
2018-03-06,265.14,0.001886,0.05
2018-03-07,260.99,1.8e-05,0.05
2018-03-08,259.8,5.3e-05,0.05
2018-03-09,264.5,0.002939,0.05
2018-03-10,266.18,0.002321,0.05
2018-03-11,264.02,0.000311,0.05
2018-03-12,259.87,4.9e-05,0.05
2018-03-13,260.61,0.000163,0.05
2018-03-14,261.62,3.4e-05,0.05
2018-03-15,265.43,0.002872,0.05
2018-03-16,268.29,0.001341,0.05
2018-03-17,267.15,0.002461,0.05
2018-03-18,265.69,0.000409,0.05
2018-03-19,261.09,6e-06,0.05
2018-03-20,263.0,5e-06,0.05
2018-03-21,263.74,0.000496,0.05
2018-03-22,267.75,0.002829,0.05
2018-03-23,267.84,0.000697,0.05
2018-03-24,266.83,0.000134,0.05
2018-03-25,268.33,0.00495,0.05
2018-03-26,270.1,0.011924,0.05
2018-03-27,267.0,0.000588,0.05
2018-03-28,263.1,1.8e-05,0.05
2018-03-29,266.84,0.002227,0.05
2018-03-30,268.98,0.003976,0.05
2018-03-31,268.04,0.001239,0.05
2018-04-01,265.33,5.2e-05,0.05
2018-04-02,261.35,3.1e-05,0.05
2018-04-03,261.64,1.8e-05,0.05
2018-04-04,263.83,1.2e-05,0.05
2018-04-05,266.81,0.002315,0.05
2018-04-06,265.89,3.7e-05,0.05
2018-04-07,265.86,0.000415,0.05
2018-04-08,270.05,0.002377,0.05
2018-04-09,271.38,0.000331,0.05
2018-04-10,271.59,0.000504,0.05
2018-04-11,273.26,0.001119,0.05
2018-04-12,273.32,0.001288,0.05
2018-04-13,272.29,0.006289,0.05
2018-04-14,271.39,0.000952,0.05
2018-04-15,268.06,2.5e-05,0.05
2018-04-16,267.51,1.5e-05,0.05
2018-04-17,270.2,8.2e-05,0.05
2018-04-18,271.7,0.000568,0.05
2018-04-19,272.37,0.000477,0.05
2018-04-20,273.48,0.002957,0.05
2018-04-21,273.95,0.001979,0.05
2018-04-22,274.7,0.002153,0.05
2018-04-23,274.72,0.003145,0.05
2018-04-24,273.59,0.006106,0.05
2018-04-25,271.41,0.009731,0.05
2018-04-26,269.92,0.000237,0.05
2018-04-27,269.29,2.5e-05,0.05
2018-04-28,271.95,0.000225,0.05
2018-04-29,273.13,0.003345,0.05
2018-04-30,274.58,0.002996,0.05
2018-05-01,274.6,0.008919,0.05
2018-05-02,273.49,0.004688,0.05
2018-05-03,272.78,0.003432,0.05
2018-05-04,273.25,0.003633,0.05
2018-05-05,274.29,0.002095,0.05
2018-05-06,274.93,0.000551,0.05
2018-05-07,275.16,0.002139,0.05
2018-05-08,276.5,0.003651,0.05
2018-05-09,276.0,0.006061,0.05
2018-05-10,274.9,0.006562,0.05
2018-05-11,272.66,0.004407,0.05
2018-05-12,272.88,7e-06,0.05
2018-05-13,272.91,0.0,0.05
2018-05-14,275.27,0.000219,0.05
2018-05-15,276.16,0.002841,0.05
2018-05-16,276.23,0.002688,0.05
2018-05-17,277.31,0.000947,0.05
2018-05-18,277.95,0.001548,0.05
2018-05-19,278.88,0.001752,0.05
2018-05-20,279.38,0.000936,0.05
2018-05-21,279.91,0.000397,0.05
2018-05-22,281.45,0.0004,0.05
2018-05-23,280.41,0.004724,0.05
2018-05-24,280.7,0.004794,0.05
2018-05-25,280.89,0.003669,0.05
2018-05-26,280.13,0.00938,0.05
2018-05-27,278.63,0.011476,0.05
2018-05-28,276.9,0.00891,0.05
2018-05-29,276.44,0.007229,0.05
2018-05-30,278.13,0.0028,0.05
2018-05-31,278.28,0.009375,0.05
2018-06-01,278.64,0.007187,0.05
2018-06-02,279.3,0.006916,0.05
2018-06-03,279.15,0.020776,0.05
2018-06-04,277.12,0.000706,0.05
2018-06-05,278.53,2e-06,0.05
2018-06-06,280.55,0.000638,0.05
2018-06-07,279.26,0.004216,0.05
2018-06-08,281.52,0.000499,0.05
2018-06-09,282.41,0.001166,0.05
2018-06-10,282.34,0.002128,0.05
2018-06-11,282.36,0.003573,0.05
2018-06-12,282.35,0.005628,0.05
2018-06-13,281.72,0.005508,0.05
2018-06-14,281.96,0.008766,0.05
2018-06-15,280.56,0.017359,0.05
2018-06-16,280.22,0.00783,0.05
2018-06-17,282.01,0.004975,0.05
2018-06-18,282.62,0.005203,0.05
2018-06-19,283.41,0.00388,0.05
2018-06-20,283.63,0.001802,0.05
2018-06-21,283.72,0.003676,0.05
2018-06-22,283.78,0.00527,0.05
2018-06-23,283.93,0.004744,0.05
2018-06-24,283.51,0.003775,0.05
2018-06-25,283.86,0.004508,0.05
2018-06-26,283.57,0.004251,0.05
2018-06-27,283.9,0.004592,0.05
2018-06-28,283.96,0.003635,0.05
2018-06-29,283.1,0.007069,0.05
2018-06-30,284.22,0.004745,0.05
2018-07-01,284.11,0.006191,0.05
2018-07-02,283.47,0.009476,0.05
2018-07-03,283.5,0.010005,0.05
2018-07-04,283.4,0.008479,0.05
2018-07-05,284.88,0.003473,0.05
2018-07-06,285.24,0.004375,0.05
2018-07-07,285.46,0.001745,0.05
2018-07-08,284.88,0.007176,0.05
2018-07-09,284.23,0.013461,0.05
2018-07-10,283.58,0.012777,0.05
2018-07-11,283.71,0.009527,0.05
2018-07-12,282.67,0.014929,0.05
2018-07-13,282.86,0.00719,0.05
2018-07-14,283.48,0.009605,0.05
2018-07-15,282.72,0.009667,0.05
2018-07-16,282.84,0.007212,0.05
2018-07-17,283.63,0.005541,0.05
2018-07-18,283.9,0.008648,0.05
2018-07-19,283.97,0.006339,0.05
2018-07-20,283.32,0.009955,0.05
2018-07-21,283.59,0.006965,0.05
2018-07-22,282.18,0.007914,0.05
2018-07-23,283.91,0.003018,0.05
2018-07-24,284.12,0.002974,0.05
2018-07-25,283.87,0.002314,0.05
2018-07-26,283.82,0.002517,0.05
2018-07-27,283.98,0.003947,0.05
2018-07-28,283.72,0.005243,0.05
2018-07-29,283.64,0.00336,0.05
2018-07-30,283.36,0.006625,0.05
2018-07-31,281.94,0.009416,0.05
2018-08-01,281.46,0.007091,0.05
2018-08-02,282.84,0.004964,0.05
2018-08-03,283.9,0.007023,0.05
2018-08-04,283.2,0.008087,0.05
2018-08-05,282.95,0.005832,0.05
2018-08-06,282.61,0.005214,0.05
2018-08-07,283.97,0.001085,0.05
2018-08-08,283.67,0.002922,0.05
2018-08-09,283.87,0.004589,0.05
2018-08-10,283.5,0.006312,0.05
2018-08-11,283.54,0.013431,0.05
2018-08-12,281.68,0.015104,0.05
2018-08-13,283.43,0.005515,0.05
2018-08-14,283.77,0.004623,0.05
2018-08-15,283.56,0.004806,0.05
2018-08-16,283.88,0.003306,0.05
2018-08-17,283.74,0.005313,0.05
2018-08-18,284.34,0.003371,0.05
2018-08-19,284.27,0.002895,0.05
2018-08-20,284.22,0.003547,0.05
2018-08-21,283.07,0.005182,0.05
2018-08-22,284.14,0.007136,0.05
2018-08-23,283.6,0.007383,0.05
2018-08-24,282.98,0.005701,0.05
2018-08-25,283.32,0.004547,0.05
2018-08-26,283.64,0.006114,0.05
2018-08-27,283.65,0.004548,0.05
2018-08-28,283.34,0.007033,0.05
2018-08-29,283.48,0.005618,0.05
2018-08-30,283.01,0.006314,0.05
2018-08-31,283.73,0.002364,0.05
2018-09-01,284.13,0.000687,0.05
2018-09-02,284.13,0.001019,0.05
2018-09-03,284.25,0.001202,0.05
2018-09-04,284.53,0.001035,0.05
2018-09-05,284.87,0.000333,0.05
2018-09-06,283.95,0.00133,0.05
2018-09-07,283.39,0.004001,0.05
2018-09-08,283.51,0.003707,0.05
2018-09-09,282.97,0.009074,0.05
2018-09-10,281.7,0.008302,0.05
2018-09-11,281.08,0.010148,0.05
2018-09-12,280.45,0.009959,0.05
2018-09-13,278.7,0.015289,0.05
2018-09-14,279.82,0.004921,0.05
2018-09-15,280.65,0.005406,0.05
2018-09-16,280.39,0.005461,0.05
2018-09-17,281.8,0.002095,0.05
2018-09-18,281.8,0.003127,0.05
2018-09-19,281.45,0.001886,0.05
2018-09-20,280.89,0.005619,0.05
2018-09-21,281.25,0.004628,0.05
2018-09-22,281.3,0.006446,0.05
2018-09-23,281.59,0.004735,0.05
2018-09-24,281.68,0.004704,0.05
2018-09-25,280.96,0.005131,0.05
2018-09-26,281.36,0.006012,0.05
2018-09-27,280.65,0.005666,0.05
2018-09-28,279.98,0.007246,0.05
2018-09-29,279.97,0.005713,0.05
2018-09-30,280.28,0.00239,0.05
2018-10-01,279.01,0.008057,0.05
2018-10-02,277.86,0.010305,0.05
2018-10-03,275.69,0.006555,0.05
2018-10-04,274.59,0.005018,0.05
2018-10-05,275.09,0.005375,0.05
2018-10-06,274.72,0.003909,0.05
2018-10-07,273.53,0.004447,0.05
2018-10-08,272.77,0.005092,0.05
2018-10-09,269.28,0.000201,0.05
2018-10-10,270.52,0.000491,0.05
2018-10-11,274.23,0.001815,0.05
2018-10-12,274.41,0.007463,0.05
2018-10-13,273.91,0.001379,0.05
2018-10-14,273.24,0.003868,0.05
2018-10-15,272.76,0.003287,0.05
2018-10-16,272.82,0.000408,0.05
2018-10-17,273.58,0.005677,0.05
2018-10-18,273.09,0.006963,0.05
2018-10-19,272.71,0.00241,0.05
2018-10-20,272.51,0.005674,0.05
2018-10-21,272.3,0.0036,0.05
2018-10-22,271.89,0.003381,0.05
2018-10-23,271.12,0.00206,0.05
2018-10-24,270.33,0.001563,0.05
2018-10-25,269.8,0.000601,0.05
2018-10-26,270.01,0.000882,0.05
2018-10-27,270.42,0.000678,0.05
2018-10-28,269.43,0.000359,0.05
2018-10-29,266.64,0.000411,0.05
2018-10-30,261.53,6.9e-05,0.05
2018-10-31,261.06,1.2e-05,0.05
2018-11-01,264.48,4e-06,0.05
2018-11-02,269.06,0.000922,0.05
2018-11-03,271.59,0.002044,0.05
2018-11-04,271.42,0.002234,0.05
2018-11-05,271.17,0.002038,0.05
2018-11-06,270.05,0.00763,0.05
2018-11-07,260.21,5e-06,0.05
2018-11-08,259.04,7e-06,0.05
2018-11-09,262.1,0.000156,0.05
2018-11-10,263.66,0.000519,0.05
2018-11-11,262.24,0.000386,0.05
2018-11-12,264.32,0.00065,0.05
2018-11-13,267.68,0.001549,0.05
2018-11-14,267.49,0.001086,0.05
2018-11-15,267.67,0.001841,0.05
2018-11-16,268.07,0.002608,0.05
2018-11-17,267.49,0.005629,0.05
2018-11-18,262.67,0.000988,0.05
2018-11-19,263.31,0.001144,0.05
2018-11-20,264.25,0.001975,0.05
2018-11-21,259.47,5.5e-05,0.05
2018-11-22,259.19,4e-06,0.05
2018-11-23,259.02,2.7e-05,0.05
2018-11-24,258.52,1.7e-05,0.05
2018-11-25,257.75,3e-06,0.05
2018-11-26,258.58,3.4e-05,0.05
2018-11-27,258.13,1.7e-05,0.05
2018-11-28,260.28,4e-06,0.05
2018-11-29,261.16,0.001128,0.05
2018-11-30,260.46,0.000658,0.05
2018-12-01,259.89,0.001518,0.05
2018-12-02,262.36,0.001771,0.05
2018-12-03,260.71,0.000377,0.05
2018-12-04,256.76,8.6e-05,0.05
2018-12-05,259.6,0.000398,0.05
2018-12-06,264.07,0.001484,0.05
2018-12-07,264.85,0.005337,0.05
2018-12-08,258.02,9.3e-05,0.05
2018-12-09,255.8,0.000147,0.05
2018-12-10,254.99,0.000217,0.05
2018-12-11,257.88,0.000918,0.05
2018-12-12,256.95,0.000195,0.05
2018-12-13,258.23,0.0008,0.05
2018-12-14,261.86,0.000507,0.05
2018-12-15,257.57,0.000139,0.05
2018-12-16,254.68,3.2e-05,0.05
2018-12-17,259.44,0.001412,0.05
2018-12-18,263.87,0.011856,0.05
2018-12-19,258.69,8.7e-05,0.05
2018-12-20,255.51,9.7e-05,0.05
2018-12-21,255.18,0.000326,0.05
2018-12-22,251.91,3.1e-05,0.05
2018-12-23,252.76,9e-06,0.05
2018-12-24,253.78,9.6e-05,0.05
2018-12-25,254.51,0.000235,0.05
2018-12-26,255.51,0.000248,0.05
2018-12-27,262.63,0.002014,0.05
2018-12-28,261.68,0.003774,0.05
2018-12-29,255.72,7e-06,0.05
2018-12-30,252.18,7e-06,0.05
2018-12-31,252.26,6e-06,0.05
2019-01-01,251.59,2e-05,0.05
2019-01-02,252.42,7.1e-05,0.05
2019-01-03,253.72,0.000372,0.05
2019-01-04,252.43,0.000188,0.05
2019-01-05,251.87,4.3e-05,0.05
2019-01-06,253.95,7.9e-05,0.05
2019-01-07,258.32,0.000509,0.05
2019-01-08,257.2,0.000503,0.05
2019-01-09,255.34,0.001006,0.05
2019-01-10,255.0,0.000209,0.05
2019-01-11,254.68,0.000241,0.05
2019-01-12,254.76,7.5e-05,0.05
2019-01-13,256.8,0.000464,0.05
2019-01-14,260.38,0.002374,0.05
2019-01-15,257.08,2.3e-05,0.05
2019-01-16,253.11,1e-06,0.05
2019-01-17,256.89,0.000737,0.05
2019-01-18,255.26,0.000298,0.05
2019-01-19,252.63,3.2e-05,0.05
2019-01-20,254.89,1e-05,0.05
2019-01-21,255.48,2.7e-05,0.05
2019-01-22,255.43,8.3e-05,0.05
2019-01-23,258.42,0.0003,0.05
2019-01-24,259.15,0.000219,0.05
2019-01-25,261.07,0.000624,0.05
2019-01-26,264.77,0.001382,0.05
2019-01-27,265.78,0.001047,0.05
2019-01-28,264.21,0.0009,0.05
2019-01-29,261.19,0.001099,0.05
2019-01-30,257.48,0.0,0.05
2019-01-31,258.1,3e-06,0.05
2019-02-01,260.21,0.000507,0.05
2019-02-02,260.63,0.000822,0.05
2019-02-03,258.7,0.000316,0.05
2019-02-04,258.43,1.9e-05,0.05
2019-02-05,258.71,6.2e-05,0.05
2019-02-06,260.21,0.000121,0.05
2019-02-07,262.03,0.000416,0.05
2019-02-08,266.36,0.002721,0.05
2019-02-09,267.1,0.006453,0.05
2019-02-10,261.21,0.001225,0.05
2019-02-11,260.83,0.001885,0.05
2019-02-12,260.03,0.000124,0.05
2019-02-13,258.13,1.9e-05,0.05
2019-02-14,259.58,7.4e-05,0.05
2019-02-15,263.21,0.001118,0.05
2019-02-16,264.06,0.004446,0.05
2019-02-17,259.64,0.000106,0.05
2019-02-18,258.02,0.000377,0.05
2019-02-19,261.34,0.001171,0.05
2019-02-20,260.35,0.00013,0.05
2019-02-21,259.33,1.5e-05,0.05
2019-02-22,260.73,0.000141,0.05
2019-02-23,262.74,0.001573,0.05
2019-02-24,264.07,0.000689,0.05
2019-02-25,265.1,0.002894,0.05
2019-02-26,263.51,0.001112,0.05
2019-02-27,263.21,0.001142,0.05
2019-02-28,263.85,0.00468,0.05
2019-03-01,259.99,2.4e-05,0.05
2019-03-02,257.07,3e-06,0.05
2019-03-03,260.23,0.000598,0.05
2019-03-04,262.01,0.000788,0.05
2019-03-05,263.73,0.001707,0.05
2019-03-06,263.77,0.002593,0.05
2019-03-07,264.53,0.001201,0.05
2019-03-08,264.57,0.002522,0.05
2019-03-09,262.72,0.000148,0.05
2019-03-10,261.12,3.8e-05,0.05
2019-03-11,262.34,0.000122,0.05
2019-03-12,263.14,0.00011,0.05
2019-03-13,262.88,3.6e-05,0.05
2019-03-14,266.38,0.000452,0.05
2019-03-15,268.75,0.0028,0.05
2019-03-16,267.58,0.001471,0.05
2019-03-17,263.92,7.3e-05,0.05
2019-03-18,265.98,0.003967,0.05
2019-03-19,266.67,0.001986,0.05
2019-03-20,267.16,0.001274,0.05
2019-03-21,266.16,0.000307,0.05
2019-03-22,265.58,0.002063,0.05
2019-03-23,264.57,5.5e-05,0.05
2019-03-24,263.16,3.9e-05,0.05
2019-03-25,266.02,0.00148,0.05
2019-03-26,268.91,0.005138,0.05
2019-03-27,266.66,0.001069,0.05
2019-03-28,262.44,0.0,0.05
2019-03-29,264.9,2e-06,0.05
2019-03-30,266.89,0.000782,0.05
2019-03-31,270.38,0.005836,0.05
2019-04-01,270.66,0.006598,0.05
2019-04-02,269.19,0.001486,0.05
2019-04-03,266.13,4.5e-05,0.05
2019-04-04,266.31,0.000508,0.05
2019-04-05,263.72,2e-06,0.05
2019-04-06,261.15,4.2e-05,0.05
2019-04-07,266.81,0.001088,0.05
2019-04-08,267.49,0.000581,0.05
2019-04-09,266.72,0.002291,0.05
2019-04-10,266.32,9e-06,0.05
2019-04-11,266.02,2e-06,0.05
2019-04-12,267.36,3e-06,0.05
2019-04-13,269.52,0.000216,0.05
2019-04-14,271.84,0.001309,0.05
2019-04-15,271.94,0.000213,0.05
2019-04-16,272.87,0.000268,0.05
2019-04-17,273.05,0.000201,0.05
2019-04-18,273.56,0.001368,0.05
2019-04-19,273.38,0.001957,0.05
2019-04-20,272.03,0.009107,0.05
2019-04-21,271.91,0.000165,0.05
2019-04-22,271.88,0.0007,0.05
2019-04-23,272.0,0.000405,0.05
2019-04-24,269.92,7.2e-05,0.05
2019-04-25,269.93,2.3e-05,0.05
2019-04-26,271.85,4.2e-05,0.05
2019-04-27,273.74,0.000417,0.05
2019-04-28,274.79,0.000421,0.05
2019-04-29,275.39,0.000366,0.05
2019-04-30,275.33,0.001701,0.05
2019-05-01,275.97,0.002014,0.05
2019-05-02,277.27,0.002358,0.05
2019-05-03,276.76,0.006515,0.05
2019-05-04,276.05,0.007346,0.05
2019-05-05,276.83,0.003379,0.05
2019-05-06,275.95,0.009282,0.05
2019-05-07,276.21,0.003545,0.05
2019-05-08,276.44,0.008694,0.05
2019-05-09,275.05,0.006356,0.05
2019-05-10,276.68,0.001227,0.05
2019-05-11,277.22,0.002795,0.05
2019-05-12,277.36,0.010534,0.05
2019-05-13,275.36,0.005504,0.05
2019-05-14,275.85,0.002967,0.05
2019-05-15,276.54,0.002566,0.05
2019-05-16,277.74,0.001347,0.05
2019-05-17,277.71,0.004354,0.05
2019-05-18,277.83,0.003884,0.05
2019-05-19,277.68,0.004365,0.05
2019-05-20,277.7,0.003833,0.05
2019-05-21,277.52,0.003422,0.05
2019-05-22,278.11,0.00248,0.05
2019-05-23,277.1,0.00615,0.05
2019-05-24,277.29,0.00349,0.05
2019-05-25,279.47,0.001868,0.05
2019-05-26,278.46,0.007497,0.05
2019-05-27,277.97,0.007046,0.05
2019-05-28,278.28,0.006365,0.05
2019-05-29,278.37,0.008112,0.05
2019-05-30,277.69,0.011812,0.05
2019-05-31,276.98,0.004225,0.05
2019-06-01,277.05,1e-06,0.05
2019-06-02,279.72,0.000102,0.05
2019-06-03,278.46,0.005124,0.05
2019-06-04,279.83,0.002011,0.05
2019-06-05,280.68,0.002734,0.05
2019-06-06,281.62,0.002877,0.05
2019-06-07,281.43,0.003719,0.05
2019-06-08,281.5,0.00863,0.05
2019-06-09,280.59,0.010262,0.05
2019-06-10,280.03,0.008608,0.05
2019-06-11,281.04,0.004027,0.05
2019-06-12,281.46,0.00409,0.05
2019-06-13,281.88,0.001347,0.05
2019-06-14,282.73,0.002259,0.05
2019-06-15,283.07,0.004971,0.05
2019-06-16,282.75,0.00803,0.05
2019-06-17,279.85,0.018019,0.05
2019-06-18,280.95,0.006397,0.05
2019-06-19,281.4,0.003573,0.05
2019-06-20,282.59,0.003098,0.05
2019-06-21,283.48,0.003543,0.05
2019-06-22,283.91,0.00267,0.05
2019-06-23,284.53,0.00234,0.05
2019-06-24,284.84,0.00314,0.05
2019-06-25,285.1,0.002649,0.05
2019-06-26,284.12,0.005354,0.05
2019-06-27,283.85,0.006697,0.05
2019-06-28,282.91,0.008304,0.05
2019-06-29,283.6,0.006196,0.05
2019-06-30,283.73,0.004285,0.05
2019-07-01,283.84,0.004812,0.05
2019-07-02,284.38,0.005157,0.05
2019-07-03,284.25,0.010158,0.05
2019-07-04,283.38,0.012668,0.05
2019-07-05,281.7,0.014891,0.05
2019-07-06,283.49,0.005512,0.05
2019-07-07,282.79,0.016563,0.05
2019-07-08,281.9,0.008614,0.05
2019-07-09,281.02,0.015058,0.05
2019-07-10,280.41,0.019088,0.05
2019-07-11,281.83,0.015283,0.05
2019-07-12,279.45,0.027345,0.05
2019-07-13,279.02,0.015804,0.05
2019-07-14,280.23,0.011911,0.05
2019-07-15,279.37,0.013814,0.05
2019-07-16,282.05,0.005714,0.05
2019-07-17,282.98,0.003234,0.05
2019-07-18,283.65,0.004157,0.05
2019-07-19,282.85,0.00651,0.05
2019-07-20,283.93,0.003362,0.05
2019-07-21,283.31,0.010385,0.05
2019-07-22,283.52,0.005529,0.05
2019-07-23,283.55,0.013697,0.05
2019-07-24,283.91,0.002752,0.05
2019-07-25,283.46,0.003678,0.05
2019-07-26,282.84,0.003534,0.05
2019-07-27,283.4,0.003678,0.05
2019-07-28,284.08,0.004908,0.05
2019-07-29,284.18,0.004908,0.05
2019-07-30,283.64,0.010539,0.05
2019-07-31,282.16,0.008605,0.05
2019-08-01,282.71,0.008508,0.05
2019-08-02,282.15,0.007024,0.05
2019-08-03,283.52,0.007219,0.05
2019-08-04,283.27,0.013324,0.05
2019-08-05,281.07,0.010498,0.05
2019-08-06,282.41,0.004709,0.05
2019-08-07,283.36,0.004031,0.05
2019-08-08,282.91,0.011552,0.05
2019-08-09,283.55,0.003228,0.05
2019-08-10,283.6,0.005202,0.05
2019-08-11,282.89,0.009738,0.05
2019-08-12,283.18,0.004394,0.05
2019-08-13,283.68,0.009721,0.05
2019-08-14,283.63,0.00684,0.05
2019-08-15,284.07,0.002261,0.05
2019-08-16,284.23,0.00123,0.05
2019-08-17,284.72,0.000209,0.05
2019-08-18,285.17,0.000423,0.05
2019-08-19,285.14,0.000963,0.05
2019-08-20,284.41,0.003703,0.05
2019-08-21,284.24,0.004274,0.05
2019-08-22,284.91,0.001238,0.05
2019-08-23,283.44,0.007072,0.05
2019-08-24,283.38,0.001929,0.05
2019-08-25,283.91,0.000501,0.05
2019-08-26,284.51,0.000952,0.05
2019-08-27,285.41,0.00026,0.05
2019-08-28,284.3,0.001241,0.05
2019-08-29,284.49,0.001142,0.05
2019-08-30,283.55,0.00792,0.05
2019-08-31,282.85,0.00583,0.05
2019-09-01,283.4,0.002223,0.05
2019-09-02,283.16,0.006745,0.05
2019-09-03,282.38,0.010231,0.05
2019-09-04,281.98,0.005913,0.05
2019-09-05,283.24,0.005341,0.05
2019-09-06,282.99,0.004256,0.05
2019-09-07,282.73,0.011768,0.05
2019-09-08,283.36,0.005298,0.05
2019-09-09,283.67,0.0051,0.05
2019-09-10,283.94,0.006435,0.05
2019-09-11,283.09,0.007643,0.05
2019-09-12,282.71,0.006932,0.05
2019-09-13,282.67,0.004161,0.05
2019-09-14,282.62,0.007346,0.05
2019-09-15,282.66,0.008333,0.05
2019-09-16,281.84,0.009838,0.05
2019-09-17,281.19,0.008278,0.05
2019-09-18,280.62,0.004921,0.05
2019-09-19,280.25,0.011945,0.05
2019-09-20,278.36,0.006345,0.05
2019-09-21,278.85,0.003796,0.05
2019-09-22,278.44,0.008321,0.05
2019-09-23,278.7,0.007542,0.05
2019-09-24,279.16,0.000216,0.05
2019-09-25,279.22,1.1e-05,0.05
2019-09-26,279.85,0.000422,0.05
2019-09-27,278.0,0.005331,0.05
2019-09-28,277.48,0.006634,0.05
2019-09-29,277.2,0.003989,0.05
2019-09-30,278.23,0.003652,0.05
2019-10-01,278.76,0.004255,0.05
2019-10-02,279.27,0.002865,0.05
2019-10-03,280.22,0.001593,0.05
2019-10-04,280.78,0.001676,0.05
2019-10-05,280.86,0.002646,0.05
2019-10-06,279.97,0.004342,0.05
2019-10-07,279.2,0.003736,0.05
2019-10-08,278.24,0.004947,0.05
2019-10-09,277.57,0.006609,0.05
2019-10-10,276.8,0.005527,0.05
2019-10-11,276.83,0.004548,0.05
2019-10-12,276.46,0.003335,0.05
2019-10-13,276.47,0.002949,0.05
2019-10-14,275.04,0.005073,0.05
2019-10-15,274.57,0.00835,0.05
2019-10-16,272.61,0.003281,0.05
2019-10-17,265.86,9.5e-05,0.05
2019-10-18,270.81,0.002224,0.05
2019-10-19,272.52,0.001437,0.05
2019-10-20,274.19,0.003187,0.05
2019-10-21,274.26,0.007741,0.05
2019-10-22,271.8,0.000875,0.05
2019-10-23,272.21,0.008339,0.05
2019-10-24,272.52,0.003891,0.05
2019-10-25,272.77,0.007205,0.05
2019-10-26,272.34,0.001986,0.05
2019-10-27,269.04,0.000203,0.05
2019-10-28,266.15,0.000141,0.05
2019-10-29,266.3,0.000201,0.05
2019-10-30,270.03,0.004466,0.05
2019-10-31,271.78,0.005569,0.05
2019-11-01,269.33,0.00094,0.05
2019-11-02,263.28,7.5e-05,0.05
2019-11-03,266.57,0.000837,0.05
2019-11-04,269.71,0.001917,0.05
2019-11-05,268.18,0.000426,0.05
2019-11-06,263.43,0.000105,0.05
2019-11-07,266.97,0.000596,0.05
2019-11-08,271.09,0.001234,0.05
2019-11-09,272.18,0.002416,0.05
2019-11-10,272.79,0.001354,0.05
2019-11-11,271.94,0.000883,0.05
2019-11-12,268.81,0.000162,0.05
2019-11-13,265.93,9.5e-05,0.05
2019-11-14,268.89,0.000148,0.05
2019-11-15,269.0,0.000282,0.05
2019-11-16,268.17,0.000259,0.05
2019-11-17,267.68,0.000219,0.05
2019-11-18,267.57,0.002607,0.05
2019-11-19,268.77,0.004887,0.05
2019-11-20,266.06,0.000832,0.05
2019-11-21,264.84,0.000681,0.05
2019-11-22,262.81,5.2e-05,0.05
2019-11-23,264.82,0.000281,0.05
2019-11-24,266.93,0.000304,0.05
2019-11-25,269.82,0.002003,0.05
2019-11-26,267.66,0.001128,0.05
2019-11-27,266.68,0.000914,0.05
2019-11-28,267.48,0.002127,0.05
2019-11-29,267.06,0.0025,0.05
2019-11-30,265.52,0.00218,0.05
2019-12-01,261.64,0.000578,0.05
2019-12-02,264.29,0.002835,0.05
2019-12-03,262.97,0.001469,0.05
2019-12-04,258.55,3.5e-05,0.05
2019-12-05,254.98,5e-06,0.05
2019-12-06,254.33,9e-06,0.05
2019-12-07,255.1,1.4e-05,0.05
2019-12-08,255.85,2e-05,0.05
2019-12-09,256.01,1.5e-05,0.05
2019-12-10,258.78,0.00041,0.05
2019-12-11,262.22,0.002656,0.05
2019-12-12,259.16,0.000215,0.05
2019-12-13,261.9,0.0013,0.05
2019-12-14,265.24,0.001519,0.05
2019-12-15,263.89,0.001314,0.05
2019-12-16,263.05,0.001264,0.05
2019-12-17,260.47,0.001535,0.05
2019-12-18,255.47,3.5e-05,0.05
2019-12-19,255.82,9e-05,0.05
2019-12-20,257.68,0.000241,0.05
2019-12-21,258.01,0.000307,0.05
2019-12-22,258.54,0.000325,0.05
2019-12-23,257.5,0.000221,0.05
2019-12-24,259.18,0.000644,0.05
2019-12-25,258.34,0.000433,0.05
2019-12-26,260.5,0.001455,0.05
2019-12-27,259.38,0.001014,0.05
2019-12-28,253.61,3.7e-05,0.05
2019-12-29,253.23,7e-06,0.05
2019-12-30,254.37,5e-06,0.05
2019-12-31,253.35,3.8e-05,0.05
2020-01-01,254.46,5.8e-05,0.05
2020-01-02,259.66,0.000833,0.05
2020-01-03,261.7,0.002769,0.05
2020-01-04,263.66,0.003541,0.05
2020-01-05,261.62,0.00179,0.05
2020-01-06,256.57,8e-06,0.05
2020-01-07,256.32,9.7e-05,0.05
2020-01-08,256.59,0.000504,0.05
2020-01-09,260.14,0.001324,0.05
2020-01-10,256.46,8.4e-05,0.05
2020-01-11,253.6,1.7e-05,0.05
2020-01-12,256.03,2e-06,0.05
2020-01-13,258.04,1e-06,0.05
2020-01-14,258.25,7.8e-05,0.05
2020-01-15,257.82,0.00013,0.05
2020-01-16,259.72,0.000397,0.05
2020-01-17,263.91,0.001004,0.05
2020-01-18,265.23,0.001879,0.05
2020-01-19,264.05,0.001989,0.05
2020-01-20,258.28,0.000222,0.05
2020-01-21,258.93,0.000542,0.05
2020-01-22,260.45,0.001007,0.05
2020-01-23,260.8,0.003993,0.05
2020-01-24,259.06,0.00012,0.05
2020-01-25,254.38,1.6e-05,0.05
2020-01-26,255.41,2.9e-05,0.05
2020-01-27,253.81,3e-05,0.05
2020-01-28,254.83,2.3e-05,0.05
2020-01-29,257.69,0.000174,0.05
2020-01-30,260.15,0.001376,0.05
2020-01-31,259.63,0.00042,0.05
2020-02-01,260.88,0.001215,0.05
2020-02-02,260.12,0.000633,0.05
2020-02-03,255.6,4.6e-05,0.05
2020-02-04,257.47,0.000103,0.05
2020-02-05,259.33,0.001132,0.05
2020-02-06,258.87,0.000475,0.05
2020-02-07,260.12,0.000761,0.05
2020-02-08,261.32,0.001247,0.05
2020-02-09,260.3,0.000559,0.05
2020-02-10,256.34,3.7e-05,0.05
2020-02-11,258.15,2e-06,0.05
2020-02-12,261.25,7e-06,0.05
2020-02-13,263.41,0.0,0.05
2020-02-14,262.89,0.000277,0.05
2020-02-15,262.6,5.6e-05,0.05
2020-02-16,263.6,0.000548,0.05
2020-02-17,267.69,0.007967,0.05
2020-02-18,265.15,0.001535,0.05
2020-02-19,262.71,0.001618,0.05
2020-02-20,265.75,0.005788,0.05
2020-02-21,266.91,0.00239,0.05
2020-02-22,267.53,0.003402,0.05
2020-02-23,266.65,0.000938,0.05
2020-02-24,265.01,0.000706,0.05
2020-02-25,264.6,0.001364,0.05
2020-02-26,265.86,0.00313,0.05
2020-02-27,263.8,9.1e-05,0.05
2020-02-28,257.59,2.2e-05,0.05
2020-02-29,257.87,2.5e-05,0.05
2020-03-01,261.03,0.000478,0.05
2020-03-02,264.41,0.002554,0.05
2020-03-03,264.92,0.002355,0.05
2020-03-04,265.32,0.000865,0.05
2020-03-05,264.57,0.000584,0.05
2020-03-06,265.36,0.001088,0.05
2020-03-07,265.84,0.001093,0.05
2020-03-08,264.77,0.000308,0.05
2020-03-09,262.37,0.000117,0.05
2020-03-10,263.44,0.001363,0.05
2020-03-11,267.71,0.001243,0.05
2020-03-12,266.55,0.000204,0.05
2020-03-13,266.76,0.000479,0.05
2020-03-14,270.44,0.002615,0.05
2020-03-15,270.2,0.004641,0.05
2020-03-16,265.97,0.000826,0.05
2020-03-17,264.04,0.001303,0.05
2020-03-18,264.85,6.8e-05,0.05
2020-03-19,266.84,0.002247,0.05
2020-03-20,267.85,0.006058,0.05
2020-03-21,266.63,0.0028,0.05
2020-03-22,264.71,0.000101,0.05
2020-03-23,264.24,0.000406,0.05
2020-03-24,264.78,0.000346,0.05
2020-03-25,264.67,0.00145,0.05
2020-03-26,266.99,9.2e-05,0.05
2020-03-27,266.63,0.000107,0.05
2020-03-28,271.0,0.001107,0.05
2020-03-29,271.44,0.001729,0.05
2020-03-30,269.48,0.000841,0.05
2020-03-31,268.44,0.000763,0.05
2020-04-01,270.71,0.005024,0.05
2020-04-02,271.18,0.004137,0.05
2020-04-03,270.73,0.005812,0.05
2020-04-04,270.44,0.002502,0.05
2020-04-05,269.27,0.002262,0.05
2020-04-06,269.2,0.002273,0.05
2020-04-07,269.05,0.003593,0.05
2020-04-08,269.43,0.002629,0.05
2020-04-09,271.31,0.003273,0.05
2020-04-10,269.51,0.000646,0.05
2020-04-11,269.07,0.001009,0.05
2020-04-12,269.35,0.001562,0.05
2020-04-13,268.09,1e-06,0.05
2020-04-14,267.36,2.1e-05,0.05
2020-04-15,268.19,0.000275,0.05
2020-04-16,271.98,0.001183,0.05
2020-04-17,271.56,0.002671,0.05
2020-04-18,272.58,0.003586,0.05
2020-04-19,273.6,0.003288,0.05
2020-04-20,273.22,0.00198,0.05
2020-04-21,273.1,0.005941,0.05
2020-04-22,271.9,0.003325,0.05
2020-04-23,271.75,0.004937,0.05
2020-04-24,272.14,0.010893,0.05
2020-04-25,270.73,0.002108,0.05
2020-04-26,268.84,2.3e-05,0.05
2020-04-27,269.89,0.001142,0.05
2020-04-28,273.02,0.002128,0.05
2020-04-29,273.38,0.006641,0.05
2020-04-30,270.61,0.000762,0.05
2020-05-01,269.01,1.8e-05,0.05
2020-05-02,269.62,3.7e-05,0.05
2020-05-03,273.58,0.000308,0.05
2020-05-04,274.65,0.001496,0.05
2020-05-05,275.34,0.003737,0.05
2020-05-06,274.86,0.005694,0.05
2020-05-07,274.1,0.006839,0.05
2020-05-08,272.75,0.005908,0.05
2020-05-09,272.3,5.3e-05,0.05
2020-05-10,275.17,0.000304,0.05
2020-05-11,275.72,0.001743,0.05
2020-05-12,274.96,0.008733,0.05
2020-05-13,273.48,0.00824,0.05
2020-05-14,272.76,6.2e-05,0.05
2020-05-15,275.67,0.001964,0.05
2020-05-16,276.02,0.002646,0.05
2020-05-17,275.84,0.000147,0.05
2020-05-18,277.2,0.003556,0.05
2020-05-19,277.61,0.0041,0.05
2020-05-20,276.3,0.008407,0.05
2020-05-21,275.98,0.020606,0.05
2020-05-22,275.92,0.009826,0.05
2020-05-23,276.15,0.005393,0.05
2020-05-24,276.9,0.020046,0.05
2020-05-25,276.27,0.013857,0.05
2020-05-26,274.62,0.002027,0.05
2020-05-27,274.82,0.000427,0.05
2020-05-28,273.8,7.8e-05,0.05
2020-05-29,276.55,0.000575,0.05
2020-05-30,276.29,0.006328,0.05
2020-05-31,277.65,0.002309,0.05
2020-06-01,278.26,0.005884,0.05
2020-06-02,278.07,0.006712,0.05
2020-06-03,278.26,0.009221,0.05
2020-06-04,279.03,0.007163,0.05
2020-06-05,279.64,0.006057,0.05
2020-06-06,280.39,0.005312,0.05
2020-06-07,280.61,0.00731,0.05
2020-06-08,280.58,0.009434,0.05
2020-06-09,280.99,0.00656,0.05
2020-06-10,281.47,0.007307,0.05
2020-06-11,281.98,0.006706,0.05
2020-06-12,282.61,0.006108,0.05
2020-06-13,283.27,0.007054,0.05
2020-06-14,283.74,0.006943,0.05
2020-06-15,283.56,0.010948,0.05
2020-06-16,283.59,0.012498,0.05
2020-06-17,283.73,0.009661,0.05
2020-06-18,283.92,0.009668,0.05
2020-06-19,283.92,0.009164,0.05
2020-06-20,284.11,0.008842,0.05
2020-06-21,284.04,0.009399,0.05
2020-06-22,283.89,0.007076,0.05
2020-06-23,282.84,0.007206,0.05
2020-06-24,283.29,0.008454,0.05
2020-06-25,282.95,0.003438,0.05
2020-06-26,283.36,0.011705,0.05
2020-06-27,283.2,0.011722,0.05
2020-06-28,283.02,0.006534,0.05
2020-06-29,283.83,0.005508,0.05
2020-06-30,284.43,0.012085,0.05
2020-07-01,284.18,0.006591,0.05
2020-07-02,283.87,0.009,0.05
2020-07-03,283.18,0.007609,0.05
2020-07-04,283.74,0.007585,0.05
2020-07-05,283.6,0.005742,0.05
2020-07-06,284.61,0.004245,0.05
2020-07-07,285.43,0.006987,0.05
2020-07-08,285.53,0.004741,0.05
2020-07-09,284.71,0.010418,0.05
2020-07-10,284.01,0.012563,0.05
2020-07-11,283.42,0.012352,0.05
2020-07-12,284.07,0.007144,0.05
2020-07-13,284.77,0.006769,0.05
2020-07-14,283.81,0.00384,0.05
2020-07-15,284.67,0.006109,0.05
2020-07-16,283.6,0.006825,0.05
2020-07-17,284.79,0.011742,0.05
2020-07-18,284.15,0.012198,0.05
2020-07-19,283.73,0.013865,0.05
2020-07-20,282.89,0.011861,0.05
2020-07-21,282.86,0.009619,0.05
2020-07-22,283.7,0.005865,0.05
2020-07-23,284.05,0.00544,0.05
2020-07-24,284.72,0.004134,0.05
2020-07-25,283.18,0.004424,0.05
2020-07-26,285.89,0.00083,0.05
2020-07-27,284.79,0.003104,0.05
2020-07-28,283.42,0.016535,0.05
2020-07-29,282.58,0.009688,0.05
2020-07-30,283.05,0.004526,0.05
2020-07-31,284.29,0.010028,0.05
2020-08-01,284.23,0.004134,0.05
2020-08-02,284.94,0.002693,0.05
2020-08-03,284.64,0.002942,0.05
2020-08-04,284.98,0.001063,0.05
2020-08-05,285.72,0.000824,0.05
2020-08-06,286.3,0.000846,0.05
2020-08-07,286.39,0.004466,0.05
2020-08-08,286.15,0.008336,0.05
2020-08-09,283.76,0.006535,0.05
2020-08-10,283.97,0.015002,0.05
2020-08-11,284.69,0.0167,0.05
2020-08-12,284.81,0.008594,0.05
2020-08-13,284.92,0.006816,0.05
2020-08-14,283.97,0.014338,0.05
2020-08-15,283.72,0.012754,0.05
2020-08-16,283.85,0.014997,0.05
2020-08-17,284.96,0.004528,0.05
2020-08-18,285.17,1e-05,0.05
2020-08-19,283.78,0.001117,0.05
2020-08-20,282.95,0.00117,0.05
2020-08-21,283.62,0.001362,0.05
2020-08-22,283.97,0.001179,0.05
2020-08-23,284.18,0.012462,0.05
2020-08-24,281.93,0.007425,0.05
2020-08-25,284.17,0.000471,0.05
2020-08-26,283.42,0.001353,0.05
2020-08-27,284.48,0.000637,0.05
2020-08-28,284.37,0.001605,0.05
2020-08-29,283.73,0.004454,0.05
2020-08-30,283.44,0.006417,0.05
2020-08-31,284.93,0.000786,0.05
2020-09-01,284.76,0.002862,0.05
2020-09-02,284.13,0.002928,0.05
2020-09-03,284.69,0.002514,0.05
2020-09-04,283.78,0.006876,0.05
2020-09-05,282.02,0.012543,0.05
2020-09-06,282.89,0.004164,0.05
2020-09-07,283.45,0.006877,0.05
2020-09-08,283.38,0.004719,0.05
2020-09-09,283.61,0.005853,0.05
2020-09-10,282.7,0.005933,0.05
2020-09-11,283.03,0.010936,0.05
2020-09-12,281.89,0.01105,0.05
2020-09-13,283.31,0.005206,0.05
2020-09-14,283.14,0.005953,0.05
2020-09-15,282.62,0.00937,0.05
2020-09-16,282.99,0.006654,0.05
2020-09-17,283.33,0.003513,0.05
2020-09-18,283.13,0.003243,0.05
2020-09-19,283.36,0.001967,0.05
2020-09-20,282.86,0.002768,0.05
2020-09-21,282.56,0.002166,0.05
2020-09-22,282.12,0.011948,0.05
2020-09-23,282.18,0.006691,0.05
2020-09-24,282.95,0.006291,0.05
2020-09-25,282.43,0.017521,0.05
2020-09-26,281.14,0.013137,0.05
2020-09-27,281.22,0.007696,0.05
2020-09-28,282.09,0.004007,0.05
2020-09-29,282.83,0.002202,0.05
2020-09-30,282.11,0.003778,0.05
2020-10-01,281.81,0.005047,0.05
2020-10-02,281.59,0.00552,0.05
2020-10-03,281.41,0.008053,0.05
2020-10-04,280.88,0.007685,0.05
2020-10-05,281.39,0.006771,0.05
2020-10-06,281.18,0.006232,0.05
2020-10-07,281.06,0.006629,0.05
2020-10-08,281.77,0.00169,0.05
2020-10-09,281.91,0.001143,0.05
2020-10-10,282.17,0.000489,0.05
2020-10-11,282.12,0.000411,0.05
2020-10-12,281.4,0.001186,0.05
2020-10-13,280.78,0.001209,0.05
2020-10-14,280.36,0.000867,0.05
2020-10-15,280.51,0.000811,0.05
2020-10-16,279.83,0.001188,0.05
2020-10-17,279.61,0.00112,0.05
2020-10-18,279.05,0.002468,0.05
2020-10-19,277.98,0.004011,0.05
2020-10-20,277.12,0.012319,0.05
2020-10-21,275.89,0.004845,0.05
2020-10-22,276.13,0.002406,0.05
2020-10-23,276.64,0.00344,0.05
2020-10-24,278.39,0.002545,0.05
2020-10-25,278.74,0.004186,0.05
2020-10-26,277.02,0.00554,0.05
2020-10-27,275.36,0.005971,0.05
2020-10-28,274.25,0.000307,0.05
2020-10-29,274.41,0.000126,0.05
2020-10-30,274.45,3.2e-05,0.05
2020-10-31,276.08,0.000811,0.05
2020-11-01,277.49,0.001795,0.05
2020-11-02,277.48,0.002385,0.05
2020-11-03,276.04,0.004273,0.05
2020-11-04,274.39,0.005617,0.05
2020-11-05,272.37,0.004484,0.05
2020-11-06,270.37,0.001757,0.05
2020-11-07,269.21,0.000698,0.05
2020-11-08,267.77,7.5e-05,0.05
2020-11-09,266.86,3e-06,0.05
2020-11-10,268.88,3e-06,0.05
2020-11-11,267.68,3.6e-05,0.05
2020-11-12,268.32,2.8e-05,0.05
2020-11-13,268.9,0.0001,0.05
2020-11-14,269.7,4.4e-05,0.05
2020-11-15,269.68,6.1e-05,0.05
2020-11-16,270.97,0.000438,0.05
2020-11-17,270.0,0.001721,0.05
2020-11-18,270.21,0.001923,0.05
2020-11-19,270.19,0.00112,0.05
2020-11-20,269.95,0.001528,0.05
2020-11-21,269.53,0.003841,0.05
2020-11-22,265.97,0.002398,0.05
2020-11-23,264.54,0.00083,0.05
2020-11-24,264.77,0.000915,0.05
2020-11-25,263.12,9.9e-05,0.05
2020-11-26,265.25,3e-05,0.05
2020-11-27,268.58,0.00453,0.05
2020-11-28,262.94,6e-06,0.05
2020-11-29,260.84,1e-06,0.05
2020-11-30,262.55,0.000246,0.05
2020-12-01,261.85,0.000118,0.05
2020-12-02,264.63,0.000778,0.05
2020-12-03,266.07,0.00247,0.05
2020-12-04,263.0,0.000632,0.05
2020-12-05,264.38,0.002753,0.05
2020-12-06,263.49,0.001651,0.05
2020-12-07,260.27,0.000139,0.05
2020-12-08,256.68,6.8e-05,0.05
2020-12-09,257.9,4.2e-05,0.05
2020-12-10,259.3,9.4e-05,0.05
2020-12-11,257.96,0.000136,0.05
2020-12-12,263.03,0.000382,0.05
2020-12-13,265.3,0.000827,0.05
2020-12-14,264.28,0.000372,0.05
2020-12-15,262.8,0.000283,0.05
2020-12-16,264.56,0.000774,0.05
2020-12-17,265.13,0.001119,0.05
2020-12-18,264.85,0.002272,0.05
2020-12-19,259.73,0.000517,0.05
2020-12-20,256.1,2.3e-05,0.05
2020-12-21,256.43,1.1e-05,0.05
2020-12-22,257.3,3.2e-05,0.05
2020-12-23,257.28,9.8e-05,0.05
2020-12-24,261.57,0.000902,0.05
2020-12-25,262.93,0.001983,0.05
2020-12-26,256.86,4.6e-05,0.05
2020-12-27,257.23,7.3e-05,0.05
2020-12-28,258.76,0.000492,0.05
2020-12-29,257.96,0.000134,0.05
2020-12-30,259.2,0.000235,0.05
2020-12-31,257.45,0.000138,0.05
2021-01-01,257.69,4.8e-05,0.05
2021-01-02,257.82,7.1e-05,0.05
2021-01-03,259.08,6.3e-05,0.05
2021-01-04,260.21,3.8e-05,0.05
2021-01-05,263.87,0.001116,0.05
2021-01-06,266.65,0.001197,0.05
2021-01-07,264.52,0.00037,0.05
2021-01-08,261.91,0.000146,0.05
2021-01-09,261.73,0.000106,0.05
2021-01-10,262.39,0.000262,0.05
2021-01-11,262.35,0.000296,0.05
2021-01-12,263.24,0.000652,0.05
2021-01-13,261.34,5.8e-05,0.05
2021-01-14,261.31,1e-06,0.05
2021-01-15,263.87,7e-06,0.05
2021-01-16,265.14,9e-06,0.05
2021-01-17,261.09,2.9e-05,0.05
2021-01-18,263.35,0.00184,0.05
2021-01-19,266.58,0.00386,0.05
2021-01-20,266.14,0.004143,0.05
2021-01-21,262.67,0.000962,0.05
2021-01-22,257.24,5.1e-05,0.05
2021-01-23,260.28,0.000528,0.05
2021-01-24,262.91,0.000724,0.05
2021-01-25,262.96,0.000714,0.05
2021-01-26,263.52,0.000713,0.05
2021-01-27,261.79,0.000173,0.05
2021-01-28,261.31,0.000297,0.05
2021-01-29,262.49,0.00197,0.05
2021-01-30,262.04,0.001289,0.05
2021-01-31,256.53,4.4e-05,0.05
2021-02-01,257.71,3.8e-05,0.05
2021-02-02,258.14,6e-06,0.05
2021-02-03,260.66,0.00016,0.05
2021-02-04,261.16,0.000188,0.05
2021-02-05,262.98,0.001035,0.05
2021-02-06,263.88,0.001196,0.05
2021-02-07,261.61,0.000252,0.05
2021-02-08,258.25,9e-06,0.05
2021-02-09,259.95,2e-06,0.05
2021-02-10,263.78,0.002628,0.05
2021-02-11,262.36,0.001059,0.05
2021-02-12,259.72,0.000127,0.05
2021-02-13,258.87,2.3e-05,0.05
2021-02-14,263.48,0.001987,0.05
2021-02-15,264.7,0.002293,0.05
2021-02-16,265.55,0.002726,0.05
2021-02-17,265.52,0.001222,0.05
2021-02-18,264.96,0.00086,0.05
2021-02-19,261.29,8.4e-05,0.05
2021-02-20,257.25,5.3e-05,0.05
2021-02-21,258.73,1.3e-05,0.05
2021-02-22,260.45,4e-06,0.05
2021-02-23,263.15,0.000661,0.05
2021-02-24,265.81,0.001331,0.05
2021-02-25,264.09,0.000238,0.05
2021-02-26,264.82,0.000379,0.05
2021-02-27,268.8,0.001056,0.05
2021-02-28,270.55,0.001296,0.05
2021-03-01,271.69,0.003137,0.05
2021-03-02,270.56,0.002603,0.05
2021-03-03,269.29,0.001132,0.05
2021-03-04,269.14,0.002683,0.05
2021-03-05,268.97,0.003954,0.05
2021-03-06,267.27,0.00263,0.05
2021-03-07,265.01,0.000505,0.05
2021-03-08,266.51,0.000384,0.05
2021-03-09,266.39,0.000534,0.05
2021-03-10,266.86,0.000921,0.05
2021-03-11,268.89,0.001687,0.05
2021-03-12,265.75,7.9e-05,0.05
2021-03-13,268.35,0.003433,0.05
2021-03-14,270.69,0.00509,0.05
2021-03-15,268.8,0.000483,0.05
2021-03-16,268.2,0.002036,0.05
2021-03-17,269.69,0.001864,0.05
2021-03-18,270.02,0.002662,0.05
2021-03-19,270.42,0.00196,0.05
2021-03-20,271.15,0.013996,0.05
2021-03-21,270.65,0.002665,0.05
2021-03-22,267.85,0.000279,0.05
2021-03-23,266.03,0.000149,0.05
2021-03-24,269.03,0.002856,0.05
2021-03-25,271.56,0.003302,0.05
2021-03-26,267.63,0.001687,0.05
2021-03-27,262.8,7.4e-05,0.05
2021-03-28,266.47,0.000702,0.05
2021-03-29,269.27,0.001152,0.05
2021-03-30,270.63,0.002983,0.05
2021-03-31,272.11,0.003883,0.05
2021-04-01,271.99,0.004719,0.05
2021-04-02,270.5,0.002281,0.05
2021-04-03,271.11,0.00445,0.05
2021-04-04,268.58,0.004566,0.05
2021-04-05,263.48,0.000103,0.05
2021-04-06,266.83,0.000179,0.05
2021-04-07,270.1,0.0012,0.05
2021-04-08,271.9,0.001671,0.05
2021-04-09,271.96,0.004703,0.05
2021-04-10,271.91,0.002027,0.05
2021-04-11,271.77,0.0013,0.05
2021-04-12,271.58,0.004346,0.05
2021-04-13,270.93,0.004507,0.05
2021-04-14,268.36,0.000163,0.05
2021-04-15,269.72,0.000988,0.05
2021-04-16,271.22,0.001423,0.05
2021-04-17,273.06,0.001596,0.05
2021-04-18,273.5,0.004127,0.05
2021-04-19,272.8,0.001762,0.05
2021-04-20,272.3,0.001341,0.05
2021-04-21,272.86,0.001035,0.05
2021-04-22,274.72,0.002977,0.05
2021-04-23,273.86,0.001387,0.05
2021-04-24,274.29,0.002899,0.05
2021-04-25,273.94,0.010736,0.05
2021-04-26,271.14,0.003058,0.05
2021-04-27,272.23,8.8e-05,0.05
2021-04-28,273.47,2.5e-05,0.05
2021-04-29,273.44,1e-06,0.05
2021-04-30,274.84,0.000141,0.05
2021-05-01,274.58,0.000602,0.05
2021-05-02,275.18,0.001797,0.05
2021-05-03,276.01,0.003581,0.05
2021-05-04,275.8,0.00972,0.05
2021-05-05,275.88,0.005143,0.05
2021-05-06,275.55,0.003039,0.05
2021-05-07,275.79,0.004169,0.05
2021-05-08,276.28,0.002995,0.05
2021-05-09,275.49,0.005254,0.05
2021-05-10,276.01,0.003098,0.05
2021-05-11,276.02,0.005538,0.05
2021-05-12,275.92,0.004406,0.05
2021-05-13,276.22,0.005168,0.05
2021-05-14,275.88,0.007046,0.05
2021-05-15,276.33,0.002068,0.05
2021-05-16,277.05,0.001906,0.05
2021-05-17,278.15,0.002075,0.05
2021-05-18,278.31,0.012121,0.05
2021-05-19,279.03,0.005003,0.05
2021-05-20,280.57,0.003589,0.05
2021-05-21,281.02,0.005897,0.05
2021-05-22,281.26,0.00455,0.05
2021-05-23,281.52,0.004298,0.05
2021-05-24,280.92,0.005191,0.05
2021-05-25,280.73,0.00525,0.05
2021-05-26,280.76,0.009207,0.05
2021-05-27,280.33,0.005378,0.05
2021-05-28,280.99,0.00595,0.05
2021-05-29,281.34,0.008929,0.05
2021-05-30,280.73,0.014423,0.05
2021-05-31,280.63,0.008385,0.05
2021-06-01,281.52,0.00924,0.05
2021-06-02,281.86,0.008682,0.05
2021-06-03,281.79,0.011805,0.05
2021-06-04,281.18,0.01726,0.05
2021-06-05,280.29,0.006628,0.05
2021-06-06,281.03,0.020098,0.05
2021-06-07,279.73,0.014265,0.05
2021-06-08,279.95,0.020047,0.05
2021-06-09,279.2,0.001392,0.05
2021-06-10,280.86,0.002832,0.05
2021-06-11,281.96,0.005308,0.05
2021-06-12,281.77,0.00351,0.05
2021-06-13,283.46,0.004703,0.05
2021-06-14,284.39,0.003845,0.05
2021-06-15,284.6,0.0024,0.05
2021-06-16,284.52,0.002168,0.05
2021-06-17,283.98,0.001827,0.05
2021-06-18,283.9,0.001651,0.05
2021-06-19,284.03,0.001595,0.05
2021-06-20,283.54,0.003913,0.05
2021-06-21,284.04,0.00219,0.05
2021-06-22,284.1,0.003672,0.05
2021-06-23,284.38,0.004185,0.05
2021-06-24,284.41,0.003135,0.05
2021-06-25,283.78,0.005879,0.05
2021-06-26,284.22,0.00298,0.05
2021-06-27,284.65,0.00486,0.05
2021-06-28,284.66,0.00693,0.05
2021-06-29,284.61,0.011631,0.05
2021-06-30,284.13,0.011512,0.05
2021-07-01,283.02,0.020145,0.05
2021-07-02,279.04,0.023002,0.05
2021-07-03,282.03,0.008278,0.05
2021-07-04,283.26,0.008646,0.05
2021-07-05,281.55,0.017559,0.05
2021-07-06,283.49,0.00748,0.05
2021-07-07,283.95,0.005378,0.05
2021-07-08,283.51,0.007857,0.05
2021-07-09,282.73,0.014854,0.05
2021-07-10,280.7,0.009112,0.05
2021-07-11,283.67,0.001646,0.05
2021-07-12,284.51,0.002116,0.05
2021-07-13,283.95,0.00468,0.05
2021-07-14,283.31,0.007173,0.05
2021-07-15,284.54,0.004788,0.05
2021-07-16,285.13,0.005172,0.05
2021-07-17,284.95,0.007275,0.05
2021-07-18,283.28,0.006879,0.05
2021-07-19,284.29,0.004182,0.05
2021-07-20,284.02,0.004495,0.05
2021-07-21,284.39,0.001502,0.05
2021-07-22,285.16,0.000703,0.05
2021-07-23,285.33,0.001505,0.05
2021-07-24,286.3,0.002869,0.05
2021-07-25,286.8,0.001117,0.05
2021-07-26,285.17,0.022471,0.05
2021-07-27,282.54,0.015278,0.05
2021-07-28,283.39,0.008185,0.05
2021-07-29,283.19,0.014907,0.05
2021-07-30,283.12,0.005947,0.05
2021-07-31,284.31,0.003147,0.05
2021-08-01,284.35,0.003249,0.05
2021-08-02,284.33,0.003376,0.05
2021-08-03,281.78,0.005867,0.05
2021-08-04,283.95,0.000408,0.05
2021-08-05,284.19,0.000347,0.05
2021-08-06,284.14,0.00075,0.05
2021-08-07,284.7,0.001294,0.05
2021-08-08,284.93,0.004188,0.05
2021-08-09,284.95,0.003976,0.05
2021-08-10,284.68,0.006244,0.05
2021-08-11,284.74,0.00639,0.05
2021-08-12,284.29,0.017967,0.05
2021-08-13,283.24,0.01168,0.05
2021-08-14,283.23,0.012698,0.05
2021-08-15,283.54,0.007598,0.05
2021-08-16,283.98,0.003904,0.05
2021-08-17,284.6,0.005271,0.05
2021-08-18,283.79,0.007883,0.05
2021-08-19,283.86,0.011234,0.05
2021-08-20,283.19,0.005039,0.05
2021-08-21,284.08,0.005539,0.05
2021-08-22,282.86,0.012376,0.05
2021-08-23,284.21,0.00483,0.05
2021-08-24,284.07,0.011888,0.05
2021-08-25,282.61,0.022645,0.05
2021-08-26,281.98,0.004996,0.05
2021-08-27,282.0,0.011545,0.05
2021-08-28,280.19,0.012449,0.05
2021-08-29,281.17,0.006806,0.05
2021-08-30,281.9,0.007829,0.05
2021-08-31,282.94,0.00585,0.05
2021-09-01,283.54,0.00373,0.05
2021-09-02,283.19,0.004685,0.05
2021-09-03,283.43,0.005012,0.05
2021-09-04,283.63,0.006306,0.05
2021-09-05,283.34,0.018307,0.05
2021-09-06,280.59,0.013564,0.05
2021-09-07,280.76,0.008685,0.05
2021-09-08,281.86,0.007572,0.05
2021-09-09,279.19,0.013011,0.05
2021-09-10,280.51,0.007172,0.05
2021-09-11,280.43,0.0059,0.05
2021-09-12,281.95,0.004793,0.05
2021-09-13,282.08,0.004361,0.05
2021-09-14,282.66,0.001237,0.05
2021-09-15,282.3,0.003285,0.05
2021-09-16,282.25,0.003087,0.05
2021-09-17,280.61,0.021304,0.05
2021-09-18,279.43,0.000345,0.05
2021-09-19,279.43,0.0,0.05
2021-09-20,280.95,0.000161,0.05
2021-09-21,279.76,0.001411,0.05
2021-09-22,281.18,0.0013,0.05
2021-09-23,281.33,0.002686,0.05
2021-09-24,281.65,0.005169,0.05
2021-09-25,280.7,0.0071,0.05
2021-09-26,280.99,0.00411,0.05
2021-09-27,279.45,0.00364,0.05
2021-09-28,280.33,3e-05,0.05
2021-09-29,280.17,0.001569,0.05
2021-09-30,280.93,9.4e-05,0.05
2021-10-01,281.93,0.000136,0.05
2021-10-02,281.18,0.000915,0.05
2021-10-03,280.53,0.005898,0.05
2021-10-04,279.88,0.008248,0.05
2021-10-05,280.47,0.007125,0.05
2021-10-06,281.15,0.002575,0.05
2021-10-07,281.14,0.001855,0.05
2021-10-08,281.39,0.001513,0.05
2021-10-09,279.89,0.004877,0.05
2021-10-10,280.28,0.002474,0.05
2021-10-11,281.03,0.000897,0.05
2021-10-12,281.32,0.000111,0.05
2021-10-13,281.28,8.1e-05,0.05
2021-10-14,281.19,7e-05,0.05
2021-10-15,281.47,0.001594,0.05
2021-10-16,281.37,0.001897,0.05
2021-10-17,281.4,0.001305,0.05
2021-10-18,280.58,0.001991,0.05
2021-10-19,280.17,0.002902,0.05
2021-10-20,279.57,0.005564,0.05
2021-10-21,278.85,0.016821,0.05
2021-10-22,275.75,0.005082,0.05
2021-10-23,275.01,0.000331,0.05
2021-10-24,275.05,0.000415,0.05
2021-10-25,274.62,0.006871,0.05
2021-10-26,273.48,0.004887,0.05
2021-10-27,273.34,0.002305,0.05
2021-10-28,271.73,0.00224,0.05
2021-10-29,271.45,0.00117,0.05
2021-10-30,271.49,0.002085,0.05
2021-10-31,271.48,0.006041,0.05
2021-11-01,271.06,0.002875,0.05
2021-11-02,270.02,0.001441,0.05
2021-11-03,269.71,0.002156,0.05
2021-11-04,269.23,0.002228,0.05
2021-11-05,266.65,0.000464,0.05
2021-11-06,263.59,0.000209,0.05
2021-11-07,263.18,0.000194,0.05
2021-11-08,265.16,0.000275,0.05
2021-11-09,262.75,7e-05,0.05
2021-11-10,264.87,0.000123,0.05
2021-11-11,265.77,0.000386,0.05
2021-11-12,266.99,0.000401,0.05
2021-11-13,266.54,0.000556,0.05
2021-11-14,267.18,0.000249,0.05
2021-11-15,269.32,0.002228,0.05
2021-11-16,268.21,0.001101,0.05
2021-11-17,263.21,3.7e-05,0.05
2021-11-18,265.05,3.1e-05,0.05
2021-11-19,266.48,0.000237,0.05
2021-11-20,268.95,0.002316,0.05
2021-11-21,270.79,0.003812,0.05
2021-11-22,269.75,0.007585,0.05
2021-11-23,264.3,0.000445,0.05
2021-11-24,259.89,5e-06,0.05
2021-11-25,262.03,0.00073,0.05
2021-11-26,262.21,0.000651,0.05
2021-11-27,262.37,0.00056,0.05
2021-11-28,259.79,0.000129,0.05
2021-11-29,257.76,7.1e-05,0.05
2021-11-30,258.02,9.3e-05,0.05
2021-12-01,260.5,2.3e-05,0.05
2021-12-02,263.8,4e-06,0.05
2021-12-03,265.79,6.5e-05,0.05
2021-12-04,266.98,0.000243,0.05
2021-12-05,264.57,0.00016,0.05
2021-12-06,268.75,0.001681,0.05
2021-12-07,269.31,0.00165,0.05
2021-12-08,265.24,0.000207,0.05
2021-12-09,267.57,0.001511,0.05
2021-12-10,267.63,0.003448,0.05
2021-12-11,260.34,1e-05,0.05
2021-12-12,254.99,5e-06,0.05
2021-12-13,255.45,4.4e-05,0.05
2021-12-14,259.5,0.000384,0.05
2021-12-15,261.62,0.000335,0.05
2021-12-16,260.43,5.3e-05,0.05
2021-12-17,262.38,0.000597,0.05
2021-12-18,265.38,0.001207,0.05
2021-12-19,263.8,0.001831,0.05
2021-12-20,257.33,4.7e-05,0.05
2021-12-21,255.38,4.5e-05,0.05
2021-12-22,258.95,0.000502,0.05
2021-12-23,254.11,5.4e-05,0.05
2021-12-24,256.46,0.000268,0.05
2021-12-25,259.77,0.000677,0.05
2021-12-26,258.93,0.000766,0.05
2021-12-27,259.78,0.000677,0.05
2021-12-28,257.51,0.000182,0.05
2021-12-29,261.16,0.001351,0.05
2021-12-30,263.76,0.001782,0.05
2021-12-31,257.91,0.000203,0.05
2022-01-01,254.56,4.3e-05,0.05
2022-01-02,257.75,8.3e-05,0.05
2022-01-03,257.14,0.001696,0.05
2022-01-04,254.55,3.6e-05,0.05
2022-01-05,254.22,4.1e-05,0.05
2022-01-06,257.57,4.8e-05,0.05
2022-01-07,257.97,0.000217,0.05
2022-01-08,258.56,0.000111,0.05
2022-01-09,261.04,0.000189,0.05
2022-01-10,264.12,0.001009,0.05
2022-01-11,263.59,0.000616,0.05
2022-01-12,264.31,0.002913,0.05
2022-01-13,259.7,0.000603,0.05
2022-01-14,258.07,0.000437,0.05
2022-01-15,259.82,0.001459,0.05
2022-01-16,256.14,8e-06,0.05
2022-01-17,252.92,3e-06,0.05
2022-01-18,254.58,1.9e-05,0.05
2022-01-19,255.99,0.000374,0.05
2022-01-20,255.27,0.000326,0.05
2022-01-21,256.26,0.000275,0.05
2022-01-22,257.16,0.000363,0.05
2022-01-23,258.62,0.000546,0.05
2022-01-24,258.83,0.000525,0.05
2022-01-25,259.34,0.000798,0.05
2022-01-26,261.56,0.001446,0.05
2022-01-27,261.59,0.001148,0.05
2022-01-28,258.61,0.000382,0.05
2022-01-29,256.28,8e-06,0.05
2022-01-30,256.75,3.9e-05,0.05
2022-01-31,259.56,0.001742,0.05
2022-02-01,262.11,0.002885,0.05
2022-02-02,259.69,0.000529,0.05
2022-02-03,260.25,0.001065,0.05
2022-02-04,261.48,0.003095,0.05
2022-02-05,262.63,0.005062,0.05
2022-02-06,255.88,2.5e-05,0.05
2022-02-07,256.19,0.00023,0.05
2022-02-08,255.32,0.000117,0.05
2022-02-09,256.46,0.000492,0.05
2022-02-10,259.23,0.001224,0.05
2022-02-11,261.6,0.003458,0.05
2022-02-12,257.9,2.2e-05,0.05
2022-02-13,254.59,3e-06,0.05
2022-02-14,255.3,4e-06,0.05
2022-02-15,257.25,0.000265,0.05
2022-02-16,258.06,0.000477,0.05
2022-02-17,258.12,0.000208,0.05
2022-02-18,258.66,0.000343,0.05
2022-02-19,263.7,0.003964,0.05
2022-02-20,264.0,0.004716,0.05
2022-02-21,262.47,0.001697,0.05
2022-02-22,257.5,3.6e-05,0.05
2022-02-23,257.83,0.000249,0.05
2022-02-24,258.33,0.000105,0.05
2022-02-25,260.73,0.001239,0.05
2022-02-26,263.52,0.001395,0.05
2022-02-27,264.05,0.001576,0.05
2022-02-28,261.46,0.000407,0.05
2022-03-01,257.93,8.8e-05,0.05
2022-03-02,260.76,9.4e-05,0.05
2022-03-03,260.03,0.000138,0.05
2022-03-04,264.04,0.000977,0.05
2022-03-05,263.9,0.000335,0.05
2022-03-06,260.14,2.7e-05,0.05
2022-03-07,261.69,2e-06,0.05
2022-03-08,262.49,0.0,0.05
2022-03-09,264.68,0.000126,0.05
2022-03-10,266.55,0.000144,0.05
2022-03-11,268.99,0.001188,0.05
2022-03-12,270.24,0.002826,0.05
2022-03-13,267.98,0.000342,0.05
2022-03-14,265.27,3e-05,0.05
2022-03-15,265.48,5e-06,0.05
2022-03-16,266.49,1.3e-05,0.05
2022-03-17,268.18,1e-06,0.05
2022-03-18,268.89,0.0,0.05
2022-03-19,270.18,0.000101,0.05
2022-03-20,273.01,0.002129,0.05
2022-03-21,274.34,0.006911,0.05
2022-03-22,273.52,0.012965,0.05
2022-03-23,273.74,0.002747,0.05
2022-03-24,273.59,0.005046,0.05
2022-03-25,273.13,0.002268,0.05
2022-03-26,272.1,0.001852,0.05
2022-03-27,270.76,0.000208,0.05
2022-03-28,272.14,0.000693,0.05
2022-03-29,272.49,0.000478,0.05
2022-03-30,273.99,0.001393,0.05
2022-03-31,274.48,0.011246,0.05
2022-04-01,271.94,0.007945,0.05
2022-04-02,271.34,0.001517,0.05
2022-04-03,273.33,0.015282,0.05
2022-04-04,273.37,0.007516,0.05
2022-04-05,272.75,0.000932,0.05
2022-04-06,271.35,0.000569,0.05
2022-04-07,272.73,0.002552,0.05
2022-04-08,272.41,0.002638,0.05
2022-04-09,270.69,0.000119,0.05
2022-04-10,272.26,0.003483,0.05
2022-04-11,272.13,5.1e-05,0.05
2022-04-12,273.4,0.000227,0.05
2022-04-13,274.2,0.004547,0.05
2022-04-14,274.46,0.006744,0.05
2022-04-15,274.51,0.00166,0.05
2022-04-16,273.75,0.004268,0.05
2022-04-17,272.69,0.006794,0.05
2022-04-18,269.73,3.7e-05,0.05
2022-04-19,271.0,1.3e-05,0.05
2022-04-20,270.05,1e-06,0.05
2022-04-21,273.02,0.000149,0.05
2022-04-22,274.95,0.00254,0.05
2022-04-23,275.34,0.006633,0.05
2022-04-24,275.1,0.006142,0.05
2022-04-25,274.45,0.005092,0.05
2022-04-26,275.25,0.002688,0.05
2022-04-27,273.59,0.004038,0.05
2022-04-28,274.79,0.000314,0.05
2022-04-29,274.64,0.001334,0.05
2022-04-30,274.3,1.2e-05,0.05
2022-05-01,275.15,2.1e-05,0.05
2022-05-02,275.38,0.00652,0.05
2022-05-03,273.29,0.007631,0.05
2022-05-04,272.07,5.1e-05,0.05
2022-05-05,273.73,1.7e-05,0.05
2022-05-06,276.55,0.000354,0.05
2022-05-07,277.41,0.001807,0.05
2022-05-08,277.61,0.004534,0.05
2022-05-09,278.14,0.002832,0.05
2022-05-10,278.33,0.0094,0.05
2022-05-11,277.36,0.005289,0.05
2022-05-12,279.52,0.001783,0.05
2022-05-13,279.35,0.014647,0.05
2022-05-14,277.72,0.01936,0.05
2022-05-15,278.67,0.000199,0.05
2022-05-16,276.94,0.011269,0.05
2022-05-17,278.88,0.007144,0.05
2022-05-18,278.73,0.008395,0.05
2022-05-19,278.64,0.011954,0.05
2022-05-20,277.81,0.016577,0.05
2022-05-21,277.58,0.01298,0.05
2022-05-22,277.75,0.005794,0.05
2022-05-23,278.15,0.006745,0.05
2022-05-24,281.08,0.001102,0.05
2022-05-25,281.07,0.006437,0.05
2022-05-26,280.4,0.006425,0.05
2022-05-27,279.26,0.009475,0.05
2022-05-28,279.84,0.005399,0.05
2022-05-29,281.21,0.002976,0.05
2022-05-30,280.99,0.005269,0.05
2022-05-31,281.53,0.005215,0.05
2022-06-01,282.35,0.003835,0.05
2022-06-02,282.48,0.00444,0.05
2022-06-03,282.36,0.006342,0.05
2022-06-04,282.67,0.007095,0.05
2022-06-05,283.02,0.004782,0.05
2022-06-06,283.82,0.002066,0.05
2022-06-07,282.97,0.004409,0.05
2022-06-08,281.39,0.003426,0.05
2022-06-09,281.27,0.003459,0.05
2022-06-10,282.17,0.005202,0.05
2022-06-11,282.42,0.007357,0.05
2022-06-12,281.97,0.006442,0.05
2022-06-13,281.83,0.008171,0.05
2022-06-14,282.23,0.006211,0.05
2022-06-15,281.75,0.010902,0.05
2022-06-16,281.22,0.008559,0.05
2022-06-17,281.83,0.006336,0.05
2022-06-18,281.88,0.006509,0.05
2022-06-19,282.56,0.006085,0.05
2022-06-20,282.67,0.004481,0.05
2022-06-21,283.59,0.003128,0.05
2022-06-22,284.73,0.001955,0.05
2022-06-23,285.06,0.003498,0.05
2022-06-24,284.67,0.005099,0.05
2022-06-25,284.16,0.010088,0.05
2022-06-26,283.79,0.014438,0.05
2022-06-27,283.05,0.008331,0.05
2022-06-28,283.2,0.009497,0.05
2022-06-29,282.88,0.009492,0.05
2022-06-30,282.9,0.005593,0.05
2022-07-01,283.68,0.003717,0.05
2022-07-02,284.4,0.002717,0.05
2022-07-03,284.5,0.001507,0.05
2022-07-04,284.3,0.002513,0.05
2022-07-05,286.42,0.000627,0.05
2022-07-06,285.2,0.00124,0.05
2022-07-07,286.38,0.000179,0.05
2022-07-08,285.52,0.002761,0.05
2022-07-09,285.17,0.001778,0.05
2022-07-10,284.99,0.000764,0.05
2022-07-11,285.0,0.001702,0.05
2022-07-12,285.07,0.001069,0.05
2022-07-13,284.38,0.001985,0.05
2022-07-14,284.37,0.001297,0.05
2022-07-15,285.03,7.6e-05,0.05
2022-07-16,285.73,0.000184,0.05
2022-07-17,285.62,0.001967,0.05
2022-07-18,285.11,0.00982,0.05
2022-07-19,285.37,0.003515,0.05
2022-07-20,284.78,0.001923,0.05
2022-07-21,282.18,0.017778,0.05
2022-07-22,283.29,0.001827,0.05
2022-07-23,282.93,0.003512,0.05
2022-07-24,284.04,0.001748,0.05
2022-07-25,283.42,0.003815,0.05
2022-07-26,284.08,0.004318,0.05
2022-07-27,283.81,0.005336,0.05
2022-07-28,284.08,0.004216,0.05
2022-07-29,283.83,0.005264,0.05
2022-07-30,283.41,0.006187,0.05
2022-07-31,283.66,0.006395,0.05
2022-08-01,284.57,0.003526,0.05
2022-08-02,285.03,0.002081,0.05
2022-08-03,284.71,0.002825,0.05
2022-08-04,285.65,0.000896,0.05
2022-08-05,285.13,0.006239,0.05
2022-08-06,284.46,0.00472,0.05
2022-08-07,285.27,0.000997,0.05
2022-08-08,285.62,0.001014,0.05
2022-08-09,285.96,0.001101,0.05
2022-08-10,284.47,0.004151,0.05
2022-08-11,285.54,0.00033,0.05
2022-08-12,286.54,0.000816,0.05
2022-08-13,284.24,0.003277,0.05
2022-08-14,284.25,0.00129,0.05
2022-08-15,285.04,0.000594,0.05
2022-08-16,284.65,0.001618,0.05
2022-08-17,285.23,0.002601,0.05
2022-08-18,285.34,0.003335,0.05
2022-08-19,284.27,0.005722,0.05
2022-08-20,284.62,0.00124,0.05
2022-08-21,284.17,0.000975,0.05
2022-08-22,285.17,0.000384,0.05
2022-08-23,284.44,0.001265,0.05
2022-08-24,285.86,0.000231,0.05
2022-08-25,285.32,0.002037,0.05
2022-08-26,285.51,0.003251,0.05
2022-08-27,284.86,0.002509,0.05
2022-08-28,284.53,0.003761,0.05
2022-08-29,283.91,0.004903,0.05
2022-08-30,284.01,0.006885,0.05
2022-08-31,282.65,0.012548,0.05
2022-09-01,283.32,0.010316,0.05
2022-09-02,282.67,0.015359,0.05
2022-09-03,279.08,0.03259,0.05
2022-09-04,275.04,0.035494,0.05
2022-09-05,276.93,0.008467,0.05
2022-09-06,278.8,0.008703,0.05
2022-09-07,278.7,0.008297,0.05
2022-09-08,277.43,0.006348,0.05
2022-09-09,279.01,0.004949,0.05
2022-09-10,280.34,0.00146,0.05
2022-09-11,282.02,0.00113,0.05
2022-09-12,281.85,0.002591,0.05
2022-09-13,282.4,0.003032,0.05
2022-09-14,282.14,0.006551,0.05
2022-09-15,282.67,0.003655,0.05
2022-09-16,282.98,0.003187,0.05
2022-09-17,282.5,0.00271,0.05
2022-09-18,283.61,0.001373,0.05
2022-09-19,283.93,0.000505,0.05
2022-09-20,283.97,0.000483,0.05
2022-09-21,282.73,0.004611,0.05
2022-09-22,281.39,0.012622,0.05
2022-09-23,280.44,0.011555,0.05
2022-09-24,279.73,0.014317,0.05
2022-09-25,278.09,0.00834,0.05
2022-09-26,279.71,0.004954,0.05
2022-09-27,278.47,0.019259,0.05
2022-09-28,278.93,0.005849,0.05
2022-09-29,279.57,0.007831,0.05
2022-09-30,280.05,0.00499,0.05
2022-10-01,281.25,0.002582,0.05
2022-10-02,281.61,0.001946,0.05
2022-10-03,281.38,0.008208,0.05
2022-10-04,281.66,0.005204,0.05
2022-10-05,280.85,0.006384,0.05
2022-10-06,280.96,0.006777,0.05
2022-10-07,281.06,0.006167,0.05
2022-10-08,280.37,0.008722,0.05
2022-10-09,279.7,0.005411,0.05
2022-10-10,279.74,0.006833,0.05
2022-10-11,279.03,0.007677,0.05
2022-10-12,279.12,0.006581,0.05
2022-10-13,278.56,0.009492,0.05
2022-10-14,278.21,0.007526,0.05
2022-10-15,277.76,0.006065,0.05
2022-10-16,276.74,0.003398,0.05
2022-10-17,275.84,0.002395,0.05
2022-10-18,274.91,0.00509,0.05
2022-10-19,273.73,0.003204,0.05
2022-10-20,272.17,0.001979,0.05
2022-10-21,272.38,0.000312,0.05
2022-10-22,272.74,5.2e-05,0.05
2022-10-23,273.81,0.001152,0.05
2022-10-24,274.53,0.013752,0.05
2022-10-25,274.11,0.016958,0.05
2022-10-26,272.97,0.002488,0.05
2022-10-27,271.32,0.000951,0.05
2022-10-28,270.68,0.001659,0.05
2022-10-29,268.21,0.000234,0.05
2022-10-30,265.3,5e-05,0.05
2022-10-31,265.26,4.7e-05,0.05
2022-11-01,265.93,0.000146,0.05
2022-11-02,267.27,0.000303,0.05
2022-11-03,267.4,0.000475,0.05
2022-11-04,262.42,3.6e-05,0.05
2022-11-05,263.49,4e-06,0.05
2022-11-06,266.22,0.000741,0.05
2022-11-07,265.66,0.000717,0.05
2022-11-08,266.71,0.000314,0.05
2022-11-09,270.45,0.001492,0.05
2022-11-10,271.44,0.00195,0.05
2022-11-11,269.31,0.001652,0.05
2022-11-12,267.44,0.001565,0.05
2022-11-13,266.91,0.000869,0.05
2022-11-14,266.16,0.000421,0.05
2022-11-15,266.62,0.000662,0.05
2022-11-16,267.85,0.001295,0.05
2022-11-17,266.55,0.000716,0.05
2022-11-18,263.53,0.000193,0.05
2022-11-19,263.55,3.2e-05,0.05
2022-11-20,266.29,0.000512,0.05
2022-11-21,265.17,0.000359,0.05
2022-11-22,265.07,0.000306,0.05
2022-11-23,267.19,0.000535,0.05
2022-11-24,265.37,0.000281,0.05
2022-11-25,261.68,2.1e-05,0.05
2022-11-26,263.97,1.2e-05,0.05
2022-11-27,266.33,0.000309,0.05
2022-11-28,266.16,0.00048,0.05
2022-11-29,265.56,0.000255,0.05
2022-11-30,267.0,0.000446,0.05
2022-12-01,265.53,0.000177,0.05
2022-12-02,264.22,4.8e-05,0.05
2022-12-03,267.09,0.000611,0.05
2022-12-04,266.81,0.0005,0.05
2022-12-05,267.39,0.000852,0.05
2022-12-06,266.22,0.000285,0.05
2022-12-07,263.91,0.000128,0.05
2022-12-08,263.32,3.4e-05,0.05
2022-12-09,262.85,0.000115,0.05
2022-12-10,263.24,9.2e-05,0.05
2022-12-11,265.08,1.3e-05,0.05
2022-12-12,266.75,4e-06,0.05
2022-12-13,267.14,6e-06,0.05
2022-12-14,266.61,0.000276,0.05
2022-12-15,265.15,0.000123,0.05
2022-12-16,264.8,9e-05,0.05
2022-12-17,266.93,0.00116,0.05
2022-12-18,264.62,5e-05,0.05
2022-12-19,265.58,0.000375,0.05
2022-12-20,264.27,4.9e-05,0.05
2022-12-21,265.78,0.000189,0.05
2022-12-22,267.1,0.00064,0.05
2022-12-23,266.0,0.000161,0.05
2022-12-24,267.36,0.002151,0.05
2022-12-25,267.01,0.002619,0.05
2022-12-26,266.35,0.004786,0.05
2022-12-27,264.07,0.00168,0.05
2022-12-28,259.3,0.000676,0.05
2022-12-29,255.76,3.6e-05,0.05
2022-12-30,257.83,7.1e-05,0.05
2022-12-31,258.33,0.000366,0.05
2023-01-01,259.53,0.000355,0.05
2023-01-02,261.48,0.000815,0.05
2023-01-03,261.02,0.000319,0.05
2023-01-04,262.29,0.001198,0.05
2023-01-05,260.6,3.7e-05,0.05
2023-01-06,255.86,3e-06,0.05
2023-01-07,254.58,3e-06,0.05
2023-01-08,257.06,2e-06,0.05
2023-01-09,258.38,4e-06,0.05
2023-01-10,261.14,0.000478,0.05
2023-01-11,259.74,0.000117,0.05
2023-01-12,262.51,0.001128,0.05
2023-01-13,263.62,0.000764,0.05
2023-01-14,263.08,0.00063,0.05
2023-01-15,262.86,0.000703,0.05
2023-01-16,263.77,0.001271,0.05
2023-01-17,264.4,0.001992,0.05
2023-01-18,261.59,0.000198,0.05
2023-01-19,259.17,0.00014,0.05
2023-01-20,259.15,0.000136,0.05
2023-01-21,259.88,0.000156,0.05
2023-01-22,259.8,0.000206,0.05
2023-01-23,259.96,8e-05,0.05
2023-01-24,261.43,0.0001,0.05
2023-01-25,261.81,6.9e-05,0.05
2023-01-26,262.18,5.3e-05,0.05
2023-01-27,263.83,9.1e-05,0.05
2023-01-28,264.06,9.6e-05,0.05
2023-01-29,265.68,1.3e-05,0.05
2023-01-30,267.61,1e-06,0.05
2023-01-31,270.04,0.000592,0.05
2023-02-01,270.76,0.005237,0.05
2023-02-02,265.46,1.7e-05,0.05
2023-02-03,264.37,0.000445,0.05
2023-02-04,266.64,0.00191,0.05
2023-02-05,265.98,0.000514,0.05
2023-02-06,266.26,0.002359,0.05
2023-02-07,266.98,0.004497,0.05
2023-02-08,264.81,0.000921,0.05
2023-02-09,263.24,0.000595,0.05
2023-02-10,263.04,0.000427,0.05
2023-02-11,265.04,0.000905,0.05
2023-02-12,267.49,0.002955,0.05
2023-02-13,264.15,0.001262,0.05
2023-02-14,261.09,2e-06,0.05
2023-02-15,261.63,0.00124,0.05
2023-02-16,260.33,5.6e-05,0.05
2023-02-17,261.98,2.7e-05,0.05
2023-02-18,264.22,2.7e-05,0.05
2023-02-19,266.37,0.001283,0.05
2023-02-20,269.68,0.0017,0.05
2023-02-21,270.03,0.004708,0.05
2023-02-22,268.72,0.004578,0.05
2023-02-23,267.13,0.002784,0.05
2023-02-24,263.72,0.001179,0.05
2023-02-25,261.35,0.00093,0.05
2023-02-26,265.83,0.002269,0.05
2023-02-27,265.39,0.001504,0.05
2023-02-28,262.06,0.000567,0.05
2023-03-01,258.92,8.3e-05,0.05
2023-03-02,259.56,0.00018,0.05
2023-03-03,258.63,3.2e-05,0.05
2023-03-04,260.26,0.000137,0.05
2023-03-05,266.03,0.001957,0.05
2023-03-06,268.18,0.002435,0.05
2023-03-07,267.57,0.001183,0.05
2023-03-08,267.65,0.001601,0.05
2023-03-09,268.52,0.001392,0.05
2023-03-10,267.51,0.000621,0.05
2023-03-11,266.72,0.000287,0.05
2023-03-12,265.01,1.5e-05,0.05
2023-03-13,261.16,2e-06,0.05
2023-03-14,265.02,0.001324,0.05
2023-03-15,268.16,0.002588,0.05
2023-03-16,268.17,0.000543,0.05
2023-03-17,269.63,0.00148,0.05
2023-03-18,269.02,0.000938,0.05
2023-03-19,270.25,0.001654,0.05
2023-03-20,271.06,0.001886,0.05
2023-03-21,270.68,0.003939,0.05
2023-03-22,269.87,0.001885,0.05
2023-03-23,268.79,0.00215,0.05
2023-03-24,266.43,0.000234,0.05
2023-03-25,266.56,0.00059,0.05
2023-03-26,270.03,0.004273,0.05
2023-03-27,270.22,0.004287,0.05
2023-03-28,268.64,0.005004,0.05
2023-03-29,268.09,0.000786,0.05
2023-03-30,267.37,0.001446,0.05
2023-03-31,265.96,0.000492,0.05
2023-04-01,270.02,0.003224,0.05
2023-04-02,270.07,0.004806,0.05
2023-04-03,268.97,0.001166,0.05
2023-04-04,269.83,0.002574,0.05
2023-04-05,271.77,0.001849,0.05
2023-04-06,272.41,0.002258,0.05
2023-04-07,272.02,0.001604,0.05
2023-04-08,272.17,0.001334,0.05
2023-04-09,273.0,0.008601,0.05
2023-04-10,271.81,0.002611,0.05
2023-04-11,271.52,0.000732,0.05
2023-04-12,271.7,0.002073,0.05
2023-04-13,271.41,0.001111,0.05
2023-04-14,271.4,2.1e-05,0.05
2023-04-15,273.48,1e-05,0.05
2023-04-16,274.2,0.006135,0.05
2023-04-17,273.33,0.000232,0.05
2023-04-18,275.05,0.000344,0.05
2023-04-19,275.43,0.00107,0.05
2023-04-20,275.45,0.002387,0.05
2023-04-21,275.59,0.003848,0.05
2023-04-22,274.15,0.008836,0.05
2023-04-23,273.59,0.003408,0.05
2023-04-24,272.85,0.007747,0.05
2023-04-25,272.9,0.00519,0.05
2023-04-26,272.83,0.002112,0.05
2023-04-27,274.41,0.001859,0.05
2023-04-28,274.46,0.00474,0.05
2023-04-29,274.83,0.006079,0.05
2023-04-30,274.16,0.005022,0.05
2023-05-01,274.68,0.005004,0.05
2023-05-02,274.38,0.007681,0.05
2023-05-03,275.02,0.001933,0.05
2023-05-04,275.65,0.003329,0.05
2023-05-05,275.82,0.00725,0.05
2023-05-06,275.55,0.004552,0.05
2023-05-07,275.25,0.006939,0.05
2023-05-08,276.06,0.006379,0.05
2023-05-09,274.72,0.007336,0.05
2023-05-10,274.75,0.003621,0.05
2023-05-11,274.24,0.017242,0.05
2023-05-12,272.91,0.009487,0.05
2023-05-13,270.99,5e-05,0.05
2023-05-14,270.42,2e-06,0.05
2023-05-15,274.31,0.001172,0.05
2023-05-16,275.49,0.005368,0.05
2023-05-17,276.29,0.00633,0.05
2023-05-18,276.88,0.006191,0.05
2023-05-19,276.86,0.004348,0.05
2023-05-20,276.74,0.003702,0.05
2023-05-21,276.68,0.008625,0.05
2023-05-22,275.29,0.004614,0.05
2023-05-23,277.09,6.5e-05,0.05
2023-05-24,277.97,0.000449,0.05
2023-05-25,278.4,0.001555,0.05
2023-05-26,277.49,0.004147,0.05
2023-05-27,277.29,0.004066,0.05
2023-05-28,277.8,0.001472,0.05
2023-05-29,279.22,0.000317,0.05
2023-05-30,280.37,0.000183,0.05
2023-05-31,281.31,0.000292,0.05
2023-06-01,281.19,0.00196,0.05
2023-06-02,279.91,0.007491,0.05
2023-06-03,279.28,0.007461,0.05
2023-06-04,279.61,0.007012,0.05
2023-06-05,281.11,0.00346,0.05
2023-06-06,280.67,0.006225,0.05
2023-06-07,281.75,0.001015,0.05
2023-06-08,281.89,0.004301,0.05
2023-06-09,281.46,0.012757,0.05
2023-06-10,281.2,0.013304,0.05
2023-06-11,280.77,0.011315,0.05
2023-06-12,280.8,0.010824,0.05
2023-06-13,280.85,0.017347,0.05
2023-06-14,278.91,0.018461,0.05
2023-06-15,279.36,0.009966,0.05
2023-06-16,279.98,0.007977,0.05
2023-06-17,280.63,0.005283,0.05
2023-06-18,281.95,0.003347,0.05
2023-06-19,281.89,0.007911,0.05
2023-06-20,281.56,0.004555,0.05
2023-06-21,281.78,0.006989,0.05
2023-06-22,283.48,0.000435,0.05
2023-06-23,284.43,9e-06,0.05
2023-06-24,284.99,5.9e-05,0.05
2023-06-25,284.35,0.001613,0.05
2023-06-26,284.2,0.001442,0.05
2023-06-27,284.04,0.002549,0.05
2023-06-28,284.17,0.003326,0.05
2023-06-29,283.96,0.00531,0.05
2023-06-30,283.96,0.005442,0.05
2023-07-01,284.2,0.00528,0.05
2023-07-02,284.27,0.006303,0.05
2023-07-03,282.96,0.011637,0.05
2023-07-04,283.96,0.010556,0.05
2023-07-05,283.69,0.008083,0.05
2023-07-06,284.0,0.008504,0.05
2023-07-07,283.22,0.012042,0.05
2023-07-08,285.2,0.006131,0.05
2023-07-09,285.82,0.002261,0.05
2023-07-10,285.89,0.004522,0.05
2023-07-11,285.41,0.014561,0.05
2023-07-12,284.78,0.009837,0.05
2023-07-13,284.55,0.009898,0.05
2023-07-14,284.76,0.008706,0.05
2023-07-15,284.34,0.011606,0.05
2023-07-16,282.38,0.027273,0.05
2023-07-17,282.44,0.005847,0.05
2023-07-18,283.51,0.00336,0.05
2023-07-19,283.92,0.005831,0.05
2023-07-20,284.73,0.005152,0.05
2023-07-21,284.53,0.004877,0.05
2023-07-22,285.02,0.001228,0.05
2023-07-23,284.39,0.004267,0.05
2023-07-24,282.87,0.009299,0.05
2023-07-25,282.72,0.011271,0.05
2023-07-26,283.56,0.003133,0.05
2023-07-27,282.7,0.016243,0.05
2023-07-28,284.12,0.008476,0.05
2023-07-29,284.83,0.001883,0.05
2023-07-30,285.42,0.001527,0.05
2023-07-31,285.58,0.001309,0.05
2023-08-01,285.17,0.003363,0.05
2023-08-02,284.84,0.007536,0.05
2023-08-03,284.25,0.007346,0.05
2023-08-04,284.48,0.005714,0.05
2023-08-05,284.38,0.015722,0.05
2023-08-06,284.98,0.006514,0.05
2023-08-07,284.96,0.005099,0.05
2023-08-08,285.35,0.002678,0.05
2023-08-09,285.85,0.001988,0.05
2023-08-10,285.65,0.002821,0.05
2023-08-11,285.57,0.004566,0.05
2023-08-12,285.9,0.005007,0.05
2023-08-13,285.23,0.004837,0.05
2023-08-14,286.4,0.000957,0.05
2023-08-15,285.97,0.001747,0.05
2023-08-16,285.57,0.003812,0.05
2023-08-17,285.74,0.000691,0.05
2023-08-18,286.26,0.000659,0.05
2023-08-19,285.51,0.005954,0.05
2023-08-20,285.42,0.008203,0.05
2023-08-21,285.34,0.013648,0.05
2023-08-22,284.64,0.003783,0.05
2023-08-23,283.8,0.006732,0.05
2023-08-24,282.1,0.017706,0.05
2023-08-25,282.05,0.013344,0.05
2023-08-26,282.15,0.013243,0.05
2023-08-27,282.73,0.011128,0.05
2023-08-28,282.77,0.003694,0.05
2023-08-29,283.92,0.004654,0.05
2023-08-30,284.46,0.002622,0.05
2023-08-31,283.89,0.007774,0.05
2023-09-01,285.11,0.000544,0.05
2023-09-02,285.23,0.000306,0.05
2023-09-03,283.77,0.000739,0.05
2023-09-04,283.67,0.000776,0.05
2023-09-05,284.01,0.000174,0.05
2023-09-06,283.56,0.000582,0.05
2023-09-07,283.84,0.001061,0.05
2023-09-08,284.15,0.000817,0.05
2023-09-09,284.22,0.003898,0.05
2023-09-10,283.95,0.005275,0.05
2023-09-11,282.92,0.01951,0.05
2023-09-12,281.58,0.004156,0.05
2023-09-13,283.69,0.000138,0.05
2023-09-14,283.48,0.000847,0.05
2023-09-15,283.8,0.001201,0.05
2023-09-16,282.99,0.001536,0.05
2023-09-17,282.75,0.002499,0.05
2023-09-18,282.58,0.000959,0.05
2023-09-19,282.57,0.001118,0.05
2023-09-20,282.22,0.006705,0.05
2023-09-21,281.95,0.006009,0.05
2023-09-22,282.49,0.006063,0.05
2023-09-23,282.07,0.008882,0.05
2023-09-24,281.27,0.00869,0.05
2023-09-25,281.43,0.00498,0.05
2023-09-26,281.37,0.003946,0.05
2023-09-27,281.22,0.004642,0.05
2023-09-28,281.15,0.003565,0.05
2023-09-29,281.8,0.001738,0.05
2023-09-30,282.29,0.001254,0.05
2023-10-01,282.26,0.003271,0.05
2023-10-02,282.8,0.002564,0.05
2023-10-03,282.77,0.002219,0.05
2023-10-04,281.62,0.004824,0.05
2023-10-05,279.56,0.009915,0.05
2023-10-06,279.69,0.005964,0.05
2023-10-07,279.47,0.005042,0.05
2023-10-08,279.9,0.009423,0.05
2023-10-09,277.66,0.010392,0.05
2023-10-10,277.49,0.004856,0.05
2023-10-11,277.3,0.015101,0.05
2023-10-12,274.66,0.00543,0.05
2023-10-13,270.22,0.000231,0.05
2023-10-14,273.06,0.000247,0.05
2023-10-15,274.23,0.003895,0.05
2023-10-16,275.36,0.002703,0.05
2023-10-17,274.92,0.004874,0.05
2023-10-18,273.32,0.004073,0.05
2023-10-19,273.1,0.004406,0.05
2023-10-20,272.5,0.00525,0.05
2023-10-21,270.88,0.000535,0.05
2023-10-22,271.48,0.001307,0.05
2023-10-23,272.44,0.000553,0.05
2023-10-24,272.84,0.001236,0.05
2023-10-25,273.14,0.003215,0.05
2023-10-26,272.84,0.004101,0.05
2023-10-27,273.05,0.009016,0.05
2023-10-28,268.16,0.003869,0.05
2023-10-29,265.53,0.00024,0.05
2023-10-30,268.6,0.000327,0.05
2023-10-31,268.63,0.000214,0.05
2023-11-01,269.91,0.000701,0.05
2023-11-02,270.27,0.001113,0.05
2023-11-03,270.8,0.004125,0.05
2023-11-04,269.06,0.003159,0.05
2023-11-05,263.12,0.000121,0.05
2023-11-06,261.63,3.3e-05,0.05
2023-11-07,264.65,0.001084,0.05
2023-11-08,267.09,0.000372,0.05
2023-11-09,267.08,0.000283,0.05
2023-11-10,267.66,0.000749,0.05
2023-11-11,268.84,0.001149,0.05
2023-11-12,266.44,0.001141,0.05
2023-11-13,260.35,6.8e-05,0.05
2023-11-14,265.02,0.000401,0.05
2023-11-15,267.37,0.000559,0.05
2023-11-16,267.6,0.000146,0.05
2023-11-17,268.27,0.00109,0.05
2023-11-18,265.91,7.3e-05,0.05
2023-11-19,263.92,5.7e-05,0.05
2023-11-20,266.81,0.000341,0.05
2023-11-21,268.56,0.000283,0.05
2023-11-22,265.21,0.000514,0.05
2023-11-23,259.67,3.1e-05,0.05
2023-11-24,263.84,0.000193,0.05
2023-11-25,262.03,0.000127,0.05
2023-11-26,261.93,2.4e-05,0.05
2023-11-27,264.66,2e-06,0.05
2023-11-28,267.57,0.000232,0.05
2023-11-29,269.28,0.001524,0.05
2023-11-30,269.38,0.00065,0.05
2023-12-01,269.24,0.001103,0.05
2023-12-02,269.23,0.001427,0.05
2023-12-03,265.99,0.000198,0.05
2023-12-04,265.9,0.001055,0.05
2023-12-05,266.32,0.001039,0.05
2023-12-06,264.21,0.000143,0.05
2023-12-07,266.07,0.002097,0.05
2023-12-08,264.34,0.003731,0.05
2023-12-09,265.24,0.001908,0.05
2023-12-10,267.33,0.001104,0.05
2023-12-11,263.11,0.00039,0.05
2023-12-12,265.27,0.002563,0.05
2023-12-13,264.47,0.004461,0.05
2023-12-14,256.1,0.000174,0.05
2023-12-15,257.86,2.3e-05,0.05
2023-12-16,258.61,1.6e-05,0.05
2023-12-17,260.2,0.000693,0.05
2023-12-18,261.89,0.00046,0.05
2023-12-19,257.84,3.4e-05,0.05
2023-12-20,256.96,1e-06,0.05
2023-12-21,258.73,2e-06,0.05
2023-12-22,259.38,3e-06,0.05
2023-12-23,257.79,4e-06,0.05
2023-12-24,260.81,4.1e-05,0.05
2023-12-25,258.4,7.2e-05,0.05
2023-12-26,259.75,2.3e-05,0.05
2023-12-27,260.51,0.000187,0.05
2023-12-28,259.12,9.9e-05,0.05
2023-12-29,258.09,2.6e-05,0.05
2023-12-30,256.52,1.2e-05,0.05
2023-12-31,257.54,4.7e-05,0.05
2024-01-01,258.6,0.000132,0.05
2024-01-02,259.61,0.000242,0.05
2024-01-03,259.88,0.00043,0.05
2024-01-04,260.0,0.000318,0.05
2024-01-05,257.42,0.00012,0.05
2024-01-06,258.91,0.000142,0.05
2024-01-07,256.14,7.9e-05,0.05
2024-01-08,257.2,2.8e-05,0.05
2024-01-09,258.93,1e-05,0.05
2024-01-10,258.4,5.2e-05,0.05
2024-01-11,259.91,2.4e-05,0.05
2024-01-12,259.9,2e-06,0.05
2024-01-13,260.41,6e-06,0.05
2024-01-14,261.42,3.3e-05,0.05
2024-01-15,262.12,0.000785,0.05
2024-01-16,263.59,0.001628,0.05
2024-01-17,262.84,0.001727,0.05
2024-01-18,263.03,0.000867,0.05
2024-01-19,258.39,0.000154,0.05
2024-01-20,259.57,0.000442,0.05
2024-01-21,260.92,0.00088,0.05
2024-01-22,257.01,5.9e-05,0.05
2024-01-23,260.54,0.001274,0.05
2024-01-24,262.39,0.001006,0.05
2024-01-25,260.72,0.000735,0.05
2024-01-26,261.54,0.001252,0.05
2024-01-27,260.91,0.000299,0.05
2024-01-28,258.41,0.000103,0.05
2024-01-29,259.67,0.00075,0.05
2024-01-30,262.84,0.001748,0.05
2024-01-31,263.26,0.001051,0.05
2024-02-01,263.14,0.001778,0.05
2024-02-02,264.03,0.002258,0.05
2024-02-03,261.03,0.000602,0.05
2024-02-04,260.18,0.000714,0.05
2024-02-05,262.44,0.001329,0.05
2024-02-06,263.02,0.001097,0.05
2024-02-07,262.25,0.000752,0.05
2024-02-08,261.85,0.000251,0.05
2024-02-09,256.62,6e-06,0.05
2024-02-10,255.53,1e-06,0.05
2024-02-11,258.63,2.5e-05,0.05
2024-02-12,257.22,9.5e-05,0.05
2024-02-13,259.9,0.000405,0.05
2024-02-14,264.34,0.003934,0.05
2024-02-15,263.36,0.000677,0.05
2024-02-16,258.09,2.6e-05,0.05
2024-02-17,261.75,0.000361,0.05
2024-02-18,264.89,0.000637,0.05
2024-02-19,266.46,0.001165,0.05
2024-02-20,267.8,0.001364,0.05
2024-02-21,267.18,0.002915,0.05
2024-02-22,267.81,0.003746,0.05
2024-02-23,266.55,0.003129,0.05
2024-02-24,265.53,0.001659,0.05
2024-02-25,264.64,0.001236,0.05
2024-02-26,262.63,0.000205,0.05
2024-02-27,263.34,0.000606,0.05
2024-02-28,264.79,0.000821,0.05
2024-02-29,262.92,0.000348,0.05
2024-03-01,260.32,3.4e-05,0.05
2024-03-02,264.13,0.000227,0.05
2024-03-03,267.48,0.001113,0.05
2024-03-04,268.98,0.001783,0.05
2024-03-05,269.07,0.001864,0.05
2024-03-06,268.97,0.001686,0.05
2024-03-07,268.95,0.001379,0.05
2024-03-08,267.64,0.000899,0.05
2024-03-09,266.82,0.001675,0.05
2024-03-10,263.76,3e-05,0.05
2024-03-11,266.09,0.000935,0.05
2024-03-12,269.31,0.001617,0.05
2024-03-13,269.94,0.001711,0.05
2024-03-14,270.67,0.001767,0.05
2024-03-15,270.85,0.001257,0.05
2024-03-16,270.33,0.002753,0.05
2024-03-17,270.08,0.007984,0.05
2024-03-18,269.87,0.003166,0.05
2024-03-19,269.51,0.001731,0.05
2024-03-20,268.81,0.001815,0.05
2024-03-21,270.46,0.00084,0.05
2024-03-22,271.98,0.001026,0.05
2024-03-23,271.46,0.004064,0.05
2024-03-24,268.32,6.1e-05,0.05
2024-03-25,269.31,0.005944,0.05
2024-03-26,269.57,0.001878,0.05
2024-03-27,267.74,6.5e-05,0.05
2024-03-28,267.67,5.3e-05,0.05
2024-03-29,269.72,0.000456,0.05
2024-03-30,270.72,0.004997,0.05
2024-03-31,272.09,0.003084,0.05
2024-04-01,271.98,0.001649,0.05
2024-04-02,272.46,0.004522,0.05
2024-04-03,272.6,0.008989,0.05
2024-04-04,271.65,0.004697,0.05
2024-04-05,271.84,0.003155,0.05
2024-04-06,272.52,0.004582,0.05
2024-04-07,271.91,0.002723,0.05
2024-04-08,272.45,0.004816,0.05
2024-04-09,271.51,0.003523,0.05
2024-04-10,270.82,0.005385,0.05
2024-04-11,271.34,0.001854,0.05
2024-04-12,271.03,0.000582,0.05
2024-04-13,269.01,8.6e-05,0.05
2024-04-14,268.23,0.000121,0.05
2024-04-15,270.39,0.00011,0.05
2024-04-16,272.84,0.003108,0.05
2024-04-17,271.94,0.006227,0.05
2024-04-18,271.58,0.004824,0.05
2024-04-19,273.02,0.001728,0.05
2024-04-20,272.79,0.001868,0.05
2024-04-21,273.38,0.002697,0.05
2024-04-22,274.25,0.003083,0.05
2024-04-23,273.63,0.006566,0.05
2024-04-24,272.56,0.003512,0.05
2024-04-25,272.95,0.001938,0.05
2024-04-26,272.11,0.000151,0.05
2024-04-27,273.48,0.002058,0.05
2024-04-28,273.7,0.001848,0.05
2024-04-29,274.42,0.000993,0.05
2024-04-30,275.16,0.005202,0.05
2024-05-01,275.13,0.006178,0.05
2024-05-02,273.59,0.00484,0.05
2024-05-03,272.84,0.000176,0.05
2024-05-04,275.78,0.003976,0.05
2024-05-05,273.86,0.004428,0.05
2024-05-06,275.22,0.002639,0.05
2024-05-07,275.29,0.001716,0.05
2024-05-08,276.67,0.001803,0.05
2024-05-09,275.85,0.00339,0.05
2024-05-10,274.32,0.014178,0.05
2024-05-11,272.82,0.000124,0.05
2024-05-12,275.43,0.001283,0.05
2024-05-13,277.02,0.002616,0.05
2024-05-14,278.52,0.001566,0.05
2024-05-15,278.91,0.003695,0.05
2024-05-16,278.59,0.008221,0.05
2024-05-17,277.66,0.00352,0.05
2024-05-18,277.48,0.000152,0.05
2024-05-19,278.51,0.000157,0.05
2024-05-20,278.92,0.000261,0.05
2024-05-21,278.76,0.000855,0.05
2024-05-22,279.59,0.001533,0.05
2024-05-23,280.78,0.002436,0.05
2024-05-24,280.15,0.005826,0.05
2024-05-25,281.11,0.006548,0.05
2024-05-26,282.28,0.007297,0.05
2024-05-27,282.7,0.00634,0.05
2024-05-28,281.84,0.004688,0.05
2024-05-29,282.06,0.009064,0.05
2024-05-30,282.6,0.005516,0.05
2024-05-31,282.45,0.00801,0.05
2024-06-01,281.74,0.007222,0.05
2024-06-02,281.21,0.005425,0.05
2024-06-03,280.25,0.019315,0.05
2024-06-04,280.7,0.002907,0.05
2024-06-05,281.04,0.004936,0.05
2024-06-06,281.9,0.005313,0.05
2024-06-07,281.77,0.006631,0.05
2024-06-08,283.02,0.002439,0.05
2024-06-09,283.96,0.002919,0.05
2024-06-10,283.96,0.005564,0.05
2024-06-11,283.75,0.002817,0.05
2024-06-12,283.73,0.006131,0.05
2024-06-13,283.49,0.00716,0.05
2024-06-14,283.97,0.004359,0.05
2024-06-15,284.16,0.003605,0.05
2024-06-16,284.21,0.003091,0.05
2024-06-17,284.26,0.002874,0.05
2024-06-18,284.08,0.004266,0.05
2024-06-19,282.98,0.005101,0.05
2024-06-20,283.36,0.005938,0.05
2024-06-21,283.59,0.004842,0.05
2024-06-22,284.87,0.002744,0.05
2024-06-23,284.92,0.002732,0.05
2024-06-24,284.85,0.004585,0.05
2024-06-25,283.87,0.005791,0.05
2024-06-26,283.8,0.007156,0.05
2024-06-27,283.6,0.018312,0.05
2024-06-28,282.69,0.013144,0.05
2024-06-29,283.95,0.01014,0.05
2024-06-30,283.97,0.004947,0.05
2024-07-01,284.29,0.002768,0.05
2024-07-02,283.58,0.00431,0.05
2024-07-03,283.6,0.010316,0.05
2024-07-04,284.23,0.009326,0.05
2024-07-05,283.49,0.010352,0.05
2024-07-06,283.6,0.005319,0.05
2024-07-07,284.71,0.004188,0.05
2024-07-08,285.23,0.006749,0.05
2024-07-09,285.23,0.007281,0.05
2024-07-10,285.1,0.011172,0.05
2024-07-11,283.8,0.011144,0.05
2024-07-12,284.76,0.0084,0.05
2024-07-13,285.29,0.008622,0.05
2024-07-14,285.41,0.008308,0.05
2024-07-15,285.22,0.008472,0.05
2024-07-16,285.59,0.009066,0.05
2024-07-17,285.61,0.002119,0.05
2024-07-18,285.45,0.003941,0.05
2024-07-19,285.67,0.004495,0.05
2024-07-20,284.99,0.007227,0.05
2024-07-21,284.99,0.006351,0.05
2024-07-22,284.44,0.010216,0.05
2024-07-23,284.57,0.009671,0.05
2024-07-24,285.5,0.009025,0.05
2024-07-25,284.97,0.013395,0.05
2024-07-26,284.69,0.005862,0.05
2024-07-27,285.91,0.002,0.05
2024-07-28,284.63,0.005697,0.05
2024-07-29,286.59,0.000198,0.05
2024-07-30,287.38,3.3e-05,0.05
2024-07-31,286.62,0.000335,0.05
2024-08-01,284.08,0.003089,0.05
2024-08-02,283.62,0.002145,0.05
2024-08-03,284.74,0.004126,0.05
2024-08-04,285.49,0.003693,0.05
2024-08-05,285.28,0.005146,0.05
2024-08-06,284.55,0.003864,0.05
2024-08-07,284.8,0.002251,0.05
2024-08-08,284.6,0.004778,0.05
2024-08-09,283.49,0.01042,0.05
2024-08-10,285.7,0.001018,0.05
2024-08-11,285.21,0.000974,0.05
2024-08-12,285.19,0.000907,0.05
2024-08-13,285.32,0.000733,0.05
2024-08-14,284.06,0.008739,0.05
2024-08-15,283.01,0.00591,0.05
2024-08-16,283.51,0.000473,0.05
2024-08-17,283.04,0.005022,0.05
2024-08-18,282.93,0.004016,0.05
2024-08-19,283.54,0.001044,0.05
2024-08-20,283.26,0.00444,0.05
2024-08-21,283.94,0.002406,0.05
2024-08-22,284.61,0.001155,0.05
2024-08-23,283.96,0.002012,0.05
2024-08-24,284.36,0.000524,0.05
2024-08-25,285.13,0.000424,0.05
2024-08-26,284.49,0.001659,0.05
2024-08-27,285.18,0.001183,0.05
2024-08-28,285.0,0.000621,0.05
2024-08-29,284.92,0.000805,0.05
2024-08-30,286.54,9.1e-05,0.05
2024-08-31,284.98,0.005996,0.05
2024-09-01,284.73,0.000939,0.05
2024-09-02,284.1,0.001331,0.05
2024-09-03,284.31,0.001564,0.05
2024-09-04,284.55,0.001051,0.05
2024-09-05,283.43,0.003112,0.05
2024-09-06,283.46,0.004301,0.05
2024-09-07,284.04,0.000865,0.05
2024-09-08,284.94,0.000595,0.05
2024-09-09,284.17,0.003211,0.05
2024-09-10,283.82,0.001753,0.05
2024-09-11,283.28,0.002902,0.05
2024-09-12,283.7,0.000768,0.05
2024-09-13,283.76,0.00074,0.05
2024-09-14,283.53,0.000948,0.05
2024-09-15,282.95,0.001864,0.05
2024-09-16,283.41,0.000829,0.05
2024-09-17,283.88,0.001147,0.05
2024-09-18,284.3,0.001162,0.05
2024-09-19,284.31,0.00717,0.05
2024-09-20,282.95,0.014239,0.05
2024-09-21,283.57,0.002061,0.05
2024-09-22,284.21,0.002532,0.05
2024-09-23,283.35,0.005619,0.05
2024-09-24,282.28,0.006273,0.05
2024-09-25,282.81,0.000878,0.05
2024-09-26,281.89,0.004709,0.05
2024-09-27,281.8,0.005723,0.05
2024-09-28,282.78,0.003979,0.05
2024-09-29,283.28,0.004325,0.05
2024-09-30,284.32,0.002288,0.05
2024-10-01,282.58,0.005136,0.05
2024-10-02,281.42,0.008321,0.05
2024-10-03,280.72,0.008229,0.05
2024-10-04,279.22,0.008126,0.05
2024-10-05,281.08,0.004321,0.05
2024-10-06,280.59,0.006238,0.05
2024-10-07,280.82,0.004399,0.05
2024-10-08,280.19,0.004238,0.05
2024-10-09,279.5,0.004375,0.05
2024-10-10,279.32,0.005348,0.05
2024-10-11,278.55,0.013899,0.05
2024-10-12,276.33,0.006768,0.05
2024-10-13,275.75,0.000408,0.05
2024-10-14,276.52,0.001543,0.05
2024-10-15,274.66,0.011769,0.05
2024-10-16,271.4,0.000228,0.05
2024-10-17,274.24,0.003176,0.05
2024-10-18,274.04,0.009926,0.05
2024-10-19,272.72,0.011438,0.05
2024-10-20,271.72,0.009257,0.05
2024-10-21,268.18,0.00047,0.05
2024-10-22,264.09,8.2e-05,0.05
2024-10-23,266.61,9.8e-05,0.05
2024-10-24,269.19,0.000482,0.05
2024-10-25,271.82,0.008771,0.05
2024-10-26,268.33,0.000192,0.05
2024-10-27,266.34,3.4e-05,0.05
2024-10-28,266.93,0.000187,0.05
2024-10-29,271.23,0.000767,0.05
2024-10-30,274.15,0.001541,0.05
