date,temperature_2m_k,total_precip_m_day,snow_depth_m_we
2016-01-01,268.07,0.0,0.05
2016-01-02,268.58,0.0,0.05
2016-01-03,268.95,5.5e-05,0.05
2016-01-04,269.39,0.0,0.05
2016-01-05,270.13,1.9e-05,0.05
2016-01-06,269.65,2e-06,0.05
2016-01-07,270.04,1e-06,0.05
2016-01-08,268.53,2.8e-05,0.05
2016-01-09,266.52,0.000227,0.05
2016-01-10,266.96,1e-06,0.05
2016-01-11,269.43,0.0,0.05
2016-01-12,270.62,0.0,0.05
2016-01-13,269.73,0.000125,0.05
2016-01-14,268.97,3e-06,0.05
2016-01-15,269.05,7.7e-05,0.05
2016-01-16,268.53,0.0,0.05
2016-01-17,267.48,0.0,0.05
2016-01-18,269.41,0.0,0.05
2016-01-19,270.32,0.000162,0.05
2016-01-20,268.84,9e-06,0.05
2016-01-21,267.19,3e-06,0.05
2016-01-22,266.47,0.0,0.05
2016-01-23,266.84,2e-06,0.05
2016-01-24,267.56,4e-06,0.05
2016-01-25,267.77,0.000145,0.05
2016-01-26,267.88,0.000165,0.05
2016-01-27,268.77,0.00027,0.05
2016-01-28,270.43,5e-06,0.05
2016-01-29,272.83,1e-06,0.05
2016-01-30,273.93,1e-06,0.05
2016-01-31,274.17,0.0,0.05
2016-02-01,273.56,2e-06,0.05
2016-02-02,273.99,2e-06,0.05
2016-02-03,274.37,3e-06,0.05
2016-02-04,277.04,1e-06,0.05
2016-02-05,278.44,0.0,0.05
2016-02-06,278.02,1e-06,0.05
2016-02-07,274.91,5e-06,0.05
2016-02-08,271.21,0.000959,0.05
2016-02-09,271.59,1.8e-05,0.05
2016-02-10,272.84,1e-06,0.05
2016-02-11,271.53,2e-06,0.05
2016-02-12,273.19,1e-06,0.05
2016-02-13,273.37,3e-06,0.05
2016-02-14,273.47,0.0,0.05
2016-02-15,273.98,3e-06,0.05
2016-02-16,275.02,1e-06,0.05
2016-02-17,276.23,1e-06,0.05
2016-02-18,277.61,0.0,0.05
2016-02-19,279.7,1e-06,0.05
2016-02-20,279.41,0.000137,0.05
2016-02-21,276.11,3e-06,0.05
2016-02-22,275.98,2e-06,0.05
2016-02-23,274.73,0.00023,0.05
2016-02-24,270.38,0.001977,0.05
2016-02-25,267.89,1e-06,0.05
2016-02-26,270.24,4.4e-05,0.05
2016-02-27,271.25,0.000259,0.05
2016-02-28,271.44,0.000673,0.05
2016-02-29,271.01,0.000536,0.05
2016-03-01,270.19,0.000286,0.05
2016-03-02,271.83,0.0,0.05
2016-03-03,273.53,7.9e-05,0.05
2016-03-04,272.53,0.000319,0.05
2016-03-05,272.81,0.000338,0.05
2016-03-06,273.23,0.000221,0.05
2016-03-07,273.24,6.4e-05,0.05
2016-03-08,273.54,0.000252,0.05
2016-03-09,273.84,5e-06,0.05
2016-03-10,274.76,7.2e-05,0.05
2016-03-11,275.89,1.1e-05,0.05
2016-03-12,276.29,0.000112,0.05
2016-03-13,275.94,0.000334,0.05
2016-03-14,274.15,0.000111,0.05
2016-03-15,272.98,0.000257,0.05
2016-03-16,271.93,0.000418,0.05
2016-03-17,273.57,0.000182,0.05
2016-03-18,274.82,0.000271,0.05
2016-03-19,275.6,6e-06,0.05
2016-03-20,276.24,3e-06,0.05
2016-03-21,275.86,0.0,0.05
2016-03-22,274.99,0.000194,0.05
2016-03-23,273.51,7.1e-05,0.05
2016-03-24,276.18,2e-06,0.05
2016-03-25,280.46,1e-06,0.05
2016-03-26,280.8,0.0,0.05
2016-03-27,279.58,0.000101,0.05
2016-03-28,275.91,0.001752,0.05
2016-03-29,277.29,0.000103,0.05
2016-03-30,276.47,0.000779,0.05
2016-03-31,275.88,0.001597,0.05
2016-04-01,276.12,0.000471,0.05
2016-04-02,279.15,6e-06,0.05
2016-04-03,281.05,8.8e-05,0.05
2016-04-04,281.48,2e-06,0.05
2016-04-05,280.19,9.4e-05,0.05
2016-04-06,280.19,3.8e-05,0.05
2016-04-07,279.58,9e-06,0.05
2016-04-08,278.36,7.1e-05,0.05
2016-04-09,278.85,4e-06,0.05
2016-04-10,280.5,4e-06,0.05
2016-04-11,279.84,0.000399,0.05
2016-04-12,279.76,0.0,0.05
2016-04-13,278.55,3e-06,0.05
2016-04-14,276.36,0.000785,0.05
2016-04-15,279.16,9.6e-05,0.05
2016-04-16,277.86,0.001582,0.05
2016-04-17,279.7,0.000498,0.05
2016-04-18,280.91,4.1e-05,0.05
2016-04-19,282.12,8.4e-05,0.05
2016-04-20,281.99,5e-06,0.05
2016-04-21,281.93,8.7e-05,0.05
2016-04-22,281.4,6.3e-05,0.05
2016-04-23,280.39,6.3e-05,0.05
2016-04-24,279.08,1.3e-05,0.05
2016-04-25,279.56,0.0,0.05
2016-04-26,280.89,4e-06,0.05
2016-04-27,280.81,2e-06,0.05
2016-04-28,279.68,3.1e-05,0.05
2016-04-29,280.01,5e-06,0.05
2016-04-30,280.06,0.000386,0.05
2016-05-01,279.79,0.000412,0.05
2016-05-02,281.55,3e-06,0.05
2016-05-03,280.22,0.00052,0.05
2016-05-04,280.66,0.000387,0.05
2016-05-05,280.66,0.000472,0.05
2016-05-06,281.3,0.000492,0.05
2016-05-07,281.29,0.000684,0.05
2016-05-08,278.43,0.0028,0.05
2016-05-09,282.32,1.1e-05,0.05
2016-05-10,282.79,6.4e-05,0.05
2016-05-11,282.78,0.000126,0.05
2016-05-12,282.66,0.000465,0.05
2016-05-13,283.04,0.000755,0.05
2016-05-14,282.99,0.001753,0.05
2016-05-15,283.3,0.000774,0.05
2016-05-16,284.91,0.000734,0.05
2016-05-17,282.81,0.00137,0.05
2016-05-18,280.89,0.001836,0.05
2016-05-19,283.93,0.000127,0.05
2016-05-20,283.25,0.003071,0.05
2016-05-21,282.23,0.005552,0.05
2016-05-22,281.85,5e-06,0.05
2016-05-23,283.88,1e-06,0.05
2016-05-24,283.76,0.000206,0.05
2016-05-25,283.0,0.002588,0.05
2016-05-26,281.47,0.002488,0.05
2016-05-27,282.66,0.004045,0.05
2016-05-28,279.22,0.012494,0.05
2016-05-29,282.07,0.001041,0.05
2016-05-30,282.55,0.001008,0.05
2016-05-31,280.31,0.010278,0.05
2016-06-01,282.45,0.000248,0.05
2016-06-02,284.32,8.5e-05,0.05
2016-06-03,284.44,0.000979,0.05
2016-06-04,283.86,0.002187,0.05
2016-06-05,284.93,0.000621,0.05
2016-06-06,284.5,0.002859,0.05
2016-06-07,285.4,0.001061,0.05
2016-06-08,284.85,0.000693,0.05
2016-06-09,285.56,0.00088,0.05
2016-06-10,285.58,0.00057,0.05
2016-06-11,284.56,0.008298,0.05
2016-06-12,285.39,0.001546,0.05
2016-06-13,286.12,0.001214,0.05
2016-06-14,286.19,0.006402,0.05
2016-06-15,284.34,0.010586,0.05
2016-06-16,285.53,0.002341,0.05
2016-06-17,286.11,0.002539,0.05
2016-06-18,285.83,0.00567,0.05
2016-06-19,285.11,0.008076,0.05
2016-06-20,284.3,0.011575,0.05
2016-06-21,284.66,0.012554,0.05
2016-06-22,284.78,0.013327,0.05
2016-06-23,284.96,0.006681,0.05
2016-06-24,285.09,0.011224,0.05
2016-06-25,285.93,0.016381,0.05
2016-06-26,283.49,0.017458,0.05
2016-06-27,283.86,0.014106,0.05
2016-06-28,284.43,0.011248,0.05
2016-06-29,284.04,0.006349,0.05
2016-06-30,285.1,0.006138,0.05
2016-07-01,284.2,0.017808,0.05
2016-07-02,284.27,0.004439,0.05
2016-07-03,284.83,0.009237,0.05
2016-07-04,286.0,0.003003,0.05
2016-07-05,285.85,0.005003,0.05
2016-07-06,285.72,0.006665,0.05
2016-07-07,286.76,0.002785,0.05
2016-07-08,285.82,0.01224,0.05
2016-07-09,286.14,0.004228,0.05
2016-07-10,285.63,0.014316,0.05
2016-07-11,284.22,0.012882,0.05
2016-07-12,285.76,0.011411,0.05
2016-07-13,283.36,0.008542,0.05
2016-07-14,285.3,0.002456,0.05
2016-07-15,286.11,0.00077,0.05
2016-07-16,285.41,0.004014,0.05
2016-07-17,284.79,0.003859,0.05
2016-07-18,285.98,0.007775,0.05
2016-07-19,285.17,0.012378,0.05
2016-07-20,285.49,0.019467,0.05
2016-07-21,282.82,0.016018,0.05
2016-07-22,282.66,0.011401,0.05
2016-07-23,284.5,0.016132,0.05
2016-07-24,283.39,0.002927,0.05
2016-07-25,284.32,0.005872,0.05
2016-07-26,283.9,0.009264,0.05
2016-07-27,283.39,0.009266,0.05
2016-07-28,283.23,0.011881,0.05
2016-07-29,283.98,0.007748,0.05
2016-07-30,283.75,0.014412,0.05
2016-07-31,283.73,0.005717,0.05
2016-08-01,283.37,0.008896,0.05
2016-08-02,283.16,0.005135,0.05
2016-08-03,283.88,0.004125,0.05
2016-08-04,285.11,0.000676,0.05
2016-08-05,284.69,0.005217,0.05
2016-08-06,284.0,0.014888,0.05
2016-08-07,284.41,0.013847,0.05
2016-08-08,283.92,0.008916,0.05
2016-08-09,285.25,0.001747,0.05
2016-08-10,285.47,0.00109,0.05
2016-08-11,285.47,0.00117,0.05
2016-08-12,285.48,0.001556,0.05
2016-08-13,284.28,0.013758,0.05
2016-08-14,283.19,0.016135,0.05
2016-08-15,282.6,0.012644,0.05
2016-08-16,284.7,0.001955,0.05
2016-08-17,284.36,0.000698,0.05
2016-08-18,284.6,0.003462,0.05
2016-08-19,283.87,0.004448,0.05
2016-08-20,285.5,9.9e-05,0.05
2016-08-21,285.29,0.001244,0.05
2016-08-22,284.94,0.001941,0.05
2016-08-23,285.47,0.000529,0.05
2016-08-24,283.77,0.002841,0.05
2016-08-25,284.36,0.000884,0.05
2016-08-26,283.95,0.001743,0.05
2016-08-27,284.6,0.000274,0.05
2016-08-28,284.98,0.000766,0.05
2016-08-29,284.75,0.004765,0.05
2016-08-30,284.46,0.00685,0.05
2016-08-31,284.68,0.006097,0.05
2016-09-01,285.05,0.005618,0.05
2016-09-02,283.72,0.010947,0.05
2016-09-03,283.23,0.010803,0.05
2016-09-04,284.03,0.016638,0.05
2016-09-05,283.81,0.014181,0.05
2016-09-06,283.71,0.010536,0.05
2016-09-07,283.26,0.008508,0.05
2016-09-08,283.72,0.0023,0.05
2016-09-09,283.59,0.003484,0.05
2016-09-10,283.84,0.001453,0.05
2016-09-11,283.1,0.010751,0.05
2016-09-12,282.75,0.012678,0.05
2016-09-13,282.61,0.005936,0.05
2016-09-14,282.69,0.003671,0.05
2016-09-15,282.5,0.003371,0.05
2016-09-16,282.78,0.002556,0.05
2016-09-17,282.51,0.008052,0.05
2016-09-18,282.24,0.003005,0.05
2016-09-19,282.14,0.00192,0.05
2016-09-20,282.16,0.002507,0.05
2016-09-21,281.59,0.010666,0.05
2016-09-22,281.4,0.004587,0.05
2016-09-23,280.66,0.006359,0.05
2016-09-24,281.01,0.006909,0.05
2016-09-25,279.54,0.009551,0.05
2016-09-26,280.87,0.009191,0.05
2016-09-27,280.25,0.003684,0.05
2016-09-28,281.13,0.005689,0.05
2016-09-29,281.01,0.004857,0.05
2016-09-30,280.65,0.002597,0.05
2016-10-01,280.35,0.00019,0.05
2016-10-02,281.07,0.000959,0.05
2016-10-03,281.58,0.000334,0.05
2016-10-04,282.3,0.000247,0.05
2016-10-05,282.07,0.000506,0.05
2016-10-06,282.28,0.00031,0.05
2016-10-07,281.91,0.001373,0.05
2016-10-08,281.99,0.001348,0.05
2016-10-09,281.38,0.001877,0.05
2016-10-10,281.09,0.001629,0.05
2016-10-11,281.44,0.000859,0.05
2016-10-12,279.05,0.003433,0.05
2016-10-13,279.85,0.001462,0.05
2016-10-14,279.26,0.000407,0.05
2016-10-15,278.62,0.000448,0.05
2016-10-16,278.23,0.000299,0.05
2016-10-17,277.9,0.000716,0.05
2016-10-18,277.69,0.000997,0.05
2016-10-19,276.79,0.001249,0.05
2016-10-20,277.82,0.000216,0.05
2016-10-21,278.55,0.000227,0.05
2016-10-22,278.0,2.6e-05,0.05
2016-10-23,277.69,1e-06,0.05
2016-10-24,278.67,1e-06,0.05
2016-10-25,278.16,7.8e-05,0.05
2016-10-26,276.7,2.5e-05,0.05
2016-10-27,275.74,1.7e-05,0.05
2016-10-28,275.14,4e-06,0.05
2016-10-29,275.64,0.00039,0.05
2016-10-30,274.39,0.000106,0.05
2016-10-31,274.67,0.000222,0.05
2016-11-01,274.52,0.000157,0.05
2016-11-02,274.51,4.2e-05,0.05
2016-11-03,274.8,5.9e-05,0.05
2016-11-04,275.05,0.0,0.05
2016-11-05,275.3,3.3e-05,0.05
2016-11-06,275.34,4.6e-05,0.05
2016-11-07,274.91,7.2e-05,0.05
2016-11-08,274.39,3e-06,0.05
2016-11-09,276.13,1e-06,0.05
2016-11-10,277.95,3e-06,0.05
2016-11-11,277.47,3e-06,0.05
2016-11-12,276.9,0.000171,0.05
2016-11-13,276.26,0.000506,0.05
2016-11-14,275.71,0.000597,0.05
2016-11-15,273.96,9.6e-05,0.05
2016-11-16,272.93,0.000174,0.05
2016-11-17,272.01,0.0,0.05
2016-11-18,273.47,0.0,0.05
2016-11-19,273.83,0.0,0.05
2016-11-20,274.03,0.0,0.05
2016-11-21,274.93,1e-06,0.05
2016-11-22,275.62,3e-06,0.05
2016-11-23,275.5,-0.0,0.05
2016-11-24,276.85,2e-06,0.05
2016-11-25,275.07,0.0,0.05
2016-11-26,275.32,1e-06,0.05
2016-11-27,276.31,1e-06,0.05
2016-11-28,274.92,2e-06,0.05
2016-11-29,274.66,1e-06,0.05
2016-11-30,275.75,1e-06,0.05
2016-12-01,275.26,8.7e-05,0.05
2016-12-02,273.56,2.7e-05,0.05
2016-12-03,270.69,1e-06,0.05
2016-12-04,272.56,0.0,0.05
2016-12-05,273.86,0.0,0.05
2016-12-06,273.31,1e-06,0.05
2016-12-07,273.76,1e-06,0.05
2016-12-08,274.32,2e-06,0.05
2016-12-09,273.97,1e-06,0.05
2016-12-10,274.64,-0.0,0.05
2016-12-11,275.24,0.0,0.05
2016-12-12,274.81,1e-06,0.05
2016-12-13,276.29,1e-06,0.05
2016-12-14,275.58,4.7e-05,0.05
2016-12-15,272.62,1e-06,0.05
2016-12-16,274.83,3e-06,0.05
2016-12-17,276.86,0.0,0.05
2016-12-18,276.74,1e-06,0.05
2016-12-19,278.2,0.0,0.05
2016-12-20,278.78,0.0,0.05
2016-12-21,275.67,3e-06,0.05
2016-12-22,275.53,0.0,0.05
2016-12-23,275.1,1e-06,0.05
2016-12-24,275.43,2.5e-05,0.05
2016-12-25,273.07,0.000341,0.05
2016-12-26,269.43,0.000211,0.05
2016-12-27,269.46,1e-06,0.05
2016-12-28,272.29,1e-06,0.05
2016-12-29,271.54,0.0,0.05
2016-12-30,270.52,0.000129,0.05
2016-12-31,269.11,5.6e-05,0.05
2017-01-01,268.26,0.000253,0.05
2017-01-02,267.37,0.000223,0.05
2017-01-03,266.85,0.000637,0.05
2017-01-04,266.36,0.0,0.05
2017-01-05,266.91,2.1e-05,0.05
2017-01-06,267.77,2e-06,0.05
2017-01-07,268.86,6e-06,0.05
2017-01-08,268.93,1e-06,0.05
2017-01-09,267.9,5.9e-05,0.05
2017-01-10,266.43,1.7e-05,0.05
2017-01-11,265.96,7e-06,0.05
2017-01-12,265.9,3e-06,0.05
2017-01-13,265.84,2e-06,0.05
2017-01-14,266.69,3e-06,0.05
2017-01-15,269.09,1e-06,0.05
2017-01-16,269.18,1.7e-05,0.05
2017-01-17,269.3,1.1e-05,0.05
2017-01-18,269.92,0.0,0.05
2017-01-19,269.87,2e-06,0.05
2017-01-20,270.12,2.6e-05,0.05
2017-01-21,271.36,0.0,0.05
2017-01-22,271.54,4e-05,0.05
2017-01-23,271.52,6e-05,0.05
2017-01-24,271.1,1e-06,0.05
2017-01-25,272.28,0.0,0.05
2017-01-26,273.29,9.3e-05,0.05
2017-01-27,271.03,0.000803,0.05
2017-01-28,268.5,0.00024,0.05
2017-01-29,270.0,1e-06,0.05
2017-01-30,271.41,0.0,0.05
2017-01-31,270.51,4e-06,0.05
2017-02-01,268.55,1e-06,0.05
2017-02-02,271.26,1e-06,0.05
2017-02-03,272.52,1e-06,0.05
2017-02-04,274.35,3e-06,0.05
2017-02-05,274.48,1e-06,0.05
2017-02-06,272.88,1.2e-05,0.05
2017-02-07,272.63,2e-06,0.05
2017-02-08,274.89,0.0,0.05
2017-02-09,273.38,1e-06,0.05
2017-02-10,271.98,0.0,0.05
2017-02-11,270.7,1e-06,0.05
2017-02-12,270.68,0.00017,0.05
2017-02-13,271.32,2e-06,0.05
2017-02-14,270.87,0.0,0.05
2017-02-15,271.57,0.0,0.05
2017-02-16,273.14,3e-06,0.05
2017-02-17,275.81,3e-06,0.05
2017-02-18,276.29,1e-06,0.05
2017-02-19,277.01,4e-06,0.05
2017-02-20,275.24,9e-06,0.05
2017-02-21,274.07,2e-06,0.05
2017-02-22,273.65,2.5e-05,0.05
2017-02-23,273.55,1e-06,0.05
2017-02-24,274.34,0.0,0.05
2017-02-25,274.69,3e-06,0.05
2017-02-26,274.91,1e-06,0.05
2017-02-27,275.22,0.0,0.05
2017-02-28,275.18,1e-06,0.05
2017-03-01,275.71,2e-06,0.05
2017-03-02,273.94,2e-06,0.05
2017-03-03,273.06,3.8e-05,0.05
2017-03-04,272.47,1.1e-05,0.05
2017-03-05,271.51,1e-06,0.05
2017-03-06,271.09,3.3e-05,0.05
2017-03-07,272.06,2e-06,0.05
2017-03-08,271.42,6.7e-05,0.05
2017-03-09,272.49,0.000451,0.05
2017-03-10,272.02,0.000688,0.05
2017-03-11,270.32,0.004942,0.05
2017-03-12,268.55,0.000107,0.05
2017-03-13,270.5,1e-06,0.05
2017-03-14,270.19,5e-06,0.05
2017-03-15,270.95,7e-06,0.05
2017-03-16,270.79,2.1e-05,0.05
2017-03-17,269.92,0.00031,0.05
2017-03-18,269.08,0.000579,0.05
2017-03-19,269.92,3e-06,0.05
2017-03-20,270.53,0.000579,0.05
2017-03-21,272.78,1e-06,0.05
2017-03-22,276.44,1e-06,0.05
2017-03-23,277.34,0.0,0.05
2017-03-24,277.01,2e-06,0.05
2017-03-25,276.28,1.1e-05,0.05
2017-03-26,276.55,0.000328,0.05
2017-03-27,278.19,4e-06,0.05
2017-03-28,279.39,1.9e-05,0.05
2017-03-29,280.83,1.6e-05,0.05
2017-03-30,279.28,0.00017,0.05
2017-03-31,280.86,2e-06,0.05
2017-04-01,279.16,7e-06,0.05
2017-04-02,277.6,0.000157,0.05
2017-04-03,277.26,0.000265,0.05
2017-04-04,277.83,4.7e-05,0.05
2017-04-05,278.72,4e-06,0.05
2017-04-06,280.4,1.8e-05,0.05
2017-04-07,280.23,0.0,0.05
2017-04-08,278.51,1e-06,0.05
2017-04-09,277.39,1e-06,0.05
2017-04-10,276.26,1e-06,0.05
2017-04-11,276.51,0.0,0.05
2017-04-12,277.51,2e-06,0.05
2017-04-13,277.47,7e-06,0.05
2017-04-14,278.28,6e-06,0.05
2017-04-15,276.48,0.000195,0.05
2017-04-16,274.82,0.0,0.05
2017-04-17,279.13,3e-06,0.05
2017-04-18,282.14,0.0,0.05
2017-04-19,282.05,2.6e-05,0.05
2017-04-20,282.23,0.000548,0.05
2017-04-21,282.34,6e-05,0.05
2017-04-22,282.08,0.000174,0.05
2017-04-23,281.28,0.000956,0.05
2017-04-24,282.53,0.000215,0.05
2017-04-25,282.05,5e-06,0.05
2017-04-26,281.35,4e-06,0.05
2017-04-27,279.32,1e-05,0.05
2017-04-28,279.31,6.6e-05,0.05
2017-04-29,280.55,1.5e-05,0.05
2017-04-30,280.38,7.4e-05,0.05
2017-05-01,279.57,0.000331,0.05
2017-05-02,279.09,0.000103,0.05
2017-05-03,280.8,0.000465,0.05
2017-05-04,279.3,0.001642,0.05
2017-05-05,279.03,0.000368,0.05
2017-05-06,278.63,0.000186,0.05
2017-05-07,281.17,1.8e-05,0.05
2017-05-08,281.88,5e-06,0.05
2017-05-09,280.87,0.000455,0.05
2017-05-10,279.85,0.008571,0.05
2017-05-11,280.58,0.000944,0.05
2017-05-12,282.02,0.000861,0.05
2017-05-13,280.43,0.016015,0.05
2017-05-14,279.68,0.004101,0.05
2017-05-15,278.04,0.002731,0.05
2017-05-16,279.72,0.00063,0.05
2017-05-17,281.07,0.000741,0.05
2017-05-18,281.89,0.000693,0.05
2017-05-19,281.95,0.000757,0.05
2017-05-20,282.42,0.0007,0.05
2017-05-21,282.59,0.001038,0.05
2017-05-22,281.45,0.004395,0.05
2017-05-23,283.64,0.000983,0.05
2017-05-24,283.54,0.001034,0.05
2017-05-25,283.14,0.001657,0.05
2017-05-26,283.17,0.001161,0.05
2017-05-27,283.0,0.000917,0.05
2017-05-28,282.24,0.002905,0.05
2017-05-29,283.14,0.000184,0.05
2017-05-30,279.82,0.005485,0.05
2017-05-31,283.08,0.001099,0.05
2017-06-01,284.33,0.000188,0.05
2017-06-02,282.91,0.003405,0.05
2017-06-03,282.03,0.001666,0.05
2017-06-04,284.84,3e-05,0.05
2017-06-05,284.93,5.7e-05,0.05
2017-06-06,284.1,0.001117,0.05
2017-06-07,284.95,0.000471,0.05
2017-06-08,285.13,0.00123,0.05
2017-06-09,285.83,0.000793,0.05
2017-06-10,286.07,0.000617,0.05
2017-06-11,286.19,0.000195,0.05
2017-06-12,286.77,0.000801,0.05
2017-06-13,286.09,0.000301,0.05
2017-06-14,286.99,5.4e-05,0.05
2017-06-15,286.62,0.000618,0.05
2017-06-16,286.24,0.001306,0.05
2017-06-17,286.59,0.000647,0.05
2017-06-18,286.16,0.004313,0.05
2017-06-19,284.04,0.01233,0.05
2017-06-20,284.65,0.003,0.05
2017-06-21,285.82,0.00271,0.05
2017-06-22,284.98,0.001661,0.05
2017-06-23,285.61,0.003771,0.05
2017-06-24,284.05,0.011646,0.05
2017-06-25,284.74,0.009091,0.05
2017-06-26,285.41,0.002027,0.05
2017-06-27,286.59,0.001964,0.05
2017-06-28,285.39,0.012288,0.05
2017-06-29,285.3,0.002499,0.05
2017-06-30,286.38,0.003895,0.05
2017-07-01,285.71,0.006267,0.05
2017-07-02,286.15,0.006221,0.05
2017-07-03,285.46,0.010777,0.05
2017-07-04,285.61,0.013734,0.05
2017-07-05,284.53,0.0242,0.05
2017-07-06,284.84,0.013894,0.05
2017-07-07,285.68,0.013499,0.05
2017-07-08,284.67,0.005226,0.05
2017-07-09,283.76,0.015991,0.05
2017-07-10,281.51,0.011654,0.05
2017-07-11,282.53,0.008797,0.05
2017-07-12,284.12,0.000964,0.05
2017-07-13,285.38,0.001651,0.05
2017-07-14,285.78,0.001138,0.05
2017-07-15,285.78,0.002915,0.05
2017-07-16,286.56,0.001649,0.05
2017-07-17,285.89,0.001196,0.05
2017-07-18,285.98,0.001277,0.05
2017-07-19,285.85,0.000341,0.05
2017-07-20,285.59,0.002151,0.05
2017-07-21,285.36,0.003383,0.05
2017-07-22,285.49,0.005425,0.05
2017-07-23,285.12,0.008094,0.05
2017-07-24,285.29,0.004828,0.05
2017-07-25,285.68,0.000682,0.05
2017-07-26,285.36,0.002717,0.05
2017-07-27,285.92,0.002484,0.05
2017-07-28,285.93,0.012286,0.05
2017-07-29,281.61,0.022737,0.05
2017-07-30,284.83,0.003978,0.05
2017-07-31,285.37,0.00775,0.05
2017-08-01,283.91,0.007417,0.05
2017-08-02,285.25,0.001775,0.05
2017-08-03,285.83,0.005047,0.05
2017-08-04,285.98,0.006757,0.05
2017-08-05,286.62,0.003138,0.05
2017-08-06,286.83,0.002212,0.05
2017-08-07,286.74,0.004417,0.05
2017-08-08,286.32,0.022772,0.05
2017-08-09,283.99,0.015268,0.05
2017-08-10,284.51,0.006022,0.05
2017-08-11,285.04,0.002135,0.05
2017-08-12,284.98,0.001434,0.05
2017-08-13,285.27,0.004013,0.05
2017-08-14,284.42,0.008762,0.05
2017-08-15,284.67,0.008582,0.05
2017-08-16,284.77,0.01,0.05
2017-08-17,285.47,0.017029,0.05
2017-08-18,285.02,0.008032,0.05
2017-08-19,284.51,0.018963,0.05
2017-08-20,283.89,0.00815,0.05
2017-08-21,284.28,0.01592,0.05
2017-08-22,283.33,0.013959,0.05
2017-08-23,284.36,0.004963,0.05
2017-08-24,284.2,0.002017,0.05
2017-08-25,284.81,0.001386,0.05
2017-08-26,284.39,0.00324,0.05
2017-08-27,284.35,0.001148,0.05
2017-08-28,284.61,0.006291,0.05
2017-08-29,284.55,0.005182,0.05
2017-08-30,284.8,0.001393,0.05
2017-08-31,284.39,0.006204,0.05
2017-09-01,284.0,0.006564,0.05
2017-09-02,284.09,0.00662,0.05
2017-09-03,284.04,0.004057,0.05
2017-09-04,283.38,0.00499,0.05
2017-09-05,284.41,0.001047,0.05
2017-09-06,284.37,0.000345,0.05
2017-09-07,284.29,0.000715,0.05
2017-09-08,284.72,0.000746,0.05
2017-09-09,282.8,0.001342,0.05
2017-09-10,283.13,6.8e-05,0.05
2017-09-11,283.57,0.00093,0.05
2017-09-12,283.94,0.000507,0.05
2017-09-13,283.32,0.002433,0.05
2017-09-14,284.35,0.001339,0.05
2017-09-15,284.5,0.000822,0.05
2017-09-16,284.51,0.001081,0.05
2017-09-17,284.48,0.000302,0.05
2017-09-18,284.23,0.00086,0.05
2017-09-19,284.11,0.007431,0.05
2017-09-20,282.8,0.015295,0.05
2017-09-21,283.41,0.004222,0.05
2017-09-22,284.49,0.0006,0.05
2017-09-23,284.63,0.000254,0.05
2017-09-24,284.27,0.000463,0.05
2017-09-25,283.34,0.002347,0.05
2017-09-26,284.13,6.8e-05,0.05
2017-09-27,283.94,0.000663,0.05
2017-09-28,283.28,0.002217,0.05
2017-09-29,283.49,0.001114,0.05
2017-09-30,283.4,0.000712,0.05
2017-10-01,282.32,0.000988,0.05
2017-10-02,281.92,0.002178,0.05
2017-10-03,282.14,0.001154,0.05
2017-10-04,282.07,0.000222,0.05
2017-10-05,282.48,6.7e-05,0.05
2017-10-06,282.67,7.6e-05,0.05
2017-10-07,282.7,4e-05,0.05
2017-10-08,282.02,0.000227,0.05
2017-10-09,281.95,2.5e-05,0.05
2017-10-10,281.53,0.001766,0.05
2017-10-11,280.92,0.002641,0.05
2017-10-12,281.69,0.000132,0.05
2017-10-13,281.68,6.1e-05,0.05
2017-10-14,281.36,0.000454,0.05
2017-10-15,280.26,0.000324,0.05
2017-10-16,279.3,1.2e-05,0.05
2017-10-17,280.25,1e-06,0.05
2017-10-18,281.03,2e-06,0.05
2017-10-19,281.47,1e-06,0.05
2017-10-20,281.48,3.2e-05,0.05
2017-10-21,281.05,1.3e-05,0.05
2017-10-22,280.24,0.00023,0.05
2017-10-23,279.37,0.000138,0.05
2017-10-24,277.72,0.000502,0.05
2017-10-25,277.24,0.000267,0.05
2017-10-26,277.02,0.0,0.05
2017-10-27,277.06,0.000595,0.05
2017-10-28,275.91,0.000849,0.05
2017-10-29,274.36,2.7e-05,0.05
2017-10-30,273.48,0.000319,0.05
2017-10-31,273.74,0.000244,0.05
2017-11-01,273.4,1e-06,0.05
2017-11-02,274.22,0.0,0.05
2017-11-03,274.43,0.0,0.05
2017-11-04,274.03,0.000604,0.05
2017-11-05,275.09,5e-05,0.05
2017-11-06,275.48,1e-06,0.05
2017-11-07,275.12,0.000167,0.05
2017-11-08,274.62,5e-05,0.05
2017-11-09,274.05,1.4e-05,0.05
2017-11-10,272.92,5e-05,0.05
2017-11-11,274.88,1e-06,0.05
2017-11-12,275.56,0.000122,0.05
2017-11-13,276.09,0.0,0.05
2017-11-14,276.76,0.0,0.05
2017-11-15,276.46,1e-06,0.05
2017-11-16,276.63,3e-06,0.05
2017-11-17,276.48,2e-06,0.05
2017-11-18,276.11,1e-06,0.05
2017-11-19,275.93,1e-06,0.05
2017-11-20,274.94,1.6e-05,0.05
2017-11-21,275.29,1e-06,0.05
2017-11-22,274.41,3.9e-05,0.05
2017-11-23,272.84,5.8e-05,0.05
2017-11-24,272.5,0.000168,0.05
2017-11-25,273.32,1e-06,0.05
2017-11-26,273.91,5e-06,0.05
2017-11-27,272.7,2.9e-05,0.05
2017-11-28,272.63,4e-06,0.05
2017-11-29,272.81,1e-06,0.05
2017-11-30,272.52,1e-06,0.05
2017-12-01,273.04,0.0,0.05
2017-12-02,273.89,0.0,0.05
2017-12-03,274.77,2e-06,0.05
2017-12-04,276.59,0.0,0.05
2017-12-05,278.2,0.0,0.05
2017-12-06,277.51,1e-06,0.05
2017-12-07,277.26,1e-06,0.05
2017-12-08,276.84,3.6e-05,0.05
2017-12-09,274.21,0.0,0.05
2017-12-10,274.33,1e-06,0.05
2017-12-11,275.15,1e-06,0.05
2017-12-12,275.1,4.3e-05,0.05
2017-12-13,274.79,0.0,0.05
2017-12-14,273.83,2e-06,0.05
2017-12-15,273.59,0.0,0.05
2017-12-16,274.65,1e-06,0.05
2017-12-17,273.9,2e-06,0.05
2017-12-18,272.95,0.0,0.05
2017-12-19,273.45,0.0,0.05
2017-12-20,274.98,0.0,0.05
2017-12-21,275.33,5.5e-05,0.05
2017-12-22,275.41,3e-06,0.05
2017-12-23,273.89,3e-06,0.05
2017-12-24,274.56,8.6e-05,0.05
2017-12-25,271.47,0.000148,0.05
2017-12-26,269.25,6.9e-05,0.05
2017-12-27,271.6,2e-06,0.05
2017-12-28,274.03,1e-06,0.05
2017-12-29,273.16,7e-06,0.05
2017-12-30,272.5,0.000101,0.05
2017-12-31,270.75,1e-05,0.05
2018-01-01,269.7,2.8e-05,0.05
2018-01-02,267.24,1e-06,0.05
2018-01-03,266.05,9e-06,0.05
2018-01-04,268.37,1e-06,0.05
2018-01-05,267.55,0.000195,0.05
2018-01-06,268.39,3e-06,0.05
2018-01-07,270.37,2e-06,0.05
2018-01-08,273.96,2e-06,0.05
2018-01-09,276.31,0.0,0.05
2018-01-10,277.72,1e-06,0.05
2018-01-11,277.17,0.0,0.05
2018-01-12,278.26,0.0,0.05
2018-01-13,276.54,0.0,0.05
2018-01-14,273.58,0.0,0.05
2018-01-15,271.85,2e-06,0.05
2018-01-16,273.03,0.0,0.05
2018-01-17,274.73,0.0,0.05
2018-01-18,274.44,2e-06,0.05
2018-01-19,275.15,1e-06,0.05
2018-01-20,274.65,0.0,0.05
2018-01-21,272.22,0.0,0.05
2018-01-22,273.96,0.0,0.05
2018-01-23,275.15,6e-06,0.05
2018-01-24,270.26,0.000271,0.05
2018-01-25,270.0,3e-06,0.05
2018-01-26,269.73,1e-05,0.05
2018-01-27,270.44,1e-06,0.05
2018-01-28,274.49,2e-06,0.05
2018-01-29,277.55,0.0,0.05
2018-01-30,276.85,1e-06,0.05
2018-01-31,278.37,1e-06,0.05
2018-02-01,275.92,1e-06,0.05
2018-02-02,275.99,2e-06,0.05
2018-02-03,274.62,0.0,0.05
2018-02-04,274.91,0.0,0.05
2018-02-05,276.1,1e-06,0.05
2018-02-06,275.96,1e-06,0.05
2018-02-07,274.19,0.000378,0.05
2018-02-08,272.27,2e-06,0.05
2018-02-09,270.43,5e-06,0.05
2018-02-10,270.61,0.0,0.05
2018-02-11,271.71,1e-06,0.05
2018-02-12,272.57,6e-05,0.05
2018-02-13,272.04,0.000766,0.05
2018-02-14,269.49,0.000972,0.05
2018-02-15,271.2,2e-06,0.05
2018-02-16,271.94,6.7e-05,0.05
2018-02-17,271.82,0.000971,0.05
2018-02-18,271.13,0.000942,0.05
2018-02-19,272.11,0.000493,0.05
2018-02-20,272.02,1e-06,0.05
2018-02-21,272.24,1.6e-05,0.05
2018-02-22,270.09,0.001691,0.05
2018-02-23,271.68,3.9e-05,0.05
2018-02-24,272.46,0.0,0.05
2018-02-25,272.65,0.000197,0.05
2018-02-26,273.52,6.3e-05,0.05
2018-02-27,275.04,2e-06,0.05
2018-02-28,274.35,1e-06,0.05
2018-03-01,274.87,1e-06,0.05
2018-03-02,272.76,0.000549,0.05
2018-03-03,274.82,2.2e-05,0.05
2018-03-04,274.67,9e-06,0.05
2018-03-05,273.33,4e-06,0.05
2018-03-06,272.1,8e-06,0.05
2018-03-07,271.81,0.0,0.05
2018-03-08,273.71,2e-06,0.05
2018-03-09,273.61,0.000162,0.05
2018-03-10,272.85,2.3e-05,0.05
2018-03-11,273.23,7e-06,0.05
2018-03-12,271.94,0.001193,0.05
2018-03-13,272.61,0.000234,0.05
2018-03-14,274.71,0.0,0.05
2018-03-15,275.06,0.000101,0.05
2018-03-16,273.92,0.000316,0.05
2018-03-17,272.51,0.000178,0.05
2018-03-18,272.71,5.3e-05,0.05
2018-03-19,273.62,2e-06,0.05
2018-03-20,274.87,1e-06,0.05
2018-03-21,276.41,0.0,0.05
2018-03-22,275.37,0.000158,0.05
2018-03-23,275.07,2e-06,0.05
2018-03-24,276.41,2e-06,0.05
2018-03-25,276.59,3e-06,0.05
2018-03-26,275.0,0.000747,0.05
2018-03-27,275.12,2e-06,0.05
2018-03-28,276.22,0.000465,0.05
2018-03-29,275.95,0.00063,0.05
2018-03-30,273.72,0.000693,0.05
2018-03-31,273.3,0.00117,0.05
2018-04-01,274.0,0.000463,0.05
2018-04-02,274.72,3.3e-05,0.05
2018-04-03,276.26,0.0,0.05
2018-04-04,277.71,0.000157,0.05
2018-04-05,276.73,0.005673,0.05
2018-04-06,277.27,0.001124,0.05
2018-04-07,276.97,0.00224,0.05
2018-04-08,275.35,0.002938,0.05
2018-04-09,277.41,0.000185,0.05
2018-04-10,278.35,0.000204,0.05
2018-04-11,278.07,0.000965,0.05
2018-04-12,278.25,0.001684,0.05
2018-04-13,277.53,0.000473,0.05
2018-04-14,278.09,6.7e-05,0.05
2018-04-15,277.77,4.4e-05,0.05
2018-04-16,278.03,0.000433,0.05
2018-04-17,277.71,0.002349,0.05
2018-04-18,278.86,0.000428,0.05
2018-04-19,279.95,1.8e-05,0.05
2018-04-20,280.38,0.000839,0.05
2018-04-21,280.5,1.4e-05,0.05
2018-04-22,280.28,1.7e-05,0.05
2018-04-23,280.06,0.0,0.05
2018-04-24,277.05,0.011571,0.05
2018-04-25,273.15,0.003574,0.05
2018-04-26,275.15,3.3e-05,0.05
2018-04-27,276.23,0.000415,0.05
2018-04-28,277.5,0.001286,0.05
2018-04-29,277.24,0.002126,0.05
2018-04-30,275.11,0.010756,0.05
2018-05-01,275.27,0.000715,0.05
2018-05-02,275.52,0.000202,0.05
2018-05-03,277.61,0.00028,0.05
2018-05-04,278.12,0.000547,0.05
2018-05-05,279.8,0.000418,0.05
2018-05-06,279.64,0.000702,0.05
2018-05-07,281.1,8.9e-05,0.05
2018-05-08,281.27,1.9e-05,0.05
2018-05-09,279.41,0.000723,0.05
2018-05-10,277.27,0.003705,0.05
2018-05-11,278.45,1.2e-05,0.05
2018-05-12,279.35,6e-06,0.05
2018-05-13,281.52,0.0,0.05
2018-05-14,281.0,0.000731,0.05
2018-05-15,281.51,0.000848,0.05
2018-05-16,281.9,0.000507,0.05
2018-05-17,282.3,0.000639,0.05
2018-05-18,283.46,4.8e-05,0.05
2018-05-19,283.53,0.000179,0.05
2018-05-20,285.14,2e-06,0.05
2018-05-21,286.5,0.000114,0.05
2018-05-22,286.32,3.2e-05,0.05
2018-05-23,286.22,5e-06,0.05
2018-05-24,285.38,7.5e-05,0.05
2018-05-25,286.23,1.9e-05,0.05
2018-05-26,286.0,0.000611,0.05
2018-05-27,284.45,0.000942,0.05
2018-05-28,282.76,0.000987,0.05
2018-05-29,282.01,0.001523,0.05
2018-05-30,284.31,0.001006,0.05
2018-05-31,281.5,0.007121,0.05
2018-06-01,281.07,0.005231,0.05
2018-06-02,283.4,0.001129,0.05
2018-06-03,279.61,0.00659,0.05
2018-06-04,282.97,0.000197,0.05
2018-06-05,284.58,1.7e-05,0.05
2018-06-06,285.37,0.000504,0.05
2018-06-07,284.81,0.00118,0.05
2018-06-08,284.9,0.003739,0.05
2018-06-09,286.18,0.00114,0.05
2018-06-10,286.75,0.002188,0.05
2018-06-11,286.67,0.001954,0.05
2018-06-12,286.55,0.00171,0.05
2018-06-13,285.98,0.004207,0.05
2018-06-14,285.21,0.018285,0.05
2018-06-15,283.42,0.011134,0.05
2018-06-16,284.36,0.008418,0.05
2018-06-17,284.32,0.004713,0.05
2018-06-18,285.12,0.003169,0.05
2018-06-19,285.96,0.000427,0.05
2018-06-20,286.11,0.000392,0.05
2018-06-21,286.47,0.000488,0.05
2018-06-22,287.02,0.000211,0.05
2018-06-23,286.95,0.000296,0.05
2018-06-24,286.76,0.003814,0.05
2018-06-25,287.68,0.000408,0.05
2018-06-26,287.77,0.001425,0.05
2018-06-27,287.13,0.00259,0.05
2018-06-28,287.34,0.010643,0.05
2018-06-29,283.38,0.011663,0.05
2018-06-30,285.47,0.009113,0.05
2018-07-01,284.58,0.017538,0.05
2018-07-02,284.98,0.009033,0.05
2018-07-03,285.66,0.003213,0.05
2018-07-04,285.24,0.00736,0.05
2018-07-05,286.66,0.001268,0.05
2018-07-06,286.68,0.004286,0.05
2018-07-07,287.27,0.003314,0.05
2018-07-08,286.5,0.017472,0.05
2018-07-09,284.44,0.026683,0.05
2018-07-10,283.16,0.025241,0.05
2018-07-11,284.27,0.012218,0.05
2018-07-12,283.42,0.017125,0.05
2018-07-13,284.61,0.013189,0.05
2018-07-14,284.88,0.009709,0.05
2018-07-15,283.3,0.019379,0.05
2018-07-16,284.03,0.016412,0.05
2018-07-17,285.08,0.009428,0.05
2018-07-18,285.28,0.004097,0.05
2018-07-19,285.09,0.01122,0.05
2018-07-20,285.14,0.004876,0.05
2018-07-21,284.65,0.014105,0.05
2018-07-22,283.58,0.011906,0.05
2018-07-23,284.17,0.014457,0.05
2018-07-24,285.16,0.003184,0.05
2018-07-25,285.48,0.003843,0.05
2018-07-26,285.5,0.004898,0.05
2018-07-27,284.24,0.007945,0.05
2018-07-28,284.6,0.013617,0.05
2018-07-29,285.05,0.00655,0.05
2018-07-30,284.86,0.012998,0.05
2018-07-31,284.01,0.023548,0.05
2018-08-01,283.15,0.025097,0.05
2018-08-02,282.58,0.010925,0.05
2018-08-03,284.44,0.009587,0.05
2018-08-04,284.04,0.005969,0.05
2018-08-05,284.2,0.007067,0.05
2018-08-06,284.31,0.00236,0.05
2018-08-07,285.19,0.000219,0.05
2018-08-08,284.49,0.003943,0.05
2018-08-09,284.31,0.004234,0.05
2018-08-10,284.4,0.010108,0.05
2018-08-11,284.09,0.014053,0.05
2018-08-12,284.38,0.006175,0.05
2018-08-13,284.9,0.005959,0.05
2018-08-14,284.59,0.009032,0.05
2018-08-15,284.68,0.007026,0.05
2018-08-16,285.07,0.00371,0.05
2018-08-17,285.14,0.006714,0.05
2018-08-18,285.02,0.008249,0.05
2018-08-19,285.48,0.003576,0.05
2018-08-20,285.49,0.006876,0.05
2018-08-21,285.09,0.009539,0.05
2018-08-22,285.1,0.00425,0.05
2018-08-23,284.59,0.008516,0.05
2018-08-24,283.67,0.028769,0.05
2018-08-25,283.4,0.018225,0.05
2018-08-26,284.17,0.007847,0.05
2018-08-27,285.08,0.012503,0.05
2018-08-28,283.3,0.020428,0.05
2018-08-29,284.51,0.016006,0.05
2018-08-30,284.03,0.009307,0.05
2018-08-31,285.07,0.005216,0.05
2018-09-01,284.87,0.004634,0.05
2018-09-02,284.53,0.003115,0.05
2018-09-03,284.9,0.001835,0.05
2018-09-04,284.73,0.000238,0.05
2018-09-05,284.86,0.000969,0.05
2018-09-06,284.81,0.000266,0.05
2018-09-07,284.69,0.000304,0.05
2018-09-08,284.58,0.000148,0.05
2018-09-09,284.88,0.003087,0.05
2018-09-10,283.32,0.006128,0.05
2018-09-11,284.44,0.001792,0.05
2018-09-12,282.98,0.008854,0.05
2018-09-13,281.58,0.005941,0.05
2018-09-14,282.24,0.005224,0.05
2018-09-15,281.84,0.002037,0.05
2018-09-16,282.47,0.000579,0.05
2018-09-17,281.7,0.001476,0.05
2018-09-18,282.25,0.000263,0.05
2018-09-19,282.22,0.000753,0.05
2018-09-20,282.61,0.000792,0.05
2018-09-21,282.05,0.014467,0.05
2018-09-22,283.2,0.000718,0.05
2018-09-23,283.19,0.000774,0.05
2018-09-24,283.56,0.000891,0.05
2018-09-25,283.54,0.000696,0.05
2018-09-26,283.59,0.00054,0.05
2018-09-27,282.07,0.00254,0.05
2018-09-28,281.15,0.001947,0.05
2018-09-29,281.59,0.000206,0.05
2018-09-30,282.13,0.000235,0.05
2018-10-01,281.88,0.000156,0.05
2018-10-02,280.74,0.001435,0.05
2018-10-03,280.31,0.000802,0.05
2018-10-04,278.85,0.001472,0.05
2018-10-05,278.44,0.000704,0.05
2018-10-06,277.77,0.001322,0.05
2018-10-07,276.64,0.000784,0.05
2018-10-08,276.57,0.000386,0.05
2018-10-09,276.91,0.000226,0.05
2018-10-10,278.21,0.000393,0.05
2018-10-11,278.44,0.000165,0.05
2018-10-12,278.54,0.000303,0.05
2018-10-13,277.89,0.00066,0.05
2018-10-14,277.67,0.000452,0.05
2018-10-15,277.87,1e-06,0.05
2018-10-16,277.79,1e-06,0.05
2018-10-17,278.69,0.00026,0.05
2018-10-18,277.52,0.000322,0.05
2018-10-19,277.1,0.000374,0.05
2018-10-20,276.94,0.000308,0.05
2018-10-21,276.57,0.000128,0.05
2018-10-22,275.49,0.000354,0.05
2018-10-23,274.94,0.000264,0.05
2018-10-24,273.67,0.001108,0.05
2018-10-25,273.62,8.7e-05,0.05
2018-10-26,274.0,2e-06,0.05
2018-10-27,274.18,0.000584,0.05
2018-10-28,274.67,6.7e-05,0.05
2018-10-29,273.01,3e-06,0.05
2018-10-30,273.55,1e-06,0.05
2018-10-31,273.54,2e-06,0.05
2018-11-01,275.55,1e-06,0.05
2018-11-02,275.74,6.4e-05,0.05
2018-11-03,276.12,0.000151,0.05
2018-11-04,275.35,0.000352,0.05
2018-11-05,275.4,2.1e-05,0.05
2018-11-06,274.26,0.000172,0.05
2018-11-07,271.66,1e-06,0.05
2018-11-08,273.22,1e-06,0.05
2018-11-09,274.3,0.0,0.05
2018-11-10,273.68,0.000136,0.05
2018-11-11,274.43,1e-06,0.05
2018-11-12,275.36,2e-06,0.05
2018-11-13,274.23,0.000316,0.05
2018-11-14,273.79,0.000215,0.05
2018-11-15,273.61,0.000132,0.05
2018-11-16,275.12,2.1e-05,0.05
2018-11-17,274.95,0.000183,0.05
2018-11-18,274.32,2.4e-05,0.05
2018-11-19,274.87,0.000101,0.05
2018-11-20,274.33,2.6e-05,0.05
2018-11-21,273.55,0.0,0.05
2018-11-22,274.41,1e-06,0.05
2018-11-23,276.37,0.0,0.05
2018-11-24,272.98,0.0,0.05
2018-11-25,273.92,1e-06,0.05
2018-11-26,274.15,1e-05,0.05
2018-11-27,273.53,0.0,0.05
2018-11-28,274.56,3e-06,0.05
2018-11-29,274.25,5.5e-05,0.05
2018-11-30,274.13,1e-05,0.05
2018-12-01,272.01,3e-06,0.05
2018-12-02,272.91,1.4e-05,0.05
2018-12-03,272.66,3.8e-05,0.05
2018-12-04,274.1,1e-06,0.05
2018-12-05,273.88,6.8e-05,0.05
2018-12-06,271.51,0.000106,0.05
2018-12-07,269.03,0.000367,0.05
2018-12-08,269.72,-0.0,0.05
2018-12-09,270.4,1e-06,0.05
2018-12-10,269.79,2e-06,0.05
2018-12-11,267.9,2e-06,0.05
2018-12-12,268.46,2e-06,0.05
2018-12-13,268.6,1e-05,0.05
2018-12-14,268.68,6e-06,0.05
2018-12-15,269.52,5e-06,0.05
2018-12-16,270.26,1e-06,0.05
2018-12-17,272.71,0.00201,0.05
2018-12-18,269.0,0.018954,0.05
2018-12-19,258.25,1.8e-05,0.05
2018-12-20,257.88,8e-05,0.05
2018-12-21,259.81,7.6e-05,0.05
2018-12-22,257.26,3e-06,0.05
2018-12-23,259.53,4.2e-05,0.05
2018-12-24,261.98,9e-05,0.05
2018-12-25,261.25,7e-05,0.05
2018-12-26,260.9,6.4e-05,0.05
2018-12-27,261.39,1.7e-05,0.05
2018-12-28,257.1,0.00051,0.05
2018-12-29,253.0,2e-06,0.05
2018-12-30,253.41,2e-06,0.05
2018-12-31,256.27,1.1e-05,0.05
2019-01-01,256.48,3e-06,0.05
2019-01-02,257.71,8e-06,0.05
2019-01-03,257.05,3e-05,0.05
2019-01-04,256.28,1.2e-05,0.05
2019-01-05,258.2,2e-05,0.05
2019-01-06,259.49,5.2e-05,0.05
2019-01-07,260.68,0.000385,0.05
2019-01-08,257.99,7.7e-05,0.05
2019-01-09,257.63,0.000114,0.05
2019-01-10,257.21,8e-06,0.05
2019-01-11,258.17,2.6e-05,0.05
2019-01-12,259.11,2e-05,0.05
2019-01-13,261.06,2.2e-05,0.05
2019-01-14,260.18,1.4e-05,0.05
2019-01-15,257.09,0.0,0.05
2019-01-16,258.04,6e-06,0.05
2019-01-17,262.15,0.000219,0.05
2019-01-18,259.94,1.7e-05,0.05
2019-01-19,259.37,1.2e-05,0.05
2019-01-20,261.38,1e-06,0.05
2019-01-21,261.72,2e-06,0.05
2019-01-22,262.15,0.000158,0.05
2019-01-23,262.92,0.000274,0.05
2019-01-24,263.07,0.000276,0.05
2019-01-25,264.96,0.001079,0.05
2019-01-26,265.54,0.000165,0.05
2019-01-27,263.83,0.000139,0.05
2019-01-28,261.71,8.8e-05,0.05
2019-01-29,260.8,0.000454,0.05
2019-01-30,260.67,0.0,0.05
2019-01-31,264.53,7.4e-05,0.05
2019-02-01,266.05,0.001055,0.05
2019-02-02,264.25,0.000151,0.05
2019-02-03,263.32,1e-06,0.05
2019-02-04,264.73,2e-06,0.05
2019-02-05,266.03,1e-06,0.05
2019-02-06,267.39,2e-06,0.05
2019-02-07,270.03,0.000103,0.05
2019-02-08,270.38,0.004289,0.05
2019-02-09,266.26,0.002887,0.05
2019-02-10,263.78,1e-06,0.05
2019-02-11,264.82,4.9e-05,0.05
2019-02-12,264.56,3e-06,0.05
2019-02-13,265.76,0.0,0.05
2019-02-14,267.91,3e-06,0.05
2019-02-15,268.91,0.00043,0.05
2019-02-16,267.03,0.000867,0.05
2019-02-17,264.88,5e-06,0.05
2019-02-18,267.1,3.9e-05,0.05
2019-02-19,268.41,0.000276,0.05
2019-02-20,269.88,2e-06,0.05
2019-02-21,271.64,2e-06,0.05
2019-02-22,271.41,2e-06,0.05
2019-02-23,271.41,6.4e-05,0.05
2019-02-24,271.13,6.9e-05,0.05
2019-02-25,269.28,0.00022,0.05
2019-02-26,267.9,0.00012,0.05
2019-02-27,268.11,0.001287,0.05
2019-02-28,266.58,0.000244,0.05
2019-03-01,266.35,0.0,0.05
2019-03-02,269.05,0.0,0.05
2019-03-03,271.13,0.000172,0.05
2019-03-04,271.19,5.1e-05,0.05
2019-03-05,270.55,0.000204,0.05
2019-03-06,270.37,6e-06,0.05
2019-03-07,271.2,1.8e-05,0.05
2019-03-08,270.8,1e-05,0.05
2019-03-09,272.0,2e-06,0.05
2019-03-10,273.28,2e-06,0.05
2019-03-11,273.9,3e-06,0.05
2019-03-12,274.12,0.0,0.05
2019-03-13,275.82,0.0,0.05
2019-03-14,276.34,3e-06,0.05
2019-03-15,274.35,5.2e-05,0.05
2019-03-16,272.69,5.8e-05,0.05
2019-03-17,273.52,0.000138,0.05
2019-03-18,271.72,0.000807,0.05
2019-03-19,271.73,0.000737,0.05
2019-03-20,272.18,0.000184,0.05
2019-03-21,273.01,-0.0,0.05
2019-03-22,273.04,2.8e-05,0.05
2019-03-23,272.65,3e-06,0.05
2019-03-24,274.3,-0.0,0.05
2019-03-25,275.37,4.1e-05,0.05
2019-03-26,273.75,0.001514,0.05
2019-03-27,271.57,0.000455,0.05
2019-03-28,275.38,0.0,0.05
2019-03-29,278.08,7e-06,0.05
2019-03-30,276.7,7e-06,0.05
2019-03-31,276.27,0.000154,0.05
2019-04-01,274.51,0.000103,0.05
2019-04-02,273.28,0.000283,0.05
2019-04-03,275.73,0.000142,0.05
2019-04-04,277.19,2.7e-05,0.05
2019-04-05,275.51,5e-06,0.05
2019-04-06,275.89,0.002696,0.05
2019-04-07,275.19,0.001664,0.05
2019-04-08,274.51,4.3e-05,0.05
2019-04-09,275.31,0.001146,0.05
2019-04-10,274.92,0.000148,0.05
2019-04-11,276.74,2e-06,0.05
2019-04-12,277.89,5.3e-05,0.05
2019-04-13,278.81,0.000113,0.05
2019-04-14,279.17,0.000679,0.05
2019-04-15,278.95,0.001152,0.05
2019-04-16,279.75,6.7e-05,0.05
2019-04-17,279.61,0.000689,0.05
2019-04-18,277.65,0.000994,0.05
2019-04-19,276.48,0.000766,0.05
2019-04-20,276.7,0.001492,0.05
2019-04-21,277.26,0.00531,0.05
2019-04-22,275.34,0.002902,0.05
2019-04-23,277.43,2e-06,0.05
2019-04-24,278.45,0.000383,0.05
2019-04-25,279.61,7.4e-05,0.05
2019-04-26,280.83,1e-06,0.05
2019-04-27,281.63,0.0,0.05
2019-04-28,282.39,8e-06,0.05
2019-04-29,282.58,3e-06,0.05
2019-04-30,282.47,6e-06,0.05
2019-05-01,282.5,1e-06,0.05
2019-05-02,282.51,2.4e-05,0.05
2019-05-03,282.52,0.00106,0.05
2019-05-04,280.69,0.002222,0.05
2019-05-05,282.64,0.000354,0.05
2019-05-06,282.28,1e-06,0.05
2019-05-07,282.75,0.0,0.05
2019-05-08,282.69,2e-06,0.05
2019-05-09,282.48,1e-06,0.05
2019-05-10,283.24,6e-06,0.05
2019-05-11,282.66,4.3e-05,0.05
2019-05-12,281.67,0.000446,0.05
2019-05-13,280.74,0.00075,0.05
2019-05-14,281.64,0.000375,0.05
2019-05-15,281.88,0.001007,0.05
2019-05-16,282.67,0.000196,0.05
2019-05-17,283.29,7.5e-05,0.05
2019-05-18,283.21,0.000337,0.05
2019-05-19,282.12,0.000325,0.05
2019-05-20,282.35,0.000444,0.05
2019-05-21,283.82,0.00034,0.05
2019-05-22,284.14,0.000646,0.05
2019-05-23,281.35,0.003222,0.05
2019-05-24,284.55,8.1e-05,0.05
2019-05-25,284.75,0.000378,0.05
2019-05-26,283.74,0.000577,0.05
2019-05-27,284.36,7e-06,0.05
2019-05-28,284.33,0.000419,0.05
2019-05-29,283.93,0.00042,0.05
2019-05-30,283.15,0.003038,0.05
2019-05-31,283.79,3.5e-05,0.05
2019-06-01,284.12,1.1e-05,0.05
2019-06-02,283.99,0.000223,0.05
2019-06-03,283.7,0.000862,0.05
2019-06-04,285.5,9.1e-05,0.05
2019-06-05,286.64,6.8e-05,0.05
2019-06-06,287.47,2e-06,0.05
2019-06-07,286.54,8.8e-05,0.05
2019-06-08,286.27,0.000283,0.05
2019-06-09,285.75,0.000747,0.05
2019-06-10,285.9,0.000976,0.05
2019-06-11,286.16,6.3e-05,0.05
2019-06-12,286.82,0.000389,0.05
2019-06-13,288.29,2e-06,0.05
2019-06-14,288.56,1.7e-05,0.05
2019-06-15,288.11,0.000625,0.05
2019-06-16,287.62,0.000603,0.05
2019-06-17,287.07,0.002038,0.05
2019-06-18,284.59,0.003688,0.05
2019-06-19,285.93,0.000766,0.05
2019-06-20,286.1,0.002391,0.05
2019-06-21,287.6,3e-06,0.05
2019-06-22,286.58,0.000441,0.05
2019-06-23,288.19,0.000301,0.05
2019-06-24,289.84,2e-06,0.05
2019-06-25,289.59,0.000411,0.05
2019-06-26,289.09,0.00059,0.05
2019-06-27,287.5,0.001315,0.05
2019-06-28,288.38,0.000158,0.05
2019-06-29,288.37,0.000338,0.05
2019-06-30,288.72,0.000147,0.05
2019-07-01,288.97,0.000587,0.05
2019-07-02,289.14,0.002306,0.05
2019-07-03,287.95,0.003555,0.05
2019-07-04,287.38,0.012096,0.05
2019-07-05,287.36,0.002234,0.05
2019-07-06,287.71,0.001625,0.05
2019-07-07,285.56,0.010443,0.05
2019-07-08,284.22,0.008873,0.05
2019-07-09,283.31,0.007024,0.05
2019-07-10,283.61,0.011974,0.05
2019-07-11,284.35,0.00826,0.05
2019-07-12,284.01,0.009921,0.05
2019-07-13,283.85,0.005104,0.05
2019-07-14,284.79,0.006777,0.05
2019-07-15,284.09,0.007415,0.05
2019-07-16,283.74,0.006762,0.05
2019-07-17,285.06,0.001054,0.05
2019-07-18,285.41,0.005446,0.05
2019-07-19,283.88,0.00772,0.05
2019-07-20,285.14,0.004015,0.05
2019-07-21,284.87,0.00969,0.05
2019-07-22,285.6,0.005845,0.05
2019-07-23,284.69,0.008239,0.05
2019-07-24,286.15,0.000272,0.05
2019-07-25,285.41,0.007644,0.05
2019-07-26,283.46,0.010735,0.05
2019-07-27,285.16,0.007241,0.05
2019-07-28,285.39,0.007336,0.05
2019-07-29,285.28,0.006166,0.05
2019-07-30,283.77,0.006007,0.05
2019-07-31,285.29,0.011615,0.05
2019-08-01,284.37,0.023242,0.05
2019-08-02,283.47,0.021087,0.05
2019-08-03,285.2,0.006582,0.05
2019-08-04,284.38,0.015327,0.05
2019-08-05,284.36,0.005809,0.05
2019-08-06,284.6,0.016075,0.05
2019-08-07,283.77,0.006761,0.05
2019-08-08,284.57,0.007918,0.05
2019-08-09,284.52,0.004759,0.05
2019-08-10,283.73,0.008656,0.05
2019-08-11,283.82,0.007659,0.05
2019-08-12,285.55,0.002134,0.05
2019-08-13,285.13,0.006094,0.05
2019-08-14,285.55,0.004297,0.05
2019-08-15,285.75,0.001551,0.05
2019-08-16,285.65,0.001873,0.05
2019-08-17,285.14,0.003705,0.05
2019-08-18,285.57,0.000718,0.05
2019-08-19,286.1,0.000219,0.05
2019-08-20,286.48,0.000761,0.05
2019-08-21,285.61,0.000984,0.05
2019-08-22,285.84,7.5e-05,0.05
2019-08-23,286.73,0.000183,0.05
2019-08-24,285.11,0.003495,0.05
2019-08-25,285.48,0.000438,0.05
2019-08-26,285.38,0.000266,0.05
2019-08-27,286.19,0.000234,0.05
2019-08-28,286.83,0.000439,0.05
2019-08-29,286.9,0.001451,0.05
2019-08-30,286.1,0.004264,0.05
2019-08-31,285.74,0.001841,0.05
2019-09-01,285.55,0.005971,0.05
2019-09-02,285.18,0.010198,0.05
2019-09-03,284.29,0.007117,0.05
2019-09-04,284.59,0.004883,0.05
2019-09-05,285.7,0.00142,0.05
2019-09-06,284.83,0.012519,0.05
2019-09-07,284.34,0.006833,0.05
2019-09-08,285.16,0.00388,0.05
2019-09-09,284.95,0.002203,0.05
2019-09-10,285.28,0.002802,0.05
2019-09-11,285.26,0.003207,0.05
2019-09-12,284.9,0.009582,0.05
2019-09-13,284.35,0.015019,0.05
2019-09-14,284.59,0.006451,0.05
2019-09-15,284.32,0.007065,0.05
2019-09-16,283.54,0.005292,0.05
2019-09-17,282.92,0.004806,0.05
2019-09-18,282.36,0.003991,0.05
2019-09-19,281.38,0.007337,0.05
2019-09-20,279.95,0.001406,0.05
2019-09-21,280.27,0.004139,0.05
2019-09-22,281.15,0.003029,0.05
2019-09-23,281.12,0.003237,0.05
2019-09-24,281.31,2e-05,0.05
2019-09-25,281.53,1e-06,0.05
2019-09-26,281.93,0.0,0.05
2019-09-27,280.73,0.010328,0.05
2019-09-28,279.05,0.007797,0.05
2019-09-29,279.02,0.005433,0.05
2019-09-30,280.44,0.00139,0.05
2019-10-01,280.95,0.000644,0.05
2019-10-02,281.25,0.000513,0.05
2019-10-03,281.36,0.000925,0.05
2019-10-04,282.08,0.000119,0.05
2019-10-05,281.92,0.000453,0.05
2019-10-06,281.05,0.00166,0.05
2019-10-07,280.95,0.000495,0.05
2019-10-08,280.27,0.000866,0.05
2019-10-09,279.33,0.001356,0.05
2019-10-10,279.14,0.000641,0.05
2019-10-11,279.04,0.000356,0.05
2019-10-12,279.34,0.000673,0.05
2019-10-13,279.5,0.000417,0.05
2019-10-14,279.49,0.000717,0.05
2019-10-15,278.83,0.000565,0.05
2019-10-16,277.91,0.000625,0.05
2019-10-17,277.73,0.000659,0.05
2019-10-18,278.32,0.00018,0.05
2019-10-19,278.58,0.000471,0.05
2019-10-20,278.87,0.002787,0.05
2019-10-21,277.57,0.001771,0.05
2019-10-22,277.68,0.000713,0.05
2019-10-23,278.78,0.000777,0.05
2019-10-24,277.87,0.001002,0.05
2019-10-25,278.13,0.000537,0.05
2019-10-26,276.43,0.00264,0.05
2019-10-27,275.41,0.0,0.05
2019-10-28,276.78,7e-06,0.05
2019-10-29,277.03,4.2e-05,0.05
2019-10-30,277.29,0.001707,0.05
2019-10-31,276.15,0.000893,0.05
2019-11-01,275.1,0.000394,0.05
2019-11-02,275.3,3.5e-05,0.05
2019-11-03,276.08,0.000317,0.05
2019-11-04,275.48,0.000635,0.05
2019-11-05,275.1,2.6e-05,0.05
2019-11-06,276.34,0.0,0.05
2019-11-07,276.99,0.000242,0.05
2019-11-08,277.04,5.5e-05,0.05
2019-11-09,277.07,0.00051,0.05
2019-11-10,276.12,1e-06,0.05
2019-11-11,277.16,2e-06,0.05
2019-11-12,276.61,0.0,0.05
2019-11-13,276.97,0.0,0.05
2019-11-14,277.71,3e-06,0.05
2019-11-15,276.89,2.3e-05,0.05
2019-11-16,277.33,1.7e-05,0.05
2019-11-17,275.64,2e-06,0.05
2019-11-18,275.93,0.0,0.05
2019-11-19,275.91,0.000205,0.05
2019-11-20,275.4,0.0,0.05
2019-11-21,275.64,1.7e-05,0.05
2019-11-22,276.75,1e-06,0.05
2019-11-23,277.93,1e-06,0.05
2019-11-24,277.16,0.000155,0.05
2019-11-25,276.1,7.9e-05,0.05
2019-11-26,274.31,0.0002,0.05
2019-11-27,274.37,6e-06,0.05
2019-11-28,273.05,3e-06,0.05
2019-11-29,272.18,2.2e-05,0.05
2019-11-30,272.39,1.5e-05,0.05
2019-12-01,272.75,3e-06,0.05
2019-12-02,272.39,1e-05,0.05
2019-12-03,269.96,2e-06,0.05
2019-12-04,270.13,-0.0,0.05
2019-12-05,271.43,0.0,0.05
2019-12-06,273.01,0.0,0.05
2019-12-07,272.39,0.0,0.05
2019-12-08,271.78,0.0,0.05
2019-12-09,272.09,1e-06,0.05
2019-12-10,273.54,0.0,0.05
2019-12-11,272.93,1.7e-05,0.05
2019-12-12,273.25,2.8e-05,0.05
2019-12-13,270.78,0.000487,0.05
2019-12-14,270.97,2.5e-05,0.05
2019-12-15,269.66,0.000246,0.05
2019-12-16,269.89,9e-06,0.05
2019-12-17,268.72,3e-06,0.05
2019-12-18,271.37,2e-06,0.05
2019-12-19,273.67,0.0,0.05
2019-12-20,274.3,0.0,0.05
2019-12-21,274.22,0.0,0.05
2019-12-22,272.39,1e-06,0.05
2019-12-23,270.85,0.0,0.05
2019-12-24,270.59,0.0,0.05
2019-12-25,270.44,1e-06,0.05
2019-12-26,269.08,1.1e-05,0.05
2019-12-27,265.19,4.4e-05,0.05
2019-12-28,266.5,1e-06,0.05
2019-12-29,267.89,2e-06,0.05
2019-12-30,269.15,1e-06,0.05
2019-12-31,268.55,1e-06,0.05
2020-01-01,268.24,2e-06,0.05
2020-01-02,268.07,0.000179,0.05
2020-01-03,267.97,0.000244,0.05
2020-01-04,267.11,5.3e-05,0.05
2020-01-05,264.8,0.000268,0.05
2020-01-06,268.71,1e-06,0.05
2020-01-07,270.7,4.6e-05,0.05
2020-01-08,269.99,0.000157,0.05
2020-01-09,269.0,1.2e-05,0.05
2020-01-10,266.41,0.0,0.05
2020-01-11,269.93,0.0,0.05
2020-01-12,272.03,0.0,0.05
2020-01-13,274.46,1e-06,0.05
2020-01-14,273.26,0.0,0.05
2020-01-15,272.68,1e-06,0.05
2020-01-16,273.42,1.7e-05,0.05
2020-01-17,271.44,0.000646,0.05
2020-01-18,270.09,3.1e-05,0.05
2020-01-19,267.39,3e-06,0.05
2020-01-20,267.12,1e-06,0.05
2020-01-21,268.88,2e-06,0.05
2020-01-22,269.19,2e-06,0.05
2020-01-23,267.03,2e-06,0.05
2020-01-24,265.22,1.8e-05,0.05
2020-01-25,267.71,0.0,0.05
2020-01-26,268.98,3e-06,0.05
2020-01-27,269.51,1e-06,0.05
2020-01-28,270.08,2e-06,0.05
2020-01-29,271.02,3e-06,0.05
2020-01-30,269.08,1e-06,0.05
2020-01-31,269.42,0.0,0.05
2020-02-01,268.81,5.3e-05,0.05
2020-02-02,267.53,1.6e-05,0.05
2020-02-03,268.55,3e-06,0.05
2020-02-04,270.03,1e-06,0.05
2020-02-05,268.08,2e-06,0.05
2020-02-06,269.26,1e-06,0.05
2020-02-07,269.07,1e-06,0.05
2020-02-08,267.88,2.5e-05,0.05
2020-02-09,267.1,9.2e-05,0.05
2020-02-10,269.98,0.0,0.05
2020-02-11,273.13,1e-06,0.05
2020-02-12,275.53,1e-06,0.05
2020-02-13,276.51,0.0,0.05
2020-02-14,275.79,3e-06,0.05
2020-02-15,275.3,1e-06,0.05
2020-02-16,275.31,1e-06,0.05
2020-02-17,273.72,1e-06,0.05
2020-02-18,271.22,0.0,0.05
2020-02-19,273.68,2e-06,0.05
2020-02-20,273.61,0.000104,0.05
2020-02-21,273.29,0.00021,0.05
2020-02-22,272.46,0.000859,0.05
2020-02-23,271.39,0.000146,0.05
2020-02-24,270.75,9.7e-05,0.05
2020-02-25,270.62,0.000149,0.05
2020-02-26,270.18,0.0034,0.05
2020-02-27,268.3,0.000253,0.05
2020-02-28,268.9,1e-06,0.05
2020-02-29,271.05,2e-06,0.05
2020-03-01,271.96,2e-06,0.05
2020-03-02,271.88,0.000276,0.05
2020-03-03,271.72,2e-06,0.05
2020-03-04,272.09,2.1e-05,0.05
2020-03-05,272.0,0.000116,0.05
2020-03-06,272.26,0.0001,0.05
2020-03-07,272.79,0.000299,0.05
2020-03-08,272.64,2e-06,0.05
2020-03-09,273.67,1e-06,0.05
2020-03-10,274.86,0.0,0.05
2020-03-11,275.5,2e-06,0.05
2020-03-12,275.68,-0.0,0.05
2020-03-13,275.1,0.000134,0.05
2020-03-14,272.69,0.002221,0.05
2020-03-15,271.61,1e-06,0.05
2020-03-16,271.88,0.0,0.05
2020-03-17,274.27,1e-06,0.05
2020-03-18,274.38,1e-06,0.05
2020-03-19,273.71,0.000172,0.05
2020-03-20,272.52,0.000728,0.05
2020-03-21,273.7,2e-06,0.05
2020-03-22,273.8,4e-06,0.05
2020-03-23,273.11,0.000792,0.05
2020-03-24,273.14,3e-06,0.05
2020-03-25,275.96,4.7e-05,0.05
2020-03-26,277.99,0.0,0.05
2020-03-27,279.67,6e-06,0.05
2020-03-28,278.43,7.5e-05,0.05
2020-03-29,277.41,2e-06,0.05
2020-03-30,276.32,0.0,0.05
2020-03-31,277.75,2e-06,0.05
2020-04-01,276.58,7.2e-05,0.05
2020-04-02,275.72,6.3e-05,0.05
2020-04-03,275.21,1.4e-05,0.05
2020-04-04,275.57,3e-06,0.05
2020-04-05,275.58,3.7e-05,0.05
2020-04-06,275.85,0.0,0.05
2020-04-07,276.36,1e-06,0.05
2020-04-08,276.82,4.5e-05,0.05
2020-04-09,275.34,0.00014,0.05
2020-04-10,276.92,3e-06,0.05
2020-04-11,277.04,0.00045,0.05
2020-04-12,277.58,2e-06,0.05
2020-04-13,278.37,7.7e-05,0.05
2020-04-14,278.36,0.00019,0.05
2020-04-15,278.57,0.000199,0.05
2020-04-16,277.75,0.001527,0.05
2020-04-17,280.36,0.000408,0.05
2020-04-18,278.84,0.001684,0.05
2020-04-19,278.91,0.00012,0.05
2020-04-20,278.31,0.000289,0.05
2020-04-21,276.81,0.001882,0.05
2020-04-22,276.07,0.001344,0.05
2020-04-23,277.93,0.000855,0.05
2020-04-24,274.7,0.003269,0.05
2020-04-25,275.03,0.000775,0.05
2020-04-26,276.61,0.000358,0.05
2020-04-27,277.18,0.000633,0.05
2020-04-28,277.26,0.001461,0.05
2020-04-29,277.51,0.003342,0.05
2020-04-30,276.79,0.000667,0.05
2020-05-01,278.87,0.000191,0.05
2020-05-02,278.5,0.002866,0.05
2020-05-03,279.63,0.000852,0.05
2020-05-04,280.05,0.000728,0.05
2020-05-05,279.6,0.000829,0.05
2020-05-06,278.9,0.000831,0.05
2020-05-07,277.85,0.001182,0.05
2020-05-08,276.55,0.001714,0.05
2020-05-09,278.19,0.000242,0.05
2020-05-10,279.27,0.000502,0.05
2020-05-11,279.59,0.000402,0.05
2020-05-12,278.91,0.005145,0.05
2020-05-13,279.84,0.000665,0.05
2020-05-14,280.08,0.001005,0.05
2020-05-15,281.73,0.000396,0.05
2020-05-16,282.46,0.000146,0.05
2020-05-17,283.72,1.5e-05,0.05
2020-05-18,283.59,0.000313,0.05
2020-05-19,282.84,0.000381,0.05
2020-05-20,280.41,0.01313,0.05
2020-05-21,278.05,0.008001,0.05
2020-05-22,280.66,0.000392,0.05
2020-05-23,281.98,0.002191,0.05
2020-05-24,282.87,0.002183,0.05
2020-05-25,280.82,0.012196,0.05
2020-05-26,278.05,0.002564,0.05
2020-05-27,278.1,0.000319,0.05
2020-05-28,278.95,0.000316,0.05
2020-05-29,279.71,0.000581,0.05
2020-05-30,281.61,0.000945,0.05
2020-05-31,281.45,0.002816,0.05
2020-06-01,280.96,0.005173,0.05
2020-06-02,282.65,0.00054,0.05
2020-06-03,282.61,0.000956,0.05
2020-06-04,282.85,0.001787,0.05
2020-06-05,283.22,0.000478,0.05
2020-06-06,284.07,0.001369,0.05
2020-06-07,283.29,0.003863,0.05
2020-06-08,284.36,0.001066,0.05
2020-06-09,285.36,0.000898,0.05
2020-06-10,285.57,0.001235,0.05
2020-06-11,286.11,0.000191,0.05
2020-06-12,286.36,0.000633,0.05
2020-06-13,286.26,0.001798,0.05
2020-06-14,286.97,0.00184,0.05
2020-06-15,286.49,0.002652,0.05
2020-06-16,285.37,0.00557,0.05
2020-06-17,287.12,0.000661,0.05
2020-06-18,286.47,0.00524,0.05
2020-06-19,284.83,0.020228,0.05
2020-06-20,285.95,0.002783,0.05
2020-06-21,285.81,0.003669,0.05
2020-06-22,285.65,0.006462,0.05
2020-06-23,285.04,0.010869,0.05
2020-06-24,284.96,0.004443,0.05
2020-06-25,285.71,0.002379,0.05
2020-06-26,284.9,0.006402,0.05
2020-06-27,284.95,0.006276,0.05
2020-06-28,284.84,0.015283,0.05
2020-06-29,285.2,0.008631,0.05
2020-06-30,284.87,0.011433,0.05
2020-07-01,284.24,0.00305,0.05
2020-07-02,284.98,0.005071,0.05
2020-07-03,285.09,0.008894,0.05
2020-07-04,284.76,0.012834,0.05
2020-07-05,284.51,0.013883,0.05
2020-07-06,285.58,0.00495,0.05
2020-07-07,286.64,0.002045,0.05
2020-07-08,286.7,0.001528,0.05
2020-07-09,284.85,0.0052,0.05
2020-07-10,285.01,0.003219,0.05
2020-07-11,285.37,0.012225,0.05
2020-07-12,284.84,0.001519,0.05
2020-07-13,285.72,0.003595,0.05
2020-07-14,285.51,0.008931,0.05
2020-07-15,286.12,0.002572,0.05
2020-07-16,285.13,0.01332,0.05
2020-07-17,284.5,0.006368,0.05
2020-07-18,285.74,0.002249,0.05
2020-07-19,284.84,0.010587,0.05
2020-07-20,284.03,0.012189,0.05
2020-07-21,284.49,0.008231,0.05
2020-07-22,284.92,0.005696,0.05
2020-07-23,285.03,0.004031,0.05
2020-07-24,285.21,0.004395,0.05
2020-07-25,284.29,0.00686,0.05
2020-07-26,285.46,0.004215,0.05
2020-07-27,285.32,0.011566,0.05
2020-07-28,284.36,0.012653,0.05
2020-07-29,284.55,0.010497,0.05
2020-07-30,284.34,0.016665,0.05
2020-07-31,282.98,0.008345,0.05
2020-08-01,284.97,0.010582,0.05
2020-08-02,284.82,0.010924,0.05
2020-08-03,284.55,0.014981,0.05
2020-08-04,286.14,0.000632,0.05
2020-08-05,286.5,0.00059,0.05
2020-08-06,285.85,0.003807,0.05
2020-08-07,286.99,9.2e-05,0.05
2020-08-08,286.57,0.011609,0.05
2020-08-09,284.4,0.019968,0.05
2020-08-10,283.72,0.006432,0.05
2020-08-11,285.63,0.009326,0.05
2020-08-12,284.54,0.03921,0.05
2020-08-13,283.17,0.011851,0.05
2020-08-14,285.25,0.020726,0.05
2020-08-15,283.52,0.014479,0.05
2020-08-16,284.41,0.007095,0.05
2020-08-17,285.27,0.000245,0.05
2020-08-18,284.63,1.4e-05,0.05
2020-08-19,284.87,5e-06,0.05
2020-08-20,284.22,0.000519,0.05
2020-08-21,284.74,0.001472,0.05
2020-08-22,284.39,0.005364,0.05
2020-08-23,284.22,0.007806,0.05
2020-08-24,284.06,0.002233,0.05
2020-08-25,284.96,0.000404,0.05
2020-08-26,284.89,0.00065,0.05
2020-08-27,284.78,4.4e-05,0.05
2020-08-28,284.87,0.000221,0.05
2020-08-29,285.55,0.001085,0.05
2020-08-30,285.31,0.0008,0.05
2020-08-31,285.09,0.006994,0.05
2020-09-01,284.96,0.005245,0.05
2020-09-02,285.23,0.00119,0.05
2020-09-03,285.58,0.000776,0.05
2020-09-04,285.63,0.001285,0.05
2020-09-05,285.56,0.00043,0.05
2020-09-06,284.62,0.002835,0.05
2020-09-07,284.56,0.005172,0.05
2020-09-08,284.46,0.004365,0.05
2020-09-09,284.61,0.00615,0.05
2020-09-10,283.81,0.005539,0.05
2020-09-11,283.69,0.009628,0.05
2020-09-12,284.47,0.001182,0.05
2020-09-13,284.59,0.003404,0.05
2020-09-14,284.27,0.002936,0.05
2020-09-15,283.95,0.004438,0.05
2020-09-16,284.75,0.000405,0.05
2020-09-17,284.55,0.000576,0.05
2020-09-18,284.06,0.00132,0.05
2020-09-19,284.37,0.000263,0.05
2020-09-20,284.07,0.000196,0.05
2020-09-21,284.21,0.000915,0.05
2020-09-22,284.15,0.005424,0.05
2020-09-23,282.43,0.005473,0.05
2020-09-24,284.25,0.001453,0.05
2020-09-25,281.45,0.004253,0.05
2020-09-26,282.86,0.000754,0.05
2020-09-27,282.74,0.000459,0.05
2020-09-28,282.74,0.000414,0.05
2020-09-29,283.39,0.000311,0.05
2020-09-30,283.33,0.000207,0.05
2020-10-01,283.19,0.000683,0.05
2020-10-02,282.92,0.000457,0.05
2020-10-03,282.86,0.000939,0.05
2020-10-04,282.39,0.00071,0.05
2020-10-05,282.93,0.000332,0.05
2020-10-06,282.64,6.2e-05,0.05
2020-10-07,282.46,1.2e-05,0.05
2020-10-08,282.38,3e-06,0.05
2020-10-09,282.93,1e-06,0.05
2020-10-10,283.09,1e-06,0.05
2020-10-11,282.91,4e-06,0.05
2020-10-12,282.58,8e-06,0.05
2020-10-13,282.17,0.000245,0.05
2020-10-14,282.33,0.0,0.05
2020-10-15,282.48,0.0,0.05
2020-10-16,282.54,3e-06,0.05
2020-10-17,282.49,1e-06,0.05
2020-10-18,281.86,0.0,0.05
2020-10-19,280.34,0.001152,0.05
2020-10-20,279.6,4.6e-05,0.05
2020-10-21,279.4,1e-06,0.05
2020-10-22,279.03,6e-06,0.05
2020-10-23,278.32,1e-06,0.05
2020-10-24,279.21,0.0,0.05
2020-10-25,279.73,2e-06,0.05
2020-10-26,278.15,0.000146,0.05
2020-10-27,276.77,0.000516,0.05
2020-10-28,277.27,0.0,0.05
2020-10-29,277.68,1e-06,0.05
2020-10-30,277.89,3e-06,0.05
2020-10-31,277.83,1e-06,0.05
2020-11-01,278.45,0.0,0.05
2020-11-02,278.73,8e-06,0.05
2020-11-03,276.77,0.001538,0.05
2020-11-04,274.53,0.000554,0.05
2020-11-05,274.39,8e-06,0.05
2020-11-06,275.15,2.9e-05,0.05
2020-11-07,275.95,2e-06,0.05
2020-11-08,274.35,0.0,0.05
2020-11-09,275.05,2e-06,0.05
2020-11-10,274.58,1.5e-05,0.05
2020-11-11,274.84,-0.0,0.05
2020-11-12,274.97,1e-06,0.05
2020-11-13,274.93,1e-06,0.05
2020-11-14,275.11,0.0,0.05
2020-11-15,276.16,8e-06,0.05
2020-11-16,274.4,2.1e-05,0.05
2020-11-17,272.83,4e-06,0.05
2020-11-18,273.46,1e-06,0.05
2020-11-19,274.31,0.0,0.05
2020-11-20,274.04,1.1e-05,0.05
2020-11-21,271.67,0.000954,0.05
2020-11-22,270.2,0.000121,0.05
2020-11-23,273.19,1.7e-05,0.05
2020-11-24,273.23,0.000409,0.05
2020-11-25,274.85,0.000166,0.05
2020-11-26,275.25,1.3e-05,0.05
2020-11-27,273.05,9.9e-05,0.05
2020-11-28,270.21,0.0,0.05
2020-11-29,273.12,0.0,0.05
2020-11-30,274.61,8e-06,0.05
2020-12-01,274.57,0.0,0.05
2020-12-02,273.86,2e-06,0.05
2020-12-03,272.31,-0.0,0.05
2020-12-04,271.55,7e-06,0.05
2020-12-05,272.23,0.000245,0.05
2020-12-06,272.21,1.4e-05,0.05
2020-12-07,272.98,0.0,0.05
2020-12-08,274.83,0.0,0.05
2020-12-09,274.58,1e-06,0.05
2020-12-10,274.45,0.0,0.05
2020-12-11,273.94,1e-06,0.05
2020-12-12,274.84,0.000839,0.05
2020-12-13,273.07,1e-06,0.05
2020-12-14,273.11,1e-06,0.05
2020-12-15,272.97,0.0,0.05
2020-12-16,271.76,3e-06,0.05
2020-12-17,271.09,3e-06,0.05
2020-12-18,271.3,1e-06,0.05
2020-12-19,272.55,0.0,0.05
2020-12-20,273.77,1e-06,0.05
2020-12-21,274.81,2e-06,0.05
2020-12-22,274.78,-0.0,0.05
2020-12-23,274.58,1e-06,0.05
2020-12-24,272.28,3e-05,0.05
2020-12-25,269.92,7e-06,0.05
2020-12-26,271.16,2e-06,0.05
2020-12-27,274.23,1e-06,0.05
2020-12-28,272.66,1e-06,0.05
2020-12-29,272.71,1e-06,0.05
2020-12-30,272.53,1e-06,0.05
2020-12-31,272.57,1e-06,0.05
2021-01-01,273.54,0.0,0.05
2021-01-02,274.31,0.0,0.05
2021-01-03,274.64,1e-06,0.05
2021-01-04,275.14,0.000211,0.05
2021-01-05,272.62,0.001223,0.05
2021-01-06,274.08,0.000224,0.05
2021-01-07,273.05,0.0,0.05
2021-01-08,274.16,1e-06,0.05
2021-01-09,275.01,2e-06,0.05
2021-01-10,275.04,1e-06,0.05
2021-01-11,275.03,2e-06,0.05
2021-01-12,276.45,3e-06,0.05
2021-01-13,275.34,1e-06,0.05
2021-01-14,277.16,1e-06,0.05
2021-01-15,277.61,0.0,0.05
2021-01-16,274.44,0.0,0.05
2021-01-17,272.24,0.0,0.05
2021-01-18,273.33,0.0,0.05
2021-01-19,273.19,3e-06,0.05
2021-01-20,272.23,9.5e-05,0.05
2021-01-21,269.89,0.0,0.05
2021-01-22,275.22,0.0,0.05
2021-01-23,275.28,0.0,0.05
2021-01-24,273.86,0.0,0.05
2021-01-25,272.32,0.0,0.05
2021-01-26,271.66,0.0,0.05
2021-01-27,272.2,0.0,0.05
2021-01-28,272.47,2e-06,0.05
2021-01-29,268.78,2e-06,0.05
2021-01-30,267.63,6e-06,0.05
2021-01-31,269.71,0.0,0.05
2021-02-01,272.46,1e-06,0.05
2021-02-02,271.57,1e-06,0.05
2021-02-03,271.89,2e-06,0.05
2021-02-04,271.37,1e-06,0.05
2021-02-05,269.94,0.000214,0.05
2021-02-06,268.33,0.000732,0.05
2021-02-07,268.78,4.7e-05,0.05
2021-02-08,270.04,1e-06,0.05
2021-02-09,273.05,2e-06,0.05
2021-02-10,273.74,0.000155,0.05
2021-02-11,272.04,2.1e-05,0.05
2021-02-12,273.91,1e-06,0.05
2021-02-13,273.04,1e-06,0.05
2021-02-14,272.57,7.4e-05,0.05
2021-02-15,271.78,1e-06,0.05
2021-02-16,271.01,4.6e-05,0.05
2021-02-17,270.77,3e-06,0.05
2021-02-18,269.94,4.6e-05,0.05
2021-02-19,270.22,4.2e-05,0.05
2021-02-20,271.09,0.0,0.05
2021-02-21,274.67,0.0,0.05
2021-02-22,274.84,3e-06,0.05
2021-02-23,275.12,1e-06,0.05
2021-02-24,275.26,1e-06,0.05
2021-02-25,275.09,0.0,0.05
2021-02-26,276.97,1e-06,0.05
2021-02-27,277.58,2e-06,0.05
2021-02-28,277.72,4e-06,0.05
2021-03-01,277.21,1.3e-05,0.05
2021-03-02,276.69,9e-06,0.05
2021-03-03,275.85,0.0,0.05
2021-03-04,275.77,0.0,0.05
2021-03-05,274.45,3.5e-05,0.05
2021-03-06,273.9,3e-06,0.05
2021-03-07,274.98,3e-06,0.05
2021-03-08,275.83,0.0,0.05
2021-03-09,275.45,0.0,0.05
2021-03-10,275.5,1e-06,0.05
2021-03-11,275.69,5.7e-05,0.05
2021-03-12,276.47,0.0,0.05
2021-03-13,275.73,0.001793,0.05
2021-03-14,274.49,0.001016,0.05
2021-03-15,275.67,0.0,0.05
2021-03-16,275.37,8e-05,0.05
2021-03-17,275.67,1e-06,0.05
2021-03-18,275.96,0.000316,0.05
2021-03-19,276.59,0.000239,0.05
2021-03-20,275.64,0.000763,0.05
2021-03-21,274.22,0.001638,0.05
2021-03-22,275.52,0.000276,0.05
2021-03-23,277.03,2.8e-05,0.05
2021-03-24,276.59,0.001296,0.05
2021-03-25,275.12,0.000223,0.05
2021-03-26,274.6,0.0,0.05
2021-03-27,276.01,3e-06,0.05
2021-03-28,276.06,2.8e-05,0.05
2021-03-29,277.24,0.000153,0.05
2021-03-30,278.6,0.000297,0.05
2021-03-31,279.19,1.3e-05,0.05
2021-04-01,277.56,0.000464,0.05
2021-04-02,275.94,1.2e-05,0.05
2021-04-03,274.48,2e-06,0.05
2021-04-04,272.8,0.000142,0.05
2021-04-05,276.42,1.1e-05,0.05
2021-04-06,278.37,5.9e-05,0.05
2021-04-07,278.51,1.1e-05,0.05
2021-04-08,278.34,0.0,0.05
2021-04-09,277.9,4e-06,0.05
2021-04-10,276.93,3.4e-05,0.05
2021-04-11,277.27,0.0,0.05
2021-04-12,276.92,1.3e-05,0.05
2021-04-13,277.23,9.5e-05,0.05
2021-04-14,277.8,0.0,0.05
2021-04-15,278.49,5.6e-05,0.05
2021-04-16,278.09,0.001234,0.05
2021-04-17,278.48,0.00016,0.05
2021-04-18,278.08,0.000283,0.05
2021-04-19,278.2,0.0,0.05
2021-04-20,279.56,1.8e-05,0.05
2021-04-21,279.49,0.000386,0.05
2021-04-22,277.05,0.001372,0.05
2021-04-23,277.62,2e-06,0.05
2021-04-24,278.71,1e-06,0.05
2021-04-25,278.41,3e-06,0.05
2021-04-26,279.0,0.0,0.05
2021-04-27,280.14,1.5e-05,0.05
2021-04-28,278.97,0.000215,0.05
2021-04-29,278.11,0.003812,0.05
2021-04-30,278.47,0.000857,0.05
2021-05-01,279.25,0.001053,0.05
2021-05-02,279.25,0.00104,0.05
2021-05-03,278.96,0.01793,0.05
2021-05-04,275.82,0.016298,0.05
2021-05-05,275.26,0.007314,0.05
2021-05-06,275.79,0.003338,0.05
2021-05-07,278.3,0.000339,0.05
2021-05-08,277.35,0.007666,0.05
2021-05-09,278.75,0.000312,0.05
2021-05-10,278.46,0.003141,0.05
2021-05-11,278.39,0.006652,0.05
2021-05-12,277.66,0.00441,0.05
2021-05-13,278.16,0.004174,0.05
2021-05-14,279.83,0.000608,0.05
2021-05-15,281.52,9.4e-05,0.05
2021-05-16,283.47,2e-06,0.05
2021-05-17,284.86,1.4e-05,0.05
2021-05-18,284.03,0.002669,0.05
2021-05-19,284.65,0.001331,0.05
2021-05-20,284.32,0.000373,0.05
2021-05-21,284.99,0.00017,0.05
2021-05-22,285.23,1.3e-05,0.05
2021-05-23,285.74,9.1e-05,0.05
2021-05-24,285.11,0.000893,0.05
2021-05-25,284.97,0.000752,0.05
2021-05-26,284.94,0.000498,0.05
2021-05-27,284.62,0.000713,0.05
2021-05-28,284.4,0.000735,0.05
2021-05-29,285.37,0.001091,0.05
2021-05-30,285.87,0.000565,0.05
2021-05-31,284.94,0.00112,0.05
2021-06-01,284.34,0.002247,0.05
2021-06-02,285.3,0.000511,0.05
2021-06-03,285.86,0.000296,0.05
2021-06-04,285.78,0.001104,0.05
2021-06-05,286.48,0.000681,0.05
2021-06-06,285.74,0.00254,0.05
2021-06-07,283.62,0.008314,0.05
2021-06-08,283.73,0.00278,0.05
2021-06-09,285.45,3.6e-05,0.05
2021-06-10,285.97,4.5e-05,0.05
2021-06-11,285.07,0.005583,0.05
2021-06-12,283.76,0.012005,0.05
2021-06-13,285.02,0.00519,0.05
2021-06-14,285.95,0.000529,0.05
2021-06-15,285.96,0.000289,0.05
2021-06-16,285.95,0.001751,0.05
2021-06-17,285.85,0.000459,0.05
2021-06-18,285.52,0.001496,0.05
2021-06-19,285.88,0.003574,0.05
2021-06-20,285.73,0.002362,0.05
2021-06-21,285.65,0.012859,0.05
2021-06-22,284.77,0.010515,0.05
2021-06-23,285.77,0.001757,0.05
2021-06-24,286.43,0.000404,0.05
2021-06-25,287.0,0.00045,0.05
2021-06-26,286.42,0.003923,0.05
2021-06-27,286.43,0.003511,0.05
2021-06-28,286.27,0.011218,0.05
2021-06-29,285.55,0.0023,0.05
2021-06-30,286.4,0.000271,0.05
2021-07-01,285.78,0.010421,0.05
2021-07-02,284.66,0.010257,0.05
2021-07-03,285.43,0.008436,0.05
2021-07-04,285.35,0.008377,0.05
2021-07-05,285.81,0.00435,0.05
2021-07-06,285.66,0.003355,0.05
2021-07-07,285.03,0.0107,0.05
2021-07-08,285.23,0.00872,0.05
2021-07-09,284.78,0.035968,0.05
2021-07-10,283.56,0.002777,0.05
2021-07-11,285.65,0.001111,0.05
2021-07-12,284.72,0.010855,0.05
2021-07-13,284.53,0.00971,0.05
2021-07-14,284.43,0.003721,0.05
2021-07-15,284.91,0.004275,0.05
2021-07-16,285.59,0.012285,0.05
2021-07-17,284.12,0.018769,0.05
2021-07-18,284.01,0.005059,0.05
2021-07-19,285.45,0.006103,0.05
2021-07-20,285.14,0.008955,0.05
2021-07-21,283.53,0.01003,0.05
2021-07-22,284.74,0.008255,0.05
2021-07-23,285.84,0.003116,0.05
2021-07-24,287.27,0.000523,0.05
2021-07-25,286.86,0.012645,0.05
2021-07-26,283.44,0.017496,0.05
2021-07-27,284.63,0.005121,0.05
2021-07-28,284.04,0.004121,0.05
2021-07-29,284.75,0.000597,0.05
2021-07-30,285.07,0.001655,0.05
2021-07-31,284.4,0.003161,0.05
2021-08-01,285.7,0.003265,0.05
2021-08-02,285.61,0.00669,0.05
2021-08-03,285.08,0.006019,0.05
2021-08-04,284.01,0.003133,0.05
2021-08-05,285.34,0.005667,0.05
2021-08-06,283.94,0.004657,0.05
2021-08-07,285.84,0.000723,0.05
2021-08-08,285.42,0.005178,0.05
2021-08-09,285.81,0.00875,0.05
2021-08-10,285.99,0.005083,0.05
2021-08-11,285.92,0.008592,0.05
2021-08-12,284.08,0.010798,0.05
2021-08-13,284.78,0.006836,0.05
2021-08-14,285.16,0.010247,0.05
2021-08-15,285.1,0.016865,0.05
2021-08-16,284.43,0.016675,0.05
2021-08-17,285.31,0.008873,0.05
2021-08-18,285.4,0.011832,0.05
2021-08-19,284.03,0.017294,0.05
2021-08-20,284.57,0.00984,0.05
2021-08-21,284.89,0.008317,0.05
2021-08-22,284.17,0.00987,0.05
2021-08-23,284.87,0.011617,0.05
2021-08-24,284.48,0.016143,0.05
2021-08-25,284.23,0.009118,0.05
2021-08-26,284.65,0.007392,0.05
2021-08-27,283.26,0.00737,0.05
2021-08-28,283.58,0.006797,0.05
2021-08-29,283.31,0.005217,0.05
2021-08-30,283.38,0.010725,0.05
2021-08-31,283.34,0.006285,0.05
2021-09-01,283.84,0.004122,0.05
2021-09-02,283.03,0.014391,0.05
2021-09-03,283.11,0.004978,0.05
2021-09-04,283.97,0.006017,0.05
2021-09-05,283.51,0.008243,0.05
2021-09-06,282.25,0.008377,0.05
2021-09-07,283.16,0.005725,0.05
2021-09-08,281.33,0.01943,0.05
2021-09-09,280.66,0.002917,0.05
2021-09-10,282.07,0.003805,0.05
2021-09-11,282.8,0.000917,0.05
2021-09-12,282.99,0.003687,0.05
2021-09-13,283.21,0.001941,0.05
2021-09-14,282.97,0.000661,0.05
2021-09-15,283.6,0.00094,0.05
2021-09-16,282.45,0.002665,0.05
2021-09-17,281.61,0.012177,0.05
2021-09-18,282.06,3.8e-05,0.05
2021-09-19,282.06,0.0,0.05
2021-09-20,282.3,1e-06,0.05
2021-09-21,282.22,0.000622,0.05
2021-09-22,282.66,0.000632,0.05
2021-09-23,283.18,0.000451,0.05
2021-09-24,283.26,0.000274,0.05
2021-09-25,283.11,0.001203,0.05
2021-09-26,282.35,0.007776,0.05
2021-09-27,279.68,0.002634,0.05
2021-09-28,280.28,6.2e-05,0.05
2021-09-29,281.25,4.7e-05,0.05
2021-09-30,281.27,0.00019,0.05
2021-10-01,281.7,0.001241,0.05
2021-10-02,281.75,0.002035,0.05
2021-10-03,281.58,0.002931,0.05
2021-10-04,281.75,0.000651,0.05
2021-10-05,281.87,0.000554,0.05
2021-10-06,282.0,1.5e-05,0.05
2021-10-07,282.31,0.000207,0.05
2021-10-08,282.1,8.1e-05,0.05
2021-10-09,281.9,0.000834,0.05
2021-10-10,281.71,0.000437,0.05
2021-10-11,281.51,0.000406,0.05
2021-10-12,281.53,0.000307,0.05
2021-10-13,281.66,1e-06,0.05
2021-10-14,281.62,2e-06,0.05
2021-10-15,280.83,1e-06,0.05
2021-10-16,281.62,2e-06,0.05
2021-10-17,281.47,0.000752,0.05
2021-10-18,281.35,0.000388,0.05
2021-10-19,280.84,0.008838,0.05
2021-10-20,281.2,0.001459,0.05
2021-10-21,279.51,0.001315,0.05
2021-10-22,278.33,2e-06,0.05
2021-10-23,279.01,0.00013,0.05
2021-10-24,278.12,0.001237,0.05
2021-10-25,276.31,0.00047,0.05
2021-10-26,276.09,9.4e-05,0.05
2021-10-27,275.94,6e-05,0.05
2021-10-28,275.07,0.0,0.05
2021-10-29,276.76,0.0,0.05
2021-10-30,276.94,0.000211,0.05
2021-10-31,276.53,9.1e-05,0.05
2021-11-01,275.76,1.8e-05,0.05
2021-11-02,275.46,5.5e-05,0.05
2021-11-03,274.54,0.000106,0.05
2021-11-04,274.02,0.00014,0.05
2021-11-05,274.98,3e-06,0.05
2021-11-06,275.12,0.0,0.05
2021-11-07,276.93,2e-06,0.05
2021-11-08,277.44,2e-06,0.05
2021-11-09,276.83,2e-06,0.05
2021-11-10,277.37,2e-06,0.05
2021-11-11,278.19,2e-06,0.05
2021-11-12,278.4,1e-06,0.05
2021-11-13,277.24,2e-06,0.05
2021-11-14,276.85,1e-06,0.05
2021-11-15,275.73,4.2e-05,0.05
2021-11-16,275.13,1e-06,0.05
2021-11-17,275.37,1e-06,0.05
2021-11-18,277.52,1e-06,0.05
2021-11-19,277.73,8.9e-05,0.05
2021-11-20,278.02,0.000167,0.05
2021-11-21,277.2,2e-06,0.05
2021-11-22,275.39,7e-06,0.05
2021-11-23,272.61,1e-06,0.05
2021-11-24,272.94,1e-06,0.05
2021-11-25,273.83,1e-06,0.05
2021-11-26,272.14,5e-06,0.05
2021-11-27,272.58,3e-06,0.05
2021-11-28,273.87,0.0,0.05
2021-11-29,273.69,0.0,0.05
2021-11-30,273.85,2e-06,0.05
2021-12-01,275.27,1e-06,0.05
2021-12-02,277.46,2e-06,0.05
2021-12-03,277.68,2.6e-05,0.05
2021-12-04,276.0,9.7e-05,0.05
2021-12-05,275.31,-0.0,0.05
2021-12-06,274.71,4.6e-05,0.05
2021-12-07,273.63,9e-06,0.05
2021-12-08,274.12,0.0,0.05
2021-12-09,273.58,3.8e-05,0.05
2021-12-10,271.16,1e-06,0.05
2021-12-11,268.31,1e-06,0.05
2021-12-12,270.49,0.0,0.05
2021-12-13,272.85,0.000151,0.05
2021-12-14,272.86,2.7e-05,0.05
2021-12-15,272.47,0.0,0.05
2021-12-16,273.11,0.0,0.05
2021-12-17,273.46,4e-06,0.05
2021-12-18,271.08,6e-06,0.05
2021-12-19,268.68,0.0,0.05
2021-12-20,266.4,1e-06,0.05
2021-12-21,268.65,0.000175,0.05
2021-12-22,267.26,0.000383,0.05
2021-12-23,267.6,0.0,0.05
2021-12-24,267.97,8e-06,0.05
2021-12-25,267.03,0.000166,0.05
2021-12-26,268.3,4e-06,0.05
2021-12-27,268.95,0.000268,0.05
2021-12-28,269.79,0.0001,0.05
2021-12-29,269.4,0.001254,0.05
2021-12-30,268.37,3.1e-05,0.05
2021-12-31,267.21,1e-06,0.05
2022-01-01,268.23,2e-06,0.05
2022-01-02,269.31,2.5e-05,0.05
2022-01-03,268.38,0.00014,0.05
2022-01-04,269.7,0.0,0.05
2022-01-05,271.72,0.0,0.05
2022-01-06,272.63,3.3e-05,0.05
2022-01-07,271.98,0.000272,0.05
2022-01-08,271.5,0.00016,0.05
2022-01-09,271.86,0.000278,0.05
2022-01-10,270.74,0.000818,0.05
2022-01-11,270.03,5e-06,0.05
2022-01-12,268.05,1e-06,0.05
2022-01-13,267.74,4e-06,0.05
2022-01-14,268.63,2e-06,0.05
2022-01-15,267.56,9.9e-05,0.05
2022-01-16,265.71,0.0,0.05
2022-01-17,268.59,2e-06,0.05
2022-01-18,269.1,3.8e-05,0.05
2022-01-19,269.18,5.3e-05,0.05
2022-01-20,268.15,6.7e-05,0.05
2022-01-21,268.59,9e-06,0.05
2022-01-22,269.44,1e-06,0.05
2022-01-23,269.25,3e-06,0.05
2022-01-24,268.45,4.7e-05,0.05
2022-01-25,268.88,5e-06,0.05
2022-01-26,267.44,1.3e-05,0.05
2022-01-27,266.05,1.7e-05,0.05
2022-01-28,266.93,0.0,0.05
2022-01-29,270.11,1e-06,0.05
2022-01-30,270.88,0.0,0.05
2022-01-31,271.38,3e-06,0.05
2022-02-01,268.91,0.000423,0.05
2022-02-02,270.64,0.0,0.05
2022-02-03,269.73,7.6e-05,0.05
2022-02-04,267.35,0.004294,0.05
2022-02-05,265.84,0.00054,0.05
2022-02-06,269.42,2e-06,0.05
2022-02-07,271.6,1e-06,0.05
2022-02-08,270.71,1e-06,0.05
2022-02-09,270.7,5e-06,0.05
2022-02-10,268.74,5.4e-05,0.05
2022-02-11,267.23,3.3e-05,0.05
2022-02-12,267.32,0.0,0.05
2022-02-13,271.18,3e-06,0.05
2022-02-14,271.71,3e-06,0.05
2022-02-15,271.57,1e-06,0.05
2022-02-16,270.55,0.0,0.05
2022-02-17,271.46,0.0,0.05
2022-02-18,273.45,1e-06,0.05
2022-02-19,269.55,3e-06,0.05
2022-02-20,267.49,0.000268,0.05
2022-02-21,267.31,0.000496,0.05
2022-02-22,270.69,2e-06,0.05
2022-02-23,272.3,1e-06,0.05
2022-02-24,271.61,2e-06,0.05
2022-02-25,270.6,7e-05,0.05
2022-02-26,270.13,0.000283,0.05
2022-02-27,271.32,8.9e-05,0.05
2022-02-28,269.89,1e-06,0.05
2022-03-01,271.28,0.0,0.05
2022-03-02,271.97,1e-06,0.05
2022-03-03,273.56,2e-06,0.05
2022-03-04,274.17,2e-06,0.05
2022-03-05,273.19,2e-06,0.05
2022-03-06,274.15,4e-06,0.05
2022-03-07,274.83,2.3e-05,0.05
2022-03-08,274.45,1.9e-05,0.05
2022-03-09,274.97,7e-06,0.05
2022-03-10,274.99,3e-05,0.05
2022-03-11,274.95,3e-06,0.05
2022-03-12,275.06,0.000181,0.05
2022-03-13,275.82,2e-06,0.05
2022-03-14,276.45,2e-06,0.05
2022-03-15,277.15,0.0,0.05
2022-03-16,277.97,1e-06,0.05
2022-03-17,278.49,1e-06,0.05
2022-03-18,279.33,0.0,0.05
2022-03-19,280.21,1e-06,0.05
2022-03-20,280.26,3e-06,0.05
2022-03-21,279.29,2.4e-05,0.05
2022-03-22,279.19,0.0,0.05
2022-03-23,279.23,0.000101,0.05
2022-03-24,278.91,0.000226,0.05
2022-03-25,279.07,2e-06,0.05
2022-03-26,278.06,3.2e-05,0.05
2022-03-27,279.42,2e-06,0.05
2022-03-28,282.58,0.0,0.05
2022-03-29,283.31,1e-06,0.05
2022-03-30,282.41,0.0,0.05
2022-03-31,282.44,0.0,0.05
2022-04-01,282.05,3e-06,0.05
2022-04-02,281.9,1e-06,0.05
2022-04-03,282.02,0.000152,0.05
2022-04-04,281.86,2e-06,0.05
2022-04-05,282.18,2e-06,0.05
2022-04-06,281.79,6e-06,0.05
2022-04-07,281.73,2e-05,0.05
2022-04-08,280.91,0.000163,0.05
2022-04-09,280.02,0.000202,0.05
2022-04-10,281.22,7.9e-05,0.05
2022-04-11,280.08,1e-06,0.05
2022-04-12,282.35,2e-06,0.05
2022-04-13,282.6,3.5e-05,0.05
2022-04-14,281.29,7.7e-05,0.05
2022-04-15,279.79,4e-05,0.05
2022-04-16,278.76,6.6e-05,0.05
2022-04-17,278.69,0.00012,0.05
2022-04-18,278.89,3.1e-05,0.05
2022-04-19,280.19,0.0,0.05
2022-04-20,281.06,0.000119,0.05
2022-04-21,282.26,2.9e-05,0.05
2022-04-22,281.24,6.4e-05,0.05
2022-04-23,281.28,8.8e-05,0.05
2022-04-24,280.6,2.8e-05,0.05
2022-04-25,280.95,0.0,0.05
2022-04-26,281.31,8.4e-05,0.05
2022-04-27,277.74,0.001707,0.05
2022-04-28,281.21,8.1e-05,0.05
2022-04-29,280.79,0.000809,0.05
2022-04-30,281.13,8e-06,0.05
2022-05-01,281.13,3.8e-05,0.05
2022-05-02,278.71,0.007178,0.05
2022-05-03,280.82,0.000131,0.05
2022-05-04,281.81,2.8e-05,0.05
2022-05-05,282.61,1e-05,0.05
2022-05-06,282.4,0.000572,0.05
2022-05-07,282.63,0.000404,0.05
2022-05-08,281.09,0.002405,0.05
2022-05-09,283.12,0.000403,0.05
2022-05-10,284.92,0.000798,0.05
2022-05-11,282.45,0.001988,0.05
2022-05-12,283.72,0.002025,0.05
2022-05-13,285.97,5.1e-05,0.05
2022-05-14,286.92,0.000407,0.05
2022-05-15,284.25,0.011546,0.05
2022-05-16,283.12,0.002344,0.05
2022-05-17,283.1,0.002054,0.05
2022-05-18,281.91,0.001194,0.05
2022-05-19,282.27,0.001396,0.05
2022-05-20,281.14,0.02194,0.05
2022-05-21,276.64,0.009251,0.05
2022-05-22,278.23,0.004361,0.05
2022-05-23,281.0,0.000309,0.05
2022-05-24,282.03,0.000307,0.05
2022-05-25,282.04,0.001995,0.05
2022-05-26,281.29,0.002616,0.05
2022-05-27,282.66,7.7e-05,0.05
2022-05-28,283.09,0.001211,0.05
2022-05-29,284.37,0.00051,0.05
2022-05-30,284.37,0.00246,0.05
2022-05-31,284.83,0.000273,0.05
2022-06-01,285.32,0.000404,0.05
2022-06-02,285.89,0.000369,0.05
2022-06-03,286.69,6e-06,0.05
2022-06-04,286.93,0.000332,0.05
2022-06-05,287.39,8.6e-05,0.05
2022-06-06,286.94,0.004759,0.05
2022-06-07,286.01,0.004958,0.05
2022-06-08,286.41,0.000726,0.05
2022-06-09,285.05,0.005195,0.05
2022-06-10,286.22,0.001428,0.05
2022-06-11,286.3,0.001122,0.05
2022-06-12,286.8,0.000647,0.05
2022-06-13,286.34,0.000984,0.05
2022-06-14,286.82,0.000383,0.05
2022-06-15,285.86,0.004259,0.05
2022-06-16,284.47,0.004835,0.05
2022-06-17,284.52,0.001778,0.05
2022-06-18,285.42,0.002535,0.05
2022-06-19,285.47,0.002558,0.05
2022-06-20,284.76,0.000823,0.05
2022-06-21,285.45,0.001472,0.05
2022-06-22,286.66,0.000578,0.05
2022-06-23,287.76,0.001428,0.05
2022-06-24,287.15,0.01487,0.05
2022-06-25,283.68,0.009444,0.05
2022-06-26,285.41,0.006002,0.05
2022-06-27,284.86,0.011821,0.05
2022-06-28,283.98,0.007764,0.05
2022-06-29,285.36,0.000569,0.05
2022-06-30,285.6,0.001072,0.05
2022-07-01,285.92,0.002274,0.05
2022-07-02,286.11,0.003195,0.05
2022-07-03,284.78,0.001526,0.05
2022-07-04,287.02,7.3e-05,0.05
2022-07-05,288.68,7e-06,0.05
2022-07-06,287.73,0.000193,0.05
2022-07-07,288.15,0.000189,0.05
2022-07-08,288.97,0.000506,0.05
2022-07-09,287.98,0.000296,0.05
2022-07-10,287.99,1.6e-05,0.05
2022-07-11,288.19,0.000537,0.05
2022-07-12,288.21,0.000828,0.05
2022-07-13,287.21,0.001918,0.05
2022-07-14,286.72,0.000523,0.05
2022-07-15,286.69,0.000417,0.05
2022-07-16,287.63,0.001709,0.05
2022-07-17,288.43,0.000603,0.05
2022-07-18,285.62,0.013216,0.05
2022-07-19,288.25,0.000193,0.05
2022-07-20,285.88,0.013854,0.05
2022-07-21,282.42,0.01525,0.05
2022-07-22,284.65,0.001047,0.05
2022-07-23,284.77,0.001515,0.05
2022-07-24,285.87,0.003335,0.05
2022-07-25,285.49,0.003099,0.05
2022-07-26,285.85,0.00344,0.05
2022-07-27,284.88,0.00862,0.05
2022-07-28,285.51,0.00558,0.05
2022-07-29,284.54,0.006896,0.05
2022-07-30,285.63,0.003902,0.05
2022-07-31,284.33,0.023713,0.05
2022-08-01,284.66,0.009921,0.05
2022-08-02,285.24,0.00242,0.05
2022-08-03,286.2,0.001098,0.05
2022-08-04,285.76,0.003554,0.05
2022-08-05,286.28,0.003597,0.05
2022-08-06,285.36,0.006201,0.05
2022-08-07,286.14,0.001469,0.05
2022-08-08,286.51,0.00079,0.05
2022-08-09,287.19,0.000511,0.05
2022-08-10,286.33,0.004196,0.05
2022-08-11,285.79,0.001055,0.05
2022-08-12,287.07,6.5e-05,0.05
2022-08-13,287.58,0.002703,0.05
2022-08-14,285.08,0.002346,0.05
2022-08-15,285.56,0.001714,0.05
2022-08-16,286.23,0.000893,0.05
2022-08-17,286.12,0.00085,0.05
2022-08-18,287.16,0.002612,0.05
2022-08-19,285.54,0.002887,0.05
2022-08-20,285.32,0.002002,0.05
2022-08-21,285.73,0.001317,0.05
2022-08-22,285.61,0.000674,0.05
2022-08-23,286.11,0.001726,0.05
2022-08-24,286.56,0.000258,0.05
2022-08-25,287.3,0.00044,0.05
2022-08-26,287.3,0.0035,0.05
2022-08-27,286.86,0.001267,0.05
2022-08-28,286.07,0.005286,0.05
2022-08-29,286.22,0.003887,0.05
2022-08-30,285.73,0.004527,0.05
2022-08-31,284.64,0.006085,0.05
2022-09-01,283.84,0.011418,0.05
2022-09-02,284.94,0.010054,0.05
2022-09-03,283.19,0.020347,0.05
2022-09-04,281.99,0.006198,0.05
2022-09-05,283.79,0.004732,0.05
2022-09-06,284.19,0.002765,0.05
2022-09-07,284.0,0.018741,0.05
2022-09-08,283.01,0.004369,0.05
2022-09-09,282.8,0.006424,0.05
2022-09-10,281.27,0.006854,0.05
2022-09-11,281.99,0.015016,0.05
2022-09-12,283.88,0.001258,0.05
2022-09-13,283.27,0.010759,0.05
2022-09-14,283.37,0.005171,0.05
2022-09-15,283.77,0.00547,0.05
2022-09-16,283.49,0.010691,0.05
2022-09-17,283.35,0.009113,0.05
2022-09-18,283.49,0.003808,0.05
2022-09-19,283.66,0.000273,0.05
2022-09-20,283.44,0.000797,0.05
2022-09-21,283.61,0.000797,0.05
2022-09-22,284.04,0.000282,0.05
2022-09-23,283.87,0.000879,0.05
2022-09-24,283.92,0.002627,0.05
2022-09-25,282.73,0.003819,0.05
2022-09-26,282.36,0.006845,0.05
2022-09-27,281.17,0.005722,0.05
2022-09-28,281.41,0.001352,0.05
2022-09-29,281.81,0.001497,0.05
2022-09-30,282.04,0.001026,0.05
2022-10-01,282.03,0.000776,0.05
2022-10-02,282.16,0.000733,0.05
2022-10-03,282.77,0.000106,0.05
2022-10-04,282.47,0.006388,0.05
2022-10-05,281.77,0.003881,0.05
2022-10-06,281.91,0.00116,0.05
2022-10-07,282.2,0.000112,0.05
2022-10-08,282.04,0.002555,0.05
2022-10-09,281.17,0.003188,0.05
2022-10-10,281.05,0.004983,0.05
2022-10-11,279.99,0.007339,0.05
2022-10-12,280.02,0.006734,0.05
2022-10-13,279.55,0.001018,0.05
2022-10-14,278.77,0.000113,0.05
2022-10-15,278.71,0.0,0.05
2022-10-16,278.32,0.0002,0.05
2022-10-17,277.79,2e-05,0.05
2022-10-18,276.48,1.9e-05,0.05
2022-10-19,274.97,3.4e-05,0.05
2022-10-20,275.59,2e-06,0.05
2022-10-21,275.89,0.000519,0.05
2022-10-22,276.25,0.0,0.05
2022-10-23,275.46,8e-06,0.05
2022-10-24,276.9,0.000631,0.05
2022-10-25,274.01,0.003805,0.05
2022-10-26,274.58,0.000738,0.05
2022-10-27,275.8,1.5e-05,0.05
2022-10-28,276.11,0.003236,0.05
2022-10-29,274.41,0.000138,0.05
2022-10-30,275.24,1.8e-05,0.05
2022-10-31,275.9,0.000281,0.05
2022-11-01,276.39,0.000173,0.05
2022-11-02,275.61,0.000187,0.05
2022-11-03,273.81,8.5e-05,0.05
2022-11-04,273.97,0.000101,0.05
2022-11-05,275.18,4e-06,0.05
2022-11-06,275.09,5.3e-05,0.05
2022-11-07,275.11,1e-06,0.05
2022-11-08,276.09,5.8e-05,0.05
2022-11-09,275.22,0.000442,0.05
2022-11-10,274.99,1e-06,0.05
2022-11-11,273.99,0.000125,0.05
2022-11-12,274.06,0.00015,0.05
2022-11-13,274.91,0.0,0.05
2022-11-14,275.26,3.2e-05,0.05
2022-11-15,274.62,4.3e-05,0.05
2022-11-16,274.52,4e-06,0.05
2022-11-17,273.93,3.5e-05,0.05
2022-11-18,272.81,2e-06,0.05
2022-11-19,274.98,0.0,0.05
2022-11-20,276.06,3.1e-05,0.05
2022-11-21,276.3,3.5e-05,0.05
2022-11-22,276.8,0.0,0.05
2022-11-23,275.79,2e-06,0.05
2022-11-24,272.97,0.0,0.05
2022-11-25,274.05,2e-06,0.05
2022-11-26,275.94,0.0,0.05
2022-11-27,276.91,1e-06,0.05
2022-11-28,276.61,5.7e-05,0.05
2022-11-29,275.58,1e-06,0.05
2022-11-30,275.47,0.0,0.05
2022-12-01,273.44,1e-06,0.05
2022-12-02,274.46,1e-06,0.05
2022-12-03,274.96,0.0,0.05
2022-12-04,273.56,0.0,0.05
2022-12-05,274.63,2e-06,0.05
2022-12-06,273.38,1e-06,0.05
2022-12-07,272.83,0.0,0.05
2022-12-08,273.12,1e-06,0.05
2022-12-09,274.09,0.0,0.05
2022-12-10,273.25,2e-06,0.05
2022-12-11,273.85,1e-06,0.05
2022-12-12,274.7,2e-06,0.05
2022-12-13,274.58,0.0,0.05
2022-12-14,274.17,1e-06,0.05
2022-12-15,272.86,-0.0,0.05
2022-12-16,273.43,1e-06,0.05
2022-12-17,272.64,2e-06,0.05
2022-12-18,272.3,2e-06,0.05
2022-12-19,273.92,0.0,0.05
2022-12-20,273.95,1e-06,0.05
2022-12-21,275.65,2e-06,0.05
2022-12-22,273.96,1e-06,0.05
2022-12-23,272.73,1e-06,0.05
2022-12-24,272.24,1.4e-05,0.05
2022-12-25,270.72,6e-06,0.05
2022-12-26,269.47,0.000185,0.05
2022-12-27,268.81,1e-06,0.05
2022-12-28,270.46,0.0,0.05
2022-12-29,273.6,0.0,0.05
2022-12-30,273.08,0.0,0.05
2022-12-31,270.88,2e-06,0.05
2023-01-01,272.25,1e-06,0.05
2023-01-02,271.52,0.0,0.05
2023-01-03,272.08,2e-06,0.05
2023-01-04,271.2,3e-06,0.05
2023-01-05,267.81,2e-06,0.05
2023-01-06,267.0,1e-06,0.05
2023-01-07,268.55,2e-06,0.05
2023-01-08,269.8,0.0,0.05
2023-01-09,270.54,1e-06,0.05
2023-01-10,271.33,7e-06,0.05
2023-01-11,271.64,0.0,0.05
2023-01-12,271.67,0.0,0.05
2023-01-13,272.45,2e-06,0.05
2023-01-14,272.76,0.0,0.05
2023-01-15,272.07,1e-06,0.05
2023-01-16,270.88,2e-06,0.05
2023-01-17,269.01,0.0,0.05
2023-01-18,269.43,0.0,0.05
2023-01-19,271.45,2e-06,0.05
2023-01-20,272.17,2e-06,0.05
2023-01-21,272.47,0.0,0.05
2023-01-22,273.98,0.0,0.05
2023-01-23,274.13,1e-06,0.05
2023-01-24,274.95,0.0,0.05
2023-01-25,275.49,0.0,0.05
2023-01-26,275.91,1e-06,0.05
2023-01-27,275.76,1e-06,0.05
2023-01-28,274.14,1e-06,0.05
2023-01-29,276.21,1e-06,0.05
2023-01-30,276.06,0.00016,0.05
2023-01-31,274.21,0.000237,0.05
2023-02-01,272.29,0.000611,0.05
2023-02-02,270.59,2e-06,0.05
2023-02-03,272.55,0.0,0.05
2023-02-04,273.14,0.0,0.05
2023-02-05,273.88,1e-06,0.05
2023-02-06,273.22,2.1e-05,0.05
2023-02-07,272.26,2e-06,0.05
2023-02-08,273.2,1e-06,0.05
2023-02-09,275.01,1e-06,0.05
2023-02-10,275.9,1e-06,0.05
2023-02-11,276.09,1e-06,0.05
2023-02-12,274.89,2e-06,0.05
2023-02-13,271.16,0.0,0.05
2023-02-14,275.51,1e-06,0.05
2023-02-15,274.38,3e-06,0.05
2023-02-16,273.13,0.0,0.05
2023-02-17,276.78,0.0,0.05
2023-02-18,277.98,2e-06,0.05
2023-02-19,277.77,2e-06,0.05
2023-02-20,278.01,0.0,0.05
2023-02-21,276.57,6e-06,0.05
2023-02-22,274.33,8.8e-05,0.05
2023-02-23,274.0,2e-05,0.05
2023-02-24,272.55,3e-06,0.05
2023-02-25,273.75,8e-06,0.05
2023-02-26,272.58,0.000289,0.05
2023-02-27,272.21,0.000125,0.05
2023-02-28,272.52,3e-06,0.05
2023-03-01,273.52,1e-06,0.05
2023-03-02,273.49,0.0,0.05
2023-03-03,274.21,1e-06,0.05
2023-03-04,275.47,0.0,0.05
2023-03-05,275.38,2.3e-05,0.05
2023-03-06,274.97,0.000149,0.05
2023-03-07,275.48,8e-06,0.05
2023-03-08,274.85,0.000859,0.05
2023-03-09,274.04,0.00017,0.05
2023-03-10,274.25,0.000808,0.05
2023-03-11,272.44,0.001074,0.05
2023-03-12,273.35,2.2e-05,0.05
2023-03-13,274.63,6.1e-05,0.05
2023-03-14,274.74,0.000378,0.05
2023-03-15,273.82,0.000268,0.05
2023-03-16,275.15,1.4e-05,0.05
2023-03-17,274.95,0.000445,0.05
2023-03-18,275.21,0.000519,0.05
2023-03-19,275.16,0.000609,0.05
2023-03-20,274.92,0.001045,0.05
2023-03-21,273.45,0.003468,0.05
2023-03-22,274.41,0.00043,0.05
2023-03-23,275.2,6e-06,0.05
2023-03-24,276.43,8e-06,0.05
2023-03-25,277.08,6e-06,0.05
2023-03-26,275.83,1e-06,0.05
2023-03-27,274.57,1e-06,0.05
2023-03-28,275.0,4e-06,0.05
2023-03-29,275.89,7.9e-05,0.05
2023-03-30,277.09,1.9e-05,0.05
2023-03-31,277.1,0.00011,0.05
2023-04-01,275.82,0.000996,0.05
2023-04-02,275.3,0.000287,0.05
2023-04-03,276.48,2e-06,0.05
2023-04-04,277.36,3.8e-05,0.05
2023-04-05,277.0,0.0,0.05
2023-04-06,277.26,1e-06,0.05
2023-04-07,277.79,1e-06,0.05
2023-04-08,278.8,2e-06,0.05
2023-04-09,278.0,0.000378,0.05
2023-04-10,278.01,1e-06,0.05
2023-04-11,278.68,0.00011,0.05
2023-04-12,279.68,1e-05,0.05
2023-04-13,279.79,9e-06,0.05
2023-04-14,280.18,0.000158,0.05
2023-04-15,280.73,0.00013,0.05
2023-04-16,280.0,0.000441,0.05
2023-04-17,280.96,0.000184,0.05
2023-04-18,281.87,1.6e-05,0.05
2023-04-19,281.3,5e-06,0.05
2023-04-20,280.89,8e-06,0.05
2023-04-21,279.45,0.000546,0.05
2023-04-22,277.6,0.000616,0.05
2023-04-23,277.48,0.000345,0.05
2023-04-24,276.01,0.002343,0.05
2023-04-25,276.67,0.001773,0.05
2023-04-26,278.87,0.000526,0.05
2023-04-27,279.64,0.00039,0.05
2023-04-28,279.82,0.000298,0.05
2023-04-29,279.97,0.000806,0.05
2023-04-30,279.34,0.001387,0.05
2023-05-01,277.62,0.005631,0.05
2023-05-02,278.37,0.001154,0.05
2023-05-03,279.55,0.000437,0.05
2023-05-04,279.91,0.001068,0.05
2023-05-05,280.32,5.4e-05,0.05
2023-05-06,281.36,1e-06,0.05
2023-05-07,281.49,0.000256,0.05
2023-05-08,281.44,2e-06,0.05
2023-05-09,280.35,0.000453,0.05
2023-05-10,279.57,0.000244,0.05
2023-05-11,278.29,0.003191,0.05
2023-05-12,277.37,0.001152,0.05
2023-05-13,278.04,1e-06,0.05
2023-05-14,281.51,1.5e-05,0.05
2023-05-15,282.81,0.000366,0.05
2023-05-16,283.53,0.000218,0.05
2023-05-17,282.22,0.001807,0.05
2023-05-18,281.53,0.001054,0.05
2023-05-19,280.95,0.000835,0.05
2023-05-20,282.15,4.4e-05,0.05
2023-05-21,281.76,0.001083,0.05
2023-05-22,281.14,0.000352,0.05
2023-05-23,281.57,0.000473,0.05
2023-05-24,283.03,9.5e-05,0.05
2023-05-25,283.65,0.000888,0.05
2023-05-26,282.64,0.000966,0.05
2023-05-27,281.55,0.000847,0.05
2023-05-28,282.89,0.000825,0.05
2023-05-29,284.9,4e-06,0.05
2023-05-30,286.24,9.6e-05,0.05
2023-05-31,286.35,0.000342,0.05
2023-06-01,286.53,4e-06,0.05
2023-06-02,285.5,0.000132,0.05
2023-06-03,284.98,0.000315,0.05
2023-06-04,285.18,0.000221,0.05
2023-06-05,285.52,0.000127,0.05
2023-06-06,285.02,0.000224,0.05
2023-06-07,285.73,1.7e-05,0.05
2023-06-08,286.46,1e-06,0.05
2023-06-09,286.89,3e-06,0.05
2023-06-10,287.35,6e-05,0.05
2023-06-11,287.35,0.000757,0.05
2023-06-12,285.98,0.004133,0.05
2023-06-13,286.55,0.004432,0.05
2023-06-14,283.4,0.006716,0.05
2023-06-15,284.39,0.007101,0.05
2023-06-16,285.42,0.002941,0.05
2023-06-17,285.91,0.002049,0.05
2023-06-18,286.56,0.001402,0.05
2023-06-19,287.17,0.000584,0.05
2023-06-20,285.63,0.015484,0.05
2023-06-21,283.33,0.004728,0.05
2023-06-22,287.37,4.6e-05,0.05
2023-06-23,288.45,8e-06,0.05
2023-06-24,288.36,5.3e-05,0.05
2023-06-25,287.68,0.000292,0.05
2023-06-26,287.64,0.000321,0.05
2023-06-27,287.55,0.000596,0.05
2023-06-28,287.42,0.001387,0.05
2023-06-29,286.41,0.009616,0.05
2023-06-30,286.65,0.004467,0.05
2023-07-01,287.04,0.00419,0.05
2023-07-02,287.08,0.014722,0.05
2023-07-03,285.37,0.009817,0.05
2023-07-04,285.37,0.014334,0.05
2023-07-05,285.39,0.013352,0.05
2023-07-06,285.75,0.007093,0.05
2023-07-07,286.7,0.002831,0.05
2023-07-08,287.01,0.005657,0.05
2023-07-09,286.01,0.004507,0.05
2023-07-10,286.03,0.010642,0.05
2023-07-11,285.07,0.022086,0.05
2023-07-12,284.89,0.012064,0.05
2023-07-13,284.87,0.008832,0.05
2023-07-14,284.36,0.00993,0.05
2023-07-15,284.65,0.012078,0.05
2023-07-16,284.47,0.007834,0.05
2023-07-17,285.6,0.002336,0.05
2023-07-18,284.0,0.019351,0.05
2023-07-19,284.3,0.005748,0.05
2023-07-20,285.55,0.001086,0.05
2023-07-21,286.2,0.002178,0.05
2023-07-22,286.37,0.001222,0.05
2023-07-23,285.29,0.019219,0.05
2023-07-24,283.12,0.019289,0.05
2023-07-25,284.39,0.011852,0.05
2023-07-26,284.17,0.014511,0.05
2023-07-27,283.43,0.010198,0.05
2023-07-28,284.33,0.005544,0.05
2023-07-29,285.31,0.007475,0.05
2023-07-30,284.88,0.008889,0.05
2023-07-31,285.55,0.011049,0.05
2023-08-01,286.58,0.002791,0.05
2023-08-02,287.05,0.000418,0.05
2023-08-03,286.68,0.007788,0.05
2023-08-04,284.43,0.018094,0.05
2023-08-05,284.84,0.00561,0.05
2023-08-06,285.94,0.00514,0.05
2023-08-07,285.07,0.023389,0.05
2023-08-08,285.69,0.014212,0.05
2023-08-09,285.78,0.008442,0.05
2023-08-10,285.42,0.003852,0.05
2023-08-11,286.11,0.006423,0.05
2023-08-12,285.68,0.010648,0.05
2023-08-13,284.87,0.007651,0.05
2023-08-14,285.88,0.00477,0.05
2023-08-15,286.51,0.003559,0.05
2023-08-16,285.61,0.002917,0.05
2023-08-17,286.63,0.000646,0.05
2023-08-18,286.76,0.000208,0.05
2023-08-19,286.69,0.001293,0.05
2023-08-20,286.37,0.009068,0.05
2023-08-21,285.58,0.003719,0.05
2023-08-22,286.13,0.00213,0.05
2023-08-23,284.5,0.005667,0.05
2023-08-24,284.04,0.012474,0.05
2023-08-25,283.61,0.015691,0.05
2023-08-26,284.27,0.013464,0.05
2023-08-27,284.43,0.005174,0.05
2023-08-28,284.57,0.004768,0.05
2023-08-29,285.2,0.000352,0.05
2023-08-30,285.32,0.001907,0.05
2023-08-31,284.84,0.001486,0.05
2023-09-01,286.17,2e-06,0.05
2023-09-02,285.72,1.2e-05,0.05
2023-09-03,284.49,0.000364,0.05
2023-09-04,284.4,2.9e-05,0.05
2023-09-05,283.85,0.00085,0.05
2023-09-06,284.4,0.000194,0.05
2023-09-07,285.06,0.000405,0.05
2023-09-08,284.77,0.004299,0.05
2023-09-09,284.61,0.010151,0.05
2023-09-10,284.45,0.008432,0.05
2023-09-11,284.53,0.004606,0.05
2023-09-12,284.04,0.000409,0.05
2023-09-13,284.52,1e-06,0.05
2023-09-14,285.21,4.3e-05,0.05
2023-09-15,284.91,3.1e-05,0.05
2023-09-16,284.67,8e-06,0.05
2023-09-17,284.62,0.00145,0.05
2023-09-18,284.42,0.001182,0.05
2023-09-19,284.26,0.002803,0.05
2023-09-20,284.06,0.005261,0.05
2023-09-21,284.12,0.002993,0.05
2023-09-22,283.92,0.004124,0.05
2023-09-23,282.94,0.001687,0.05
2023-09-24,282.97,0.002497,0.05
2023-09-25,283.13,0.00134,0.05
2023-09-26,282.88,0.000856,0.05
2023-09-27,283.23,0.000427,0.05
2023-09-28,283.22,0.000489,0.05
2023-09-29,283.31,0.000394,0.05
2023-09-30,283.34,0.000346,0.05
2023-10-01,283.57,0.00513,0.05
2023-10-02,283.49,0.003592,0.05
2023-10-03,283.63,0.000837,0.05
2023-10-04,282.86,0.001547,0.05
2023-10-05,283.03,0.000837,0.05
2023-10-06,282.74,0.000354,0.05
2023-10-07,282.65,0.000162,0.05
2023-10-08,282.28,0.000676,0.05
2023-10-09,282.59,0.000123,0.05
2023-10-10,281.67,0.001194,0.05
2023-10-11,279.64,0.004727,0.05
2023-10-12,276.63,0.002459,0.05
2023-10-13,276.98,0.000697,0.05
2023-10-14,278.4,6.4e-05,0.05
2023-10-15,278.32,0.000132,0.05
2023-10-16,278.08,0.000108,0.05
2023-10-17,276.99,0.000514,0.05
2023-10-18,275.92,0.000957,0.05
2023-10-19,275.48,0.000777,0.05
2023-10-20,275.55,0.000514,0.05
2023-10-21,276.18,0.000126,0.05
2023-10-22,276.15,9e-06,0.05
2023-10-23,275.84,3.2e-05,0.05
2023-10-24,275.92,0.000257,0.05
2023-10-25,275.95,8.9e-05,0.05
2023-10-26,275.86,6.8e-05,0.05
2023-10-27,275.69,0.000406,0.05
2023-10-28,275.62,0.0,0.05
2023-10-29,276.97,0.001441,0.05
2023-10-30,275.97,0.000508,0.05
2023-10-31,275.84,0.000413,0.05
2023-11-01,275.85,0.000633,0.05
2023-11-02,275.61,0.00018,0.05
2023-11-03,274.5,0.000374,0.05
2023-11-04,274.09,0.000237,0.05
2023-11-05,272.24,6e-06,0.05
2023-11-06,273.76,6e-06,0.05
2023-11-07,274.8,5.3e-05,0.05
2023-11-08,274.44,0.000327,0.05
2023-11-09,275.15,0.000133,0.05
2023-11-10,275.61,0.000577,0.05
2023-11-11,275.34,7.3e-05,0.05
2023-11-12,272.68,1.4e-05,0.05
2023-11-13,274.53,2e-06,0.05
2023-11-14,276.4,0.0,0.05
2023-11-15,276.63,0.000313,0.05
2023-11-16,276.16,0.000538,0.05
2023-11-17,274.49,0.000407,0.05
2023-11-18,274.18,1e-06,0.05
2023-11-19,275.33,3e-06,0.05
2023-11-20,276.61,1.9e-05,0.05
2023-11-21,274.26,0.00046,0.05
2023-11-22,272.48,5.6e-05,0.05
2023-11-23,272.04,1e-06,0.05
2023-11-24,272.82,1e-06,0.05
2023-11-25,272.6,0.0,0.05
2023-11-26,273.31,2e-06,0.05
2023-11-27,275.44,0.0,0.05
2023-11-28,274.18,0.000655,0.05
2023-11-29,272.7,0.001022,0.05
2023-11-30,272.69,0.000176,0.05
2023-12-01,273.33,0.000164,0.05
2023-12-02,272.96,5.4e-05,0.05
2023-12-03,272.62,0.0,0.05
2023-12-04,273.84,6.5e-05,0.05
2023-12-05,273.83,0.000106,0.05
2023-12-06,273.55,3e-06,0.05
2023-12-07,273.76,0.006869,0.05
2023-12-08,268.9,0.000819,0.05
2023-12-09,269.87,3e-06,0.05
2023-12-10,271.97,4e-06,0.05
2023-12-11,270.92,2e-05,0.05
2023-12-12,270.22,0.000405,0.05
2023-12-13,267.77,0.000703,0.05
2023-12-14,272.14,1e-06,0.05
2023-12-15,273.73,2e-06,0.05
2023-12-16,274.64,1e-06,0.05
2023-12-17,274.52,3e-06,0.05
2023-12-18,273.17,2e-06,0.05
2023-12-19,270.84,0.0,0.05
2023-12-20,271.38,0.0,0.05
2023-12-21,272.72,0.0,0.05
2023-12-22,273.95,1e-06,0.05
2023-12-23,272.94,9e-06,0.05
2023-12-24,272.17,0.00016,0.05
2023-12-25,271.53,1e-06,0.05
2023-12-26,271.75,3e-06,0.05
2023-12-27,273.09,1e-06,0.05
2023-12-28,271.19,0.0,0.05
2023-12-29,268.96,1e-06,0.05
2023-12-30,269.71,0.0,0.05
2023-12-31,270.55,2.6e-05,0.05
2024-01-01,269.64,1e-06,0.05
2024-01-02,268.97,3e-06,0.05
2024-01-03,269.06,3e-06,0.05
2024-01-04,268.84,0.0,0.05
2024-01-05,269.2,0.0,0.05
2024-01-06,269.59,0.000168,0.05
2024-01-07,269.3,0.0,0.05
2024-01-08,270.03,0.0,0.05
2024-01-09,271.37,1e-06,0.05
2024-01-10,271.66,2e-06,0.05
2024-01-11,271.2,0.0,0.05
2024-01-12,270.58,0.0,0.05
2024-01-13,272.54,0.0,0.05
2024-01-14,272.37,1e-06,0.05
2024-01-15,271.1,1e-05,0.05
2024-01-16,270.05,3.6e-05,0.05
2024-01-17,269.4,0.000368,0.05
2024-01-18,269.24,4e-06,0.05
2024-01-19,269.52,0.0,0.05
2024-01-20,271.0,0.0,0.05
2024-01-21,269.98,0.0,0.05
2024-01-22,270.34,2e-06,0.05
2024-01-23,270.35,1e-06,0.05
2024-01-24,268.59,5e-06,0.05
2024-01-25,268.02,6e-06,0.05
2024-01-26,269.22,0.000128,0.05
2024-01-27,269.69,5e-06,0.05
2024-01-28,270.19,0.0,0.05
2024-01-29,270.68,1.7e-05,0.05
2024-01-30,270.27,3.3e-05,0.05
2024-01-31,270.18,1e-06,0.05
2024-02-01,270.1,6.5e-05,0.05
2024-02-02,269.74,3e-06,0.05
2024-02-03,270.82,2e-06,0.05
2024-02-04,272.4,2e-06,0.05
2024-02-05,272.31,0.0,0.05
2024-02-06,272.15,1e-06,0.05
2024-02-07,273.34,2e-06,0.05
2024-02-08,270.72,0.0,0.05
2024-02-09,267.72,1e-06,0.05
2024-02-10,270.52,1e-06,0.05
2024-02-11,270.61,0.0,0.05
2024-02-12,270.45,2e-06,0.05
2024-02-13,272.68,1e-06,0.05
2024-02-14,272.51,0.002479,0.05
2024-02-15,268.69,0.001142,0.05
2024-02-16,270.54,0.0,0.05
2024-02-17,273.16,2e-06,0.05
2024-02-18,274.65,1e-06,0.05
2024-02-19,275.0,6.1e-05,0.05
2024-02-20,273.84,3e-06,0.05
2024-02-21,272.16,4.2e-05,0.05
2024-02-22,271.35,9e-05,0.05
2024-02-23,269.34,0.000169,0.05
2024-02-24,268.98,1.2e-05,0.05
2024-02-25,270.81,9e-06,0.05
2024-02-26,274.69,2e-06,0.05
2024-02-27,274.26,5.2e-05,0.05
2024-02-28,273.82,2e-06,0.05
2024-02-29,275.07,0.0,0.05
2024-03-01,275.68,2e-06,0.05
2024-03-02,275.83,2.7e-05,0.05
2024-03-03,275.22,0.001622,0.05
2024-03-04,273.78,0.001818,0.05
2024-03-05,273.75,2e-06,0.05
2024-03-06,274.42,3e-06,0.05
2024-03-07,273.9,1e-06,0.05
2024-03-08,273.95,0.0,0.05
2024-03-09,274.75,1e-06,0.05
2024-03-10,276.09,0.0,0.05
2024-03-11,277.48,3.7e-05,0.05
2024-03-12,276.65,1e-06,0.05
2024-03-13,276.07,0.0,0.05
2024-03-14,275.26,1e-06,0.05
2024-03-15,275.6,2e-06,0.05
2024-03-16,274.68,6.2e-05,0.05
2024-03-17,274.7,4e-06,0.05
2024-03-18,274.22,0.000223,0.05
2024-03-19,274.21,0.000237,0.05
2024-03-20,273.27,0.004354,0.05
2024-03-21,273.34,0.001009,0.05
2024-03-22,275.35,3.1e-05,0.05
2024-03-23,276.56,0.000146,0.05
2024-03-24,277.04,3e-06,0.05
2024-03-25,275.43,0.001571,0.05
2024-03-26,274.94,0.000814,0.05
2024-03-27,278.5,6e-06,0.05
2024-03-28,279.09,0.000309,0.05
2024-03-29,280.64,0.000169,0.05
2024-03-30,279.81,2.7e-05,0.05
2024-03-31,277.49,0.000177,0.05
2024-04-01,278.91,1e-06,0.05
2024-04-02,279.65,0.000189,0.05
2024-04-03,279.34,0.000101,0.05
2024-04-04,278.59,0.000331,0.05
2024-04-05,278.92,0.000207,0.05
2024-04-06,278.53,0.000135,0.05
2024-04-07,277.72,0.000407,0.05
2024-04-08,276.99,0.000256,0.05
2024-04-09,275.61,9.8e-05,0.05
2024-04-10,275.66,0.000361,0.05
2024-04-11,276.69,6.8e-05,0.05
2024-04-12,278.12,4.5e-05,0.05
2024-04-13,277.89,0.00051,0.05
2024-04-14,278.87,0.000681,0.05
2024-04-15,281.23,0.000334,0.05
2024-04-16,281.48,0.001139,0.05
2024-04-17,281.06,9.6e-05,0.05
2024-04-18,282.51,1.6e-05,0.05
2024-04-19,281.76,1e-06,0.05
2024-04-20,281.53,0.0,0.05
2024-04-21,281.22,0.0,0.05
2024-04-22,281.04,1e-06,0.05
2024-04-23,279.54,0.000125,0.05
2024-04-24,279.06,6e-05,0.05
2024-04-25,280.27,2.6e-05,0.05
2024-04-26,281.31,8e-06,0.05
2024-04-27,281.42,1e-05,0.05
2024-04-28,281.23,3.4e-05,0.05
2024-04-29,281.91,8e-06,0.05
2024-04-30,281.31,1.1e-05,0.05
2024-05-01,279.91,4e-06,0.05
2024-05-02,276.89,0.000564,0.05
2024-05-03,280.94,0.0,0.05
2024-05-04,280.95,0.00388,0.05
2024-05-05,278.83,0.00171,0.05
2024-05-06,278.75,0.000686,0.05
2024-05-07,279.04,0.001763,0.05
2024-05-08,278.93,0.001067,0.05
2024-05-09,278.01,0.008271,0.05
2024-05-10,279.25,0.000418,0.05
2024-05-11,281.87,1.2e-05,0.05
2024-05-12,280.88,0.002304,0.05
2024-05-13,282.12,0.001116,0.05
2024-05-14,282.95,0.00044,0.05
2024-05-15,283.03,0.0004,0.05
2024-05-16,283.0,0.00105,0.05
2024-05-17,284.46,0.000324,0.05
2024-05-18,283.32,0.000363,0.05
2024-05-19,283.31,0.000229,0.05
2024-05-20,283.91,0.000407,0.05
2024-05-21,284.27,0.00011,0.05
2024-05-22,284.46,0.000238,0.05
2024-05-23,284.08,0.002373,0.05
2024-05-24,283.42,0.002526,0.05
2024-05-25,285.8,0.001041,0.05
2024-05-26,286.8,0.000302,0.05
2024-05-27,287.49,2.8e-05,0.05
2024-05-28,287.78,0.000588,0.05
2024-05-29,287.0,0.000358,0.05
2024-05-30,287.38,1e-06,0.05
2024-05-31,286.48,0.000354,0.05
2024-06-01,284.57,0.000359,0.05
2024-06-02,286.21,0.000274,0.05
2024-06-03,283.68,0.008768,0.05
2024-06-04,283.45,0.002119,0.05
2024-06-05,284.16,0.001283,0.05
2024-06-06,285.48,0.001073,0.05
2024-06-07,285.86,0.000124,0.05
2024-06-08,286.77,0.000244,0.05
2024-06-09,288.22,8e-06,0.05
2024-06-10,288.41,0.000232,0.05
2024-06-11,288.43,0.000774,0.05
2024-06-12,287.74,0.001046,0.05
2024-06-13,287.79,0.001179,0.05
2024-06-14,286.0,0.001564,0.05
2024-06-15,286.88,0.000627,0.05
2024-06-16,287.62,0.000349,0.05
2024-06-17,287.71,0.002567,0.05
2024-06-18,288.17,0.001146,0.05
2024-06-19,286.82,0.003169,0.05
2024-06-20,286.08,0.001843,0.05
2024-06-21,287.18,0.000628,0.05
2024-06-22,287.82,0.000271,0.05
2024-06-23,288.44,0.001904,0.05
2024-06-24,287.48,0.004838,0.05
2024-06-25,288.11,0.00471,0.05
2024-06-26,286.46,0.01431,0.05
2024-06-27,286.59,0.015227,0.05
2024-06-28,284.63,0.01475,0.05
2024-06-29,285.91,0.008845,0.05
2024-06-30,285.02,0.017972,0.05
2024-07-01,285.47,0.00529,0.05
2024-07-02,285.42,0.012636,0.05
2024-07-03,285.63,0.018754,0.05
2024-07-04,284.85,0.009177,0.05
2024-07-05,285.7,0.00793,0.05
2024-07-06,285.42,0.000482,0.05
2024-07-07,286.45,0.001232,0.05
2024-07-08,286.44,0.006752,0.05
2024-07-09,286.53,0.004093,0.05
2024-07-10,285.94,0.011266,0.05
2024-07-11,285.52,0.01889,0.05
2024-07-12,284.57,0.006545,0.05
2024-07-13,286.17,0.007852,0.05
2024-07-14,287.11,0.004413,0.05
2024-07-15,287.81,0.001258,0.05
2024-07-16,287.17,0.012859,0.05
2024-07-17,285.58,0.008823,0.05
2024-07-18,285.88,0.008876,0.05
2024-07-19,286.59,0.007026,0.05
2024-07-20,287.25,0.007452,0.05
2024-07-21,286.61,0.008251,0.05
2024-07-22,286.35,0.019952,0.05
2024-07-23,285.65,0.019052,0.05
2024-07-24,286.11,0.015707,0.05
2024-07-25,285.91,0.011753,0.05
2024-07-26,285.94,0.025441,0.05
2024-07-27,285.85,0.007209,0.05
2024-07-28,285.85,0.004498,0.05
2024-07-29,288.0,0.000188,0.05
2024-07-30,287.45,3e-05,0.05
2024-07-31,287.18,0.000112,0.05
2024-08-01,286.16,0.000529,0.05
2024-08-02,285.94,0.000991,0.05
2024-08-03,285.47,0.006328,0.05
2024-08-04,285.77,0.011262,0.05
2024-08-05,284.84,0.012993,0.05
2024-08-06,285.22,0.012265,0.05
2024-08-07,285.98,0.004909,0.05
2024-08-08,284.87,0.011955,0.05
2024-08-09,283.1,0.010872,0.05
2024-08-10,284.53,0.010922,0.05
2024-08-11,283.47,0.014155,0.05
2024-08-12,285.24,0.013026,0.05
2024-08-13,284.43,0.013976,0.05
2024-08-14,283.32,0.004038,0.05
2024-08-15,285.01,0.000174,0.05
2024-08-16,285.74,0.000146,0.05
2024-08-17,285.59,8e-05,0.05
2024-08-18,285.74,0.000495,0.05
2024-08-19,284.39,0.002518,0.05
2024-08-20,284.84,0.002886,0.05
2024-08-21,285.35,0.001332,0.05
2024-08-22,285.71,0.000517,0.05
2024-08-23,285.44,0.000411,0.05
2024-08-24,285.65,0.000168,0.05
2024-08-25,285.47,0.000499,0.05
2024-08-26,284.92,0.00118,0.05
2024-08-27,284.9,0.000891,0.05
2024-08-28,285.3,0.001167,0.05
2024-08-29,285.43,0.000649,0.05
2024-08-30,285.89,7.3e-05,0.05
2024-08-31,287.4,0.000147,0.05
2024-09-01,285.94,0.001442,0.05
2024-09-02,285.38,0.003441,0.05
2024-09-03,285.64,0.002347,0.05
2024-09-04,284.92,0.007838,0.05
2024-09-05,284.69,0.007743,0.05
2024-09-06,285.0,0.002361,0.05
2024-09-07,285.43,0.002498,0.05
2024-09-08,285.45,0.004068,0.05
2024-09-09,284.93,0.006183,0.05
2024-09-10,284.91,0.001809,0.05
2024-09-11,285.51,0.00114,0.05
2024-09-12,285.11,0.001729,0.05
2024-09-13,285.4,0.000245,0.05
2024-09-14,285.23,0.001215,0.05
2024-09-15,284.82,0.001128,0.05
2024-09-16,284.31,0.001914,0.05
2024-09-17,285.03,0.000209,0.05
2024-09-18,285.27,0.000893,0.05
2024-09-19,286.1,0.000712,0.05
2024-09-20,285.0,0.005603,0.05
2024-09-21,283.6,0.003918,0.05
2024-09-22,284.42,0.000512,0.05
2024-09-23,284.07,0.005725,0.05
2024-09-24,282.81,0.008971,0.05
2024-09-25,280.02,0.013055,0.05
2024-09-26,278.78,0.017705,0.05
2024-09-27,282.38,0.002016,0.05
2024-09-28,281.87,0.002114,0.05
2024-09-29,282.8,0.000522,0.05
2024-09-30,283.79,6.7e-05,0.05
2024-10-01,284.55,6.6e-05,0.05
2024-10-02,283.09,0.003769,0.05
2024-10-03,282.04,0.006675,0.05
2024-10-04,282.75,0.001027,0.05
2024-10-05,282.19,0.001155,0.05
2024-10-06,281.57,0.001054,0.05
2024-10-07,281.48,6.8e-05,0.05
2024-10-08,281.68,1.8e-05,0.05
2024-10-09,281.64,2.6e-05,0.05
2024-10-10,281.13,0.000372,0.05
2024-10-11,280.89,0.000333,0.05
2024-10-12,280.4,0.0,0.05
2024-10-13,279.9,0.000262,0.05
2024-10-14,280.49,2.3e-05,0.05
2024-10-15,280.02,8.8e-05,0.05
2024-10-16,279.72,6e-06,0.05
2024-10-17,279.43,0.000181,0.05
2024-10-18,278.4,0.000669,0.05
2024-10-19,278.16,0.000172,0.05
2024-10-20,277.05,0.001091,0.05
2024-10-21,277.35,0.000404,0.05
2024-10-22,277.33,0.000319,0.05
2024-10-23,277.02,0.000559,0.05
2024-10-24,278.15,2e-06,0.05
2024-10-25,279.2,2e-06,0.05
2024-10-26,278.62,0.0,0.05
2024-10-27,279.49,0.0,0.05
2024-10-28,280.1,0.0,0.05
2024-10-29,280.46,0.0,0.05
2024-10-30,280.61,1e-06,0.05
