date,temperature_2m_k,total_precip_m_day,snow_depth_m_we
2016-01-01,264.95,2e-06,0.05
2016-01-02,263.99,0.001491,0.05
2016-01-03,264.57,3.6e-05,0.05
2016-01-04,265.72,1.3e-05,0.05
2016-01-05,264.04,0.004246,0.05
2016-01-06,265.0,0.000606,0.05
2016-01-07,263.96,0.000968,0.05
2016-01-08,261.35,0.003062,0.05
2016-01-09,261.92,2e-06,0.05
2016-01-10,264.58,1e-06,0.05
2016-01-11,265.89,0.0,0.05
2016-01-12,264.81,2.2e-05,0.05
2016-01-13,262.84,0.000346,0.05
2016-01-14,264.85,0.001721,0.05
2016-01-15,262.85,0.002954,0.05
2016-01-16,263.79,0.0,0.05
2016-01-17,262.84,0.000134,0.05
2016-01-18,261.77,0.00086,0.05
2016-01-19,261.06,0.011803,0.05
2016-01-20,257.99,0.006673,0.05
2016-01-21,257.87,2e-06,0.05
2016-01-22,258.23,0.0,0.05
2016-01-23,258.09,2e-06,0.05
2016-01-24,258.09,4e-06,0.05
2016-01-25,257.83,5.8e-05,0.05
2016-01-26,260.42,0.003184,0.05
2016-01-27,262.17,0.001719,0.05
2016-01-28,264.46,5e-06,0.05
2016-01-29,265.47,0.001038,0.05
2016-01-30,265.5,0.000673,0.05
2016-01-31,264.79,0.002872,0.05
2016-02-01,264.15,9e-06,0.05
2016-02-02,264.67,0.000127,0.05
2016-02-03,265.5,6e-06,0.05
2016-02-04,267.68,1e-06,0.05
2016-02-05,268.55,0.0,0.05
2016-02-06,266.28,1e-05,0.05
2016-02-07,263.96,0.010448,0.05
2016-02-08,261.52,0.003169,0.05
2016-02-09,262.26,0.000142,0.05
2016-02-10,262.92,0.001529,0.05
2016-02-11,261.91,0.002025,0.05
2016-02-12,263.08,0.00113,0.05
2016-02-13,260.9,0.001274,0.05
2016-02-14,261.57,0.000483,0.05
2016-02-15,262.76,0.000212,0.05
2016-02-16,262.27,0.000257,0.05
2016-02-17,265.3,1e-06,0.05
2016-02-18,268.4,2e-06,0.05
2016-02-19,271.02,0.002367,0.05
2016-02-20,268.45,0.008552,0.05
2016-02-21,266.48,5.4e-05,0.05
2016-02-22,267.28,0.000241,0.05
2016-02-23,266.08,0.005368,0.05
2016-02-24,263.87,0.002455,0.05
2016-02-25,262.78,0.000331,0.05
2016-02-26,263.07,0.002831,0.05
2016-02-27,262.5,0.000389,0.05
2016-02-28,262.0,0.000314,0.05
2016-02-29,262.1,0.001737,0.05
2016-03-01,263.08,0.000114,0.05
2016-03-02,263.68,0.000148,0.05
2016-03-03,264.46,3e-05,0.05
2016-03-04,265.15,0.000239,0.05
2016-03-05,264.92,0.000658,0.05
2016-03-06,263.56,0.00192,0.05
2016-03-07,264.62,0.00015,0.05
2016-03-08,264.3,0.000462,0.05
2016-03-09,265.63,0.00016,0.05
2016-03-10,266.81,0.000269,0.05
2016-03-11,267.53,0.000564,0.05
2016-03-12,266.23,0.005188,0.05
2016-03-13,265.45,0.010423,0.05
2016-03-14,262.82,0.006407,0.05
2016-03-15,262.1,0.000646,0.05
2016-03-16,263.46,8e-06,0.05
2016-03-17,264.82,0.001637,0.05
2016-03-18,263.63,0.001444,0.05
2016-03-19,264.59,0.002171,0.05
2016-03-20,264.88,0.001174,0.05
2016-03-21,265.15,0.00392,0.05
2016-03-22,265.1,0.000647,0.05
2016-03-23,267.21,5e-06,0.05
2016-03-24,269.72,7.5e-05,0.05
2016-03-25,270.85,0.000221,0.05
2016-03-26,270.8,0.000189,0.05
2016-03-27,269.07,0.005683,0.05
2016-03-28,265.09,0.004012,0.05
2016-03-29,267.48,0.000525,0.05
2016-03-30,267.85,0.005871,0.05
2016-03-31,267.45,0.000883,0.05
2016-04-01,270.15,0.000536,0.05
2016-04-02,272.47,0.002461,0.05
2016-04-03,273.0,0.000706,0.05
2016-04-04,271.61,0.000226,0.05
2016-04-05,271.58,0.000203,0.05
2016-04-06,270.41,0.00252,0.05
2016-04-07,268.89,0.002888,0.05
2016-04-08,268.41,0.000638,0.05
2016-04-09,270.35,0.000254,0.05
2016-04-10,271.94,0.002765,0.05
2016-04-11,270.23,0.002623,0.05
2016-04-12,270.32,0.000368,0.05
2016-04-13,269.85,0.00117,0.05
2016-04-14,269.59,0.003742,0.05
2016-04-15,272.25,0.004257,0.05
2016-04-16,272.6,0.002863,0.05
2016-04-17,272.3,0.001348,0.05
2016-04-18,271.05,0.001169,0.05
2016-04-19,272.76,0.00067,0.05
2016-04-20,271.71,0.002824,0.05
2016-04-21,271.77,0.001498,0.05
2016-04-22,271.51,0.008453,0.05
2016-04-23,268.95,0.003523,0.05
2016-04-24,268.61,0.001792,0.05
2016-04-25,270.4,0.00025,0.05
2016-04-26,270.92,0.000502,0.05
2016-04-27,269.44,0.000856,0.05
2016-04-28,268.89,0.001358,0.05
2016-04-29,269.72,0.000824,0.05
2016-04-30,269.85,0.000642,0.05
2016-05-01,272.57,0.000954,0.05
2016-05-02,273.23,0.000607,0.05
2016-05-03,273.03,0.002351,0.05
2016-05-04,272.91,0.003812,0.05
2016-05-05,272.38,0.002834,0.05
2016-05-06,272.6,0.005021,0.05
2016-05-07,271.88,0.005491,0.05
2016-05-08,273.97,0.004125,0.05
2016-05-09,273.87,0.005204,0.05
2016-05-10,273.79,0.004051,0.05
2016-05-11,274.7,0.004206,0.05
2016-05-12,275.0,0.007948,0.05
2016-05-13,275.22,0.005661,0.05
2016-05-14,275.92,0.004893,0.05
2016-05-15,275.53,0.004639,0.05
2016-05-16,275.55,0.003271,0.05
2016-05-17,274.79,0.004233,0.05
2016-05-18,276.83,0.002215,0.05
2016-05-19,276.41,0.002522,0.05
2016-05-20,276.4,0.003851,0.05
2016-05-21,276.43,0.005211,0.05
2016-05-22,278.08,0.004071,0.05
2016-05-23,275.75,0.012729,0.05
2016-05-24,275.23,0.006001,0.05
2016-05-25,273.55,0.004149,0.05
2016-05-26,274.55,0.00344,0.05
2016-05-27,276.23,0.006027,0.05
2016-05-28,274.12,0.016703,0.05
2016-05-29,273.82,0.007198,0.05
2016-05-30,274.17,0.005693,0.05
2016-05-31,274.49,0.006334,0.05
2016-06-01,276.67,0.002162,0.05
2016-06-02,277.67,0.001463,0.05
2016-06-03,277.59,0.004064,0.05
2016-06-04,278.1,0.004479,0.05
2016-06-05,277.82,0.006078,0.05
2016-06-06,278.06,0.007886,0.05
2016-06-07,277.49,0.001661,0.05
2016-06-08,277.04,0.003236,0.05
2016-06-09,277.03,0.003229,0.05
2016-06-10,278.12,0.008239,0.05
2016-06-11,278.99,0.005494,0.05
2016-06-12,279.05,0.006129,0.05
2016-06-13,278.77,0.002123,0.05
2016-06-14,279.24,0.004506,0.05
2016-06-15,279.28,0.007234,0.05
2016-06-16,278.81,0.008894,0.05
2016-06-17,278.89,0.004466,0.05
2016-06-18,279.45,0.004323,0.05
2016-06-19,279.87,0.005277,0.05
2016-06-20,279.52,0.010265,0.05
2016-06-21,279.44,0.01967,0.05
2016-06-22,278.8,0.008346,0.05
2016-06-23,279.88,0.008683,0.05
2016-06-24,279.62,0.010796,0.05
2016-06-25,279.7,0.008562,0.05
2016-06-26,280.43,0.012985,0.05
2016-06-27,279.59,0.016581,0.05
2016-06-28,279.9,0.011219,0.05
2016-06-29,280.69,0.009625,0.05
2016-06-30,281.24,0.015617,0.05
2016-07-01,278.9,0.044636,0.05
2016-07-02,278.48,0.015552,0.05
2016-07-03,279.87,0.009496,0.05
2016-07-04,280.06,0.024798,0.05
2016-07-05,279.93,0.018064,0.05
2016-07-06,279.43,0.016331,0.05
2016-07-07,280.07,0.011149,0.05
2016-07-08,280.09,0.01321,0.05
2016-07-09,280.56,0.011502,0.05
2016-07-10,280.96,0.013841,0.05
2016-07-11,280.24,0.020178,0.05
2016-07-12,279.63,0.012679,0.05
2016-07-13,280.64,0.008931,0.05
2016-07-14,280.36,0.019774,0.05
2016-07-15,280.6,0.018931,0.05
2016-07-16,280.21,0.011616,0.05
2016-07-17,279.75,0.017769,0.05
2016-07-18,279.58,0.011362,0.05
2016-07-19,280.49,0.007297,0.05
2016-07-20,280.41,0.011133,0.05
2016-07-21,279.98,0.015255,0.05
2016-07-22,278.89,0.022248,0.05
2016-07-23,278.76,0.009728,0.05
2016-07-24,279.9,0.008642,0.05
2016-07-25,279.87,0.03099,0.05
2016-07-26,277.13,0.042924,0.05
2016-07-27,278.01,0.0106,0.05
2016-07-28,278.8,0.008314,0.05
2016-07-29,278.79,0.010907,0.05
2016-07-30,279.0,0.013266,0.05
2016-07-31,278.43,0.025485,0.05
2016-08-01,277.35,0.017888,0.05
2016-08-02,277.74,0.00798,0.05
2016-08-03,278.91,0.007059,0.05
2016-08-04,279.81,0.007762,0.05
2016-08-05,279.89,0.009755,0.05
2016-08-06,279.66,0.007247,0.05
2016-08-07,279.42,0.006545,0.05
2016-08-08,279.45,0.007767,0.05
2016-08-09,279.18,0.011232,0.05
2016-08-10,278.43,0.01349,0.05
2016-08-11,279.55,0.008837,0.05
2016-08-12,279.74,0.008628,0.05
2016-08-13,280.22,0.006011,0.05
2016-08-14,279.69,0.005123,0.05
2016-08-15,279.44,0.008018,0.05
2016-08-16,279.21,0.012373,0.05
2016-08-17,279.0,0.009422,0.05
2016-08-18,279.57,0.007261,0.05
2016-08-19,279.35,0.009479,0.05
2016-08-20,279.67,0.002674,0.05
2016-08-21,279.77,0.002432,0.05
2016-08-22,279.02,0.010432,0.05
2016-08-23,279.21,0.007062,0.05
2016-08-24,278.93,0.008848,0.05
2016-08-25,278.68,0.005354,0.05
2016-08-26,277.89,0.005322,0.05
2016-08-27,277.86,0.003014,0.05
2016-08-28,278.47,0.003358,0.05
2016-08-29,279.35,0.006264,0.05
2016-08-30,279.01,0.016405,0.05
2016-08-31,278.86,0.006531,0.05
2016-09-01,279.57,0.004685,0.05
2016-09-02,279.94,0.0041,0.05
2016-09-03,279.44,0.012536,0.05
2016-09-04,278.99,0.01088,0.05
2016-09-05,279.19,0.00346,0.05
2016-09-06,278.8,0.0041,0.05
2016-09-07,278.83,0.002758,0.05
2016-09-08,278.83,0.002196,0.05
2016-09-09,279.43,0.002257,0.05
2016-09-10,279.07,0.009262,0.05
2016-09-11,278.38,0.013578,0.05
2016-09-12,277.06,0.038052,0.05
2016-09-13,276.8,0.006004,0.05
2016-09-14,276.75,0.003161,0.05
2016-09-15,277.11,0.003642,0.05
2016-09-16,277.36,0.003987,0.05
2016-09-17,277.67,0.004452,0.05
2016-09-18,278.21,0.004165,0.05
2016-09-19,278.77,0.002617,0.05
2016-09-20,278.29,0.00699,0.05
2016-09-21,277.28,0.008918,0.05
2016-09-22,276.72,0.006119,0.05
2016-09-23,276.07,0.003364,0.05
2016-09-24,275.72,0.004224,0.05
2016-09-25,276.17,0.003778,0.05
2016-09-26,276.58,0.001564,0.05
2016-09-27,276.71,0.00119,0.05
2016-09-28,276.57,0.001732,0.05
2016-09-29,276.67,0.003206,0.05
2016-09-30,277.73,0.003396,0.05
2016-10-01,278.07,0.003458,0.05
2016-10-02,277.21,0.004803,0.05
2016-10-03,276.91,0.001969,0.05
2016-10-04,277.4,0.007921,0.05
2016-10-05,277.31,0.010307,0.05
2016-10-06,276.21,0.011062,0.05
2016-10-07,276.56,0.003454,0.05
2016-10-08,276.35,0.01,0.05
2016-10-09,275.22,0.0066,0.05
2016-10-10,273.79,0.000588,0.05
2016-10-11,272.54,0.000315,0.05
2016-10-12,273.92,0.000305,0.05
2016-10-13,273.94,0.000185,0.05
2016-10-14,274.88,0.000398,0.05
2016-10-15,274.56,0.001277,0.05
2016-10-16,274.29,0.001852,0.05
2016-10-17,273.97,0.003254,0.05
2016-10-18,273.57,0.001659,0.05
2016-10-19,273.41,0.001116,0.05
2016-10-20,274.34,0.000911,0.05
2016-10-21,273.15,0.001389,0.05
2016-10-22,273.22,0.00133,0.05
2016-10-23,274.47,0.000595,0.05
2016-10-24,274.26,0.001183,0.05
2016-10-25,271.8,0.000761,0.05
2016-10-26,270.49,0.00091,0.05
2016-10-27,270.71,0.000262,0.05
2016-10-28,271.16,0.001367,0.05
2016-10-29,268.88,0.001387,0.05
2016-10-30,269.56,0.000265,0.05
2016-10-31,268.95,0.00017,0.05
2016-11-01,268.36,0.000292,0.05
2016-11-02,268.6,2.1e-05,0.05
2016-11-03,269.06,2e-05,0.05
2016-11-04,268.9,1.3e-05,0.05
2016-11-05,268.82,0.000149,0.05
2016-11-06,268.85,0.000139,0.05
2016-11-07,269.08,0.000152,0.05
2016-11-08,272.5,2.4e-05,0.05
2016-11-09,273.25,1e-06,0.05
2016-11-10,272.57,3.5e-05,0.05
2016-11-11,271.66,6.9e-05,0.05
2016-11-12,270.97,1.4e-05,0.05
2016-11-13,270.14,1.3e-05,0.05
2016-11-14,269.19,1e-06,0.05
2016-11-15,267.89,2e-06,0.05
2016-11-16,268.3,3e-06,0.05
2016-11-17,269.91,0.0,0.05
2016-11-18,270.74,7e-06,0.05
2016-11-19,270.88,0.000345,0.05
2016-11-20,271.71,4.8e-05,0.05
2016-11-21,272.27,1.1e-05,0.05
2016-11-22,273.07,3e-06,0.05
2016-11-23,272.27,-0.0,0.05
2016-11-24,272.75,2e-06,0.05
2016-11-25,273.75,0.0,0.05
2016-11-26,273.59,1e-06,0.05
2016-11-27,274.03,0.000204,0.05
2016-11-28,273.06,7.3e-05,0.05
2016-11-29,272.9,0.000186,0.05
2016-11-30,271.53,0.00116,0.05
2016-12-01,270.24,0.0015,0.05
2016-12-02,269.63,0.000452,0.05
2016-12-03,269.92,5e-06,0.05
2016-12-04,271.34,0.0,0.05
2016-12-05,271.46,0.000149,0.05
2016-12-06,271.43,1.6e-05,0.05
2016-12-07,272.63,1e-06,0.05
2016-12-08,271.75,1.3e-05,0.05
2016-12-09,271.5,2e-06,0.05
2016-12-10,271.62,2e-06,0.05
2016-12-11,270.99,3e-06,0.05
2016-12-12,272.2,1e-06,0.05
2016-12-13,271.26,0.0,0.05
2016-12-14,269.14,2e-06,0.05
2016-12-15,272.19,1e-06,0.05
2016-12-16,272.98,3e-06,0.05
2016-12-17,271.77,1e-06,0.05
2016-12-18,271.68,1e-06,0.05
2016-12-19,273.86,0.0,0.05
2016-12-20,275.47,0.0,0.05
2016-12-21,275.44,3e-06,0.05
2016-12-22,273.5,1e-06,0.05
2016-12-23,271.59,0.000636,0.05
2016-12-24,269.12,0.001403,0.05
2016-12-25,264.15,0.003731,0.05
2016-12-26,264.2,4.5e-05,0.05
2016-12-27,268.28,1e-06,0.05
2016-12-28,269.94,2e-05,0.05
2016-12-29,268.82,0.000984,0.05
2016-12-30,265.01,0.002201,0.05
2016-12-31,263.1,0.001261,0.05
2017-01-01,260.05,0.003063,0.05
2017-01-02,258.49,0.000648,0.05
2017-01-03,259.35,4e-06,0.05
2017-01-04,260.53,0.000457,0.05
2017-01-05,261.92,0.000934,0.05
2017-01-06,262.08,0.001138,0.05
2017-01-07,260.42,0.002676,0.05
2017-01-08,259.34,0.000676,0.05
2017-01-09,257.85,0.000185,0.05
2017-01-10,257.15,0.000956,0.05
2017-01-11,256.61,0.001149,0.05
2017-01-12,255.63,0.000258,0.05
2017-01-13,256.15,4.5e-05,0.05
2017-01-14,259.25,3e-06,0.05
2017-01-15,259.66,0.000966,0.05
2017-01-16,260.55,0.00034,0.05
2017-01-17,260.77,0.003193,0.05
2017-01-18,259.24,0.000739,0.05
2017-01-19,259.35,3.7e-05,0.05
2017-01-20,261.49,1e-06,0.05
2017-01-21,264.04,2.9e-05,0.05
2017-01-22,262.49,9e-06,0.05
2017-01-23,262.82,4e-06,0.05
2017-01-24,264.69,1e-06,0.05
2017-01-25,264.77,2e-06,0.05
2017-01-26,264.26,0.003142,0.05
2017-01-27,261.45,0.027586,0.05
2017-01-28,258.37,4e-06,0.05
2017-01-29,260.77,1e-06,0.05
2017-01-30,257.55,0.0,0.05
2017-01-31,258.01,0.000788,0.05
2017-02-01,259.68,0.000925,0.05
2017-02-02,262.34,3e-06,0.05
2017-02-03,264.51,1e-06,0.05
2017-02-04,264.4,3e-06,0.05
2017-02-05,264.4,5.1e-05,0.05
2017-02-06,261.1,0.002573,0.05
2017-02-07,262.84,8e-06,0.05
2017-02-08,263.35,1.9e-05,0.05
2017-02-09,261.98,0.000118,0.05
2017-02-10,260.06,0.000138,0.05
2017-02-11,260.2,2.4e-05,0.05
2017-02-12,260.71,2e-06,0.05
2017-02-13,261.95,0.000123,0.05
2017-02-14,263.02,1e-06,0.05
2017-02-15,264.94,3.6e-05,0.05
2017-02-16,266.49,0.000127,0.05
2017-02-17,268.13,0.000241,0.05
2017-02-18,269.42,0.00021,0.05
2017-02-19,268.75,0.002952,0.05
2017-02-20,265.56,0.002481,0.05
2017-02-21,264.65,0.003657,0.05
2017-02-22,263.36,0.001093,0.05
2017-02-23,263.47,0.001378,0.05
2017-02-24,265.29,0.000605,0.05
2017-02-25,265.75,0.001358,0.05
2017-02-26,265.46,0.002031,0.05
2017-02-27,265.48,0.001497,0.05
2017-02-28,265.07,0.000339,0.05
2017-03-01,263.71,0.003471,0.05
2017-03-02,262.55,0.002229,0.05
2017-03-03,263.58,0.001179,0.05
2017-03-04,261.85,0.001969,0.05
2017-03-05,261.13,0.000581,0.05
2017-03-06,262.46,0.000185,0.05
2017-03-07,262.31,0.002114,0.05
2017-03-08,262.89,0.008889,0.05
2017-03-09,263.36,0.014358,0.05
2017-03-10,263.64,0.04744,0.05
2017-03-11,261.63,0.007154,0.05
2017-03-12,260.04,0.000768,0.05
2017-03-13,261.16,0.002355,0.05
2017-03-14,260.87,0.000211,0.05
2017-03-15,261.06,5e-06,0.05
2017-03-16,260.55,5.7e-05,0.05
2017-03-17,260.12,0.00148,0.05
2017-03-18,260.38,0.0005,0.05
2017-03-19,261.44,0.000158,0.05
2017-03-20,262.4,1.9e-05,0.05
2017-03-21,265.76,3e-06,0.05
2017-03-22,268.58,3e-06,0.05
2017-03-23,268.2,2e-06,0.05
2017-03-24,267.0,0.000442,0.05
2017-03-25,268.46,0.000166,0.05
2017-03-26,269.64,0.000511,0.05
2017-03-27,270.95,0.007189,0.05
2017-03-28,272.64,0.001078,0.05
2017-03-29,272.68,0.000722,0.05
2017-03-30,272.94,0.000106,0.05
2017-03-31,272.4,0.000463,0.05
2017-04-01,270.9,0.000128,0.05
2017-04-02,268.98,0.000496,0.05
2017-04-03,269.46,0.002233,0.05
2017-04-04,270.39,0.002052,0.05
2017-04-05,270.71,0.002462,0.05
2017-04-06,269.39,0.004834,0.05
2017-04-07,269.03,0.00562,0.05
2017-04-08,266.26,0.001279,0.05
2017-04-09,268.05,0.000631,0.05
2017-04-10,267.58,0.000206,0.05
2017-04-11,268.25,0.000474,0.05
2017-04-12,267.89,0.001845,0.05
2017-04-13,269.32,0.000242,0.05
2017-04-14,269.62,0.003408,0.05
2017-04-15,270.53,0.000802,0.05
2017-04-16,272.11,4.5e-05,0.05
2017-04-17,273.5,0.000177,0.05
2017-04-18,273.95,0.001083,0.05
2017-04-19,273.58,0.002847,0.05
2017-04-20,273.57,0.001549,0.05
2017-04-21,274.08,0.001249,0.05
2017-04-22,273.95,0.002401,0.05
2017-04-23,271.96,0.001956,0.05
2017-04-24,271.71,0.001046,0.05
2017-04-25,270.4,0.003017,0.05
2017-04-26,269.12,0.00441,0.05
2017-04-27,268.93,0.001538,0.05
2017-04-28,269.46,0.003857,0.05
2017-04-29,270.65,0.003186,0.05
2017-04-30,269.92,0.007578,0.05
2017-05-01,268.06,0.005384,0.05
2017-05-02,269.98,0.001859,0.05
2017-05-03,270.71,0.005011,0.05
2017-05-04,270.02,0.003139,0.05
2017-05-05,271.55,0.002424,0.05
2017-05-06,272.59,0.002636,0.05
2017-05-07,274.24,0.00175,0.05
2017-05-08,273.92,0.003735,0.05
2017-05-09,274.22,0.004449,0.05
2017-05-10,273.77,0.005279,0.05
2017-05-11,274.68,0.002483,0.05
2017-05-12,275.04,0.002738,0.05
2017-05-13,275.91,0.002228,0.05
2017-05-14,276.39,0.00332,0.05
2017-05-15,275.68,0.003314,0.05
2017-05-16,275.76,0.002811,0.05
2017-05-17,275.18,0.002655,0.05
2017-05-18,274.4,0.004004,0.05
2017-05-19,274.49,0.003248,0.05
2017-05-20,274.84,0.004962,0.05
2017-05-21,274.98,0.004232,0.05
2017-05-22,275.33,0.004445,0.05
2017-05-23,274.64,0.00197,0.05
2017-05-24,275.64,0.001531,0.05
2017-05-25,275.98,0.005657,0.05
2017-05-26,275.8,0.005772,0.05
2017-05-27,275.16,0.005361,0.05
2017-05-28,275.15,0.006838,0.05
2017-05-29,274.95,0.008815,0.05
2017-05-30,274.65,0.008349,0.05
2017-05-31,275.02,0.001352,0.05
2017-06-01,276.08,0.003008,0.05
2017-06-02,276.29,0.001958,0.05
2017-06-03,278.49,0.002676,0.05
2017-06-04,278.9,0.000525,0.05
2017-06-05,278.89,0.003578,0.05
2017-06-06,277.55,0.009172,0.05
2017-06-07,276.92,0.005445,0.05
2017-06-08,277.32,0.004767,0.05
2017-06-09,277.33,0.006336,0.05
2017-06-10,276.84,0.007677,0.05
2017-06-11,277.13,0.002106,0.05
2017-06-12,277.59,0.001124,0.05
2017-06-13,277.93,0.001008,0.05
2017-06-14,277.46,0.002766,0.05
2017-06-15,277.53,0.003704,0.05
2017-06-16,276.97,0.006166,0.05
2017-06-17,277.39,0.004071,0.05
2017-06-18,279.15,0.00465,0.05
2017-06-19,278.98,0.004418,0.05
2017-06-20,278.8,0.006211,0.05
2017-06-21,276.89,0.026405,0.05
2017-06-22,277.36,0.003178,0.05
2017-06-23,278.18,0.003665,0.05
2017-06-24,279.26,0.005932,0.05
2017-06-25,279.78,0.005472,0.05
2017-06-26,280.1,0.005058,0.05
2017-06-27,280.14,0.013892,0.05
2017-06-28,279.19,0.018634,0.05
2017-06-29,280.08,0.006814,0.05
2017-06-30,280.12,0.005979,0.05
2017-07-01,280.17,0.00788,0.05
2017-07-02,279.94,0.014516,0.05
2017-07-03,280.18,0.01136,0.05
2017-07-04,280.24,0.01744,0.05
2017-07-05,280.01,0.027142,0.05
2017-07-06,279.74,0.022234,0.05
2017-07-07,280.16,0.006641,0.05
2017-07-08,280.71,0.005842,0.05
2017-07-09,279.71,0.022918,0.05
2017-07-10,279.06,0.011108,0.05
2017-07-11,279.16,0.011402,0.05
2017-07-12,278.47,0.008074,0.05
2017-07-13,279.1,0.005942,0.05
2017-07-14,279.87,0.005415,0.05
2017-07-15,279.52,0.022033,0.05
2017-07-16,280.13,0.013946,0.05
2017-07-17,279.52,0.009384,0.05
2017-07-18,279.29,0.00632,0.05
2017-07-19,279.48,0.005491,0.05
2017-07-20,279.63,0.007665,0.05
2017-07-21,279.31,0.011826,0.05
2017-07-22,278.96,0.018796,0.05
2017-07-23,279.0,0.010591,0.05
2017-07-24,278.86,0.01315,0.05
2017-07-25,279.62,0.00986,0.05
2017-07-26,279.22,0.013187,0.05
2017-07-27,279.43,0.011809,0.05
2017-07-28,279.75,0.008937,0.05
2017-07-29,279.82,0.01465,0.05
2017-07-30,279.29,0.012181,0.05
2017-07-31,279.91,0.007919,0.05
2017-08-01,280.55,0.005927,0.05
2017-08-02,280.57,0.005574,0.05
2017-08-03,280.61,0.013211,0.05
2017-08-04,280.55,0.012972,0.05
2017-08-05,280.65,0.005985,0.05
2017-08-06,280.62,0.008465,0.05
2017-08-07,280.78,0.005683,0.05
2017-08-08,280.69,0.006921,0.05
2017-08-09,280.57,0.026136,0.05
2017-08-10,280.27,0.025906,0.05
2017-08-11,281.0,0.010816,0.05
2017-08-12,280.34,0.026701,0.05
2017-08-13,279.21,0.010845,0.05
2017-08-14,279.3,0.004688,0.05
2017-08-15,279.92,0.005509,0.05
2017-08-16,280.28,0.011763,0.05
2017-08-17,279.73,0.006592,0.05
2017-08-18,279.93,0.006558,0.05
2017-08-19,279.27,0.010345,0.05
2017-08-20,279.33,0.010289,0.05
2017-08-21,279.41,0.010198,0.05
2017-08-22,279.57,0.011658,0.05
2017-08-23,278.97,0.015071,0.05
2017-08-24,278.52,0.006671,0.05
2017-08-25,278.6,0.004884,0.05
2017-08-26,278.45,0.004894,0.05
2017-08-27,278.72,0.011485,0.05
2017-08-28,278.56,0.010501,0.05
2017-08-29,278.77,0.007338,0.05
2017-08-30,279.17,0.004257,0.05
2017-08-31,279.33,0.003334,0.05
2017-09-01,278.89,0.009293,0.05
2017-09-02,278.64,0.01045,0.05
2017-09-03,277.87,0.005503,0.05
2017-09-04,278.18,0.001155,0.05
2017-09-05,278.26,0.002315,0.05
2017-09-06,277.72,0.001588,0.05
2017-09-07,277.82,0.001015,0.05
2017-09-08,278.2,0.00034,0.05
2017-09-09,279.1,0.001332,0.05
2017-09-10,278.44,0.001679,0.05
2017-09-11,278.29,0.003375,0.05
2017-09-12,278.04,0.004977,0.05
2017-09-13,278.14,0.003032,0.05
2017-09-14,278.13,0.00279,0.05
2017-09-15,278.0,0.004288,0.05
2017-09-16,278.02,0.005104,0.05
2017-09-17,278.12,0.00255,0.05
2017-09-18,278.12,0.003881,0.05
2017-09-19,278.6,0.00593,0.05
2017-09-20,278.66,0.012091,0.05
2017-09-21,277.52,0.016769,0.05
2017-09-22,276.95,0.011971,0.05
2017-09-23,277.59,0.001604,0.05
2017-09-24,277.71,0.00184,0.05
2017-09-25,277.56,0.001319,0.05
2017-09-26,277.93,0.001283,0.05
2017-09-27,278.29,0.002609,0.05
2017-09-28,277.65,0.007226,0.05
2017-09-29,277.38,0.004826,0.05
2017-09-30,277.66,0.000666,0.05
2017-10-01,277.37,0.002335,0.05
2017-10-02,276.32,0.003172,0.05
2017-10-03,276.63,0.000666,0.05
2017-10-04,277.28,0.000513,0.05
2017-10-05,276.69,0.000635,0.05
2017-10-06,276.59,0.00037,0.05
2017-10-07,277.01,0.002108,0.05
2017-10-08,276.22,0.004325,0.05
2017-10-09,275.47,0.002879,0.05
2017-10-10,275.29,0.000111,0.05
2017-10-11,275.28,0.000261,0.05
2017-10-12,275.75,0.00041,0.05
2017-10-13,275.69,0.000422,0.05
2017-10-14,274.25,9.2e-05,0.05
2017-10-15,274.34,0.002906,0.05
2017-10-16,273.9,0.001295,0.05
2017-10-17,275.27,0.000292,0.05
2017-10-18,276.35,0.000495,0.05
2017-10-19,276.44,0.000319,0.05
2017-10-20,275.25,0.000485,0.05
2017-10-21,274.51,0.000166,0.05
2017-10-22,274.58,0.00272,0.05
2017-10-23,271.58,0.001772,0.05
2017-10-24,270.95,0.002461,0.05
2017-10-25,270.94,0.002648,0.05
2017-10-26,271.26,0.002161,0.05
2017-10-27,270.32,0.002064,0.05
2017-10-28,267.75,0.003993,0.05
2017-10-29,266.09,0.002878,0.05
2017-10-30,267.01,0.000585,0.05
2017-10-31,268.67,0.000214,0.05
2017-11-01,269.32,0.000165,0.05
2017-11-02,270.09,0.000122,0.05
2017-11-03,268.3,0.00106,0.05
2017-11-04,268.44,0.000784,0.05
2017-11-05,270.7,0.000274,0.05
2017-11-06,271.68,0.001017,0.05
2017-11-07,270.67,0.00025,0.05
2017-11-08,269.63,0.000769,0.05
2017-11-09,267.78,0.0012,0.05
2017-11-10,268.52,0.000247,0.05
2017-11-11,269.8,0.000463,0.05
2017-11-12,271.14,7.7e-05,0.05
2017-11-13,271.23,1e-06,0.05
2017-11-14,270.19,5e-06,0.05
2017-11-15,268.9,8e-06,0.05
2017-11-16,268.93,0.001356,0.05
2017-11-17,268.47,0.000868,0.05
2017-11-18,268.27,0.00056,0.05
2017-11-19,267.85,0.000348,0.05
2017-11-20,267.43,0.000141,0.05
2017-11-21,268.83,0.00025,0.05
2017-11-22,267.56,0.000332,0.05
2017-11-23,268.28,5.2e-05,0.05
2017-11-24,269.47,0.000387,0.05
2017-11-25,270.45,0.000483,0.05
2017-11-26,268.85,0.001115,0.05
2017-11-27,268.3,0.002442,0.05
2017-11-28,268.82,0.001165,0.05
2017-11-29,268.57,0.000481,0.05
2017-11-30,269.08,0.00024,0.05
2017-12-01,270.17,2.9e-05,0.05
2017-12-02,270.62,8e-06,0.05
2017-12-03,272.43,2e-06,0.05
2017-12-04,273.41,0.000568,0.05
2017-12-05,271.62,0.009027,0.05
2017-12-06,269.81,0.001456,0.05
2017-12-07,269.0,0.000172,0.05
2017-12-08,268.73,1.5e-05,0.05
2017-12-09,267.41,0.0,0.05
2017-12-10,267.32,1e-06,0.05
2017-12-11,268.07,0.002908,0.05
2017-12-12,263.15,0.005059,0.05
2017-12-13,262.61,0.0004,0.05
2017-12-14,261.09,8.7e-05,0.05
2017-12-15,262.09,1e-06,0.05
2017-12-16,262.75,1e-06,0.05
2017-12-17,263.0,2e-06,0.05
2017-12-18,264.96,0.0,0.05
2017-12-19,266.44,0.0,0.05
2017-12-20,267.54,7e-06,0.05
2017-12-21,265.85,0.000122,0.05
2017-12-22,265.82,3e-06,0.05
2017-12-23,265.47,3e-06,0.05
2017-12-24,263.27,4.3e-05,0.05
2017-12-25,260.36,0.00089,0.05
2017-12-26,263.58,0.0,0.05
2017-12-27,265.91,2e-06,0.05
2017-12-28,265.22,1e-06,0.05
2017-12-29,263.15,1.8e-05,0.05
2017-12-30,261.36,3.8e-05,0.05
2017-12-31,260.82,3.6e-05,0.05
2018-01-01,259.24,0.002198,0.05
2018-01-02,257.62,0.000679,0.05
2018-01-03,260.77,0.0,0.05
2018-01-04,261.51,0.000184,0.05
2018-01-05,260.24,0.000511,0.05
2018-01-06,262.97,0.000142,0.05
2018-01-07,265.5,7e-06,0.05
2018-01-08,266.99,2e-06,0.05
2018-01-09,268.05,0.0,0.05
2018-01-10,271.18,1e-06,0.05
2018-01-11,273.04,0.0,0.05
2018-01-12,272.19,0.000128,0.05
2018-01-13,269.38,5.6e-05,0.05
2018-01-14,269.04,0.000112,0.05
2018-01-15,267.58,2e-06,0.05
2018-01-16,269.3,0.0,0.05
2018-01-17,268.44,0.0,0.05
2018-01-18,269.89,2e-06,0.05
2018-01-19,270.61,1e-06,0.05
2018-01-20,270.91,0.0,0.05
2018-01-21,271.77,2e-06,0.05
2018-01-22,271.53,1.2e-05,0.05
2018-01-23,266.57,0.009513,0.05
2018-01-24,258.15,0.005493,0.05
2018-01-25,258.96,0.000595,0.05
2018-01-26,259.13,0.000195,0.05
2018-01-27,263.33,0.00091,0.05
2018-01-28,265.72,2e-06,0.05
2018-01-29,267.12,0.0,0.05
2018-01-30,269.27,1e-06,0.05
2018-01-31,270.02,1e-06,0.05
2018-02-01,268.94,6e-06,0.05
2018-02-02,267.54,0.001068,0.05
2018-02-03,265.96,0.000894,0.05
2018-02-04,267.42,0.000174,0.05
2018-02-05,268.74,0.004063,0.05
2018-02-06,266.73,0.005316,0.05
2018-02-07,263.45,0.002555,0.05
2018-02-08,261.01,0.000536,0.05
2018-02-09,259.38,0.000785,0.05
2018-02-10,259.79,0.000152,0.05
2018-02-11,261.62,0.002946,0.05
2018-02-12,263.22,0.015317,0.05
2018-02-13,260.97,0.004988,0.05
2018-02-14,258.97,4.4e-05,0.05
2018-02-15,261.01,2e-06,0.05
2018-02-16,261.43,0.000181,0.05
2018-02-17,261.59,0.003894,0.05
2018-02-18,262.1,0.000102,0.05
2018-02-19,263.11,3.4e-05,0.05
2018-02-20,263.0,0.000352,0.05
2018-02-21,262.78,0.000451,0.05
2018-02-22,262.39,0.00049,0.05
2018-02-23,263.38,9.7e-05,0.05
2018-02-24,263.85,0.001284,0.05
2018-02-25,263.05,0.000805,0.05
2018-02-26,264.39,6e-06,0.05
2018-02-27,266.94,2.7e-05,0.05
2018-02-28,265.09,0.000432,0.05
2018-03-01,264.51,0.000323,0.05
2018-03-02,263.68,0.001795,0.05
2018-03-03,264.06,0.002151,0.05
2018-03-04,264.12,0.006123,0.05
2018-03-05,261.94,0.005329,0.05
2018-03-06,262.31,0.000561,0.05
2018-03-07,262.59,4.9e-05,0.05
2018-03-08,262.21,0.000327,0.05
2018-03-09,262.15,0.000519,0.05
2018-03-10,262.72,0.00097,0.05
2018-03-11,262.89,0.000677,0.05
2018-03-12,263.34,0.001595,0.05
2018-03-13,265.47,0.000212,0.05
2018-03-14,266.42,0.002511,0.05
2018-03-15,265.25,0.008093,0.05
2018-03-16,262.94,0.004276,0.05
2018-03-17,261.36,0.00274,0.05
2018-03-18,264.07,7e-06,0.05
2018-03-19,265.57,0.000863,0.05
2018-03-20,265.85,0.001071,0.05
2018-03-21,265.83,0.002514,0.05
2018-03-22,264.11,0.001354,0.05
2018-03-23,264.61,0.000445,0.05
2018-03-24,266.44,0.001234,0.05
2018-03-25,265.67,0.002025,0.05
2018-03-26,266.55,0.000324,0.05
2018-03-27,267.53,5.9e-05,0.05
2018-03-28,266.67,0.002724,0.05
2018-03-29,266.28,0.005461,0.05
2018-03-30,264.78,0.003351,0.05
2018-03-31,266.12,0.000632,0.05
2018-04-01,267.2,0.000353,0.05
2018-04-02,267.97,0.001591,0.05
2018-04-03,269.21,0.00207,0.05
2018-04-04,269.39,0.003476,0.05
2018-04-05,269.86,0.001409,0.05
2018-04-06,270.46,0.002977,0.05
2018-04-07,269.24,0.004587,0.05
2018-04-08,268.33,0.002227,0.05
2018-04-09,269.27,0.002509,0.05
2018-04-10,270.14,0.002507,0.05
2018-04-11,270.11,0.002782,0.05
2018-04-12,268.91,0.005504,0.05
2018-04-13,268.12,0.002025,0.05
2018-04-14,270.03,0.003124,0.05
2018-04-15,270.01,0.003073,0.05
2018-04-16,271.06,0.002686,0.05
2018-04-17,271.39,0.002464,0.05
2018-04-18,270.81,0.002249,0.05
2018-04-19,271.1,0.002812,0.05
2018-04-20,269.32,0.002197,0.05
2018-04-21,269.71,0.000342,0.05
2018-04-22,269.74,0.000106,0.05
2018-04-23,269.81,0.00083,0.05
2018-04-24,269.42,0.002556,0.05
2018-04-25,270.78,0.004063,0.05
2018-04-26,271.01,0.002786,0.05
2018-04-27,270.9,0.00333,0.05
2018-04-28,271.75,0.003411,0.05
2018-04-29,271.83,0.003467,0.05
2018-04-30,271.73,0.004438,0.05
2018-05-01,272.31,0.001149,0.05
2018-05-02,272.79,0.001689,0.05
2018-05-03,271.99,0.005397,0.05
2018-05-04,272.7,0.003636,0.05
2018-05-05,273.52,0.002189,0.05
2018-05-06,273.45,0.003046,0.05
2018-05-07,272.95,0.002625,0.05
2018-05-08,272.75,0.009886,0.05
2018-05-09,269.79,0.007689,0.05
2018-05-10,268.99,0.003063,0.05
2018-05-11,272.94,0.000114,0.05
2018-05-12,275.43,0.000664,0.05
2018-05-13,274.56,0.00669,0.05
2018-05-14,272.82,0.005387,0.05
2018-05-15,272.89,0.00264,0.05
2018-05-16,274.59,0.004118,0.05
2018-05-17,274.95,0.00493,0.05
2018-05-18,275.01,0.002426,0.05
2018-05-19,275.54,0.000152,0.05
2018-05-20,276.66,0.000969,0.05
2018-05-21,278.86,0.000838,0.05
2018-05-22,278.77,0.001279,0.05
2018-05-23,278.13,0.001764,0.05
2018-05-24,277.55,0.001182,0.05
2018-05-25,277.21,0.001864,0.05
2018-05-26,276.68,0.00373,0.05
2018-05-27,274.98,0.004261,0.05
2018-05-28,274.16,0.004721,0.05
2018-05-29,274.67,0.004587,0.05
2018-05-30,275.68,0.003429,0.05
2018-05-31,276.29,0.003716,0.05
2018-06-01,276.21,0.004087,0.05
2018-06-02,276.25,0.004183,0.05
2018-06-03,277.64,0.006408,0.05
2018-06-04,278.43,0.004867,0.05
2018-06-05,278.22,0.004298,0.05
2018-06-06,278.82,0.003625,0.05
2018-06-07,279.6,0.005205,0.05
2018-06-08,279.02,0.008421,0.05
2018-06-09,279.37,0.005717,0.05
2018-06-10,278.61,0.005455,0.05
2018-06-11,279.6,0.00643,0.05
2018-06-12,279.24,0.006035,0.05
2018-06-13,278.93,0.003015,0.05
2018-06-14,279.03,0.01751,0.05
2018-06-15,278.72,0.021492,0.05
2018-06-16,279.01,0.006836,0.05
2018-06-17,278.05,0.00884,0.05
2018-06-18,278.11,0.007958,0.05
2018-06-19,277.86,0.003765,0.05
2018-06-20,278.3,0.001366,0.05
2018-06-21,278.82,0.001514,0.05
2018-06-22,279.27,0.004831,0.05
2018-06-23,279.77,0.001991,0.05
2018-06-24,280.33,0.005425,0.05
2018-06-25,280.24,0.012448,0.05
2018-06-26,279.52,0.008474,0.05
2018-06-27,279.98,0.010425,0.05
2018-06-28,280.05,0.01072,0.05
2018-06-29,279.82,0.013306,0.05
2018-06-30,280.22,0.01401,0.05
2018-07-01,280.31,0.024975,0.05
2018-07-02,278.69,0.025466,0.05
2018-07-03,279.26,0.009497,0.05
2018-07-04,279.54,0.00704,0.05
2018-07-05,280.05,0.003579,0.05
2018-07-06,280.56,0.007926,0.05
2018-07-07,281.14,0.008525,0.05
2018-07-08,281.57,0.024721,0.05
2018-07-09,280.36,0.023587,0.05
2018-07-10,280.32,0.013087,0.05
2018-07-11,280.61,0.017279,0.05
2018-07-12,279.82,0.024795,0.05
2018-07-13,280.32,0.00894,0.05
2018-07-14,280.81,0.012029,0.05
2018-07-15,281.15,0.009951,0.05
2018-07-16,280.45,0.011427,0.05
2018-07-17,280.63,0.00541,0.05
2018-07-18,280.3,0.005255,0.05
2018-07-19,280.48,0.004295,0.05
2018-07-20,280.75,0.008955,0.05
2018-07-21,280.04,0.018658,0.05
2018-07-22,280.0,0.011534,0.05
2018-07-23,279.98,0.009969,0.05
2018-07-24,280.66,0.009791,0.05
2018-07-25,280.64,0.013511,0.05
2018-07-26,279.91,0.011802,0.05
2018-07-27,279.83,0.014941,0.05
2018-07-28,279.64,0.008934,0.05
2018-07-29,280.07,0.009199,0.05
2018-07-30,279.89,0.017538,0.05
2018-07-31,279.86,0.007869,0.05
2018-08-01,279.54,0.013282,0.05
2018-08-02,279.58,0.010698,0.05
2018-08-03,279.61,0.026163,0.05
2018-08-04,279.26,0.015781,0.05
2018-08-05,279.18,0.027575,0.05
2018-08-06,279.27,0.017494,0.05
2018-08-07,278.72,0.010039,0.05
2018-08-08,279.42,0.006957,0.05
2018-08-09,280.25,0.00541,0.05
2018-08-10,280.19,0.014338,0.05
2018-08-11,279.94,0.011548,0.05
2018-08-12,280.15,0.01727,0.05
2018-08-13,278.99,0.028621,0.05
2018-08-14,279.81,0.007043,0.05
2018-08-15,279.55,0.018538,0.05
2018-08-16,279.8,0.011288,0.05
2018-08-17,280.21,0.011081,0.05
2018-08-18,279.95,0.011283,0.05
2018-08-19,280.05,0.005586,0.05
2018-08-20,279.78,0.010324,0.05
2018-08-21,279.69,0.010494,0.05
2018-08-22,280.06,0.010345,0.05
2018-08-23,280.16,0.009588,0.05
2018-08-24,280.02,0.013061,0.05
2018-08-25,279.08,0.015464,0.05
2018-08-26,279.82,0.008229,0.05
2018-08-27,279.88,0.013817,0.05
2018-08-28,279.59,0.020723,0.05
2018-08-29,279.86,0.010661,0.05
2018-08-30,279.85,0.020882,0.05
2018-08-31,279.05,0.028294,0.05
2018-09-01,279.6,0.006517,0.05
2018-09-02,279.25,0.012923,0.05
2018-09-03,279.39,0.01605,0.05
2018-09-04,279.05,0.009002,0.05
2018-09-05,278.95,0.006693,0.05
2018-09-06,279.22,0.00869,0.05
2018-09-07,278.64,0.010579,0.05
2018-09-08,278.89,0.004526,0.05
2018-09-09,279.6,0.002767,0.05
2018-09-10,279.53,0.007829,0.05
2018-09-11,278.72,0.019078,0.05
2018-09-12,278.03,0.005412,0.05
2018-09-13,277.44,0.009264,0.05
2018-09-14,277.23,0.004292,0.05
2018-09-15,277.21,0.0042,0.05
2018-09-16,276.46,0.002976,0.05
2018-09-17,275.85,0.000394,0.05
2018-09-18,275.69,7.8e-05,0.05
2018-09-19,276.12,0.000757,0.05
2018-09-20,276.37,0.004083,0.05
2018-09-21,276.23,0.012557,0.05
2018-09-22,275.98,0.007747,0.05
2018-09-23,276.42,0.003459,0.05
2018-09-24,276.8,0.002407,0.05
2018-09-25,277.04,0.00103,0.05
2018-09-26,276.6,0.002765,0.05
2018-09-27,276.09,0.002379,0.05
2018-09-28,276.01,0.001144,0.05
2018-09-29,276.26,0.000582,0.05
2018-09-30,276.92,0.000483,0.05
2018-10-01,275.2,0.001222,0.05
2018-10-02,274.69,0.000362,0.05
2018-10-03,273.92,0.000848,0.05
2018-10-04,272.27,0.001104,0.05
2018-10-05,271.77,0.001427,0.05
2018-10-06,271.28,0.001828,0.05
2018-10-07,270.32,0.00171,0.05
2018-10-08,270.95,0.002226,0.05
2018-10-09,272.5,0.001665,0.05
2018-10-10,273.02,0.001888,0.05
2018-10-11,271.78,0.002714,0.05
2018-10-12,271.75,0.001099,0.05
2018-10-13,271.3,0.000388,0.05
2018-10-14,271.63,0.00059,0.05
2018-10-15,272.02,0.000424,0.05
2018-10-16,273.2,0.000266,0.05
2018-10-17,271.4,0.001338,0.05
2018-10-18,270.58,0.001018,0.05
2018-10-19,270.53,0.000389,0.05
2018-10-20,270.2,0.000889,0.05
2018-10-21,269.77,0.000397,0.05
2018-10-22,268.73,0.00068,0.05
2018-10-23,266.68,0.001255,0.05
2018-10-24,266.78,0.000141,0.05
2018-10-25,266.73,0.000701,0.05
2018-10-26,267.47,0.000241,0.05
2018-10-27,267.16,0.000599,0.05
2018-10-28,267.7,0.000704,0.05
2018-10-29,269.59,0.000176,0.05
2018-10-30,270.11,9.5e-05,0.05
2018-10-31,270.92,0.000332,0.05
2018-11-01,271.22,0.001346,0.05
2018-11-02,270.63,0.001418,0.05
2018-11-03,268.95,0.001357,0.05
2018-11-04,268.33,0.002119,0.05
2018-11-05,268.92,0.000263,0.05
2018-11-06,269.21,2.3e-05,0.05
2018-11-07,268.93,1.5e-05,0.05
2018-11-08,269.2,0.001465,0.05
2018-11-09,269.3,0.001372,0.05
2018-11-10,268.15,0.002932,0.05
2018-11-11,269.51,0.000686,0.05
2018-11-12,269.89,0.002854,0.05
2018-11-13,267.67,0.003545,0.05
2018-11-14,266.2,0.002104,0.05
2018-11-15,267.59,0.000124,0.05
2018-11-16,268.83,0.00073,0.05
2018-11-17,269.29,0.000194,0.05
2018-11-18,269.05,0.001148,0.05
2018-11-19,268.04,0.001555,0.05
2018-11-20,268.25,0.000173,0.05
2018-11-21,269.89,0.0,0.05
2018-11-22,271.33,4e-06,0.05
2018-11-23,270.84,2e-05,0.05
2018-11-24,272.21,0.0,0.05
2018-11-25,271.67,0.001047,0.05
2018-11-26,271.78,0.000365,0.05
2018-11-27,271.77,0.0,0.05
2018-11-28,272.04,0.000307,0.05
2018-11-29,271.36,4.4e-05,0.05
2018-11-30,269.18,0.000899,0.05
2018-12-01,269.49,0.000756,0.05
2018-12-02,268.95,0.000831,0.05
2018-12-03,269.91,0.000485,0.05
2018-12-04,270.55,0.000143,0.05
2018-12-05,268.09,0.001219,0.05
2018-12-06,264.9,0.001821,0.05
2018-12-07,264.46,0.000163,0.05
2018-12-08,265.92,0.000609,0.05
2018-12-09,265.66,0.00124,0.05
2018-12-10,263.17,0.001444,0.05
2018-12-11,261.34,0.000444,0.05
2018-12-12,262.03,0.003592,0.05
2018-12-13,259.04,0.004931,0.05
2018-12-14,256.91,0.000547,0.05
2018-12-15,259.08,1e-06,0.05
2018-12-16,261.59,1e-06,0.05
2018-12-17,264.39,0.001289,0.05
2018-12-18,264.28,0.000713,0.05
2018-12-19,265.86,1e-06,0.05
2018-12-20,264.24,7e-06,0.05
2018-12-21,264.49,3e-06,0.05
2018-12-22,265.71,1e-06,0.05
2018-12-23,266.05,1e-06,0.05
2018-12-24,265.14,4e-06,0.05
2018-12-25,264.31,5e-06,0.05
2018-12-26,264.17,0.003265,0.05
2018-12-27,258.14,0.003916,0.05
2018-12-28,257.14,7.6e-05,0.05
2018-12-29,260.06,2e-06,0.05
2018-12-30,262.24,0.00023,0.05
2018-12-31,262.94,0.000236,0.05
2019-01-01,262.78,0.000195,0.05
2019-01-02,259.59,0.005203,0.05
2019-01-03,258.94,0.001152,0.05
2019-01-04,261.96,5.4e-05,0.05
2019-01-05,260.51,0.002374,0.05
2019-01-06,258.85,0.009356,0.05
2019-01-07,256.11,0.00352,0.05
2019-01-08,255.82,0.001491,0.05
2019-01-09,258.55,0.003879,0.05
2019-01-10,259.51,7.9e-05,0.05
2019-01-11,259.2,0.001067,0.05
2019-01-12,259.27,0.001665,0.05
2019-01-13,257.3,0.001613,0.05
2019-01-14,254.76,5e-06,0.05
2019-01-15,257.57,0.0,0.05
2019-01-16,261.32,0.000132,0.05
2019-01-17,258.68,0.005973,0.05
2019-01-18,256.68,6e-06,0.05
2019-01-19,259.0,1e-06,0.05
2019-01-20,259.96,1e-06,0.05
2019-01-21,258.98,0.000482,0.05
2019-01-22,260.5,0.022995,0.05
2019-01-23,260.99,0.006557,0.05
2019-01-24,255.92,0.001981,0.05
2019-01-25,257.92,0.02227,0.05
2019-01-26,259.34,0.008246,0.05
2019-01-27,257.42,0.005515,0.05
2019-01-28,254.96,0.003109,0.05
2019-01-29,255.48,0.000133,0.05
2019-01-30,258.23,0.000415,0.05
2019-01-31,260.55,0.012075,0.05
2019-02-01,259.74,0.005065,0.05
2019-02-02,257.91,8e-06,0.05
2019-02-03,257.47,0.0,0.05
2019-02-04,258.71,2e-06,0.05
2019-02-05,259.21,0.0,0.05
2019-02-06,259.65,0.005293,0.05
2019-02-07,262.4,0.042831,0.05
2019-02-08,261.05,0.016506,0.05
2019-02-09,259.08,0.005938,0.05
2019-02-10,260.64,0.000271,0.05
2019-02-11,259.47,0.00031,0.05
2019-02-12,261.31,5e-06,0.05
2019-02-13,262.77,9.3e-05,0.05
2019-02-14,261.73,0.00332,0.05
2019-02-15,260.72,0.003509,0.05
2019-02-16,258.94,0.001145,0.05
2019-02-17,260.79,1.1e-05,0.05
2019-02-18,261.04,0.005015,0.05
2019-02-19,261.1,0.003287,0.05
2019-02-20,263.37,4.4e-05,0.05
2019-02-21,263.34,0.003604,0.05
2019-02-22,262.81,0.001275,0.05
2019-02-23,262.44,9.1e-05,0.05
2019-02-24,261.42,0.008485,0.05
2019-02-25,258.81,0.007267,0.05
2019-02-26,259.86,0.009888,0.05
2019-02-27,259.3,0.026879,0.05
2019-02-28,258.22,0.002649,0.05
2019-03-01,259.5,0.0,0.05
2019-03-02,261.43,0.002873,0.05
2019-03-03,262.22,0.007265,0.05
2019-03-04,262.76,0.001447,0.05
2019-03-05,261.57,0.000286,0.05
2019-03-06,261.47,0.000362,0.05
2019-03-07,262.15,0.000409,0.05
2019-03-08,261.63,0.000265,0.05
2019-03-09,262.51,0.000327,0.05
2019-03-10,262.35,4e-06,0.05
2019-03-11,262.36,9.1e-05,0.05
2019-03-12,263.55,2e-06,0.05
2019-03-13,265.84,0.002667,0.05
2019-03-14,265.45,0.006142,0.05
2019-03-15,261.65,0.000289,0.05
2019-03-16,262.62,2.6e-05,0.05
2019-03-17,263.77,0.002114,0.05
2019-03-18,263.21,0.000407,0.05
2019-03-19,262.82,0.001025,0.05
2019-03-20,262.37,9.8e-05,0.05
2019-03-21,262.88,1.5e-05,0.05
2019-03-22,262.91,0.000213,0.05
2019-03-23,264.12,3e-06,0.05
2019-03-24,265.68,-0.0,0.05
2019-03-25,264.77,0.005149,0.05
2019-03-26,263.6,0.002372,0.05
2019-03-27,266.25,1e-06,0.05
2019-03-28,267.32,1.9e-05,0.05
2019-03-29,267.87,0.000405,0.05
2019-03-30,267.41,0.000192,0.05
2019-03-31,266.19,0.000153,0.05
2019-04-01,264.76,0.000166,0.05
2019-04-02,265.93,2e-06,0.05
2019-04-03,267.59,0.000327,0.05
2019-04-04,267.93,8.8e-05,0.05
2019-04-05,268.52,0.000128,0.05
2019-04-06,268.19,0.001578,0.05
2019-04-07,267.11,0.001749,0.05
2019-04-08,267.5,0.000155,0.05
2019-04-09,269.38,0.000152,0.05
2019-04-10,270.28,4.8e-05,0.05
2019-04-11,270.84,4.8e-05,0.05
2019-04-12,271.23,0.000348,0.05
2019-04-13,271.02,0.001622,0.05
2019-04-14,270.74,0.001684,0.05
2019-04-15,271.19,0.001396,0.05
2019-04-16,271.77,0.009785,0.05
2019-04-17,269.12,0.012822,0.05
2019-04-18,266.62,0.003989,0.05
2019-04-19,265.74,0.001368,0.05
2019-04-20,267.46,0.000816,0.05
2019-04-21,268.8,0.002348,0.05
2019-04-22,268.9,0.002374,0.05
2019-04-23,269.88,0.000725,0.05
2019-04-24,271.52,0.001047,0.05
2019-04-25,271.28,0.001956,0.05
2019-04-26,270.77,0.001658,0.05
2019-04-27,272.1,0.000802,0.05
2019-04-28,272.99,0.000273,0.05
2019-04-29,271.77,0.000972,0.05
2019-04-30,271.33,0.002697,0.05
2019-05-01,271.55,0.001743,0.05
2019-05-02,271.96,0.001093,0.05
2019-05-03,271.57,0.000854,0.05
2019-05-04,271.38,0.001204,0.05
2019-05-05,270.16,0.000393,0.05
2019-05-06,270.65,0.00141,0.05
2019-05-07,271.17,0.001537,0.05
2019-05-08,271.94,0.001478,0.05
2019-05-09,272.96,0.000153,0.05
2019-05-10,272.72,0.001548,0.05
2019-05-11,271.59,0.00048,0.05
2019-05-12,271.4,0.002491,0.05
2019-05-13,270.53,0.00161,0.05
2019-05-14,271.21,0.001758,0.05
2019-05-15,271.37,0.002554,0.05
2019-05-16,271.58,0.002151,0.05
2019-05-17,271.17,0.003812,0.05
2019-05-18,271.03,0.003468,0.05
2019-05-19,271.43,0.00127,0.05
2019-05-20,272.32,0.002276,0.05
2019-05-21,272.95,0.002504,0.05
2019-05-22,273.99,0.004416,0.05
2019-05-23,274.36,0.002839,0.05
2019-05-24,275.31,0.003051,0.05
2019-05-25,273.92,0.001165,0.05
2019-05-26,274.76,0.002657,0.05
2019-05-27,274.62,0.003432,0.05
2019-05-28,274.31,0.00233,0.05
2019-05-29,274.89,0.003902,0.05
2019-05-30,275.52,0.003138,0.05
2019-05-31,276.57,0.001669,0.05
2019-06-01,276.06,0.007036,0.05
2019-06-02,275.8,0.005695,0.05
2019-06-03,276.43,0.003727,0.05
2019-06-04,277.77,0.005589,0.05
2019-06-05,278.91,0.004722,0.05
2019-06-06,278.84,0.00099,0.05
2019-06-07,277.42,0.002254,0.05
2019-06-08,277.3,0.001158,0.05
2019-06-09,276.89,0.002763,0.05
2019-06-10,277.91,0.00228,0.05
2019-06-11,278.88,0.002051,0.05
2019-06-12,278.69,0.002214,0.05
2019-06-13,279.08,0.001955,0.05
2019-06-14,279.57,0.008931,0.05
2019-06-15,278.76,0.002349,0.05
2019-06-16,278.02,0.004226,0.05
2019-06-17,276.89,0.003396,0.05
2019-06-18,276.91,0.008094,0.05
2019-06-19,277.12,0.005651,0.05
2019-06-20,277.25,0.007325,0.05
2019-06-21,278.61,0.001008,0.05
2019-06-22,278.55,0.016951,0.05
2019-06-23,277.07,0.023834,0.05
2019-06-24,278.34,0.002374,0.05
2019-06-25,279.25,0.00192,0.05
2019-06-26,279.42,0.006196,0.05
2019-06-27,279.43,0.000992,0.05
2019-06-28,279.4,0.002369,0.05
2019-06-29,279.71,0.004359,0.05
2019-06-30,279.31,0.02036,0.05
2019-07-01,279.38,0.006033,0.05
2019-07-02,280.03,0.00587,0.05
2019-07-03,280.78,0.00528,0.05
2019-07-04,281.0,0.013425,0.05
2019-07-05,279.9,0.019167,0.05
2019-07-06,280.01,0.005402,0.05
2019-07-07,280.53,0.007976,0.05
2019-07-08,280.43,0.023187,0.05
2019-07-09,280.21,0.012152,0.05
2019-07-10,280.58,0.011319,0.05
2019-07-11,280.3,0.0277,0.05
2019-07-12,279.17,0.027068,0.05
2019-07-13,279.63,0.009666,0.05
2019-07-14,278.8,0.035605,0.05
2019-07-15,278.03,0.013266,0.05
2019-07-16,277.82,0.009619,0.05
2019-07-17,278.77,0.007383,0.05
2019-07-18,278.78,0.006333,0.05
2019-07-19,279.31,0.005402,0.05
2019-07-20,279.64,0.007153,0.05
2019-07-21,279.98,0.006639,0.05
2019-07-22,280.06,0.004432,0.05
2019-07-23,280.61,0.007533,0.05
2019-07-24,279.53,0.011019,0.05
2019-07-25,279.98,0.009807,0.05
2019-07-26,279.88,0.015615,0.05
2019-07-27,280.15,0.012064,0.05
2019-07-28,280.58,0.013446,0.05
2019-07-29,280.62,0.013889,0.05
2019-07-30,280.11,0.022462,0.05
2019-07-31,280.2,0.010733,0.05
2019-08-01,279.8,0.012038,0.05
2019-08-02,280.07,0.014233,0.05
2019-08-03,280.29,0.010313,0.05
2019-08-04,280.7,0.008724,0.05
2019-08-05,280.57,0.017442,0.05
2019-08-06,279.0,0.021455,0.05
2019-08-07,280.2,0.005363,0.05
2019-08-08,280.17,0.011818,0.05
2019-08-09,279.79,0.009839,0.05
2019-08-10,280.53,0.006461,0.05
2019-08-11,280.37,0.009664,0.05
2019-08-12,279.96,0.007432,0.05
2019-08-13,279.88,0.008356,0.05
2019-08-14,280.08,0.013123,0.05
2019-08-15,280.25,0.00909,0.05
2019-08-16,280.06,0.008823,0.05
2019-08-17,279.46,0.008796,0.05
2019-08-18,278.97,0.007129,0.05
2019-08-19,279.06,0.00527,0.05
2019-08-20,279.18,0.005902,0.05
2019-08-21,279.49,0.010406,0.05
2019-08-22,279.44,0.006465,0.05
2019-08-23,279.93,0.007954,0.05
2019-08-24,279.12,0.009912,0.05
2019-08-25,277.8,0.011118,0.05
2019-08-26,279.06,0.007069,0.05
2019-08-27,279.34,0.004978,0.05
2019-08-28,280.21,0.002818,0.05
2019-08-29,279.97,0.006564,0.05
2019-08-30,280.06,0.006944,0.05
2019-08-31,280.4,0.01313,0.05
2019-09-01,278.41,0.032613,0.05
2019-09-02,279.7,0.003741,0.05
2019-09-03,280.29,0.007421,0.05
2019-09-04,279.99,0.009994,0.05
2019-09-05,280.3,0.008731,0.05
2019-09-06,279.8,0.013866,0.05
2019-09-07,279.15,0.024018,0.05
2019-09-08,279.42,0.005607,0.05
2019-09-09,279.73,0.001539,0.05
2019-09-10,280.28,0.00582,0.05
2019-09-11,280.07,0.025688,0.05
2019-09-12,278.87,0.03124,0.05
2019-09-13,278.84,0.015705,0.05
2019-09-14,278.76,0.008585,0.05
2019-09-15,279.01,0.007464,0.05
2019-09-16,278.47,0.004337,0.05
2019-09-17,276.77,0.011833,0.05
2019-09-18,274.88,0.043483,0.05
2019-09-19,272.84,0.013152,0.05
2019-09-20,272.05,0.000543,0.05
2019-09-21,272.89,0.004402,0.05
2019-09-22,274.51,0.009143,0.05
2019-09-23,275.11,0.006043,0.05
2019-09-24,275.46,0.001497,0.05
2019-09-25,275.98,0.023724,0.05
2019-09-26,274.12,0.021137,0.05
2019-09-27,273.44,0.007259,0.05
2019-09-28,273.47,0.01154,0.05
2019-09-29,274.28,0.003602,0.05
2019-09-30,274.2,0.001935,0.05
2019-10-01,274.33,0.002646,0.05
2019-10-02,274.01,0.00326,0.05
2019-10-03,273.47,0.001664,0.05
2019-10-04,274.45,0.000339,0.05
2019-10-05,274.83,0.001143,0.05
2019-10-06,275.43,0.001326,0.05
2019-10-07,274.32,0.003209,0.05
2019-10-08,273.17,0.004466,0.05
2019-10-09,272.59,0.00155,0.05
2019-10-10,272.97,0.000137,0.05
2019-10-11,273.35,0.001573,0.05
2019-10-12,273.47,0.000692,0.05
2019-10-13,274.56,0.000304,0.05
2019-10-14,273.99,0.001346,0.05
2019-10-15,273.24,0.001517,0.05
2019-10-16,272.77,0.001732,0.05
2019-10-17,272.75,0.002139,0.05
2019-10-18,271.4,0.001619,0.05
2019-10-19,271.9,0.001389,0.05
2019-10-20,271.96,0.002178,0.05
2019-10-21,271.25,0.000241,0.05
2019-10-22,272.21,2.6e-05,0.05
2019-10-23,270.82,0.00035,0.05
2019-10-24,270.51,0.000366,0.05
2019-10-25,270.26,0.000509,0.05
2019-10-26,270.71,8.9e-05,0.05
2019-10-27,272.7,0.000227,0.05
2019-10-28,273.42,0.000103,0.05
2019-10-29,273.56,0.000382,0.05
2019-10-30,272.08,0.001241,0.05
2019-10-31,271.14,0.000859,0.05
2019-11-01,271.74,0.000436,0.05
2019-11-02,271.73,0.001016,0.05
2019-11-03,270.69,0.004357,0.05
2019-11-04,269.5,0.003216,0.05
2019-11-05,270.94,0.002059,0.05
2019-11-06,271.57,0.000402,0.05
2019-11-07,270.29,0.002942,0.05
2019-11-08,267.05,0.005948,0.05
2019-11-09,265.83,1.5e-05,0.05
2019-11-10,267.61,5e-06,0.05
2019-11-11,268.91,1e-06,0.05
2019-11-12,269.31,0.0,0.05
2019-11-13,270.62,2e-06,0.05
2019-11-14,270.25,8.5e-05,0.05
2019-11-15,269.67,1.2e-05,0.05
2019-11-16,269.17,0.001179,0.05
2019-11-17,268.77,1.4e-05,0.05
2019-11-18,270.16,4.3e-05,0.05
2019-11-19,270.15,4.6e-05,0.05
2019-11-20,270.67,8.4e-05,0.05
2019-11-21,271.21,0.000123,0.05
2019-11-22,272.79,4.2e-05,0.05
2019-11-23,271.82,1.3e-05,0.05
2019-11-24,271.33,7.7e-05,0.05
2019-11-25,269.4,0.000543,0.05
2019-11-26,268.32,0.000644,0.05
2019-11-27,267.27,0.001658,0.05
2019-11-28,265.61,0.001734,0.05
2019-11-29,263.46,0.004815,0.05
2019-11-30,261.8,1.8e-05,0.05
2019-12-01,262.68,6.4e-05,0.05
2019-12-02,262.0,0.000229,0.05
2019-12-03,264.28,5e-06,0.05
2019-12-04,265.6,-0.0,0.05
2019-12-05,266.78,0.000353,0.05
2019-12-06,266.97,0.000277,0.05
2019-12-07,266.02,5.3e-05,0.05
2019-12-08,265.84,5e-05,0.05
2019-12-09,267.91,9e-06,0.05
2019-12-10,267.33,0.001856,0.05
2019-12-11,266.13,0.004788,0.05
2019-12-12,263.7,0.014218,0.05
2019-12-13,262.04,0.027808,0.05
2019-12-14,259.55,0.000947,0.05
2019-12-15,257.78,0.006565,0.05
2019-12-16,255.18,2e-06,0.05
2019-12-17,255.82,1e-06,0.05
2019-12-18,259.58,2e-06,0.05
2019-12-19,261.01,0.0,0.05
2019-12-20,259.0,2e-06,0.05
2019-12-21,259.39,0.00062,0.05
2019-12-22,258.14,1e-05,0.05
2019-12-23,259.32,1e-06,0.05
2019-12-24,259.47,0.0,0.05
2019-12-25,259.79,4e-06,0.05
2019-12-26,256.76,0.000377,0.05
2019-12-27,258.14,1e-06,0.05
2019-12-28,258.77,1e-06,0.05
2019-12-29,259.13,2e-06,0.05
2019-12-30,258.92,0.000351,0.05
2019-12-31,256.65,0.001039,0.05
2020-01-01,256.52,0.001301,0.05
2020-01-02,256.52,0.006157,0.05
2020-01-03,258.14,0.014414,0.05
2020-01-04,256.68,0.002279,0.05
2020-01-05,257.05,0.000306,0.05
2020-01-06,259.46,0.000842,0.05
2020-01-07,261.08,0.014157,0.05
2020-01-08,260.85,0.016128,0.05
2020-01-09,258.78,0.003384,0.05
2020-01-10,258.44,0.0,0.05
2020-01-11,260.24,0.0,0.05
2020-01-12,261.35,0.0,0.05
2020-01-13,260.98,0.000618,0.05
2020-01-14,259.75,0.001969,0.05
2020-01-15,258.18,0.001827,0.05
2020-01-16,262.56,0.051234,0.05
2020-01-17,261.66,0.036446,0.05
2020-01-18,256.98,0.001645,0.05
2020-01-19,254.32,0.000242,0.05
2020-01-20,256.37,0.000439,0.05
2020-01-21,258.24,0.002902,0.05
2020-01-22,257.5,9e-05,0.05
2020-01-23,258.31,0.000847,0.05
2020-01-24,259.25,0.0,0.05
2020-01-25,257.98,6.4e-05,0.05
2020-01-26,259.28,0.00051,0.05
2020-01-27,260.51,0.000702,0.05
2020-01-28,259.04,0.003195,0.05
2020-01-29,259.64,0.006916,0.05
2020-01-30,257.7,0.000497,0.05
2020-01-31,258.51,0.000126,0.05
2020-02-01,256.67,0.003132,0.05
2020-02-02,258.1,2e-05,0.05
2020-02-03,258.37,3e-06,0.05
2020-02-04,257.72,0.000498,0.05
2020-02-05,258.57,5e-06,0.05
2020-02-06,257.57,0.000721,0.05
2020-02-07,256.65,0.001189,0.05
2020-02-08,254.8,0.00099,0.05
2020-02-09,257.96,0.0,0.05
2020-02-10,260.69,1.2e-05,0.05
2020-02-11,264.03,1e-06,0.05
2020-02-12,266.59,1e-06,0.05
2020-02-13,268.06,0.0,0.05
2020-02-14,267.08,9e-06,0.05
2020-02-15,266.15,2e-06,0.05
2020-02-16,265.79,1e-05,0.05
2020-02-17,264.76,4.1e-05,0.05
2020-02-18,265.43,0.000112,0.05
2020-02-19,264.61,0.000829,0.05
2020-02-20,263.65,0.001189,0.05
2020-02-21,262.43,0.008608,0.05
2020-02-22,260.67,5.5e-05,0.05
2020-02-23,259.87,0.000231,0.05
2020-02-24,259.19,0.000257,0.05
2020-02-25,260.07,0.004442,0.05
2020-02-26,261.5,0.001633,0.05
2020-02-27,263.2,0.0,0.05
2020-02-28,262.85,1.1e-05,0.05
2020-02-29,261.94,9e-05,0.05
2020-03-01,260.93,0.001345,0.05
2020-03-02,260.7,0.000114,0.05
2020-03-03,261.89,0.000468,0.05
2020-03-04,261.19,0.00168,0.05
2020-03-05,261.36,0.003454,0.05
2020-03-06,261.76,0.010046,0.05
2020-03-07,261.27,0.009746,0.05
2020-03-08,262.18,1e-06,0.05
2020-03-09,261.98,1e-06,0.05
2020-03-10,261.62,0.001403,0.05
2020-03-11,261.38,0.001259,0.05
2020-03-12,260.85,0.00011,0.05
2020-03-13,260.63,0.007861,0.05
2020-03-14,259.72,0.011131,0.05
2020-03-15,258.7,0.001954,0.05
2020-03-16,260.85,0.0,0.05
2020-03-17,261.41,1.1e-05,0.05
2020-03-18,261.05,0.000118,0.05
2020-03-19,260.24,0.000244,0.05
2020-03-20,260.07,0.000203,0.05
2020-03-21,261.45,5.3e-05,0.05
2020-03-22,262.23,0.000664,0.05
2020-03-23,263.5,5e-05,0.05
2020-03-24,266.17,1.1e-05,0.05
2020-03-25,266.38,0.000248,0.05
2020-03-26,268.27,0.000118,0.05
2020-03-27,268.7,0.01198,0.05
2020-03-28,264.99,0.000837,0.05
2020-03-29,263.87,0.00171,0.05
2020-03-30,265.53,1e-05,0.05
2020-03-31,265.22,0.000788,0.05
2020-04-01,263.57,0.002419,0.05
2020-04-02,262.72,0.003008,0.05
2020-04-03,264.02,0.000131,0.05
2020-04-04,262.88,0.002156,0.05
2020-04-05,263.94,0.000246,0.05
2020-04-06,265.0,0.000716,0.05
2020-04-07,264.81,0.000458,0.05
2020-04-08,264.14,0.001444,0.05
2020-04-09,263.82,0.000398,0.05
2020-04-10,265.84,0.001479,0.05
2020-04-11,266.19,0.001437,0.05
2020-04-12,268.58,1.4e-05,0.05
2020-04-13,269.05,0.000753,0.05
2020-04-14,269.46,0.00129,0.05
2020-04-15,269.98,0.001086,0.05
2020-04-16,270.56,0.000614,0.05
2020-04-17,270.65,0.001444,0.05
2020-04-18,268.52,0.001421,0.05
2020-04-19,268.65,0.003935,0.05
2020-04-20,268.41,0.008224,0.05
2020-04-21,267.45,0.010107,0.05
2020-04-22,267.61,0.002057,0.05
2020-04-23,268.16,0.003128,0.05
2020-04-24,268.16,0.000811,0.05
2020-04-25,269.08,0.001274,0.05
2020-04-26,269.77,0.005484,0.05
2020-04-27,268.94,0.008036,0.05
2020-04-28,268.58,0.002363,0.05
2020-04-29,269.45,0.001655,0.05
2020-04-30,270.34,0.001621,0.05
2020-05-01,270.68,0.001802,0.05
2020-05-02,270.91,0.002082,0.05
2020-05-03,271.51,0.002107,0.05
2020-05-04,270.32,0.00439,0.05
2020-05-05,269.59,0.007583,0.05
2020-05-06,268.68,0.003983,0.05
2020-05-07,267.21,0.007602,0.05
2020-05-08,270.43,0.001079,0.05
2020-05-09,270.36,0.001686,0.05
2020-05-10,270.44,0.002158,0.05
2020-05-11,269.75,0.003938,0.05
2020-05-12,269.76,0.001824,0.05
2020-05-13,270.68,0.001516,0.05
2020-05-14,272.29,0.001853,0.05
2020-05-15,272.67,0.00133,0.05
2020-05-16,272.68,0.000533,0.05
2020-05-17,272.63,0.000661,0.05
2020-05-18,271.85,0.002844,0.05
2020-05-19,270.81,0.001135,0.05
2020-05-20,271.36,0.000286,0.05
2020-05-21,274.62,0.000788,0.05
2020-05-22,275.93,0.002905,0.05
2020-05-23,274.79,0.001182,0.05
2020-05-24,274.33,0.001629,0.05
2020-05-25,274.13,0.005498,0.05
2020-05-26,273.3,0.005149,0.05
2020-05-27,273.84,0.005392,0.05
2020-05-28,273.69,0.004732,0.05
2020-05-29,272.9,0.011055,0.05
2020-05-30,273.67,0.004827,0.05
2020-05-31,274.08,0.007636,0.05
2020-06-01,272.89,0.007985,0.05
2020-06-02,272.88,0.002105,0.05
2020-06-03,273.93,0.002488,0.05
2020-06-04,274.19,0.018462,0.05
2020-06-05,273.79,0.038684,0.05
2020-06-06,274.04,0.013332,0.05
2020-06-07,272.92,0.002214,0.05
2020-06-08,274.08,0.003023,0.05
2020-06-09,275.64,0.003791,0.05
2020-06-10,276.76,0.005249,0.05
2020-06-11,277.51,0.00563,0.05
2020-06-12,278.24,0.003966,0.05
2020-06-13,278.96,0.003511,0.05
2020-06-14,278.63,0.010856,0.05
2020-06-15,278.14,0.013931,0.05
2020-06-16,278.43,0.027713,0.05
2020-06-17,278.84,0.008255,0.05
2020-06-18,279.58,0.016869,0.05
2020-06-19,279.32,0.028879,0.05
2020-06-20,277.69,0.036297,0.05
2020-06-21,277.97,0.016352,0.05
2020-06-22,278.27,0.012504,0.05
2020-06-23,278.92,0.008737,0.05
2020-06-24,278.78,0.006267,0.05
2020-06-25,278.55,0.009468,0.05
2020-06-26,278.78,0.013063,0.05
2020-06-27,279.24,0.009981,0.05
2020-06-28,278.74,0.013572,0.05
2020-06-29,277.85,0.023432,0.05
2020-06-30,279.03,0.00537,0.05
2020-07-01,280.0,0.002335,0.05
2020-07-02,280.45,0.021122,0.05
2020-07-03,279.47,0.022287,0.05
2020-07-04,278.72,0.014002,0.05
2020-07-05,279.46,0.008002,0.05
2020-07-06,279.63,0.010585,0.05
2020-07-07,279.28,0.019165,0.05
2020-07-08,280.41,0.006049,0.05
2020-07-09,280.61,0.011064,0.05
2020-07-10,280.14,0.015452,0.05
2020-07-11,279.98,0.007385,0.05
2020-07-12,279.96,0.012003,0.05
2020-07-13,280.39,0.028302,0.05
2020-07-14,279.6,0.019378,0.05
2020-07-15,279.9,0.009144,0.05
2020-07-16,280.13,0.006048,0.05
2020-07-17,280.39,0.010665,0.05
2020-07-18,280.91,0.011735,0.05
2020-07-19,280.37,0.018601,0.05
2020-07-20,279.21,0.036709,0.05
2020-07-21,278.37,0.010027,0.05
2020-07-22,279.33,0.016097,0.05
2020-07-23,278.93,0.021057,0.05
2020-07-24,279.04,0.014062,0.05
2020-07-25,279.57,0.008367,0.05
2020-07-26,280.16,0.008695,0.05
2020-07-27,280.43,0.031232,0.05
2020-07-28,280.05,0.057714,0.05
2020-07-29,278.37,0.023994,0.05
2020-07-30,279.13,0.008659,0.05
2020-07-31,280.18,0.012502,0.05
2020-08-01,280.41,0.018084,0.05
2020-08-02,280.57,0.009125,0.05
2020-08-03,280.16,0.004946,0.05
2020-08-04,280.06,0.009091,0.05
2020-08-05,280.48,0.004947,0.05
2020-08-06,280.16,0.009348,0.05
2020-08-07,281.21,0.008109,0.05
2020-08-08,281.55,0.009836,0.05
2020-08-09,280.51,0.021494,0.05
2020-08-10,279.99,0.019199,0.05
2020-08-11,281.01,0.024699,0.05
2020-08-12,278.07,0.056798,0.05
2020-08-13,278.45,0.023156,0.05
2020-08-14,279.69,0.006581,0.05
2020-08-15,279.93,0.017755,0.05
2020-08-16,280.52,0.007168,0.05
2020-08-17,281.53,0.005205,0.05
2020-08-18,281.08,0.006721,0.05
2020-08-19,279.54,0.021873,0.05
2020-08-20,278.59,0.009506,0.05
2020-08-21,278.87,0.008859,0.05
2020-08-22,279.15,0.00856,0.05
2020-08-23,279.38,0.006918,0.05
2020-08-24,279.76,0.017911,0.05
2020-08-25,279.78,0.010273,0.05
2020-08-26,279.15,0.007071,0.05
2020-08-27,278.64,0.004391,0.05
2020-08-28,278.49,0.005177,0.05
2020-08-29,278.52,0.005203,0.05
2020-08-30,279.27,0.000719,0.05
2020-08-31,280.75,0.00481,0.05
2020-09-01,279.23,0.010959,0.05
2020-09-02,279.16,0.018128,0.05
2020-09-03,278.36,0.01044,0.05
2020-09-04,279.31,0.003049,0.05
2020-09-05,279.32,0.003684,0.05
2020-09-06,279.32,0.003833,0.05
2020-09-07,279.29,0.002231,0.05
2020-09-08,279.45,0.003505,0.05
2020-09-09,279.55,0.012654,0.05
2020-09-10,279.06,0.015368,0.05
2020-09-11,278.92,0.011093,0.05
2020-09-12,279.13,0.005013,0.05
2020-09-13,279.51,0.008547,0.05
2020-09-14,278.76,0.020282,0.05
2020-09-15,278.7,0.017328,0.05
2020-09-16,279.23,0.006119,0.05
2020-09-17,279.47,0.004199,0.05
2020-09-18,278.64,0.008464,0.05
2020-09-19,278.22,0.010544,0.05
2020-09-20,277.86,0.004158,0.05
2020-09-21,278.42,0.006941,0.05
2020-09-22,278.34,0.01548,0.05
2020-09-23,276.83,0.050128,0.05
2020-09-24,274.85,0.037564,0.05
2020-09-25,275.05,0.004653,0.05
2020-09-26,274.78,0.00291,0.05
2020-09-27,274.65,0.001134,0.05
2020-09-28,274.5,0.000261,0.05
2020-09-29,275.31,0.000256,0.05
2020-09-30,275.57,0.002019,0.05
2020-10-01,275.85,0.0029,0.05
2020-10-02,275.98,0.001523,0.05
2020-10-03,275.84,0.000287,0.05
2020-10-04,275.7,0.000344,0.05
2020-10-05,276.06,0.000316,0.05
2020-10-06,276.29,0.001094,0.05
2020-10-07,276.29,0.001063,0.05
2020-10-08,277.0,0.000701,0.05
2020-10-09,277.31,0.000647,0.05
2020-10-10,277.43,0.000901,0.05
2020-10-11,277.26,0.001602,0.05
2020-10-12,276.77,0.001531,0.05
2020-10-13,275.59,0.000824,0.05
2020-10-14,275.63,0.001499,0.05
2020-10-15,276.26,0.001362,0.05
2020-10-16,276.25,0.002543,0.05
2020-10-17,276.42,0.001677,0.05
2020-10-18,276.49,0.001485,0.05
2020-10-19,274.6,0.001236,0.05
2020-10-20,273.55,0.00199,0.05
2020-10-21,273.51,0.00139,0.05
2020-10-22,271.28,0.000389,0.05
2020-10-23,271.32,0.000283,0.05
2020-10-24,272.7,0.000332,0.05
2020-10-25,271.51,0.00069,0.05
2020-10-26,269.65,0.000731,0.05
2020-10-27,269.92,0.000242,0.05
2020-10-28,270.75,9.1e-05,0.05
2020-10-29,270.58,3.4e-05,0.05
2020-10-30,270.88,2.8e-05,0.05
2020-10-31,270.87,0.00022,0.05
2020-11-01,270.89,0.00334,0.05
2020-11-02,269.94,0.001054,0.05
2020-11-03,267.43,0.001259,0.05
2020-11-04,266.36,0.000299,0.05
2020-11-05,267.5,0.0002,0.05
2020-11-06,268.57,0.000275,0.05
2020-11-07,269.41,0.000116,0.05
2020-11-08,270.17,0.000158,0.05
2020-11-09,269.47,0.000599,0.05
2020-11-10,268.24,0.000319,0.05
2020-11-11,268.31,2.6e-05,0.05
2020-11-12,268.63,3.2e-05,0.05
2020-11-13,269.33,6.5e-05,0.05
2020-11-14,270.12,4e-06,0.05
2020-11-15,269.61,0.001644,0.05
2020-11-16,263.18,0.010201,0.05
2020-11-17,261.55,1.2e-05,0.05
2020-11-18,262.83,1.3e-05,0.05
2020-11-19,263.99,0.000629,0.05
2020-11-20,263.83,0.000957,0.05
2020-11-21,261.07,0.002674,0.05
2020-11-22,263.55,0.000155,0.05
2020-11-23,263.48,0.001259,0.05
2020-11-24,263.65,0.000429,0.05
2020-11-25,265.74,0.000948,0.05
2020-11-26,263.02,0.000362,0.05
2020-11-27,262.3,4.8e-05,0.05
2020-11-28,265.37,0.0,0.05
2020-11-29,267.03,0.0,0.05
2020-11-30,266.95,6.3e-05,0.05
2020-12-01,267.25,3.9e-05,0.05
2020-12-02,266.39,0.000516,0.05
2020-12-03,265.89,0.000832,0.05
2020-12-04,265.15,0.002399,0.05
2020-12-05,265.03,0.001505,0.05
2020-12-06,266.03,0.000781,0.05
2020-12-07,266.87,7e-06,0.05
2020-12-08,268.05,1e-06,0.05
2020-12-09,266.95,3e-06,0.05
2020-12-10,265.36,2e-05,0.05
2020-12-11,267.11,0.005022,0.05
2020-12-12,263.42,0.001577,0.05
2020-12-13,261.8,2.4e-05,0.05
2020-12-14,261.43,9e-06,0.05
2020-12-15,262.17,0.000222,0.05
2020-12-16,261.58,0.000257,0.05
2020-12-17,261.41,2.2e-05,0.05
2020-12-18,262.71,6e-06,0.05
2020-12-19,265.37,0.0,0.05
2020-12-20,267.37,1e-06,0.05
2020-12-21,267.03,2e-06,0.05
2020-12-22,265.88,0.0,0.05
2020-12-23,264.7,9.5e-05,0.05
2020-12-24,262.02,0.000102,0.05
2020-12-25,262.58,5e-06,0.05
2020-12-26,265.44,2e-06,0.05
2020-12-27,265.06,6.1e-05,0.05
2020-12-28,261.67,0.000105,0.05
2020-12-29,262.72,3.3e-05,0.05
2020-12-30,261.39,0.000423,0.05
2020-12-31,264.32,4e-06,0.05
2021-01-01,265.02,0.0,0.05
2021-01-02,265.28,0.0,0.05
2021-01-03,266.27,0.002153,0.05
2021-01-04,267.29,0.007417,0.05
2021-01-05,266.08,0.003746,0.05
2021-01-06,262.44,0.000484,0.05
2021-01-07,262.87,0.0,0.05
2021-01-08,264.49,6e-06,0.05
2021-01-09,265.53,3e-06,0.05
2021-01-10,266.28,1e-06,0.05
2021-01-11,267.19,4e-06,0.05
2021-01-12,267.68,3e-06,0.05
2021-01-13,268.86,1e-06,0.05
2021-01-14,269.51,1e-06,0.05
2021-01-15,269.03,0.0,0.05
2021-01-16,267.35,0.0,0.05
2021-01-17,267.22,0.000242,0.05
2021-01-18,265.71,0.000961,0.05
2021-01-19,266.35,0.002937,0.05
2021-01-20,265.43,0.002339,0.05
2021-01-21,266.81,0.0,0.05
2021-01-22,267.01,0.0,0.05
2021-01-23,265.42,0.000918,0.05
2021-01-24,263.68,0.000975,0.05
2021-01-25,262.65,2.9e-05,0.05
2021-01-26,261.73,2e-05,0.05
2021-01-27,262.28,3.1e-05,0.05
2021-01-28,261.41,0.000711,0.05
2021-01-29,258.52,0.001349,0.05
2021-01-30,261.18,3.7e-05,0.05
2021-01-31,263.64,0.000197,0.05
2021-02-01,264.42,9.6e-05,0.05
2021-02-02,263.61,0.000315,0.05
2021-02-03,261.56,0.000747,0.05
2021-02-04,261.37,0.00482,0.05
2021-02-05,259.43,0.015624,0.05
2021-02-06,255.32,0.002245,0.05
2021-02-07,258.75,1e-06,0.05
2021-02-08,261.65,1e-06,0.05
2021-02-09,263.75,2.9e-05,0.05
2021-02-10,261.52,0.002773,0.05
2021-02-11,262.66,1.4e-05,0.05
2021-02-12,263.56,2e-05,0.05
2021-02-13,263.48,6.1e-05,0.05
2021-02-14,262.26,0.000647,0.05
2021-02-15,260.27,0.00054,0.05
2021-02-16,258.61,0.000141,0.05
2021-02-17,257.94,0.000783,0.05
2021-02-18,257.62,0.000282,0.05
2021-02-19,260.16,0.000474,0.05
2021-02-20,263.54,0.0,0.05
2021-02-21,266.3,7e-06,0.05
2021-02-22,267.13,0.000103,0.05
2021-02-23,266.67,0.001052,0.05
2021-02-24,265.51,0.000941,0.05
2021-02-25,267.19,0.000232,0.05
2021-02-26,268.88,0.001047,0.05
2021-02-27,268.52,0.001426,0.05
2021-02-28,268.15,0.000987,0.05
2021-03-01,267.41,0.001409,0.05
2021-03-02,266.85,0.000234,0.05
2021-03-03,268.43,0.001516,0.05
2021-03-04,267.11,0.005685,0.05
2021-03-05,265.6,0.005624,0.05
2021-03-06,267.54,0.000299,0.05
2021-03-07,267.3,0.002448,0.05
2021-03-08,265.25,0.001343,0.05
2021-03-09,266.3,0.000157,0.05
2021-03-10,265.36,0.000821,0.05
2021-03-11,265.32,0.000295,0.05
2021-03-12,267.31,0.001582,0.05
2021-03-13,266.32,0.005877,0.05
2021-03-14,267.97,0.000168,0.05
2021-03-15,266.77,0.000158,0.05
2021-03-16,266.75,0.00071,0.05
2021-03-17,266.69,0.001381,0.05
2021-03-18,267.08,0.000691,0.05
2021-03-19,267.7,0.000582,0.05
2021-03-20,266.35,0.001232,0.05
2021-03-21,266.31,0.002349,0.05
2021-03-22,267.05,0.001609,0.05
2021-03-23,266.93,0.002679,0.05
2021-03-24,264.64,0.005592,0.05
2021-03-25,264.42,0.000466,0.05
2021-03-26,267.36,1.1e-05,0.05
2021-03-27,267.76,0.000571,0.05
2021-03-28,268.32,0.00384,0.05
2021-03-29,269.45,0.004233,0.05
2021-03-30,269.58,0.001918,0.05
2021-03-31,269.89,0.002028,0.05
2021-04-01,267.31,0.007153,0.05
2021-04-02,264.82,0.00335,0.05
2021-04-03,263.46,0.000532,0.05
2021-04-04,266.47,4e-05,0.05
2021-04-05,268.87,0.00061,0.05
2021-04-06,269.12,0.003034,0.05
2021-04-07,268.28,0.001507,0.05
2021-04-08,268.11,0.000943,0.05
2021-04-09,267.0,0.000194,0.05
2021-04-10,267.0,0.000545,0.05
2021-04-11,267.18,0.000515,0.05
2021-04-12,266.69,0.00102,0.05
2021-04-13,267.37,0.00151,0.05
2021-04-14,268.5,0.001381,0.05
2021-04-15,268.58,0.002675,0.05
2021-04-16,268.61,0.003648,0.05
2021-04-17,268.45,0.005346,0.05
2021-04-18,267.18,0.002746,0.05
2021-04-19,268.97,0.003386,0.05
2021-04-20,270.37,0.00467,0.05
2021-04-21,267.28,0.023644,0.05
2021-04-22,262.86,0.007574,0.05
2021-04-23,263.56,0.002269,0.05
2021-04-24,264.01,0.004013,0.05
2021-04-25,264.11,0.000577,0.05
2021-04-26,265.48,7.2e-05,0.05
2021-04-27,265.7,0.000758,0.05
2021-04-28,265.87,0.000714,0.05
2021-04-29,265.45,0.001555,0.05
2021-04-30,267.36,0.000462,0.05
2021-05-01,268.16,0.001764,0.05
2021-05-02,268.81,0.000874,0.05
2021-05-03,268.91,0.001288,0.05
2021-05-04,270.62,0.002909,0.05
2021-05-05,270.73,0.007731,0.05
2021-05-06,269.98,0.003946,0.05
2021-05-07,270.35,0.001472,0.05
2021-05-08,270.38,0.003198,0.05
2021-05-09,271.09,0.002565,0.05
2021-05-10,271.69,0.002425,0.05
2021-05-11,272.4,0.003423,0.05
2021-05-12,272.35,0.00967,0.05
2021-05-13,270.7,0.00662,0.05
2021-05-14,271.1,0.002839,0.05
2021-05-15,272.13,0.000648,0.05
2021-05-16,273.48,0.000311,0.05
2021-05-17,275.45,0.004082,0.05
2021-05-18,275.58,0.012002,0.05
2021-05-19,274.52,0.031267,0.05
2021-05-20,274.08,0.012612,0.05
2021-05-21,272.01,0.001554,0.05
2021-05-22,272.31,0.000634,0.05
2021-05-23,273.71,0.001353,0.05
2021-05-24,274.04,0.001336,0.05
2021-05-25,274.76,0.001474,0.05
2021-05-26,276.63,0.011155,0.05
2021-05-27,276.09,0.036919,0.05
2021-05-28,274.77,0.069952,0.05
2021-05-29,273.94,0.009077,0.05
2021-05-30,274.36,0.00316,0.05
2021-05-31,274.13,0.004454,0.05
2021-06-01,274.05,0.003533,0.05
2021-06-02,272.64,0.004031,0.05
2021-06-03,274.51,0.003683,0.05
2021-06-04,274.88,0.005497,0.05
2021-06-05,275.5,0.004576,0.05
2021-06-06,276.58,0.006062,0.05
2021-06-07,276.69,0.003919,0.05
2021-06-08,277.6,0.008298,0.05
2021-06-09,278.9,0.002413,0.05
2021-06-10,278.22,0.003464,0.05
2021-06-11,278.41,0.007179,0.05
2021-06-12,278.3,0.011454,0.05
2021-06-13,277.67,0.032968,0.05
2021-06-14,277.4,0.034671,0.05
2021-06-15,275.88,0.094536,0.05
2021-06-16,276.57,0.028871,0.05
2021-06-17,277.8,0.015644,0.05
2021-06-18,277.84,0.017136,0.05
2021-06-19,277.65,0.012993,0.05
2021-06-20,278.22,0.012846,0.05
2021-06-21,278.17,0.008053,0.05
2021-06-22,278.2,0.008457,0.05
2021-06-23,278.03,0.011266,0.05
2021-06-24,277.48,0.008382,0.05
2021-06-25,277.26,0.01506,0.05
2021-06-26,277.63,0.010542,0.05
2021-06-27,278.42,0.00525,0.05
2021-06-28,279.96,0.007677,0.05
2021-06-29,280.94,0.005562,0.05
2021-06-30,281.34,0.010213,0.05
2021-07-01,280.21,0.037579,0.05
2021-07-02,279.67,0.022219,0.05
2021-07-03,279.3,0.011707,0.05
2021-07-04,278.92,0.011338,0.05
2021-07-05,279.76,0.006008,0.05
2021-07-06,280.56,0.00556,0.05
2021-07-07,280.45,0.012546,0.05
2021-07-08,278.77,0.027109,0.05
2021-07-09,279.81,0.009421,0.05
2021-07-10,280.09,0.009021,0.05
2021-07-11,277.87,0.040935,0.05
2021-07-12,278.12,0.007842,0.05
2021-07-13,278.7,0.007836,0.05
2021-07-14,279.15,0.010792,0.05
2021-07-15,279.17,0.009023,0.05
2021-07-16,280.16,0.018077,0.05
2021-07-17,280.12,0.036647,0.05
2021-07-18,279.35,0.024471,0.05
2021-07-19,279.6,0.018506,0.05
2021-07-20,279.7,0.020224,0.05
2021-07-21,279.41,0.016963,0.05
2021-07-22,279.37,0.014843,0.05
2021-07-23,280.26,0.011323,0.05
2021-07-24,281.18,0.012833,0.05
2021-07-25,281.79,0.011559,0.05
2021-07-26,280.54,0.015352,0.05
2021-07-27,280.67,0.011248,0.05
2021-07-28,279.56,0.008628,0.05
2021-07-29,279.82,0.005455,0.05
2021-07-30,280.25,0.013968,0.05
2021-07-31,280.06,0.009671,0.05
2021-08-01,280.17,0.010787,0.05
2021-08-02,280.09,0.008858,0.05
2021-08-03,279.85,0.020307,0.05
2021-08-04,279.51,0.011493,0.05
2021-08-05,278.93,0.005045,0.05
2021-08-06,278.69,0.003875,0.05
2021-08-07,279.34,0.00844,0.05
2021-08-08,279.91,0.008135,0.05
2021-08-09,279.98,0.009796,0.05
2021-08-10,280.12,0.007572,0.05
2021-08-11,279.92,0.007034,0.05
2021-08-12,280.1,0.014893,0.05
2021-08-13,279.87,0.01399,0.05
2021-08-14,279.88,0.018724,0.05
2021-08-15,279.31,0.025265,0.05
2021-08-16,279.15,0.011325,0.05
2021-08-17,279.16,0.012794,0.05
2021-08-18,279.96,0.007842,0.05
2021-08-19,279.68,0.020595,0.05
2021-08-20,279.56,0.017362,0.05
2021-08-21,279.72,0.009199,0.05
2021-08-22,279.86,0.00949,0.05
2021-08-23,279.45,0.023833,0.05
2021-08-24,280.01,0.0139,0.05
2021-08-25,280.4,0.011542,0.05
2021-08-26,280.41,0.02205,0.05
2021-08-27,278.46,0.033706,0.05
2021-08-28,278.69,0.024833,0.05
2021-08-29,276.04,0.05227,0.05
2021-08-30,276.53,0.013265,0.05
2021-08-31,276.84,0.006841,0.05
2021-09-01,277.73,0.004148,0.05
2021-09-02,278.03,0.004234,0.05
2021-09-03,278.4,0.005608,0.05
2021-09-04,279.01,0.00276,0.05
2021-09-05,279.65,0.005682,0.05
2021-09-06,279.58,0.012897,0.05
2021-09-07,277.98,0.017783,0.05
2021-09-08,277.76,0.008491,0.05
2021-09-09,277.9,0.011047,0.05
2021-09-10,277.59,0.011051,0.05
2021-09-11,277.61,0.005772,0.05
2021-09-12,277.65,0.006855,0.05
2021-09-13,277.59,0.007203,0.05
2021-09-14,277.9,0.009248,0.05
2021-09-15,276.64,0.026719,0.05
2021-09-16,274.9,0.027288,0.05
2021-09-17,273.82,0.012984,0.05
2021-09-18,275.96,0.000119,0.05
2021-09-19,276.82,0.001262,0.05
2021-09-20,276.79,0.007254,0.05
2021-09-21,276.29,0.007829,0.05
2021-09-22,276.77,0.004537,0.05
2021-09-23,276.71,0.003183,0.05
2021-09-24,277.38,0.00586,0.05
2021-09-25,277.08,0.013658,0.05
2021-09-26,276.2,0.008884,0.05
2021-09-27,277.32,0.007035,0.05
2021-09-28,276.95,0.006913,0.05
2021-09-29,277.12,0.004456,0.05
2021-09-30,276.92,0.003301,0.05
2021-10-01,276.85,0.007114,0.05
2021-10-02,276.07,0.010747,0.05
2021-10-03,276.75,0.00437,0.05
2021-10-04,276.48,0.003415,0.05
2021-10-05,276.48,0.001657,0.05
2021-10-06,276.75,0.000816,0.05
2021-10-07,277.52,0.002305,0.05
2021-10-08,276.62,0.004964,0.05
2021-10-09,275.67,0.00301,0.05
2021-10-10,275.49,0.000708,0.05
2021-10-11,274.98,0.001245,0.05
2021-10-12,274.52,0.000482,0.05
2021-10-13,274.38,9.6e-05,0.05
2021-10-14,274.36,8e-06,0.05
2021-10-15,275.12,2e-06,0.05
2021-10-16,275.01,1.3e-05,0.05
2021-10-17,275.77,0.006603,0.05
2021-10-18,274.96,0.044649,0.05
2021-10-19,275.47,0.016381,0.05
2021-10-20,273.83,0.00201,0.05
2021-10-21,272.6,0.000305,0.05
2021-10-22,273.16,0.000448,0.05
2021-10-23,271.14,0.001069,0.05
2021-10-24,268.89,0.002313,0.05
2021-10-25,268.49,0.000666,0.05
2021-10-26,268.31,0.001417,0.05
2021-10-27,267.17,0.001186,0.05
2021-10-28,269.19,6.1e-05,0.05
2021-10-29,270.87,0.000214,0.05
2021-10-30,271.44,0.001223,0.05
2021-10-31,270.57,0.00219,0.05
2021-11-01,268.1,0.003873,0.05
2021-11-02,266.42,0.002187,0.05
2021-11-03,265.44,0.000638,0.05
2021-11-04,266.97,0.000174,0.05
2021-11-05,268.7,4.4e-05,0.05
2021-11-06,270.69,3.9e-05,0.05
2021-11-07,271.34,5.1e-05,0.05
2021-11-08,272.27,0.000131,0.05
2021-11-09,272.93,0.000324,0.05
2021-11-10,273.6,0.000294,0.05
2021-11-11,273.79,0.00016,0.05
2021-11-12,273.73,8.9e-05,0.05
2021-11-13,272.95,0.000106,0.05
2021-11-14,272.57,0.000252,0.05
2021-11-15,270.51,0.000318,0.05
2021-11-16,272.02,2.2e-05,0.05
2021-11-17,273.6,1e-06,0.05
2021-11-18,273.03,0.000103,0.05
2021-11-19,272.07,0.003006,0.05
2021-11-20,270.67,0.004469,0.05
2021-11-21,269.93,3.8e-05,0.05
2021-11-22,269.19,0.000275,0.05
2021-11-23,269.23,0.000356,0.05
2021-11-24,269.58,0.000997,0.05
2021-11-25,268.4,0.00178,0.05
2021-11-26,267.36,0.002151,0.05
2021-11-27,267.81,0.000409,0.05
2021-11-28,268.12,2.2e-05,0.05
2021-11-29,268.35,1e-06,0.05
2021-11-30,270.28,2e-06,0.05
2021-12-01,271.6,0.0016,0.05
2021-12-02,271.52,0.019696,0.05
2021-12-03,269.97,0.018394,0.05
2021-12-04,264.71,4.8e-05,0.05
2021-12-05,265.26,0.001235,0.05
2021-12-06,264.27,0.009745,0.05
2021-12-07,261.4,7.4e-05,0.05
2021-12-08,261.16,1.3e-05,0.05
2021-12-09,258.72,0.000346,0.05
2021-12-10,257.69,2e-05,0.05
2021-12-11,259.16,1.6e-05,0.05
2021-12-12,261.33,0.0,0.05
2021-12-13,261.85,0.000356,0.05
2021-12-14,260.25,4e-05,0.05
2021-12-15,258.49,1e-05,0.05
2021-12-16,259.73,1.1e-05,0.05
2021-12-17,260.33,0.000968,0.05
2021-12-18,258.23,0.000813,0.05
2021-12-19,258.2,3.1e-05,0.05
2021-12-20,258.75,8e-06,0.05
2021-12-21,259.3,0.002483,0.05
2021-12-22,257.94,4.7e-05,0.05
2021-12-23,259.27,0.000714,0.05
2021-12-24,258.82,0.002072,0.05
2021-12-25,259.17,0.001708,0.05
2021-12-26,260.11,0.004669,0.05
2021-12-27,259.01,0.002648,0.05
2021-12-28,260.0,0.015417,0.05
2021-12-29,260.39,0.026413,0.05
2021-12-30,257.28,0.000228,0.05
2021-12-31,256.64,1e-06,0.05
2022-01-01,255.98,2e-06,0.05
2022-01-02,256.62,0.0,0.05
2022-01-03,256.83,2e-06,0.05
2022-01-04,259.1,1e-06,0.05
2022-01-05,261.26,0.00455,0.05
2022-01-06,262.19,0.005243,0.05
2022-01-07,259.98,0.000761,0.05
2022-01-08,260.41,0.005806,0.05
2022-01-09,257.38,0.001311,0.05
2022-01-10,257.11,0.001897,0.05
2022-01-11,253.66,8.5e-05,0.05
2022-01-12,252.69,0.000486,0.05
2022-01-13,254.47,4e-06,0.05
2022-01-14,254.7,2e-06,0.05
2022-01-15,255.4,1e-06,0.05
2022-01-16,257.57,1e-06,0.05
2022-01-17,259.78,0.000158,0.05
2022-01-18,258.6,0.001969,0.05
2022-01-19,261.0,0.000943,0.05
2022-01-20,259.8,0.006073,0.05
2022-01-21,260.63,0.002545,0.05
2022-01-22,261.05,0.007326,0.05
2022-01-23,259.44,0.005669,0.05
2022-01-24,259.34,0.006487,0.05
2022-01-25,258.37,0.002855,0.05
2022-01-26,256.21,0.002424,0.05
2022-01-27,256.14,0.00133,0.05
2022-01-28,259.72,5e-06,0.05
2022-01-29,261.36,1e-06,0.05
2022-01-30,261.93,1e-06,0.05
2022-01-31,260.73,0.002007,0.05
2022-02-01,260.43,0.002325,0.05
2022-02-02,262.22,0.003464,0.05
2022-02-03,260.24,0.02444,0.05
2022-02-04,258.11,0.022393,0.05
2022-02-05,259.11,0.000549,0.05
2022-02-06,262.07,2e-06,0.05
2022-02-07,260.44,0.000309,0.05
2022-02-08,260.98,0.000156,0.05
2022-02-09,259.45,0.012527,0.05
2022-02-10,257.07,9.8e-05,0.05
2022-02-11,258.29,2e-05,0.05
2022-02-12,258.49,0.0,0.05
2022-02-13,259.74,3e-06,0.05
2022-02-14,259.94,5e-06,0.05
2022-02-15,258.63,4.8e-05,0.05
2022-02-16,258.43,0.0,0.05
2022-02-17,259.89,0.0,0.05
2022-02-18,259.73,0.000287,0.05
2022-02-19,258.78,0.000186,0.05
2022-02-20,257.24,0.00383,0.05
2022-02-21,259.67,1.6e-05,0.05
2022-02-22,262.62,2.7e-05,0.05
2022-02-23,261.54,0.001104,0.05
2022-02-24,260.77,0.000426,0.05
2022-02-25,258.5,0.00252,0.05
2022-02-26,258.62,0.002729,0.05
2022-02-27,259.3,0.001517,0.05
2022-02-28,260.54,2e-06,0.05
2022-03-01,260.72,5.8e-05,0.05
2022-03-02,260.86,3e-06,0.05
2022-03-03,260.35,3.6e-05,0.05
2022-03-04,260.64,8.9e-05,0.05
2022-03-05,262.79,2e-06,0.05
2022-03-06,263.86,4e-06,0.05
2022-03-07,262.84,4e-05,0.05
2022-03-08,263.0,8e-06,0.05
2022-03-09,264.07,2e-06,0.05
2022-03-10,263.15,6.5e-05,0.05
2022-03-11,263.31,8.8e-05,0.05
2022-03-12,265.28,1e-06,0.05
2022-03-13,267.3,0.0,0.05
2022-03-14,268.33,2e-06,0.05
2022-03-15,268.81,1.8e-05,0.05
2022-03-16,269.9,1.3e-05,0.05
2022-03-17,271.37,1e-06,0.05
2022-03-18,271.44,0.0,0.05
2022-03-19,271.26,6e-06,0.05
2022-03-20,270.55,0.000836,0.05
2022-03-21,268.45,8e-05,0.05
2022-03-22,268.92,2e-05,0.05
2022-03-23,269.12,0.000922,0.05
2022-03-24,268.52,0.001641,0.05
2022-03-25,268.92,0.002046,0.05
2022-03-26,270.59,0.00045,0.05
2022-03-27,272.43,0.000201,0.05
2022-03-28,273.15,0.000678,0.05
2022-03-29,273.94,0.00061,0.05
2022-03-30,273.56,0.003519,0.05
2022-03-31,273.49,0.001956,0.05
2022-04-01,274.38,0.000836,0.05
2022-04-02,273.08,0.00206,0.05
2022-04-03,272.48,0.002079,0.05
2022-04-04,272.31,0.000922,0.05
2022-04-05,272.11,0.00195,0.05
2022-04-06,272.58,0.001642,0.05
2022-04-07,272.47,0.003178,0.05
2022-04-08,272.2,0.002576,0.05
2022-04-09,272.65,0.002232,0.05
2022-04-10,273.28,0.00157,0.05
2022-04-11,275.17,0.000527,0.05
2022-04-12,275.37,0.000458,0.05
2022-04-13,273.64,0.003058,0.05
2022-04-14,270.78,0.003728,0.05
2022-04-15,269.74,0.006184,0.05
2022-04-16,268.36,0.002932,0.05
2022-04-17,269.41,0.0012,0.05
2022-04-18,271.44,0.000799,0.05
2022-04-19,272.52,0.001161,0.05
2022-04-20,273.72,0.001774,0.05
2022-04-21,273.46,0.002555,0.05
2022-04-22,272.67,0.003879,0.05
2022-04-23,272.19,0.002268,0.05
2022-04-24,271.63,0.001086,0.05
2022-04-25,272.16,0.00226,0.05
2022-04-26,270.93,0.004406,0.05
2022-04-27,272.68,0.001254,0.05
2022-04-28,273.78,0.002117,0.05
2022-04-29,273.81,0.005618,0.05
2022-04-30,274.11,0.007923,0.05
2022-05-01,273.21,0.006463,0.05
2022-05-02,272.64,0.00651,0.05
2022-05-03,274.39,0.000845,0.05
2022-05-04,274.49,0.002154,0.05
2022-05-05,274.41,0.004593,0.05
2022-05-06,273.26,0.004714,0.05
2022-05-07,273.7,0.003692,0.05
2022-05-08,273.97,0.004678,0.05
2022-05-09,274.7,0.003,0.05
2022-05-10,275.39,0.004891,0.05
2022-05-11,276.5,0.005043,0.05
2022-05-12,276.59,0.00533,0.05
2022-05-13,277.11,0.005903,0.05
2022-05-14,277.56,0.00393,0.05
2022-05-15,277.57,0.005593,0.05
2022-05-16,276.04,0.005653,0.05
2022-05-17,274.65,0.002058,0.05
2022-05-18,274.66,0.005223,0.05
2022-05-19,275.44,0.005471,0.05
2022-05-20,275.64,0.004613,0.05
2022-05-21,274.9,0.004917,0.05
2022-05-22,273.21,0.008239,0.05
2022-05-23,271.7,0.007673,0.05
2022-05-24,272.91,0.01015,0.05
2022-05-25,270.13,0.015069,0.05
2022-05-26,270.77,0.002424,0.05
2022-05-27,273.77,0.002114,0.05
2022-05-28,276.24,0.001875,0.05
2022-05-29,277.13,0.007008,0.05
2022-05-30,277.1,0.004771,0.05
2022-05-31,277.05,0.004574,0.05
2022-06-01,277.66,0.006133,0.05
2022-06-02,277.1,0.003147,0.05
2022-06-03,277.44,0.002852,0.05
2022-06-04,277.79,0.002712,0.05
2022-06-05,278.57,0.002653,0.05
2022-06-06,278.8,0.003248,0.05
2022-06-07,279.26,0.005434,0.05
2022-06-08,279.39,0.004368,0.05
2022-06-09,279.15,0.010545,0.05
2022-06-10,278.24,0.005214,0.05
2022-06-11,277.92,0.003152,0.05
2022-06-12,278.27,0.004656,0.05
2022-06-13,279.51,0.004488,0.05
2022-06-14,279.64,0.0048,0.05
2022-06-15,279.25,0.00833,0.05
2022-06-16,278.25,0.004657,0.05
2022-06-17,278.07,0.004154,0.05
2022-06-18,278.47,0.007592,0.05
2022-06-19,277.56,0.011105,0.05
2022-06-20,276.54,0.008711,0.05
2022-06-21,276.85,0.004853,0.05
2022-06-22,278.37,0.006839,0.05
2022-06-23,279.03,0.006633,0.05
2022-06-24,279.77,0.003906,0.05
2022-06-25,279.87,0.012529,0.05
2022-06-26,279.46,0.019736,0.05
2022-06-27,280.18,0.008307,0.05
2022-06-28,280.93,0.006277,0.05
2022-06-29,279.82,0.011806,0.05
2022-06-30,279.52,0.00853,0.05
2022-07-01,280.17,0.008211,0.05
2022-07-02,280.07,0.015082,0.05
2022-07-03,280.46,0.007608,0.05
2022-07-04,281.65,0.005795,0.05
2022-07-05,281.38,0.01291,0.05
2022-07-06,280.9,0.006188,0.05
2022-07-07,280.71,0.007715,0.05
2022-07-08,281.25,0.023185,0.05
2022-07-09,279.14,0.023221,0.05
2022-07-10,279.33,0.008114,0.05
2022-07-11,279.8,0.005906,0.05
2022-07-12,280.19,0.008705,0.05
2022-07-13,279.68,0.013286,0.05
2022-07-14,278.85,0.007819,0.05
2022-07-15,279.02,0.003022,0.05
2022-07-16,279.5,0.004882,0.05
2022-07-17,280.39,0.006226,0.05
2022-07-18,280.84,0.005446,0.05
2022-07-19,280.32,0.027832,0.05
2022-07-20,278.84,0.020716,0.05
2022-07-21,279.52,0.015354,0.05
2022-07-22,279.46,0.024163,0.05
2022-07-23,279.12,0.009779,0.05
2022-07-24,279.06,0.005939,0.05
2022-07-25,279.17,0.006812,0.05
2022-07-26,279.46,0.010208,0.05
2022-07-27,279.17,0.015234,0.05
2022-07-28,279.16,0.007776,0.05
2022-07-29,279.39,0.009123,0.05
2022-07-30,279.37,0.011121,0.05
2022-07-31,279.95,0.009982,0.05
2022-08-01,279.93,0.01408,0.05
2022-08-02,279.6,0.031287,0.05
2022-08-03,279.71,0.019529,0.05
2022-08-04,279.81,0.012088,0.05
2022-08-05,280.19,0.00924,0.05
2022-08-06,279.86,0.012885,0.05
2022-08-07,279.45,0.011349,0.05
2022-08-08,280.2,0.008184,0.05
2022-08-09,280.85,0.013873,0.05
2022-08-10,280.1,0.021689,0.05
2022-08-11,278.69,0.010485,0.05
2022-08-12,279.94,0.004452,0.05
2022-08-13,280.43,0.005453,0.05
2022-08-14,278.96,0.017912,0.05
2022-08-15,278.8,0.009459,0.05
2022-08-16,279.3,0.003339,0.05
2022-08-17,280.18,0.003271,0.05
2022-08-18,280.41,0.009011,0.05
2022-08-19,279.3,0.016851,0.05
2022-08-20,278.71,0.009614,0.05
2022-08-21,278.94,0.006425,0.05
2022-08-22,278.77,0.006021,0.05
2022-08-23,278.95,0.013053,0.05
2022-08-24,278.9,0.012357,0.05
2022-08-25,279.97,0.001703,0.05
2022-08-26,279.84,0.002463,0.05
2022-08-27,279.91,0.009903,0.05
2022-08-28,278.28,0.043377,0.05
2022-08-29,278.91,0.009073,0.05
2022-08-30,279.38,0.005528,0.05
2022-08-31,279.47,0.016494,0.05
2022-09-01,279.21,0.027916,0.05
2022-09-02,278.93,0.014308,0.05
2022-09-03,278.89,0.013065,0.05
2022-09-04,278.12,0.004187,0.05
2022-09-05,277.74,0.002685,0.05
2022-09-06,278.58,0.003436,0.05
2022-09-07,278.73,0.004226,0.05
2022-09-08,278.85,0.004893,0.05
2022-09-09,278.34,0.006138,0.05
2022-09-10,277.98,0.008122,0.05
2022-09-11,277.52,0.007079,0.05
2022-09-12,277.66,0.007815,0.05
2022-09-13,277.87,0.012547,0.05
2022-09-14,277.9,0.011759,0.05
2022-09-15,277.2,0.030647,0.05
2022-09-16,276.5,0.024304,0.05
2022-09-17,276.83,0.01414,0.05
2022-09-18,276.81,0.009417,0.05
2022-09-19,277.3,0.008803,0.05
2022-09-20,277.7,0.007181,0.05
2022-09-21,277.27,0.006007,0.05
2022-09-22,277.11,0.003386,0.05
2022-09-23,277.12,0.003464,0.05
2022-09-24,276.68,0.00351,0.05
2022-09-25,276.76,0.003968,0.05
2022-09-26,276.22,0.006677,0.05
2022-09-27,276.1,0.002216,0.05
2022-09-28,275.75,0.000723,0.05
2022-09-29,275.27,0.00078,0.05
2022-09-30,275.44,0.000988,0.05
2022-10-01,275.03,0.007592,0.05
2022-10-02,274.94,0.002303,0.05
2022-10-03,275.39,0.000594,0.05
2022-10-04,276.29,0.00847,0.05
2022-10-05,274.32,0.057905,0.05
2022-10-06,273.98,0.049758,0.05
2022-10-07,273.86,0.018624,0.05
2022-10-08,273.88,0.009575,0.05
2022-10-09,273.71,0.011026,0.05
2022-10-10,272.3,0.008491,0.05
2022-10-11,271.98,0.00645,0.05
2022-10-12,270.95,0.001622,0.05
2022-10-13,269.5,0.000201,0.05
2022-10-14,269.29,0.000146,0.05
2022-10-15,269.75,0.000351,0.05
2022-10-16,269.43,0.000199,0.05
2022-10-17,269.27,0.000214,0.05
2022-10-18,267.32,0.001389,0.05
2022-10-19,266.41,0.001098,0.05
2022-10-20,266.88,0.001017,0.05
2022-10-21,266.19,0.000457,0.05
2022-10-22,265.26,0.000615,0.05
2022-10-23,265.75,0.000239,0.05
2022-10-24,267.41,0.00042,0.05
2022-10-25,269.65,0.00033,0.05
2022-10-26,269.09,0.000208,0.05
2022-10-27,270.34,0.000673,0.05
2022-10-28,269.01,0.000594,0.05
2022-10-29,268.72,0.000278,0.05
2022-10-30,269.65,0.000151,0.05
2022-10-31,269.74,0.000331,0.05
2022-11-01,267.31,0.002052,0.05
2022-11-02,267.13,0.000141,0.05
2022-11-03,267.97,6e-06,0.05
2022-11-04,269.1,5.9e-05,0.05
2022-11-05,268.78,0.000388,0.05
2022-11-06,268.91,0.001233,0.05
2022-11-07,269.5,0.000307,0.05
2022-11-08,268.55,0.000256,0.05
2022-11-09,267.11,0.001109,0.05
2022-11-10,266.37,0.001475,0.05
2022-11-11,265.88,0.000421,0.05
2022-11-12,266.96,9.1e-05,0.05
2022-11-13,269.01,0.0002,0.05
2022-11-14,267.63,0.001911,0.05
2022-11-15,267.02,0.000843,0.05
2022-11-16,267.21,0.000889,0.05
2022-11-17,267.31,0.000357,0.05
2022-11-18,269.76,1.9e-05,0.05
2022-11-19,270.55,0.00104,0.05
2022-11-20,269.32,0.001283,0.05
2022-11-21,270.36,0.0,0.05
2022-11-22,270.08,1.4e-05,0.05
2022-11-23,269.89,4.3e-05,0.05
2022-11-24,270.93,0.0,0.05
2022-11-25,271.17,1.4e-05,0.05
2022-11-26,272.05,2e-06,0.05
2022-11-27,271.37,5.8e-05,0.05
2022-11-28,270.84,4e-06,0.05
2022-11-29,270.56,3.7e-05,0.05
2022-11-30,269.62,3.7e-05,0.05
2022-12-01,269.89,2.1e-05,0.05
2022-12-02,270.22,5e-06,0.05
2022-12-03,268.29,8.5e-05,0.05
2022-12-04,269.2,6e-06,0.05
2022-12-05,268.12,4.9e-05,0.05
2022-12-06,268.83,1e-06,0.05
2022-12-07,269.43,1.5e-05,0.05
2022-12-08,269.08,2.8e-05,0.05
2022-12-09,268.57,1e-06,0.05
2022-12-10,268.05,4e-06,0.05
2022-12-11,269.8,1e-06,0.05
2022-12-12,270.06,2e-06,0.05
2022-12-13,269.12,-0.0,0.05
2022-12-14,269.49,1e-06,0.05
2022-12-15,269.93,-0.0,0.05
2022-12-16,269.85,3e-06,0.05
2022-12-17,269.37,7.7e-05,0.05
2022-12-18,269.08,0.000405,0.05
2022-12-19,269.11,0.000133,0.05
2022-12-20,270.11,7e-06,0.05
2022-12-21,268.29,5e-06,0.05
2022-12-22,266.86,5.1e-05,0.05
2022-12-23,266.93,0.000599,0.05
2022-12-24,263.37,0.000482,0.05
2022-12-25,264.37,0.000747,0.05
2022-12-26,263.27,0.001315,0.05
2022-12-27,265.32,1.9e-05,0.05
2022-12-28,267.91,1.1e-05,0.05
2022-12-29,268.68,2.6e-05,0.05
2022-12-30,265.79,0.001868,0.05
2022-12-31,265.81,0.001022,0.05
2023-01-01,264.91,0.001329,0.05
2023-01-02,263.61,0.000525,0.05
2023-01-03,262.94,0.000319,0.05
2023-01-04,260.74,0.000789,0.05
2023-01-05,261.18,2e-06,0.05
2023-01-06,262.41,1e-06,0.05
2023-01-07,264.72,2e-06,0.05
2023-01-08,265.02,0.0,0.05
2023-01-09,265.5,1e-06,0.05
2023-01-10,264.18,0.000104,0.05
2023-01-11,266.27,0.002343,0.05
2023-01-12,263.25,0.004665,0.05
2023-01-13,263.08,0.003243,0.05
2023-01-14,263.31,0.000382,0.05
2023-01-15,263.08,0.000799,0.05
2023-01-16,261.41,0.001265,0.05
2023-01-17,260.03,0.00078,0.05
2023-01-18,262.54,2e-06,0.05
2023-01-19,261.79,0.001347,0.05
2023-01-20,261.7,0.006425,0.05
2023-01-21,260.64,5.9e-05,0.05
2023-01-22,261.22,0.00017,0.05
2023-01-23,262.01,0.000245,0.05
2023-01-24,263.18,0.007139,0.05
2023-01-25,263.31,0.007329,0.05
2023-01-26,261.76,1.5e-05,0.05
2023-01-27,261.17,1e-06,0.05
2023-01-28,262.52,1e-06,0.05
2023-01-29,262.33,3e-06,0.05
2023-01-30,260.97,7.4e-05,0.05
2023-01-31,259.26,0.00128,0.05
2023-02-01,260.52,2.4e-05,0.05
2023-02-02,261.85,5e-06,0.05
2023-02-03,262.93,0.000165,0.05
2023-02-04,264.54,6.2e-05,0.05
2023-02-05,265.85,0.000259,0.05
2023-02-06,264.46,0.002739,0.05
2023-02-07,263.7,0.001833,0.05
2023-02-08,264.77,0.000465,0.05
2023-02-09,265.43,0.00049,0.05
2023-02-10,263.48,0.000363,0.05
2023-02-11,264.25,0.002569,0.05
2023-02-12,264.02,0.001915,0.05
2023-02-13,266.75,0.0,0.05
2023-02-14,267.61,6e-06,0.05
2023-02-15,266.64,5.8e-05,0.05
2023-02-16,266.89,0.0,0.05
2023-02-17,268.74,0.0,0.05
2023-02-18,269.66,3e-06,0.05
2023-02-19,270.03,0.000307,0.05
2023-02-20,269.64,0.000824,0.05
2023-02-21,265.97,0.001317,0.05
2023-02-22,265.15,0.000475,0.05
2023-02-23,264.26,0.000732,0.05
2023-02-24,265.96,0.000369,0.05
2023-02-25,264.75,0.001716,0.05
2023-02-26,263.69,0.001994,0.05
2023-02-27,263.8,0.000764,0.05
2023-02-28,265.28,0.000104,0.05
2023-03-01,265.16,0.000212,0.05
2023-03-02,265.62,0.000536,0.05
2023-03-03,267.05,0.000213,0.05
2023-03-04,266.89,0.000509,0.05
2023-03-05,265.4,0.001608,0.05
2023-03-06,265.29,0.000458,0.05
2023-03-07,266.92,0.001649,0.05
2023-03-08,264.37,0.012163,0.05
2023-03-09,262.67,0.000702,0.05
2023-03-10,263.75,0.001443,0.05
2023-03-11,265.37,0.001395,0.05
2023-03-12,265.94,0.000579,0.05
2023-03-13,264.9,0.001288,0.05
2023-03-14,264.96,0.001441,0.05
2023-03-15,264.79,0.001411,0.05
2023-03-16,265.58,0.003697,0.05
2023-03-17,265.11,0.002234,0.05
2023-03-18,264.67,0.00443,0.05
2023-03-19,264.72,0.002708,0.05
2023-03-20,265.21,0.004673,0.05
2023-03-21,263.45,0.006031,0.05
2023-03-22,261.97,0.000859,0.05
2023-03-23,263.81,0.000226,0.05
2023-03-24,263.95,0.000533,0.05
2023-03-25,263.94,0.001972,0.05
2023-03-26,262.92,0.001064,0.05
2023-03-27,262.54,0.000814,0.05
2023-03-28,263.31,0.001783,0.05
2023-03-29,264.12,0.001565,0.05
2023-03-30,265.21,0.00175,0.05
2023-03-31,264.85,0.010134,0.05
2023-04-01,263.0,0.006261,0.05
2023-04-02,261.93,0.000672,0.05
2023-04-03,263.67,0.000676,0.05
2023-04-04,263.24,0.006298,0.05
2023-04-05,262.8,0.00095,0.05
2023-04-06,263.52,0.000192,0.05
2023-04-07,263.84,0.000448,0.05
2023-04-08,264.55,0.001116,0.05
2023-04-09,264.01,0.002087,0.05
2023-04-10,264.95,0.001025,0.05
2023-04-11,266.28,0.000568,0.05
2023-04-12,266.69,0.001186,0.05
2023-04-13,266.88,0.000809,0.05
2023-04-14,268.31,0.000909,0.05
2023-04-15,269.28,0.001502,0.05
2023-04-16,268.79,0.000343,0.05
2023-04-17,269.93,0.000877,0.05
2023-04-18,269.45,0.002044,0.05
2023-04-19,269.59,0.002191,0.05
2023-04-20,268.52,0.011119,0.05
2023-04-21,266.25,0.011814,0.05
2023-04-22,263.17,0.003481,0.05
2023-04-23,263.74,0.002154,0.05
2023-04-24,263.65,0.007598,0.05
2023-04-25,263.24,0.000302,0.05
2023-04-26,265.09,0.00092,0.05
2023-04-27,265.92,0.002463,0.05
2023-04-28,266.47,0.001974,0.05
2023-04-29,267.83,0.004689,0.05
2023-04-30,268.4,0.012757,0.05
2023-05-01,268.46,0.012878,0.05
2023-05-02,268.03,0.007034,0.05
2023-05-03,268.6,0.008202,0.05
2023-05-04,266.9,0.009078,0.05
2023-05-05,266.53,0.000856,0.05
2023-05-06,266.53,0.001648,0.05
2023-05-07,266.91,0.001276,0.05
2023-05-08,266.18,0.007285,0.05
2023-05-09,265.35,0.001239,0.05
2023-05-10,265.62,0.002769,0.05
2023-05-11,265.77,0.000772,0.05
2023-05-12,268.31,0.000236,0.05
2023-05-13,269.54,0.0005,0.05
2023-05-14,270.57,0.003789,0.05
2023-05-15,269.32,0.002634,0.05
2023-05-16,269.83,0.002717,0.05
2023-05-17,271.48,0.002154,0.05
2023-05-18,272.04,0.002323,0.05
2023-05-19,271.03,0.001664,0.05
2023-05-20,270.7,0.004187,0.05
2023-05-21,272.21,0.001637,0.05
2023-05-22,273.56,0.000508,0.05
2023-05-23,273.0,0.001227,0.05
2023-05-24,273.9,0.003489,0.05
2023-05-25,272.56,0.0074,0.05
2023-05-26,271.77,0.006933,0.05
2023-05-27,272.05,0.002073,0.05
2023-05-28,272.52,0.001422,0.05
2023-05-29,272.9,0.001554,0.05
2023-05-30,272.95,0.000797,0.05
2023-05-31,273.55,0.001257,0.05
2023-06-01,272.15,0.000345,0.05
2023-06-02,271.35,0.002511,0.05
2023-06-03,271.14,0.000553,0.05
2023-06-04,273.41,0.002073,0.05
2023-06-05,273.14,0.006688,0.05
2023-06-06,272.08,0.006216,0.05
2023-06-07,273.41,0.000931,0.05
2023-06-08,274.32,0.001321,0.05
2023-06-09,274.74,0.001882,0.05
2023-06-10,276.12,0.002635,0.05
2023-06-11,277.3,0.005112,0.05
2023-06-12,277.64,0.007272,0.05
2023-06-13,278.22,0.011325,0.05
2023-06-14,277.99,0.007144,0.05
2023-06-15,277.71,0.005785,0.05
2023-06-16,277.63,0.005699,0.05
2023-06-17,277.89,0.009012,0.05
2023-06-18,278.31,0.008972,0.05
2023-06-19,278.85,0.015503,0.05
2023-06-20,278.54,0.005211,0.05
2023-06-21,279.04,0.006478,0.05
2023-06-22,281.01,0.005394,0.05
2023-06-23,281.34,0.003228,0.05
2023-06-24,280.44,0.011575,0.05
2023-06-25,279.2,0.012251,0.05
2023-06-26,278.66,0.00497,0.05
2023-06-27,278.64,0.008383,0.05
2023-06-28,278.99,0.013402,0.05
2023-06-29,278.95,0.016451,0.05
2023-06-30,278.92,0.02529,0.05
2023-07-01,278.56,0.018975,0.05
2023-07-02,279.93,0.007384,0.05
2023-07-03,279.92,0.01029,0.05
2023-07-04,278.59,0.024454,0.05
2023-07-05,279.14,0.012433,0.05
2023-07-06,279.47,0.006386,0.05
2023-07-07,279.71,0.006075,0.05
2023-07-08,280.26,0.008767,0.05
2023-07-09,280.45,0.00505,0.05
2023-07-10,280.1,0.004442,0.05
2023-07-11,280.24,0.005536,0.05
2023-07-12,280.31,0.006168,0.05
2023-07-13,279.61,0.016656,0.05
2023-07-14,280.02,0.029736,0.05
2023-07-15,279.75,0.023703,0.05
2023-07-16,280.69,0.007917,0.05
2023-07-17,280.44,0.012415,0.05
2023-07-18,279.2,0.015062,0.05
2023-07-19,279.59,0.008078,0.05
2023-07-20,280.65,0.006068,0.05
2023-07-21,280.44,0.011758,0.05
2023-07-22,280.03,0.009231,0.05
2023-07-23,279.26,0.008707,0.05
2023-07-24,279.71,0.013301,0.05
2023-07-25,279.33,0.032802,0.05
2023-07-26,279.84,0.007404,0.05
2023-07-27,279.78,0.007049,0.05
2023-07-28,280.28,0.007988,0.05
2023-07-29,279.87,0.007217,0.05
2023-07-30,280.1,0.009157,0.05
2023-07-31,280.38,0.009461,0.05
2023-08-01,280.53,0.008617,0.05
2023-08-02,280.29,0.012252,0.05
2023-08-03,280.75,0.012199,0.05
2023-08-04,280.26,0.017194,0.05
2023-08-05,280.5,0.007856,0.05
2023-08-06,280.78,0.014881,0.05
2023-08-07,280.48,0.015299,0.05
2023-08-08,279.73,0.030203,0.05
2023-08-09,280.09,0.012663,0.05
2023-08-10,280.27,0.008987,0.05
2023-08-11,280.85,0.005542,0.05
2023-08-12,280.61,0.032407,0.05
2023-08-13,280.01,0.041987,0.05
2023-08-14,279.26,0.009092,0.05
2023-08-15,279.84,0.007989,0.05
2023-08-16,280.25,0.005844,0.05
2023-08-17,279.44,0.012351,0.05
2023-08-18,279.75,0.006074,0.05
2023-08-19,280.81,0.005701,0.05
2023-08-20,281.18,0.007899,0.05
2023-08-21,280.74,0.006198,0.05
2023-08-22,280.73,0.005677,0.05
2023-08-23,279.74,0.008111,0.05
2023-08-24,279.65,0.011592,0.05
2023-08-25,278.73,0.017963,0.05
2023-08-26,278.81,0.002708,0.05
2023-08-27,278.58,0.003763,0.05
2023-08-28,277.97,0.006642,0.05
2023-08-29,278.25,0.001366,0.05
2023-08-30,279.11,0.00121,0.05
2023-08-31,279.54,0.003963,0.05
2023-09-01,280.15,0.00213,0.05
2023-09-02,279.04,0.002738,0.05
2023-09-03,278.82,0.004513,0.05
2023-09-04,277.45,0.002345,0.05
2023-09-05,276.44,0.006694,0.05
2023-09-06,277.35,0.00118,0.05
2023-09-07,278.11,0.006257,0.05
2023-09-08,278.78,0.012877,0.05
2023-09-09,278.52,0.015743,0.05
2023-09-10,278.32,0.013432,0.05
2023-09-11,278.65,0.008068,0.05
2023-09-12,279.88,0.00674,0.05
2023-09-13,280.13,0.003267,0.05
2023-09-14,279.42,0.004724,0.05
2023-09-15,278.77,0.004836,0.05
2023-09-16,277.94,0.004689,0.05
2023-09-17,277.67,0.004419,0.05
2023-09-18,277.72,0.005404,0.05
2023-09-19,278.27,0.00522,0.05
2023-09-20,278.47,0.004356,0.05
2023-09-21,277.82,0.007628,0.05
2023-09-22,277.85,0.005473,0.05
2023-09-23,277.29,0.006279,0.05
2023-09-24,276.68,0.005502,0.05
2023-09-25,276.38,0.005302,0.05
2023-09-26,276.76,0.00185,0.05
2023-09-27,277.04,0.00167,0.05
2023-09-28,276.54,0.001663,0.05
2023-09-29,276.23,0.000897,0.05
2023-09-30,276.39,0.001052,0.05
2023-10-01,276.56,0.003884,0.05
2023-10-02,277.1,0.01922,0.05
2023-10-03,276.27,0.026101,0.05
2023-10-04,275.11,0.014071,0.05
2023-10-05,275.18,0.001334,0.05
2023-10-06,275.59,0.001186,0.05
2023-10-07,275.35,0.002283,0.05
2023-10-08,275.07,0.002804,0.05
2023-10-09,275.75,0.000582,0.05
2023-10-10,273.76,0.003401,0.05
2023-10-11,272.62,0.003058,0.05
2023-10-12,273.53,0.001529,0.05
2023-10-13,272.92,0.002767,0.05
2023-10-14,272.84,0.001787,0.05
2023-10-15,271.5,0.002314,0.05
2023-10-16,270.39,0.002785,0.05
2023-10-17,268.73,0.003695,0.05
2023-10-18,267.77,0.001747,0.05
2023-10-19,267.6,0.000832,0.05
2023-10-20,268.2,0.000122,0.05
2023-10-21,268.61,0.000435,0.05
2023-10-22,268.43,0.001258,0.05
2023-10-23,267.46,0.001268,0.05
2023-10-24,267.21,0.00067,0.05
2023-10-25,267.15,0.000488,0.05
2023-10-26,268.41,0.000342,0.05
2023-10-27,269.27,0.001547,0.05
2023-10-28,271.17,0.000496,0.05
2023-10-29,269.87,0.00278,0.05
2023-10-30,269.38,0.001019,0.05
2023-10-31,269.72,0.000424,0.05
2023-11-01,269.23,0.000553,0.05
2023-11-02,269.03,5.6e-05,0.05
2023-11-03,267.51,0.000732,0.05
2023-11-04,267.48,0.000546,0.05
2023-11-05,268.08,0.000734,0.05
2023-11-06,268.69,0.000503,0.05
2023-11-07,268.52,0.001643,0.05
2023-11-08,268.22,0.001665,0.05
2023-11-09,268.76,0.000781,0.05
2023-11-10,268.34,0.000736,0.05
2023-11-11,266.31,0.006394,0.05
2023-11-12,267.51,1e-06,0.05
2023-11-13,267.67,0.00014,0.05
2023-11-14,268.79,0.000148,0.05
2023-11-15,268.35,0.000225,0.05
2023-11-16,268.6,8.5e-05,0.05
2023-11-17,268.17,4.8e-05,0.05
2023-11-18,269.98,3e-06,0.05
2023-11-19,270.36,3.8e-05,0.05
2023-11-20,268.51,0.000378,0.05
2023-11-21,267.03,7.1e-05,0.05
2023-11-22,268.35,2e-06,0.05
2023-11-23,266.87,0.000727,0.05
2023-11-24,266.6,0.000326,0.05
2023-11-25,268.47,1.4e-05,0.05
2023-11-26,269.6,6e-06,0.05
2023-11-27,268.54,0.00785,0.05
2023-11-28,262.8,0.006273,0.05
2023-11-29,261.41,0.000112,0.05
2023-11-30,262.17,0.000211,0.05
2023-12-01,262.3,0.000315,0.05
2023-12-02,262.52,2e-06,0.05
2023-12-03,264.77,0.000555,0.05
2023-12-04,266.39,0.022949,0.05
2023-12-05,262.1,0.000912,0.05
2023-12-06,261.03,4e-05,0.05
2023-12-07,260.89,2.4e-05,0.05
2023-12-08,261.99,1.4e-05,0.05
2023-12-09,263.13,7e-06,0.05
2023-12-10,263.0,1.1e-05,0.05
2023-12-11,261.47,0.001288,0.05
2023-12-12,259.27,0.005528,0.05
2023-12-13,259.16,8.4e-05,0.05
2023-12-14,263.73,1e-06,0.05
2023-12-15,263.99,2e-06,0.05
2023-12-16,264.35,1.6e-05,0.05
2023-12-17,261.64,0.000123,0.05
2023-12-18,261.35,2e-06,0.05
2023-12-19,263.51,0.0,0.05
2023-12-20,264.94,0.0,0.05
2023-12-21,265.72,0.0,0.05
2023-12-22,265.85,1e-06,0.05
2023-12-23,263.57,0.00086,0.05
2023-12-24,262.72,0.000429,0.05
2023-12-25,263.81,1e-06,0.05
2023-12-26,264.51,3e-06,0.05
2023-12-27,262.12,9e-06,0.05
2023-12-28,262.45,0.0,0.05
2023-12-29,261.98,6.1e-05,0.05
2023-12-30,261.5,0.000967,0.05
2023-12-31,260.75,0.000226,0.05
2024-01-01,259.69,1.3e-05,0.05
2024-01-02,260.65,1.2e-05,0.05
2024-01-03,259.66,4.9e-05,0.05
2024-01-04,259.92,3.1e-05,0.05
2024-01-05,260.76,0.00052,0.05
2024-01-06,261.28,0.000656,0.05
2024-01-07,261.24,0.000141,0.05
2024-01-08,263.88,0.0,0.05
2024-01-09,262.31,2.2e-05,0.05
2024-01-10,263.9,2e-06,0.05
2024-01-11,265.02,0.0,0.05
2024-01-12,265.66,0.0,0.05
2024-01-13,266.7,0.0,0.05
2024-01-14,264.36,0.000192,0.05
2024-01-15,263.67,0.002811,0.05
2024-01-16,262.16,0.004842,0.05
2024-01-17,260.63,0.003399,0.05
2024-01-18,260.69,0.000157,0.05
2024-01-19,263.09,3e-06,0.05
2024-01-20,261.9,0.001631,0.05
2024-01-21,262.37,0.000602,0.05
2024-01-22,264.08,0.001331,0.05
2024-01-23,260.16,0.004155,0.05
2024-01-24,257.25,0.001292,0.05
2024-01-25,258.0,5.4e-05,0.05
2024-01-26,259.95,0.002519,0.05
2024-01-27,261.74,3.7e-05,0.05
2024-01-28,262.55,5e-05,0.05
2024-01-29,261.61,0.00173,0.05
2024-01-30,261.94,0.001202,0.05
2024-01-31,261.33,0.004008,0.05
2024-02-01,259.33,0.010047,0.05
2024-02-02,258.54,5.1e-05,0.05
2024-02-03,260.42,2e-06,0.05
2024-02-04,260.47,0.007268,0.05
2024-02-05,259.89,0.001751,0.05
2024-02-06,260.54,0.000154,0.05
2024-02-07,261.48,0.002125,0.05
2024-02-08,260.87,0.000257,0.05
2024-02-09,259.65,1e-06,0.05
2024-02-10,259.39,5.3e-05,0.05
2024-02-11,257.46,0.00014,0.05
2024-02-12,260.78,0.00018,0.05
2024-02-13,261.93,0.001321,0.05
2024-02-14,260.76,0.002477,0.05
2024-02-15,260.74,2e-06,0.05
2024-02-16,262.37,9.3e-05,0.05
2024-02-17,264.23,0.000457,0.05
2024-02-18,265.04,0.001223,0.05
2024-02-19,264.53,0.008642,0.05
2024-02-20,263.36,0.009916,0.05
2024-02-21,259.43,0.006575,0.05
2024-02-22,257.54,0.004761,0.05
2024-02-23,256.14,0.000464,0.05
2024-02-24,256.48,0.002524,0.05
2024-02-25,258.58,0.000103,0.05
2024-02-26,261.41,6.3e-05,0.05
2024-02-27,261.45,0.004031,0.05
2024-02-28,262.17,0.000229,0.05
2024-02-29,263.25,2e-06,0.05
2024-03-01,264.14,3e-06,0.05
2024-03-02,264.75,0.018331,0.05
2024-03-03,263.81,0.018102,0.05
2024-03-04,259.14,0.0015,0.05
2024-03-05,260.2,0.000144,0.05
2024-03-06,261.74,0.003975,0.05
2024-03-07,260.11,0.001697,0.05
2024-03-08,260.71,5e-06,0.05
2024-03-09,261.89,3e-06,0.05
2024-03-10,264.56,2.1e-05,0.05
2024-03-11,263.3,0.002772,0.05
2024-03-12,262.91,2.4e-05,0.05
2024-03-13,262.0,0.001435,0.05
2024-03-14,260.75,0.000108,0.05
2024-03-15,261.15,0.000841,0.05
2024-03-16,260.65,1.8e-05,0.05
2024-03-17,262.0,0.000177,0.05
2024-03-18,261.52,0.000171,0.05
2024-03-19,260.02,0.000269,0.05
2024-03-20,263.16,0.000428,0.05
2024-03-21,265.25,0.003268,0.05
2024-03-22,266.45,0.002756,0.05
2024-03-23,265.38,0.000917,0.05
2024-03-24,266.48,0.000986,0.05
2024-03-25,265.52,0.000679,0.05
2024-03-26,267.87,0.000633,0.05
2024-03-27,269.57,0.001787,0.05
2024-03-28,272.08,0.002545,0.05
2024-03-29,271.25,0.000984,0.05
2024-03-30,270.28,0.001114,0.05
2024-03-31,268.54,0.000343,0.05
2024-04-01,269.93,0.000225,0.05
2024-04-02,270.1,0.000944,0.05
2024-04-03,269.48,0.00245,0.05
2024-04-04,269.65,0.003835,0.05
2024-04-05,268.49,0.006577,0.05
2024-04-06,267.3,0.007566,0.05
2024-04-07,266.21,0.002365,0.05
2024-04-08,264.87,0.000989,0.05
2024-04-09,264.06,0.000837,0.05
2024-04-10,264.33,0.001034,0.05
2024-04-11,265.45,0.000789,0.05
2024-04-12,266.33,0.001457,0.05
2024-04-13,267.53,0.002225,0.05
2024-04-14,268.46,0.001397,0.05
2024-04-15,270.67,0.002266,0.05
2024-04-16,269.46,0.002638,0.05
2024-04-17,270.28,0.00167,0.05
2024-04-18,271.38,0.002702,0.05
2024-04-19,270.6,0.00104,0.05
2024-04-20,271.0,0.000185,0.05
2024-04-21,270.71,0.000195,0.05
2024-04-22,269.79,0.001395,0.05
2024-04-23,268.11,0.001745,0.05
2024-04-24,268.49,0.002785,0.05
2024-04-25,269.81,0.000406,0.05
2024-04-26,270.4,0.000763,0.05
2024-04-27,269.73,0.001118,0.05
2024-04-28,270.25,0.00103,0.05
2024-04-29,271.18,0.001297,0.05
2024-04-30,270.9,0.001501,0.05
2024-05-01,268.04,0.002861,0.05
2024-05-02,269.18,0.000263,0.05
2024-05-03,273.01,0.000318,0.05
2024-05-04,271.31,0.003658,0.05
2024-05-05,270.35,0.003563,0.05
2024-05-06,270.81,0.003682,0.05
2024-05-07,271.61,0.003296,0.05
2024-05-08,271.38,0.002627,0.05
2024-05-09,271.91,0.0031,0.05
2024-05-10,273.35,0.002165,0.05
2024-05-11,273.93,0.002587,0.05
2024-05-12,273.13,0.006777,0.05
2024-05-13,273.17,0.002492,0.05
2024-05-14,273.58,0.00178,0.05
2024-05-15,273.94,0.005045,0.05
2024-05-16,273.26,0.003318,0.05
2024-05-17,275.33,0.003177,0.05
2024-05-18,275.19,0.006526,0.05
2024-05-19,275.33,0.00504,0.05
2024-05-20,276.16,0.00442,0.05
2024-05-21,275.9,0.006603,0.05
2024-05-22,276.11,0.006293,0.05
2024-05-23,276.3,0.005206,0.05
2024-05-24,277.53,0.003629,0.05
2024-05-25,278.27,0.002035,0.05
2024-05-26,278.22,0.001841,0.05
2024-05-27,278.77,0.005668,0.05
2024-05-28,277.95,0.003244,0.05
2024-05-29,276.65,0.002561,0.05
2024-05-30,277.01,0.001843,0.05
2024-05-31,276.56,0.001372,0.05
2024-06-01,276.23,0.001816,0.05
2024-06-02,276.5,0.004373,0.05
2024-06-03,276.63,0.004495,0.05
2024-06-04,276.43,0.011069,0.05
2024-06-05,276.18,0.00373,0.05
2024-06-06,277.35,0.00362,0.05
2024-06-07,277.99,0.004309,0.05
2024-06-08,277.93,0.001742,0.05
2024-06-09,278.27,0.002748,0.05
2024-06-10,279.17,0.000686,0.05
2024-06-11,279.25,0.005033,0.05
2024-06-12,279.28,0.00597,0.05
2024-06-13,279.69,0.002867,0.05
2024-06-14,279.37,0.001102,0.05
2024-06-15,279.87,0.00244,0.05
2024-06-16,280.31,0.004009,0.05
2024-06-17,280.99,0.004134,0.05
2024-06-18,280.34,0.006439,0.05
2024-06-19,279.33,0.007367,0.05
2024-06-20,279.03,0.006888,0.05
2024-06-21,279.17,0.003092,0.05
2024-06-22,279.32,0.003881,0.05
2024-06-23,279.57,0.005141,0.05
2024-06-24,280.29,0.004599,0.05
2024-06-25,280.65,0.005491,0.05
2024-06-26,276.21,0.065707,0.05
2024-06-27,278.05,0.010353,0.05
2024-06-28,280.17,0.019121,0.05
2024-06-29,280.27,0.014004,0.05
2024-06-30,280.67,0.018109,0.05
2024-07-01,281.18,0.010253,0.05
2024-07-02,281.0,0.01729,0.05
2024-07-03,278.5,0.043571,0.05
2024-07-04,279.82,0.013136,0.05
2024-07-05,279.5,0.056975,0.05
2024-07-06,278.9,0.068375,0.05
2024-07-07,277.81,0.041264,0.05
2024-07-08,279.14,0.006095,0.05
2024-07-09,280.52,0.013775,0.05
2024-07-10,280.75,0.026712,0.05
2024-07-11,281.18,0.016456,0.05
2024-07-12,279.95,0.031667,0.05
2024-07-13,279.91,0.020251,0.05
2024-07-14,280.73,0.013821,0.05
2024-07-15,281.67,0.006562,0.05
2024-07-16,281.41,0.008034,0.05
2024-07-17,281.01,0.016777,0.05
2024-07-18,280.88,0.016945,0.05
2024-07-19,280.11,0.020617,0.05
2024-07-20,281.3,0.007624,0.05
2024-07-21,281.36,0.016533,0.05
2024-07-22,280.74,0.011153,0.05
2024-07-23,281.1,0.010089,0.05
2024-07-24,281.0,0.009516,0.05
2024-07-25,281.05,0.013847,0.05
2024-07-26,281.22,0.01012,0.05
2024-07-27,280.89,0.012612,0.05
2024-07-28,281.42,0.008082,0.05
2024-07-29,282.18,0.009777,0.05
2024-07-30,282.47,0.00882,0.05
2024-07-31,280.78,0.020818,0.05
2024-08-01,279.98,0.005014,0.05
2024-08-02,280.07,0.010295,0.05
2024-08-03,279.82,0.012196,0.05
2024-08-04,280.04,0.014292,0.05
2024-08-05,280.39,0.008804,0.05
2024-08-06,279.55,0.034431,0.05
2024-08-07,279.29,0.013508,0.05
2024-08-08,279.76,0.009172,0.05
2024-08-09,280.0,0.008072,0.05
2024-08-10,279.66,0.009808,0.05
2024-08-11,279.65,0.010796,0.05
2024-08-12,279.9,0.008563,0.05
2024-08-13,280.35,0.010113,0.05
2024-08-14,280.77,0.007552,0.05
2024-08-15,281.51,0.010243,0.05
2024-08-16,281.02,0.014104,0.05
2024-08-17,281.0,0.026894,0.05
2024-08-18,280.34,0.010211,0.05
2024-08-19,279.74,0.013615,0.05
2024-08-20,278.87,0.018734,0.05
2024-08-21,279.26,0.020922,0.05
2024-08-22,278.83,0.029086,0.05
2024-08-23,279.17,0.013231,0.05
2024-08-24,279.17,0.012518,0.05
2024-08-25,278.84,0.0065,0.05
2024-08-26,278.61,0.005294,0.05
2024-08-27,278.51,0.007169,0.05
2024-08-28,278.69,0.007907,0.05
2024-08-29,278.82,0.008821,0.05
2024-08-30,278.87,0.003803,0.05
2024-08-31,280.1,0.003145,0.05
2024-09-01,279.59,0.023497,0.05
2024-09-02,278.4,0.007897,0.05
2024-09-03,278.84,0.006004,0.05
2024-09-04,279.13,0.009419,0.05
2024-09-05,278.73,0.014299,0.05
2024-09-06,278.44,0.017981,0.05
2024-09-07,278.95,0.007369,0.05
2024-09-08,278.77,0.005484,0.05
2024-09-09,278.98,0.005803,0.05
2024-09-10,278.68,0.00486,0.05
2024-09-11,278.93,0.008208,0.05
2024-09-12,278.5,0.008943,0.05
2024-09-13,276.8,0.010661,0.05
2024-09-14,277.61,0.002719,0.05
2024-09-15,278.01,0.008169,0.05
2024-09-16,277.9,0.008617,0.05
2024-09-17,276.75,0.007881,0.05
2024-09-18,277.34,0.002141,0.05
2024-09-19,278.76,0.000993,0.05
2024-09-20,279.19,0.004206,0.05
2024-09-21,278.49,0.008364,0.05
2024-09-22,278.25,0.007434,0.05
2024-09-23,278.23,0.002557,0.05
2024-09-24,278.55,0.005219,0.05
2024-09-25,278.04,0.011504,0.05
2024-09-26,277.36,0.0388,0.05
2024-09-27,274.27,0.08115,0.05
2024-09-28,274.52,0.075404,0.05
2024-09-29,274.18,0.00014,0.05
2024-09-30,275.18,1.3e-05,0.05
2024-10-01,275.05,3e-05,0.05
2024-10-02,274.52,0.00038,0.05
2024-10-03,274.7,0.010277,0.05
2024-10-04,272.67,0.002484,0.05
2024-10-05,272.54,0.000554,0.05
2024-10-06,272.53,0.001005,0.05
2024-10-07,272.24,0.000437,0.05
2024-10-08,272.18,0.000421,0.05
2024-10-09,272.21,0.000571,0.05
2024-10-10,271.46,0.001223,0.05
2024-10-11,271.58,0.000107,0.05
2024-10-12,272.19,0.000266,0.05
2024-10-13,272.76,0.000528,0.05
2024-10-14,273.14,0.001561,0.05
2024-10-15,273.59,0.00152,0.05
2024-10-16,273.86,0.002246,0.05
2024-10-17,273.38,0.004177,0.05
2024-10-18,272.1,0.001773,0.05
2024-10-19,271.23,0.004932,0.05
2024-10-20,270.0,0.003301,0.05
2024-10-21,270.79,0.001452,0.05
2024-10-22,269.83,0.001699,0.05
2024-10-23,270.23,0.001672,0.05
2024-10-24,271.82,0.000283,0.05
2024-10-25,274.1,0.000502,0.05
2024-10-26,274.72,0.000429,0.05
2024-10-27,276.0,2.7e-05,0.05
2024-10-28,274.89,0.000359,0.05
2024-10-29,274.93,0.00175,0.05
2024-10-30,275.31,0.001447,0.05
