date,temperature_2m_k,total_precip_m_day,snow_depth_m_we
2016-01-01,258.02,0.000191,0.05
2016-01-02,257.32,0.000324,0.05
2016-01-03,256.35,0.000458,0.05
2016-01-04,258.52,1.4e-05,0.05
2016-01-05,257.57,0.001459,0.05
2016-01-06,258.26,0.001081,0.05
2016-01-07,257.73,0.002474,0.05
2016-01-08,255.87,0.005002,0.05
2016-01-09,255.06,0.001958,0.05
2016-01-10,257.9,0.000156,0.05
2016-01-11,260.35,0.000242,0.05
2016-01-12,259.69,0.001071,0.05
2016-01-13,256.54,0.001874,0.05
2016-01-14,257.41,0.001791,0.05
2016-01-15,256.02,0.004251,0.05
2016-01-16,257.26,0.000847,0.05
2016-01-17,256.91,0.001382,0.05
2016-01-18,256.52,0.00208,0.05
2016-01-19,257.6,0.01301,0.05
2016-01-20,253.42,0.003905,0.05
2016-01-21,253.96,0.001032,0.05
2016-01-22,254.11,0.002258,0.05
2016-01-23,253.84,0.00154,0.05
2016-01-24,254.59,0.001879,0.05
2016-01-25,252.28,0.000673,0.05
2016-01-26,253.66,0.003225,0.05
2016-01-27,253.12,0.00208,0.05
2016-01-28,256.83,0.001076,0.05
2016-01-29,257.8,0.001207,0.05
2016-01-30,259.91,0.001331,0.05
2016-01-31,260.73,0.001586,0.05
2016-02-01,259.42,0.001995,0.05
2016-02-02,260.97,0.002043,0.05
2016-02-03,260.91,0.000938,0.05
2016-02-04,264.43,0.000592,0.05
2016-02-05,265.76,0.000282,0.05
2016-02-06,264.63,0.000747,0.05
2016-02-07,261.11,0.00433,0.05
2016-02-08,256.92,0.015905,0.05
2016-02-09,256.1,0.002134,0.05
2016-02-10,257.13,0.003512,0.05
2016-02-11,254.8,0.004671,0.05
2016-02-12,257.04,0.002811,0.05
2016-02-13,255.87,0.003569,0.05
2016-02-14,256.47,0.002066,0.05
2016-02-15,257.69,0.00163,0.05
2016-02-16,259.24,0.001124,0.05
2016-02-17,261.65,0.000866,0.05
2016-02-18,263.63,0.000846,0.05
2016-02-19,265.79,0.00065,0.05
2016-02-20,265.01,0.005107,0.05
2016-02-21,261.84,0.002331,0.05
2016-02-22,262.39,0.003013,0.05
2016-02-23,261.55,0.00369,0.05
2016-02-24,258.17,0.00296,0.05
2016-02-25,258.0,0.001016,0.05
2016-02-26,258.62,0.001322,0.05
2016-02-27,258.69,0.002208,0.05
2016-02-28,258.83,0.005211,0.05
2016-02-29,258.8,0.002339,0.05
2016-03-01,258.41,0.001724,0.05
2016-03-02,260.27,0.001546,0.05
2016-03-03,260.6,0.00098,0.05
2016-03-04,260.12,0.001501,0.05
2016-03-05,260.6,0.002463,0.05
2016-03-06,260.31,0.002351,0.05
2016-03-07,260.01,0.001841,0.05
2016-03-08,260.29,0.002864,0.05
2016-03-09,260.36,0.001161,0.05
2016-03-10,261.87,0.00129,0.05
2016-03-11,263.2,0.001756,0.05
2016-03-12,262.54,0.002826,0.05
2016-03-13,262.0,0.006041,0.05
2016-03-14,260.25,0.005824,0.05
2016-03-15,259.8,0.005037,0.05
2016-03-16,258.91,0.00198,0.05
2016-03-17,261.29,0.003457,0.05
2016-03-18,261.93,0.002358,0.05
2016-03-19,262.25,0.002249,0.05
2016-03-20,262.41,0.003799,0.05
2016-03-21,261.31,0.004171,0.05
2016-03-22,259.76,0.002048,0.05
2016-03-23,261.73,0.000757,0.05
2016-03-24,264.92,0.000301,0.05
2016-03-25,267.9,0.000188,0.05
2016-03-26,268.06,0.001039,0.05
2016-03-27,265.38,0.003136,0.05
2016-03-28,261.48,0.013365,0.05
2016-03-29,264.29,0.001336,0.05
2016-03-30,263.32,0.003342,0.05
2016-03-31,262.84,0.001982,0.05
2016-04-01,265.04,0.000877,0.05
2016-04-02,267.88,0.000834,0.05
2016-04-03,268.5,0.001257,0.05
2016-04-04,267.99,0.001935,0.05
2016-04-05,266.45,0.00081,0.05
2016-04-06,265.56,0.001122,0.05
2016-04-07,264.74,0.003489,0.05
2016-04-08,263.56,0.001796,0.05
2016-04-09,264.28,0.001861,0.05
2016-04-10,265.6,0.000844,0.05
2016-04-11,265.0,0.001404,0.05
2016-04-12,264.81,0.002441,0.05
2016-04-13,264.12,0.002022,0.05
2016-04-14,263.89,0.005167,0.05
2016-04-15,266.52,0.00234,0.05
2016-04-16,266.83,0.001989,0.05
2016-04-17,267.28,0.003363,0.05
2016-04-18,267.42,0.002001,0.05
2016-04-19,267.8,0.000972,0.05
2016-04-20,267.45,0.000629,0.05
2016-04-21,266.62,0.001424,0.05
2016-04-22,266.0,0.004503,0.05
2016-04-23,264.73,0.00694,0.05
2016-04-24,263.89,0.003153,0.05
2016-04-25,264.76,0.000817,0.05
2016-04-26,265.92,0.001667,0.05
2016-04-27,265.45,0.002626,0.05
2016-04-28,264.85,0.003144,0.05
2016-04-29,264.71,0.002519,0.05
2016-04-30,264.57,0.001751,0.05
2016-05-01,265.42,0.001562,0.05
2016-05-02,267.0,0.001532,0.05
2016-05-03,266.96,0.001864,0.05
2016-05-04,267.37,0.006429,0.05
2016-05-05,267.01,0.005297,0.05
2016-05-06,267.7,0.005369,0.05
2016-05-07,267.16,0.00697,0.05
2016-05-08,267.83,0.003458,0.05
2016-05-09,269.08,0.002985,0.05
2016-05-10,269.88,0.002424,0.05
2016-05-11,270.03,0.003152,0.05
2016-05-12,270.05,0.006149,0.05
2016-05-13,270.09,0.005794,0.05
2016-05-14,270.21,0.00506,0.05
2016-05-15,270.42,0.006706,0.05
2016-05-16,270.18,0.005693,0.05
2016-05-17,269.33,0.006868,0.05
2016-05-18,270.02,0.00322,0.05
2016-05-19,271.33,0.013318,0.05
2016-05-20,271.36,0.014918,0.05
2016-05-21,271.03,0.004561,0.05
2016-05-22,271.47,0.003988,0.05
2016-05-23,271.26,0.003638,0.05
2016-05-24,270.93,0.011224,0.05
2016-05-25,269.13,0.009493,0.05
2016-05-26,268.99,0.00524,0.05
2016-05-27,271.13,0.003274,0.05
2016-05-28,270.43,0.010811,0.05
2016-05-29,269.74,0.005373,0.05
2016-05-30,269.96,0.004018,0.05
2016-05-31,269.56,0.005322,0.05
2016-06-01,271.36,0.001708,0.05
2016-06-02,271.65,0.0047,0.05
2016-06-03,272.2,0.003822,0.05
2016-06-04,272.2,0.006808,0.05
2016-06-05,273.04,0.006628,0.05
2016-06-06,273.2,0.008001,0.05
2016-06-07,272.99,0.011201,0.05
2016-06-08,272.9,0.003014,0.05
2016-06-09,273.18,0.004945,0.05
2016-06-10,273.45,0.005647,0.05
2016-06-11,273.83,0.005941,0.05
2016-06-12,273.86,0.006231,0.05
2016-06-13,273.91,0.014454,0.05
2016-06-14,274.74,0.013094,0.05
2016-06-15,274.34,0.014484,0.05
2016-06-16,274.13,0.007517,0.05
2016-06-17,274.55,0.006459,0.05
2016-06-18,274.86,0.016944,0.05
2016-06-19,274.04,0.022559,0.05
2016-06-20,274.89,0.009595,0.05
2016-06-21,274.91,0.013443,0.05
2016-06-22,274.76,0.012911,0.05
2016-06-23,274.99,0.015749,0.05
2016-06-24,274.9,0.018771,0.05
2016-06-25,274.35,0.021143,0.05
2016-06-26,275.21,0.021059,0.05
2016-06-27,275.4,0.010727,0.05
2016-06-28,275.41,0.008682,0.05
2016-06-29,275.61,0.007208,0.05
2016-06-30,275.46,0.01364,0.05
2016-07-01,274.55,0.027266,0.05
2016-07-02,274.61,0.015278,0.05
2016-07-03,275.07,0.014671,0.05
2016-07-04,274.99,0.012937,0.05
2016-07-05,275.81,0.023978,0.05
2016-07-06,275.19,0.0083,0.05
2016-07-07,275.49,0.008888,0.05
2016-07-08,275.82,0.00879,0.05
2016-07-09,275.95,0.010775,0.05
2016-07-10,275.79,0.021246,0.05
2016-07-11,275.04,0.015844,0.05
2016-07-12,275.43,0.007738,0.05
2016-07-13,275.75,0.008754,0.05
2016-07-14,276.33,0.017004,0.05
2016-07-15,275.64,0.022564,0.05
2016-07-16,275.58,0.008177,0.05
2016-07-17,274.73,0.013156,0.05
2016-07-18,275.04,0.015282,0.05
2016-07-19,274.65,0.035895,0.05
2016-07-20,274.62,0.033386,0.05
2016-07-21,274.6,0.027965,0.05
2016-07-22,274.08,0.027097,0.05
2016-07-23,274.37,0.020422,0.05
2016-07-24,274.59,0.030754,0.05
2016-07-25,274.3,0.033606,0.05
2016-07-26,274.0,0.026799,0.05
2016-07-27,273.6,0.018007,0.05
2016-07-28,273.53,0.012552,0.05
2016-07-29,273.7,0.010026,0.05
2016-07-30,274.03,0.019029,0.05
2016-07-31,273.42,0.01437,0.05
2016-08-01,273.47,0.00553,0.05
2016-08-02,273.93,0.004239,0.05
2016-08-03,274.45,0.00316,0.05
2016-08-04,274.89,0.002874,0.05
2016-08-05,275.16,0.005566,0.05
2016-08-06,275.03,0.006359,0.05
2016-08-07,274.79,0.004823,0.05
2016-08-08,274.92,0.006117,0.05
2016-08-09,274.35,0.003998,0.05
2016-08-10,274.38,0.004663,0.05
2016-08-11,274.88,0.006008,0.05
2016-08-12,275.01,0.004419,0.05
2016-08-13,275.19,0.004564,0.05
2016-08-14,275.42,0.005267,0.05
2016-08-15,274.86,0.005368,0.05
2016-08-16,274.61,0.007059,0.05
2016-08-17,274.65,0.005005,0.05
2016-08-18,274.67,0.004688,0.05
2016-08-19,274.48,0.0048,0.05
2016-08-20,275.03,0.000625,0.05
2016-08-21,274.59,0.003669,0.05
2016-08-22,274.42,0.004519,0.05
2016-08-23,274.23,0.001331,0.05
2016-08-24,273.77,0.003761,0.05
2016-08-25,273.68,0.001358,0.05
2016-08-26,273.68,0.003697,0.05
2016-08-27,273.46,0.000822,0.05
2016-08-28,273.99,0.00136,0.05
2016-08-29,274.86,0.01146,0.05
2016-08-30,274.54,0.017606,0.05
2016-08-31,274.65,0.030171,0.05
2016-09-01,275.25,0.016693,0.05
2016-09-02,275.09,0.022957,0.05
2016-09-03,274.1,0.039619,0.05
2016-09-04,274.5,0.011199,0.05
2016-09-05,274.9,0.014519,0.05
2016-09-06,274.64,0.009268,0.05
2016-09-07,274.58,0.005781,0.05
2016-09-08,274.53,0.00518,0.05
2016-09-09,274.6,0.005156,0.05
2016-09-10,274.25,0.011148,0.05
2016-09-11,273.79,0.016256,0.05
2016-09-12,273.17,0.036456,0.05
2016-09-13,273.01,0.006529,0.05
2016-09-14,273.7,0.002307,0.05
2016-09-15,273.65,0.00275,0.05
2016-09-16,273.72,0.008217,0.05
2016-09-17,273.49,0.019932,0.05
2016-09-18,273.51,0.001984,0.05
2016-09-19,273.7,0.006976,0.05
2016-09-20,273.16,0.012442,0.05
2016-09-21,272.75,0.014803,0.05
2016-09-22,272.41,0.009631,0.05
2016-09-23,271.87,0.006076,0.05
2016-09-24,272.39,0.01497,0.05
2016-09-25,272.24,0.016633,0.05
2016-09-26,272.43,0.006413,0.05
2016-09-27,272.59,0.003327,0.05
2016-09-28,271.98,0.008173,0.05
2016-09-29,272.69,0.006638,0.05
2016-09-30,272.81,0.004027,0.05
2016-10-01,272.51,0.003032,0.05
2016-10-02,272.2,0.003796,0.05
2016-10-03,272.05,0.001528,0.05
2016-10-04,272.95,0.003438,0.05
2016-10-05,272.48,0.007078,0.05
2016-10-06,272.7,0.005048,0.05
2016-10-07,272.7,0.004554,0.05
2016-10-08,272.41,0.010505,0.05
2016-10-09,271.51,0.006381,0.05
2016-10-10,270.31,0.00886,0.05
2016-10-11,270.48,0.001999,0.05
2016-10-12,270.45,0.001043,0.05
2016-10-13,270.92,0.008106,0.05
2016-10-14,270.33,0.005334,0.05
2016-10-15,269.83,0.001632,0.05
2016-10-16,269.22,0.001167,0.05
2016-10-17,269.57,0.003984,0.05
2016-10-18,269.69,0.00242,0.05
2016-10-19,268.13,0.002556,0.05
2016-10-20,269.69,0.000337,0.05
2016-10-21,268.5,0.001528,0.05
2016-10-22,268.06,0.002996,0.05
2016-10-23,267.94,0.001941,0.05
2016-10-24,269.12,0.001471,0.05
2016-10-25,267.14,0.002375,0.05
2016-10-26,266.26,0.001547,0.05
2016-10-27,265.54,0.000378,0.05
2016-10-28,266.06,0.001132,0.05
2016-10-29,264.12,0.00112,0.05
2016-10-30,263.36,0.000629,0.05
2016-10-31,264.19,0.000261,0.05
2016-11-01,263.62,0.000699,0.05
2016-11-02,263.48,0.000695,0.05
2016-11-03,263.2,0.000507,0.05
2016-11-04,262.9,0.000417,0.05
2016-11-05,263.51,0.00105,0.05
2016-11-06,263.67,0.000509,0.05
2016-11-07,264.0,0.000599,0.05
2016-11-08,265.68,0.000573,0.05
2016-11-09,267.59,1.3e-05,0.05
2016-11-10,267.58,0.000544,0.05
2016-11-11,267.2,0.00131,0.05
2016-11-12,264.94,0.002104,0.05
2016-11-13,263.98,0.002686,0.05
2016-11-14,263.18,0.003007,0.05
2016-11-15,261.32,0.002491,0.05
2016-11-16,260.73,0.000398,0.05
2016-11-17,261.66,8.8e-05,0.05
2016-11-18,263.03,0.00039,0.05
2016-11-19,263.53,0.000496,0.05
2016-11-20,264.05,0.000747,0.05
2016-11-21,264.44,0.000243,0.05
2016-11-22,265.45,0.000375,0.05
2016-11-23,264.54,0.000592,0.05
2016-11-24,264.57,0.00046,0.05
2016-11-25,264.08,0.000185,0.05
2016-11-26,264.77,0.000121,0.05
2016-11-27,265.45,0.001118,0.05
2016-11-28,265.22,0.000799,0.05
2016-11-29,264.78,0.000582,0.05
2016-11-30,265.25,0.000906,0.05
2016-12-01,263.45,0.001698,0.05
2016-12-02,262.56,0.001985,0.05
2016-12-03,261.2,1e-06,0.05
2016-12-04,263.29,0.0,0.05
2016-12-05,264.4,9.3e-05,0.05
2016-12-06,264.57,1e-06,0.05
2016-12-07,265.75,1e-06,0.05
2016-12-08,265.9,4e-06,0.05
2016-12-09,265.87,9e-06,0.05
2016-12-10,266.65,4e-05,0.05
2016-12-11,265.95,0.000152,0.05
2016-12-12,266.49,0.000183,0.05
2016-12-13,265.57,0.00068,0.05
2016-12-14,263.1,0.001928,0.05
2016-12-15,263.77,0.000249,0.05
2016-12-16,265.16,0.000376,0.05
2016-12-17,265.38,0.00102,0.05
2016-12-18,265.14,0.000726,0.05
2016-12-19,266.55,0.00068,0.05
2016-12-20,267.98,2.8e-05,0.05
2016-12-21,267.78,3e-06,0.05
2016-12-22,267.03,0.000427,0.05
2016-12-23,266.41,0.001284,0.05
2016-12-24,263.81,0.002858,0.05
2016-12-25,260.33,0.006465,0.05
2016-12-26,256.91,0.002638,0.05
2016-12-27,259.16,4.1e-05,0.05
2016-12-28,261.67,0.000462,0.05
2016-12-29,261.39,0.000532,0.05
2016-12-30,259.44,0.00112,0.05
2016-12-31,257.09,0.001085,0.05
2017-01-01,256.19,0.004255,0.05
2017-01-02,253.6,0.001007,0.05
2017-01-03,253.28,0.000395,0.05
2017-01-04,253.97,0.000664,0.05
2017-01-05,253.72,0.00188,0.05
2017-01-06,255.61,0.001129,0.05
2017-01-07,254.8,0.002217,0.05
2017-01-08,254.78,0.002323,0.05
2017-01-09,253.72,0.003852,0.05
2017-01-10,252.67,0.003939,0.05
2017-01-11,252.11,0.00253,0.05
2017-01-12,251.08,0.00091,0.05
2017-01-13,250.57,0.001134,0.05
2017-01-14,254.56,0.000866,0.05
2017-01-15,255.23,0.002048,0.05
2017-01-16,255.47,0.003405,0.05
2017-01-17,255.23,0.003621,0.05
2017-01-18,254.94,0.003139,0.05
2017-01-19,255.84,0.00366,0.05
2017-01-20,258.18,0.001818,0.05
2017-01-21,259.51,0.000913,0.05
2017-01-22,259.05,0.001272,0.05
2017-01-23,258.08,0.00157,0.05
2017-01-24,260.11,5.5e-05,0.05
2017-01-25,260.7,0.000561,0.05
2017-01-26,260.32,0.003743,0.05
2017-01-27,257.86,0.01961,0.05
2017-01-28,254.99,0.000174,0.05
2017-01-29,257.29,0.000902,0.05
2017-01-30,256.66,0.002164,0.05
2017-01-31,255.73,0.003622,0.05
2017-02-01,254.92,0.000886,0.05
2017-02-02,256.43,0.000677,0.05
2017-02-03,260.27,1e-06,0.05
2017-02-04,262.39,3e-06,0.05
2017-02-05,260.32,0.001902,0.05
2017-02-06,257.6,0.006737,0.05
2017-02-07,259.25,0.002288,0.05
2017-02-08,259.57,0.002771,0.05
2017-02-09,257.16,0.00492,0.05
2017-02-10,256.88,0.002638,0.05
2017-02-11,256.98,0.001907,0.05
2017-02-12,256.61,0.003118,0.05
2017-02-13,256.59,0.002321,0.05
2017-02-14,256.5,0.000108,0.05
2017-02-15,259.68,2.5e-05,0.05
2017-02-16,261.49,0.000143,0.05
2017-02-17,263.81,5.5e-05,0.05
2017-02-18,264.87,0.000197,0.05
2017-02-19,265.36,0.002406,0.05
2017-02-20,261.61,0.004441,0.05
2017-02-21,258.89,0.005471,0.05
2017-02-22,258.96,0.006695,0.05
2017-02-23,259.57,0.003312,0.05
2017-02-24,260.71,0.001802,0.05
2017-02-25,261.93,0.002612,0.05
2017-02-26,261.28,0.002226,0.05
2017-02-27,261.23,0.001678,0.05
2017-02-28,262.2,0.002251,0.05
2017-03-01,261.32,0.003252,0.05
2017-03-02,258.66,0.003713,0.05
2017-03-03,258.55,0.004065,0.05
2017-03-04,257.6,0.003483,0.05
2017-03-05,256.79,0.003308,0.05
2017-03-06,256.91,0.00471,0.05
2017-03-07,257.76,0.004419,0.05
2017-03-08,257.28,0.005976,0.05
2017-03-09,257.71,0.007099,0.05
2017-03-10,259.25,0.023329,0.05
2017-03-11,258.07,0.023719,0.05
2017-03-12,254.7,0.003319,0.05
2017-03-13,257.11,0.002507,0.05
2017-03-14,255.71,0.002855,0.05
2017-03-15,258.32,0.001963,0.05
2017-03-16,257.1,0.001701,0.05
2017-03-17,255.7,0.002857,0.05
2017-03-18,253.59,0.002622,0.05
2017-03-19,256.31,0.003374,0.05
2017-03-20,256.43,0.002164,0.05
2017-03-21,260.61,8.4e-05,0.05
2017-03-22,264.13,0.000116,0.05
2017-03-23,263.71,0.00065,0.05
2017-03-24,261.89,0.000882,0.05
2017-03-25,263.44,0.001112,0.05
2017-03-26,263.61,0.000807,0.05
2017-03-27,266.0,0.002529,0.05
2017-03-28,266.65,0.002174,0.05
2017-03-29,266.62,0.002087,0.05
2017-03-30,266.84,0.001764,0.05
2017-03-31,266.78,0.001446,0.05
2017-04-01,265.76,0.001916,0.05
2017-04-02,263.57,0.000952,0.05
2017-04-03,263.52,0.003118,0.05
2017-04-04,264.79,0.000938,0.05
2017-04-05,265.22,0.003744,0.05
2017-04-06,265.61,0.003537,0.05
2017-04-07,264.49,0.004049,0.05
2017-04-08,262.6,0.003672,0.05
2017-04-09,262.37,0.001593,0.05
2017-04-10,261.64,0.002906,0.05
2017-04-11,262.78,0.001809,0.05
2017-04-12,263.45,0.001665,0.05
2017-04-13,263.49,0.002053,0.05
2017-04-14,264.86,0.00497,0.05
2017-04-15,264.21,0.003422,0.05
2017-04-16,263.67,0.00037,0.05
2017-04-17,266.23,0.0007,0.05
2017-04-18,269.1,0.000995,0.05
2017-04-19,268.62,0.00551,0.05
2017-04-20,269.14,0.003198,0.05
2017-04-21,269.78,0.00279,0.05
2017-04-22,269.74,0.004145,0.05
2017-04-23,268.59,0.006274,0.05
2017-04-24,268.48,0.002883,0.05
2017-04-25,266.65,0.006024,0.05
2017-04-26,265.78,0.005382,0.05
2017-04-27,264.3,0.005605,0.05
2017-04-28,264.88,0.003224,0.05
2017-04-29,266.08,0.002572,0.05
2017-04-30,265.55,0.004398,0.05
2017-05-01,264.93,0.007098,0.05
2017-05-02,265.51,0.002514,0.05
2017-05-03,267.09,0.004715,0.05
2017-05-04,266.14,0.003671,0.05
2017-05-05,266.95,0.002093,0.05
2017-05-06,267.48,0.003497,0.05
2017-05-07,268.2,0.001889,0.05
2017-05-08,269.25,0.002981,0.05
2017-05-09,268.9,0.00711,0.05
2017-05-10,268.49,0.005604,0.05
2017-05-11,269.66,0.005466,0.05
2017-05-12,270.22,0.005281,0.05
2017-05-13,270.41,0.004578,0.05
2017-05-14,270.78,0.007266,0.05
2017-05-15,269.91,0.007371,0.05
2017-05-16,270.31,0.006459,0.05
2017-05-17,269.91,0.005293,0.05
2017-05-18,269.88,0.003497,0.05
2017-05-19,269.77,0.006115,0.05
2017-05-20,269.94,0.005989,0.05
2017-05-21,269.6,0.004337,0.05
2017-05-22,270.46,0.004439,0.05
2017-05-23,270.06,0.005709,0.05
2017-05-24,270.17,0.004961,0.05
2017-05-25,271.35,0.004555,0.05
2017-05-26,271.07,0.008015,0.05
2017-05-27,270.63,0.009295,0.05
2017-05-28,270.67,0.00687,0.05
2017-05-29,270.36,0.004727,0.05
2017-05-30,271.03,0.004163,0.05
2017-05-31,270.99,0.006828,0.05
2017-06-01,271.46,0.007411,0.05
2017-06-02,270.96,0.009529,0.05
2017-06-03,271.16,0.002614,0.05
2017-06-04,271.79,0.000937,0.05
2017-06-05,272.64,0.006467,0.05
2017-06-06,272.47,0.001879,0.05
2017-06-07,272.53,0.002933,0.05
2017-06-08,272.5,0.005606,0.05
2017-06-09,273.15,0.008399,0.05
2017-06-10,272.88,0.005636,0.05
2017-06-11,273.25,0.002207,0.05
2017-06-12,273.48,0.007681,0.05
2017-06-13,273.35,0.009356,0.05
2017-06-14,273.15,0.006588,0.05
2017-06-15,273.0,0.006295,0.05
2017-06-16,273.22,0.007051,0.05
2017-06-17,272.94,0.005904,0.05
2017-06-18,273.94,0.004927,0.05
2017-06-19,274.58,0.014839,0.05
2017-06-20,274.17,0.008372,0.05
2017-06-21,274.15,0.009757,0.05
2017-06-22,273.79,0.015843,0.05
2017-06-23,274.02,0.007869,0.05
2017-06-24,274.06,0.00987,0.05
2017-06-25,274.85,0.005689,0.05
2017-06-26,275.13,0.00782,0.05
2017-06-27,275.4,0.010489,0.05
2017-06-28,274.59,0.010309,0.05
2017-06-29,275.34,0.011471,0.05
2017-06-30,275.09,0.011621,0.05
2017-07-01,275.28,0.024373,0.05
2017-07-02,275.33,0.01298,0.05
2017-07-03,275.28,0.025715,0.05
2017-07-04,275.14,0.030878,0.05
2017-07-05,274.99,0.02276,0.05
2017-07-06,274.85,0.006985,0.05
2017-07-07,275.31,0.005975,0.05
2017-07-08,276.12,0.023936,0.05
2017-07-09,274.11,0.068917,0.05
2017-07-10,273.59,0.051,0.05
2017-07-11,273.31,0.017071,0.05
2017-07-12,273.53,0.005529,0.05
2017-07-13,274.28,0.003649,0.05
2017-07-14,275.08,0.006393,0.05
2017-07-15,274.75,0.005656,0.05
2017-07-16,274.73,0.006641,0.05
2017-07-17,275.02,0.006008,0.05
2017-07-18,274.84,0.004889,0.05
2017-07-19,274.7,0.005125,0.05
2017-07-20,275.05,0.00505,0.05
2017-07-21,275.06,0.008397,0.05
2017-07-22,274.27,0.005639,0.05
2017-07-23,274.75,0.006299,0.05
2017-07-24,274.95,0.006804,0.05
2017-07-25,275.07,0.005491,0.05
2017-07-26,274.08,0.005452,0.05
2017-07-27,274.32,0.003562,0.05
2017-07-28,275.09,0.007546,0.05
2017-07-29,274.71,0.021039,0.05
2017-07-30,274.52,0.011906,0.05
2017-07-31,274.9,0.006827,0.05
2017-08-01,275.59,0.007401,0.05
2017-08-02,275.8,0.021147,0.05
2017-08-03,275.84,0.026148,0.05
2017-08-04,276.05,0.005992,0.05
2017-08-05,276.05,0.003771,0.05
2017-08-06,275.86,0.003331,0.05
2017-08-07,275.89,0.004669,0.05
2017-08-08,276.32,0.025372,0.05
2017-08-09,275.37,0.037159,0.05
2017-08-10,275.76,0.008961,0.05
2017-08-11,276.16,0.038955,0.05
2017-08-12,273.84,0.062844,0.05
2017-08-13,274.07,0.015651,0.05
2017-08-14,274.61,0.010256,0.05
2017-08-15,275.29,0.005334,0.05
2017-08-16,275.51,0.008722,0.05
2017-08-17,275.72,0.008382,0.05
2017-08-18,274.69,0.021139,0.05
2017-08-19,274.58,0.009877,0.05
2017-08-20,274.47,0.014333,0.05
2017-08-21,274.18,0.011198,0.05
2017-08-22,274.49,0.007952,0.05
2017-08-23,274.38,0.004687,0.05
2017-08-24,273.81,0.004162,0.05
2017-08-25,274.13,0.00235,0.05
2017-08-26,274.66,0.004035,0.05
2017-08-27,274.16,0.007004,0.05
2017-08-28,274.52,0.004097,0.05
2017-08-29,274.01,0.003985,0.05
2017-08-30,274.56,0.00413,0.05
2017-08-31,274.74,0.012695,0.05
2017-09-01,274.27,0.033168,0.05
2017-09-02,273.62,0.021931,0.05
2017-09-03,273.89,0.008116,0.05
2017-09-04,273.6,0.003277,0.05
2017-09-05,274.49,0.004074,0.05
2017-09-06,273.78,0.000996,0.05
2017-09-07,273.33,0.001634,0.05
2017-09-08,273.71,0.001579,0.05
2017-09-09,273.52,0.00302,0.05
2017-09-10,273.56,0.004665,0.05
2017-09-11,273.5,0.010288,0.05
2017-09-12,273.53,0.008244,0.05
2017-09-13,273.75,0.006129,0.05
2017-09-14,273.62,0.003318,0.05
2017-09-15,273.55,0.001521,0.05
2017-09-16,273.76,0.001407,0.05
2017-09-17,273.91,0.002089,0.05
2017-09-18,273.88,0.003472,0.05
2017-09-19,274.12,0.004579,0.05
2017-09-20,273.96,0.018013,0.05
2017-09-21,272.39,0.010525,0.05
2017-09-22,273.02,0.004674,0.05
2017-09-23,273.4,0.003433,0.05
2017-09-24,273.64,0.002968,0.05
2017-09-25,272.91,0.002918,0.05
2017-09-26,272.76,0.001751,0.05
2017-09-27,273.52,0.00295,0.05
2017-09-28,273.05,0.005143,0.05
2017-09-29,272.99,0.003758,0.05
2017-09-30,273.39,0.003858,0.05
2017-10-01,273.01,0.014704,0.05
2017-10-02,272.04,0.00721,0.05
2017-10-03,272.16,0.001539,0.05
2017-10-04,272.49,0.002293,0.05
2017-10-05,272.48,0.001312,0.05
2017-10-06,272.17,0.003036,0.05
2017-10-07,272.12,0.002322,0.05
2017-10-08,271.9,0.002058,0.05
2017-10-09,270.88,0.000684,0.05
2017-10-10,272.03,0.014509,0.05
2017-10-11,271.19,0.008343,0.05
2017-10-12,271.29,0.001417,0.05
2017-10-13,270.28,0.003515,0.05
2017-10-14,269.61,0.006015,0.05
2017-10-15,269.41,0.000994,0.05
2017-10-16,269.37,0.000377,0.05
2017-10-17,270.93,0.000183,0.05
2017-10-18,271.21,4.2e-05,0.05
2017-10-19,271.76,7.9e-05,0.05
2017-10-20,270.79,0.00033,0.05
2017-10-21,270.16,0.004608,0.05
2017-10-22,270.47,0.003799,0.05
2017-10-23,267.46,0.005639,0.05
2017-10-24,266.65,0.005158,0.05
2017-10-25,265.95,0.001895,0.05
2017-10-26,266.86,0.001301,0.05
2017-10-27,265.94,0.001115,0.05
2017-10-28,263.66,0.002834,0.05
2017-10-29,262.05,0.00101,0.05
2017-10-30,261.83,0.002486,0.05
2017-10-31,262.85,0.000544,0.05
2017-11-01,262.75,0.000806,0.05
2017-11-02,262.95,0.000798,0.05
2017-11-03,262.43,0.000606,0.05
2017-11-04,262.12,0.001373,0.05
2017-11-05,263.73,0.000425,0.05
2017-11-06,264.59,0.000233,0.05
2017-11-07,264.43,4.6e-05,0.05
2017-11-08,263.34,0.000787,0.05
2017-11-09,262.95,0.001004,0.05
2017-11-10,262.45,0.000314,0.05
2017-11-11,263.67,0.000148,0.05
2017-11-12,264.22,0.000572,0.05
2017-11-13,264.8,0.001101,0.05
2017-11-14,264.77,0.001005,0.05
2017-11-15,264.48,0.000882,0.05
2017-11-16,264.48,0.00109,0.05
2017-11-17,263.94,0.00168,0.05
2017-11-18,263.56,0.001772,0.05
2017-11-19,262.74,0.001693,0.05
2017-11-20,262.24,0.002792,0.05
2017-11-21,262.85,0.00236,0.05
2017-11-22,260.74,0.003226,0.05
2017-11-23,261.12,0.001371,0.05
2017-11-24,260.57,0.001287,0.05
2017-11-25,262.24,0.00101,0.05
2017-11-26,261.96,0.001548,0.05
2017-11-27,259.93,0.00374,0.05
2017-11-28,260.26,0.002583,0.05
2017-11-29,260.47,0.001484,0.05
2017-11-30,260.72,0.001452,0.05
2017-12-01,261.97,0.000929,0.05
2017-12-02,263.86,0.000561,0.05
2017-12-03,266.58,0.000277,0.05
2017-12-04,267.18,0.000406,0.05
2017-12-05,266.71,0.000938,0.05
2017-12-06,267.19,0.001005,0.05
2017-12-07,266.87,0.001258,0.05
2017-12-08,265.79,0.001692,0.05
2017-12-09,264.09,0.000422,0.05
2017-12-10,264.26,0.000405,0.05
2017-12-11,264.7,0.000841,0.05
2017-12-12,261.1,0.002656,0.05
2017-12-13,260.93,0.003128,0.05
2017-12-14,260.3,0.00233,0.05
2017-12-15,261.13,0.001766,0.05
2017-12-16,260.97,0.002303,0.05
2017-12-17,262.44,0.001687,0.05
2017-12-18,263.51,0.00071,0.05
2017-12-19,264.26,0.000344,0.05
2017-12-20,264.25,0.001096,0.05
2017-12-21,263.61,0.001221,0.05
2017-12-22,263.56,0.001559,0.05
2017-12-23,262.93,0.001334,0.05
2017-12-24,259.83,0.002889,0.05
2017-12-25,256.87,0.003578,0.05
2017-12-26,257.58,8.8e-05,0.05
2017-12-27,261.12,2e-06,0.05
2017-12-28,261.16,8e-06,0.05
2017-12-29,259.5,0.000892,0.05
2017-12-30,257.59,0.001509,0.05
2017-12-31,256.71,0.001487,0.05
2018-01-01,256.13,0.003211,0.05
2018-01-02,253.08,0.000799,0.05
2018-01-03,253.82,0.000472,0.05
2018-01-04,256.72,0.000936,0.05
2018-01-05,253.96,0.00377,0.05
2018-01-06,255.57,0.001649,0.05
2018-01-07,259.0,0.000627,0.05
2018-01-08,262.75,4.2e-05,0.05
2018-01-09,263.73,1e-06,0.05
2018-01-10,265.24,1e-06,0.05
2018-01-11,266.29,0.0,0.05
2018-01-12,265.67,0.000176,0.05
2018-01-13,263.13,0.001233,0.05
2018-01-14,262.57,0.000925,0.05
2018-01-15,259.79,0.000529,0.05
2018-01-16,261.61,0.00035,0.05
2018-01-17,262.02,0.000801,0.05
2018-01-18,262.56,0.000931,0.05
2018-01-19,262.81,0.0009,0.05
2018-01-20,262.17,0.000649,0.05
2018-01-21,263.41,0.000154,0.05
2018-01-22,265.33,0.000405,0.05
2018-01-23,262.32,0.003595,0.05
2018-01-24,255.58,0.012364,0.05
2018-01-25,255.36,0.001661,0.05
2018-01-26,254.41,0.002922,0.05
2018-01-27,256.4,0.002086,0.05
2018-01-28,261.07,0.000338,0.05
2018-01-29,263.22,0.000218,0.05
2018-01-30,263.76,0.000278,0.05
2018-01-31,263.57,0.000339,0.05
2018-02-01,262.61,0.001942,0.05
2018-02-02,261.43,0.001556,0.05
2018-02-03,259.93,0.002636,0.05
2018-02-04,261.0,0.002162,0.05
2018-02-05,262.17,0.002846,0.05
2018-02-06,262.16,0.004265,0.05
2018-02-07,260.5,0.004835,0.05
2018-02-08,258.48,0.003995,0.05
2018-02-09,256.64,0.004037,0.05
2018-02-10,257.01,0.002097,0.05
2018-02-11,257.28,0.003515,0.05
2018-02-12,258.19,0.006086,0.05
2018-02-13,257.73,0.006878,0.05
2018-02-14,256.45,0.003913,0.05
2018-02-15,259.8,0.000238,0.05
2018-02-16,259.34,0.002608,0.05
2018-02-17,259.01,0.006143,0.05
2018-02-18,259.22,0.003483,0.05
2018-02-19,259.68,0.001224,0.05
2018-02-20,260.13,0.001561,0.05
2018-02-21,259.12,0.002583,0.05
2018-02-22,257.77,0.004313,0.05
2018-02-23,258.91,0.002659,0.05
2018-02-24,259.65,0.001883,0.05
2018-02-25,259.02,0.003581,0.05
2018-02-26,259.74,0.000439,0.05
2018-02-27,263.22,0.000562,0.05
2018-02-28,261.95,0.000987,0.05
2018-03-01,261.81,0.00135,0.05
2018-03-02,260.03,0.001898,0.05
2018-03-03,261.55,0.002082,0.05
2018-03-04,260.21,0.003735,0.05
2018-03-05,258.86,0.004268,0.05
2018-03-06,257.48,0.00238,0.05
2018-03-07,259.6,0.00225,0.05
2018-03-08,260.17,0.00278,0.05
2018-03-09,259.16,0.004927,0.05
2018-03-10,259.44,0.003832,0.05
2018-03-11,259.93,0.003006,0.05
2018-03-12,259.99,0.002618,0.05
2018-03-13,261.75,0.000657,0.05
2018-03-14,262.71,0.002618,0.05
2018-03-15,261.55,0.005098,0.05
2018-03-16,260.42,0.003798,0.05
2018-03-17,258.68,0.007215,0.05
2018-03-18,260.12,0.001239,0.05
2018-03-19,262.64,0.001598,0.05
2018-03-20,263.03,0.001622,0.05
2018-03-21,263.31,0.001857,0.05
2018-03-22,261.26,0.003733,0.05
2018-03-23,261.04,0.002557,0.05
2018-03-24,263.21,0.001494,0.05
2018-03-25,263.06,0.003021,0.05
2018-03-26,262.12,0.005143,0.05
2018-03-27,263.81,0.000632,0.05
2018-03-28,264.04,0.00317,0.05
2018-03-29,263.28,0.003001,0.05
2018-03-30,260.44,0.006033,0.05
2018-03-31,261.52,0.004817,0.05
2018-04-01,262.03,0.002726,0.05
2018-04-02,263.38,0.002309,0.05
2018-04-03,264.33,0.001501,0.05
2018-04-04,264.94,0.004934,0.05
2018-04-05,264.87,0.001552,0.05
2018-04-06,265.75,0.004797,0.05
2018-04-07,266.31,0.005479,0.05
2018-04-08,264.52,0.004415,0.05
2018-04-09,265.23,0.001152,0.05
2018-04-10,266.16,0.001676,0.05
2018-04-11,265.34,0.003731,0.05
2018-04-12,264.69,0.006795,0.05
2018-04-13,263.58,0.002636,0.05
2018-04-14,265.16,0.002984,0.05
2018-04-15,264.25,0.005388,0.05
2018-04-16,265.39,0.001887,0.05
2018-04-17,265.88,0.006977,0.05
2018-04-18,265.89,0.003037,0.05
2018-04-19,266.39,0.004593,0.05
2018-04-20,266.45,0.005652,0.05
2018-04-21,266.08,0.004448,0.05
2018-04-22,266.04,0.004116,0.05
2018-04-23,265.07,0.002884,0.05
2018-04-24,264.24,0.0024,0.05
2018-04-25,265.37,0.01207,0.05
2018-04-26,265.3,0.004492,0.05
2018-04-27,264.95,0.005054,0.05
2018-04-28,265.43,0.002822,0.05
2018-04-29,266.16,0.006574,0.05
2018-04-30,267.05,0.007581,0.05
2018-05-01,265.96,0.005859,0.05
2018-05-02,265.82,0.002971,0.05
2018-05-03,266.99,0.004694,0.05
2018-05-04,265.63,0.005115,0.05
2018-05-05,267.28,0.005714,0.05
2018-05-06,267.38,0.002665,0.05
2018-05-07,267.22,0.003191,0.05
2018-05-08,266.73,0.004197,0.05
2018-05-09,265.44,0.009901,0.05
2018-05-10,264.42,0.004691,0.05
2018-05-11,266.27,0.002633,0.05
2018-05-12,266.78,0.012139,0.05
2018-05-13,268.21,0.002593,0.05
2018-05-14,268.31,0.007048,0.05
2018-05-15,266.71,0.004303,0.05
2018-05-16,269.49,0.001743,0.05
2018-05-17,269.81,0.003197,0.05
2018-05-18,270.73,0.005284,0.05
2018-05-19,271.12,0.004013,0.05
2018-05-20,271.98,0.002892,0.05
2018-05-21,273.79,0.002824,0.05
2018-05-22,272.22,0.005275,0.05
2018-05-23,272.76,0.005132,0.05
2018-05-24,271.9,0.006535,0.05
2018-05-25,272.48,0.003524,0.05
2018-05-26,271.67,0.006172,0.05
2018-05-27,270.56,0.008265,0.05
2018-05-28,269.05,0.007754,0.05
2018-05-29,270.05,0.005665,0.05
2018-05-30,270.71,0.005562,0.05
2018-05-31,271.44,0.006425,0.05
2018-06-01,272.07,0.009676,0.05
2018-06-02,271.33,0.004094,0.05
2018-06-03,272.11,0.005272,0.05
2018-06-04,271.79,0.006546,0.05
2018-06-05,272.37,0.006006,0.05
2018-06-06,273.51,0.005777,0.05
2018-06-07,274.23,0.009189,0.05
2018-06-08,274.04,0.007536,0.05
2018-06-09,274.14,0.003584,0.05
2018-06-10,274.14,0.007026,0.05
2018-06-11,274.6,0.010758,0.05
2018-06-12,274.64,0.020994,0.05
2018-06-13,273.99,0.012475,0.05
2018-06-14,273.83,0.0164,0.05
2018-06-15,274.05,0.015062,0.05
2018-06-16,273.58,0.011832,0.05
2018-06-17,273.29,0.007905,0.05
2018-06-18,273.5,0.00568,0.05
2018-06-19,273.92,0.003762,0.05
2018-06-20,274.33,0.007934,0.05
2018-06-21,274.5,0.007477,0.05
2018-06-22,275.06,0.007242,0.05
2018-06-23,275.18,0.008603,0.05
2018-06-24,275.27,0.017522,0.05
2018-06-25,274.8,0.00988,0.05
2018-06-26,274.11,0.014337,0.05
2018-06-27,274.69,0.012102,0.05
2018-06-28,274.98,0.012912,0.05
2018-06-29,274.18,0.019667,0.05
2018-06-30,275.11,0.014699,0.05
2018-07-01,275.16,0.023492,0.05
2018-07-02,274.57,0.028643,0.05
2018-07-03,274.23,0.04685,0.05
2018-07-04,275.11,0.020844,0.05
2018-07-05,275.23,0.004858,0.05
2018-07-06,276.02,0.005642,0.05
2018-07-07,276.29,0.015615,0.05
2018-07-08,275.81,0.023699,0.05
2018-07-09,275.38,0.020533,0.05
2018-07-10,274.97,0.024542,0.05
2018-07-11,274.9,0.030106,0.05
2018-07-12,275.03,0.018531,0.05
2018-07-13,275.58,0.014749,0.05
2018-07-14,275.77,0.011472,0.05
2018-07-15,275.61,0.022396,0.05
2018-07-16,275.57,0.012662,0.05
2018-07-17,275.53,0.002814,0.05
2018-07-18,275.25,0.005821,0.05
2018-07-19,275.7,0.0053,0.05
2018-07-20,275.69,0.010525,0.05
2018-07-21,275.24,0.006226,0.05
2018-07-22,275.69,0.00735,0.05
2018-07-23,275.49,0.008911,0.05
2018-07-24,275.79,0.010634,0.05
2018-07-25,275.04,0.015911,0.05
2018-07-26,275.06,0.007414,0.05
2018-07-27,275.11,0.007913,0.05
2018-07-28,275.07,0.005101,0.05
2018-07-29,275.18,0.007641,0.05
2018-07-30,274.84,0.012943,0.05
2018-07-31,274.55,0.023918,0.05
2018-08-01,273.9,0.039903,0.05
2018-08-02,274.65,0.009235,0.05
2018-08-03,274.48,0.011817,0.05
2018-08-04,274.94,0.017472,0.05
2018-08-05,274.31,0.047002,0.05
2018-08-06,274.31,0.00571,0.05
2018-08-07,274.24,0.003322,0.05
2018-08-08,274.31,0.004077,0.05
2018-08-09,274.98,0.006551,0.05
2018-08-10,275.13,0.013125,0.05
2018-08-11,275.2,0.029226,0.05
2018-08-12,274.59,0.016304,0.05
2018-08-13,274.93,0.023114,0.05
2018-08-14,275.3,0.0092,0.05
2018-08-15,275.11,0.006052,0.05
2018-08-16,275.29,0.005613,0.05
2018-08-17,275.4,0.010499,0.05
2018-08-18,275.4,0.006092,0.05
2018-08-19,275.67,0.004332,0.05
2018-08-20,275.2,0.003015,0.05
2018-08-21,275.3,0.005473,0.05
2018-08-22,275.22,0.004868,0.05
2018-08-23,275.54,0.009165,0.05
2018-08-24,274.78,0.027516,0.05
2018-08-25,275.0,0.00647,0.05
2018-08-26,275.46,0.024651,0.05
2018-08-27,274.6,0.036371,0.05
2018-08-28,274.31,0.022802,0.05
2018-08-29,274.8,0.023298,0.05
2018-08-30,274.59,0.035415,0.05
2018-08-31,274.62,0.008897,0.05
2018-09-01,274.68,0.003763,0.05
2018-09-02,274.48,0.008544,0.05
2018-09-03,274.5,0.00571,0.05
2018-09-04,274.53,0.005707,0.05
2018-09-05,274.23,0.003168,0.05
2018-09-06,274.4,0.005215,0.05
2018-09-07,273.55,0.007492,0.05
2018-09-08,274.16,0.00223,0.05
2018-09-09,275.17,0.008439,0.05
2018-09-10,274.61,0.013335,0.05
2018-09-11,274.52,0.012494,0.05
2018-09-12,273.23,0.011147,0.05
2018-09-13,272.94,0.012585,0.05
2018-09-14,272.52,0.013066,0.05
2018-09-15,272.83,0.005109,0.05
2018-09-16,272.61,0.003691,0.05
2018-09-17,272.07,0.001102,0.05
2018-09-18,272.05,0.001395,0.05
2018-09-19,272.2,0.001699,0.05
2018-09-20,272.91,0.007224,0.05
2018-09-21,272.37,0.007008,0.05
2018-09-22,271.88,0.003404,0.05
2018-09-23,272.7,0.004,0.05
2018-09-24,273.1,0.002301,0.05
2018-09-25,273.24,0.002087,0.05
2018-09-26,272.34,0.002595,0.05
2018-09-27,271.96,0.002913,0.05
2018-09-28,271.49,0.002148,0.05
2018-09-29,270.98,0.00176,0.05
2018-09-30,272.05,0.002236,0.05
2018-10-01,271.17,0.002362,0.05
2018-10-02,270.31,0.004231,0.05
2018-10-03,269.34,0.004598,0.05
2018-10-04,268.08,0.003813,0.05
2018-10-05,267.51,0.002318,0.05
2018-10-06,266.25,0.002624,0.05
2018-10-07,265.07,0.003867,0.05
2018-10-08,264.9,0.001947,0.05
2018-10-09,267.17,0.001948,0.05
2018-10-10,268.03,0.001097,0.05
2018-10-11,268.2,0.00115,0.05
2018-10-12,266.77,0.001841,0.05
2018-10-13,265.83,0.00346,0.05
2018-10-14,265.41,0.003966,0.05
2018-10-15,265.79,0.003142,0.05
2018-10-16,267.4,0.002658,0.05
2018-10-17,266.75,0.00525,0.05
2018-10-18,264.99,0.005653,0.05
2018-10-19,264.48,0.004832,0.05
2018-10-20,264.72,0.003752,0.05
2018-10-21,263.75,0.003611,0.05
2018-10-22,262.37,0.003409,0.05
2018-10-23,261.48,0.003983,0.05
2018-10-24,261.23,0.001632,0.05
2018-10-25,261.12,0.000353,0.05
2018-10-26,261.66,0.000297,0.05
2018-10-27,261.72,0.000478,0.05
2018-10-28,261.2,0.00018,0.05
2018-10-29,261.83,0.001522,0.05
2018-10-30,262.11,0.000225,0.05
2018-10-31,263.34,0.000673,0.05
2018-11-01,264.69,0.000651,0.05
2018-11-02,264.85,0.001899,0.05
2018-11-03,264.25,0.004018,0.05
2018-11-04,262.97,0.004095,0.05
2018-11-05,263.07,0.003071,0.05
2018-11-06,261.9,0.001632,0.05
2018-11-07,261.38,0.000151,0.05
2018-11-08,262.73,0.001241,0.05
2018-11-09,262.81,0.000489,0.05
2018-11-10,261.35,0.001033,0.05
2018-11-11,263.03,0.001185,0.05
2018-11-12,263.9,0.001542,0.05
2018-11-13,262.19,0.002985,0.05
2018-11-14,260.91,0.003928,0.05
2018-11-15,261.59,0.002229,0.05
2018-11-16,263.29,0.002222,0.05
2018-11-17,262.77,0.001658,0.05
2018-11-18,263.19,0.001794,0.05
2018-11-19,263.28,0.001722,0.05
2018-11-20,261.46,0.001636,0.05
2018-11-21,261.99,9.3e-05,0.05
2018-11-22,264.9,0.000571,0.05
2018-11-23,263.66,0.000655,0.05
2018-11-24,262.95,0.000176,0.05
2018-11-25,264.51,3.6e-05,0.05
2018-11-26,263.15,4.4e-05,0.05
2018-11-27,264.03,0.0,0.05
2018-11-28,265.0,3.2e-05,0.05
2018-11-29,263.27,0.001164,0.05
2018-11-30,262.16,0.002898,0.05
2018-12-01,261.3,0.001198,0.05
2018-12-02,261.13,0.0013,0.05
2018-12-03,262.45,0.00098,0.05
2018-12-04,264.07,0.000837,0.05
2018-12-05,261.39,0.001877,0.05
2018-12-06,258.91,0.0031,0.05
2018-12-07,256.77,0.002134,0.05
2018-12-08,258.08,0.000899,0.05
2018-12-09,257.97,0.001337,0.05
2018-12-10,256.77,0.00181,0.05
2018-12-11,255.15,0.00153,0.05
2018-12-12,255.17,0.000192,0.05
2018-12-13,255.85,0.001319,0.05
2018-12-14,255.09,0.000401,0.05
2018-12-15,256.74,0.000484,0.05
2018-12-16,259.1,0.000317,0.05
2018-12-17,261.81,0.005088,0.05
2018-12-18,260.83,0.00526,0.05
2018-12-19,260.32,4e-06,0.05
2018-12-20,259.95,0.001522,0.05
2018-12-21,258.36,0.001561,0.05
2018-12-22,259.24,0.001234,0.05
2018-12-23,261.24,0.000927,0.05
2018-12-24,259.85,0.001952,0.05
2018-12-25,258.3,0.002486,0.05
2018-12-26,258.34,0.002566,0.05
2018-12-27,253.4,0.003457,0.05
2018-12-28,250.61,0.001835,0.05
2018-12-29,251.75,2e-06,0.05
2018-12-30,255.14,3.1e-05,0.05
2018-12-31,255.71,0.000107,0.05
2019-01-01,256.34,0.000815,0.05
2019-01-02,253.36,0.001154,0.05
2019-01-03,251.81,0.002294,0.05
2019-01-04,256.04,0.000633,0.05
2019-01-05,255.93,0.00117,0.05
2019-01-06,253.31,0.0028,0.05
2019-01-07,252.94,0.012892,0.05
2019-01-08,251.86,0.000759,0.05
2019-01-09,252.13,0.003293,0.05
2019-01-10,253.97,0.001426,0.05
2019-01-11,254.48,0.001354,0.05
2019-01-12,254.41,0.001845,0.05
2019-01-13,253.08,0.001611,0.05
2019-01-14,251.87,0.002466,0.05
2019-01-15,253.0,0.0,0.05
2019-01-16,257.48,3.3e-05,0.05
2019-01-17,255.53,0.001721,0.05
2019-01-18,252.09,0.000312,0.05
2019-01-19,254.12,0.000615,0.05
2019-01-20,255.4,0.001114,0.05
2019-01-21,255.09,0.001113,0.05
2019-01-22,255.26,0.008646,0.05
2019-01-23,255.66,0.019223,0.05
2019-01-24,252.51,0.004912,0.05
2019-01-25,254.63,0.012056,0.05
2019-01-26,254.88,0.007054,0.05
2019-01-27,252.5,0.004399,0.05
2019-01-28,250.86,0.002444,0.05
2019-01-29,250.82,0.000525,0.05
2019-01-30,256.42,1e-06,0.05
2019-01-31,256.67,0.002759,0.05
2019-02-01,255.59,0.010441,0.05
2019-02-02,253.89,0.001892,0.05
2019-02-03,253.9,0.002616,0.05
2019-02-04,255.56,0.000653,0.05
2019-02-05,257.21,0.002114,0.05
2019-02-06,255.92,0.00291,0.05
2019-02-07,257.37,0.033881,0.05
2019-02-08,257.39,0.01741,0.05
2019-02-09,253.98,0.008805,0.05
2019-02-10,256.33,0.000426,0.05
2019-02-11,255.27,0.001956,0.05
2019-02-12,257.28,0.000333,0.05
2019-02-13,258.27,0.000287,0.05
2019-02-14,257.58,0.003302,0.05
2019-02-15,257.07,0.005746,0.05
2019-02-16,254.95,0.004372,0.05
2019-02-17,254.62,0.000611,0.05
2019-02-18,255.62,0.003703,0.05
2019-02-19,255.46,0.0037,0.05
2019-02-20,258.01,0.001953,0.05
2019-02-21,258.5,0.001016,0.05
2019-02-22,257.62,0.002804,0.05
2019-02-23,257.62,0.00292,0.05
2019-02-24,256.62,0.007733,0.05
2019-02-25,253.89,0.0103,0.05
2019-02-26,252.56,0.006157,0.05
2019-02-27,255.03,0.02136,0.05
2019-02-28,251.43,0.005938,0.05
2019-03-01,252.72,0.002528,0.05
2019-03-02,257.68,0.000553,0.05
2019-03-03,256.39,0.004151,0.05
2019-03-04,255.39,0.004555,0.05
2019-03-05,255.38,0.004178,0.05
2019-03-06,254.49,0.003488,0.05
2019-03-07,255.61,0.003356,0.05
2019-03-08,254.89,0.002914,0.05
2019-03-09,257.55,0.003064,0.05
2019-03-10,258.41,0.002124,0.05
2019-03-11,258.03,0.002367,0.05
2019-03-12,259.01,0.00182,0.05
2019-03-13,260.79,0.001252,0.05
2019-03-14,259.96,0.004036,0.05
2019-03-15,257.41,0.003429,0.05
2019-03-16,258.82,0.001148,0.05
2019-03-17,259.96,0.002887,0.05
2019-03-18,257.99,0.004049,0.05
2019-03-19,259.17,0.002695,0.05
2019-03-20,257.92,0.002461,0.05
2019-03-21,258.68,0.002583,0.05
2019-03-22,258.48,0.002174,0.05
2019-03-23,259.13,0.001093,0.05
2019-03-24,260.96,0.000977,0.05
2019-03-25,261.11,0.00302,0.05
2019-03-26,259.09,0.005085,0.05
2019-03-27,260.27,7e-06,0.05
2019-03-28,263.9,0.000161,0.05
2019-03-29,265.41,0.000291,0.05
2019-03-30,263.01,0.001992,0.05
2019-03-31,261.85,0.000704,0.05
2019-04-01,259.83,0.001597,0.05
2019-04-02,260.18,0.000428,0.05
2019-04-03,262.8,0.000959,0.05
2019-04-04,264.44,0.000985,0.05
2019-04-05,264.02,0.000728,0.05
2019-04-06,264.82,0.010216,0.05
2019-04-07,262.85,0.006543,0.05
2019-04-08,263.78,0.00164,0.05
2019-04-09,263.36,0.002686,0.05
2019-04-10,264.95,1.8e-05,0.05
2019-04-11,265.21,3.6e-05,0.05
2019-04-12,266.21,0.000342,0.05
2019-04-13,265.96,0.001216,0.05
2019-04-14,265.28,0.001447,0.05
2019-04-15,266.2,0.001384,0.05
2019-04-16,267.35,0.003481,0.05
2019-04-17,265.42,0.008746,0.05
2019-04-18,263.02,0.006621,0.05
2019-04-19,262.7,0.003095,0.05
2019-04-20,263.15,0.001801,0.05
2019-04-21,263.42,0.004269,0.05
2019-04-22,264.03,0.005605,0.05
2019-04-23,264.82,0.001363,0.05
2019-04-24,265.37,0.000152,0.05
2019-04-25,266.28,0.000588,0.05
2019-04-26,267.57,0.000895,0.05
2019-04-27,267.98,0.000943,0.05
2019-04-28,268.27,0.0012,0.05
2019-04-29,268.18,0.002161,0.05
2019-04-30,267.33,0.002395,0.05
2019-05-01,267.37,0.004175,0.05
2019-05-02,267.85,0.004827,0.05
2019-05-03,269.67,0.006532,0.05
2019-05-04,269.98,0.007611,0.05
2019-05-05,268.08,0.008469,0.05
2019-05-06,267.89,0.003064,0.05
2019-05-07,268.83,0.005271,0.05
2019-05-08,268.83,0.004222,0.05
2019-05-09,268.46,0.003269,0.05
2019-05-10,268.66,0.00273,0.05
2019-05-11,267.48,0.00324,0.05
2019-05-12,266.66,0.003242,0.05
2019-05-13,266.85,0.008162,0.05
2019-05-14,267.65,0.002442,0.05
2019-05-15,268.19,0.005904,0.05
2019-05-16,268.24,0.00391,0.05
2019-05-17,267.84,0.003463,0.05
2019-05-18,267.44,0.00594,0.05
2019-05-19,267.59,0.0062,0.05
2019-05-20,268.39,0.002153,0.05
2019-05-21,269.19,0.002613,0.05
2019-05-22,269.16,0.003742,0.05
2019-05-23,269.25,0.004766,0.05
2019-05-24,270.63,0.001836,0.05
2019-05-25,270.05,0.005558,0.05
2019-05-26,269.24,0.003311,0.05
2019-05-27,269.63,0.002846,0.05
2019-05-28,269.52,0.00458,0.05
2019-05-29,269.14,0.003264,0.05
2019-05-30,269.8,0.006919,0.05
2019-05-31,270.47,0.00607,0.05
2019-06-01,270.32,0.006436,0.05
2019-06-02,270.65,0.004644,0.05
2019-06-03,270.77,0.0039,0.05
2019-06-04,273.12,0.007933,0.05
2019-06-05,273.84,0.005144,0.05
2019-06-06,273.76,0.002423,0.05
2019-06-07,273.08,0.010092,0.05
2019-06-08,272.08,0.005715,0.05
2019-06-09,271.49,0.006736,0.05
2019-06-10,272.5,0.007099,0.05
2019-06-11,273.43,0.002821,0.05
2019-06-12,274.19,0.005304,0.05
2019-06-13,274.37,0.003641,0.05
2019-06-14,274.7,0.004427,0.05
2019-06-15,274.5,0.006821,0.05
2019-06-16,274.0,0.006844,0.05
2019-06-17,273.34,0.01074,0.05
2019-06-18,272.62,0.010705,0.05
2019-06-19,273.69,0.011267,0.05
2019-06-20,274.49,0.009452,0.05
2019-06-21,274.5,0.002754,0.05
2019-06-22,273.9,0.010675,0.05
2019-06-23,273.91,0.004059,0.05
2019-06-24,274.52,0.002486,0.05
2019-06-25,275.2,0.004851,0.05
2019-06-26,275.07,0.006864,0.05
2019-06-27,274.87,0.009658,0.05
2019-06-28,275.17,0.009921,0.05
2019-06-29,274.73,0.005672,0.05
2019-06-30,274.71,0.008847,0.05
2019-07-01,275.31,0.002256,0.05
2019-07-02,275.4,0.001927,0.05
2019-07-03,275.92,0.002474,0.05
2019-07-04,275.92,0.014402,0.05
2019-07-05,275.25,0.007262,0.05
2019-07-06,275.14,0.006939,0.05
2019-07-07,274.97,0.014221,0.05
2019-07-08,275.38,0.022733,0.05
2019-07-09,274.85,0.035685,0.05
2019-07-10,274.88,0.033805,0.05
2019-07-11,274.43,0.044379,0.05
2019-07-12,273.81,0.07528,0.05
2019-07-13,273.51,0.043211,0.05
2019-07-14,273.53,0.009576,0.05
2019-07-15,273.84,0.018039,0.05
2019-07-16,273.69,0.009785,0.05
2019-07-17,274.0,0.004756,0.05
2019-07-18,274.26,0.001955,0.05
2019-07-19,274.2,0.005421,0.05
2019-07-20,274.38,0.008904,0.05
2019-07-21,274.92,0.007724,0.05
2019-07-22,275.33,0.007844,0.05
2019-07-23,275.35,0.01866,0.05
2019-07-24,274.36,0.02584,0.05
2019-07-25,274.77,0.011847,0.05
2019-07-26,274.91,0.011983,0.05
2019-07-27,275.07,0.011989,0.05
2019-07-28,275.53,0.005714,0.05
2019-07-29,275.2,0.006863,0.05
2019-07-30,275.28,0.004067,0.05
2019-07-31,275.61,0.008092,0.05
2019-08-01,275.05,0.012601,0.05
2019-08-02,274.93,0.017332,0.05
2019-08-03,275.39,0.011214,0.05
2019-08-04,275.82,0.008214,0.05
2019-08-05,275.16,0.013809,0.05
2019-08-06,274.96,0.004435,0.05
2019-08-07,275.44,0.003764,0.05
2019-08-08,275.12,0.008242,0.05
2019-08-09,274.63,0.006502,0.05
2019-08-10,275.67,0.006996,0.05
2019-08-11,275.16,0.007182,0.05
2019-08-12,275.4,0.00252,0.05
2019-08-13,275.42,0.005805,0.05
2019-08-14,275.34,0.004769,0.05
2019-08-15,275.1,0.006863,0.05
2019-08-16,275.13,0.010958,0.05
2019-08-17,274.71,0.015636,0.05
2019-08-18,274.4,0.004936,0.05
2019-08-19,274.23,0.002103,0.05
2019-08-20,274.81,0.003329,0.05
2019-08-21,274.87,0.002571,0.05
2019-08-22,274.29,0.001141,0.05
2019-08-23,274.87,0.002521,0.05
2019-08-24,274.89,0.004937,0.05
2019-08-25,274.21,0.005106,0.05
2019-08-26,274.43,0.005385,0.05
2019-08-27,274.42,0.000835,0.05
2019-08-28,275.07,0.003794,0.05
2019-08-29,275.02,0.006989,0.05
2019-08-30,275.6,0.001696,0.05
2019-08-31,275.28,0.020706,0.05
2019-09-01,274.45,0.006431,0.05
2019-09-02,275.09,0.005166,0.05
2019-09-03,274.76,0.009366,0.05
2019-09-04,275.15,0.008613,0.05
2019-09-05,275.5,0.010364,0.05
2019-09-06,275.24,0.012949,0.05
2019-09-07,274.9,0.006011,0.05
2019-09-08,274.98,0.002309,0.05
2019-09-09,274.91,0.00224,0.05
2019-09-10,275.49,0.003293,0.05
2019-09-11,275.59,0.009028,0.05
2019-09-12,274.97,0.023254,0.05
2019-09-13,274.35,0.007761,0.05
2019-09-14,274.47,0.016891,0.05
2019-09-15,274.8,0.015655,0.05
2019-09-16,274.39,0.025409,0.05
2019-09-17,273.38,0.04412,0.05
2019-09-18,272.23,0.018186,0.05
2019-09-19,271.62,0.004933,0.05
2019-09-20,271.85,0.004577,0.05
2019-09-21,271.8,0.00892,0.05
2019-09-22,272.16,0.005946,0.05
2019-09-23,272.23,0.006462,0.05
2019-09-24,271.94,0.015453,0.05
2019-09-25,271.57,0.011189,0.05
2019-09-26,271.73,0.004981,0.05
2019-09-27,271.33,0.00812,0.05
2019-09-28,270.36,0.027764,0.05
2019-09-29,270.56,0.016587,0.05
2019-09-30,270.95,0.004512,0.05
2019-10-01,271.26,0.006236,0.05
2019-10-02,271.29,0.003402,0.05
2019-10-03,271.35,0.002483,0.05
2019-10-04,271.65,0.001794,0.05
2019-10-05,271.14,0.001419,0.05
2019-10-06,271.42,0.001877,0.05
2019-10-07,271.41,0.002526,0.05
2019-10-08,270.07,0.004508,0.05
2019-10-09,268.54,0.002898,0.05
2019-10-10,268.28,0.001729,0.05
2019-10-11,268.61,0.002124,0.05
2019-10-12,268.19,0.002105,0.05
2019-10-13,269.18,0.001094,0.05
2019-10-14,268.79,0.000602,0.05
2019-10-15,268.66,0.001013,0.05
2019-10-16,267.75,0.000993,0.05
2019-10-17,267.51,0.001106,0.05
2019-10-18,267.42,0.002232,0.05
2019-10-19,267.73,0.001795,0.05
2019-10-20,268.48,0.005134,0.05
2019-10-21,267.52,0.004093,0.05
2019-10-22,267.28,0.002979,0.05
2019-10-23,267.33,0.004386,0.05
2019-10-24,266.74,0.002413,0.05
2019-10-25,267.23,0.003277,0.05
2019-10-26,266.17,0.001957,0.05
2019-10-27,266.41,0.00103,0.05
2019-10-28,266.74,0.000914,0.05
2019-10-29,266.79,0.000834,0.05
2019-10-30,266.54,0.001408,0.05
2019-10-31,265.33,0.001933,0.05
2019-11-01,264.97,0.000709,0.05
2019-11-02,265.6,0.000901,0.05
2019-11-03,264.95,0.002103,0.05
2019-11-04,263.9,0.002027,0.05
2019-11-05,265.4,0.001607,0.05
2019-11-06,266.18,0.001637,0.05
2019-11-07,265.46,0.001377,0.05
2019-11-08,265.28,0.000987,0.05
2019-11-09,265.73,0.000575,0.05
2019-11-10,266.07,0.000509,0.05
2019-11-11,265.74,0.000563,0.05
2019-11-12,265.98,0.000338,0.05
2019-11-13,266.59,0.000238,0.05
2019-11-14,265.79,0.001271,0.05
2019-11-15,265.22,0.002113,0.05
2019-11-16,265.23,0.002505,0.05
2019-11-17,264.05,0.002103,0.05
2019-11-18,264.65,0.002907,0.05
2019-11-19,263.88,0.00237,0.05
2019-11-20,264.25,0.001268,0.05
2019-11-21,265.02,0.0006,0.05
2019-11-22,266.71,0.000438,0.05
2019-11-23,266.2,0.000758,0.05
2019-11-24,265.12,0.001044,0.05
2019-11-25,263.27,0.003173,0.05
2019-11-26,261.55,0.00245,0.05
2019-11-27,260.53,0.002296,0.05
2019-11-28,259.91,0.003975,0.05
2019-11-29,258.74,0.003731,0.05
2019-11-30,258.72,0.003557,0.05
2019-12-01,259.92,0.002777,0.05
2019-12-02,259.19,0.003348,0.05
2019-12-03,257.96,0.000976,0.05
2019-12-04,259.21,0.00044,0.05
2019-12-05,262.33,0.000112,0.05
2019-12-06,262.39,0.000122,0.05
2019-12-07,262.17,7e-06,0.05
2019-12-08,260.69,1.3e-05,0.05
2019-12-09,262.4,1.4e-05,0.05
2019-12-10,261.8,0.000577,0.05
2019-12-11,260.39,0.001517,0.05
2019-12-12,260.67,0.007313,0.05
2019-12-13,258.77,0.024686,0.05
2019-12-14,256.7,0.005755,0.05
2019-12-15,254.15,0.006961,0.05
2019-12-16,254.34,0.002355,0.05
2019-12-17,253.67,0.002136,0.05
2019-12-18,255.91,0.001186,0.05
2019-12-19,257.53,0.000824,0.05
2019-12-20,258.41,0.001078,0.05
2019-12-21,257.17,0.00208,0.05
2019-12-22,254.94,0.001938,0.05
2019-12-23,254.71,0.002075,0.05
2019-12-24,253.51,0.002297,0.05
2019-12-25,253.6,0.00259,0.05
2019-12-26,252.48,0.002339,0.05
2019-12-27,250.27,0.000121,0.05
2019-12-28,252.81,1e-06,0.05
2019-12-29,253.21,2e-06,0.05
2019-12-30,254.25,2e-06,0.05
2019-12-31,251.28,1.2e-05,0.05
2020-01-01,251.5,0.000759,0.05
2020-01-02,252.59,0.00464,0.05
2020-01-03,254.58,0.02028,0.05
2020-01-04,253.26,0.002684,0.05
2020-01-05,251.33,0.000633,0.05
2020-01-06,255.84,3.9e-05,0.05
2020-01-07,256.37,0.004304,0.05
2020-01-08,256.61,0.010859,0.05
2020-01-09,253.83,0.001856,0.05
2020-01-10,251.27,4e-06,0.05
2020-01-11,254.04,2e-06,0.05
2020-01-12,259.28,0.0,0.05
2020-01-13,258.85,0.000116,0.05
2020-01-14,255.69,0.000432,0.05
2020-01-15,256.09,0.000623,0.05
2020-01-16,258.06,0.016102,0.05
2020-01-17,258.72,0.034969,0.05
2020-01-18,253.57,0.00241,0.05
2020-01-19,251.57,0.00293,0.05
2020-01-20,251.63,0.000284,0.05
2020-01-21,252.34,0.000742,0.05
2020-01-22,251.46,0.00041,0.05
2020-01-23,249.67,0.000244,0.05
2020-01-24,249.97,1e-06,0.05
2020-01-25,251.42,4.3e-05,0.05
2020-01-26,250.1,4.7e-05,0.05
2020-01-27,251.88,3.8e-05,0.05
2020-01-28,252.13,0.000249,0.05
2020-01-29,252.19,0.001112,0.05
2020-01-30,252.39,0.001104,0.05
2020-01-31,252.64,0.000403,0.05
2020-02-01,251.5,0.001934,0.05
2020-02-02,251.61,9.4e-05,0.05
2020-02-03,252.18,4.5e-05,0.05
2020-02-04,252.64,0.000465,0.05
2020-02-05,252.2,0.000324,0.05
2020-02-06,253.28,0.000661,0.05
2020-02-07,252.14,0.000997,0.05
2020-02-08,250.85,0.001882,0.05
2020-02-09,252.47,1.2e-05,0.05
2020-02-10,254.91,1.5e-05,0.05
2020-02-11,258.17,1e-05,0.05
2020-02-12,260.66,1e-06,0.05
2020-02-13,262.03,2e-06,0.05
2020-02-14,261.57,3.2e-05,0.05
2020-02-15,261.02,7e-06,0.05
2020-02-16,261.05,5.8e-05,0.05
2020-02-17,259.37,0.000347,0.05
2020-02-18,258.33,0.00017,0.05
2020-02-19,259.13,0.000226,0.05
2020-02-20,259.21,0.00066,0.05
2020-02-21,260.2,0.008812,0.05
2020-02-22,258.76,0.002749,0.05
2020-02-23,256.63,0.001213,0.05
2020-02-24,256.01,0.001816,0.05
2020-02-25,256.72,0.004281,0.05
2020-02-26,257.18,0.008563,0.05
2020-02-27,256.4,0.0,0.05
2020-02-28,257.22,0.000139,0.05
2020-02-29,257.08,0.000247,0.05
2020-03-01,256.68,0.000619,0.05
2020-03-02,256.64,0.000695,0.05
2020-03-03,256.18,0.000508,0.05
2020-03-04,256.26,0.001075,0.05
2020-03-05,255.86,0.00128,0.05
2020-03-06,256.02,0.003022,0.05
2020-03-07,257.08,0.007928,0.05
2020-03-08,257.26,8.3e-05,0.05
2020-03-09,258.06,1.1e-05,0.05
2020-03-10,258.2,0.000363,0.05
2020-03-11,257.64,0.000336,0.05
2020-03-12,258.16,9.4e-05,0.05
2020-03-13,259.65,0.009207,0.05
2020-03-14,259.84,0.013648,0.05
2020-03-15,255.43,0.00225,0.05
2020-03-16,258.08,5e-05,0.05
2020-03-17,259.68,0.000344,0.05
2020-03-18,259.08,0.000844,0.05
2020-03-19,258.44,0.000981,0.05
2020-03-20,257.49,0.000823,0.05
2020-03-21,258.8,0.000517,0.05
2020-03-22,260.17,0.004672,0.05
2020-03-23,259.75,0.003719,0.05
2020-03-24,261.6,7.4e-05,0.05
2020-03-25,261.71,0.000273,0.05
2020-03-26,264.35,2.1e-05,0.05
2020-03-27,266.22,0.001659,0.05
2020-03-28,263.57,0.000707,0.05
2020-03-29,261.55,0.002013,0.05
2020-03-30,262.76,0.000131,0.05
2020-03-31,262.35,7.1e-05,0.05
2020-04-01,260.99,0.000753,0.05
2020-04-02,259.97,0.000448,0.05
2020-04-03,259.98,0.000696,0.05
2020-04-04,259.83,0.001466,0.05
2020-04-05,260.3,0.000431,0.05
2020-04-06,261.05,0.000128,0.05
2020-04-07,261.62,0.000649,0.05
2020-04-08,262.04,0.000787,0.05
2020-04-09,260.33,0.001796,0.05
2020-04-10,262.4,0.003367,0.05
2020-04-11,262.08,0.001026,0.05
2020-04-12,264.35,0.00153,0.05
2020-04-13,266.09,0.001268,0.05
2020-04-14,265.84,0.005877,0.05
2020-04-15,266.64,0.003261,0.05
2020-04-16,265.1,0.003857,0.05
2020-04-17,267.52,0.002209,0.05
2020-04-18,265.44,0.000509,0.05
2020-04-19,264.97,0.001178,0.05
2020-04-20,264.36,0.003085,0.05
2020-04-21,263.23,0.004983,0.05
2020-04-22,261.52,0.002441,0.05
2020-04-23,263.37,0.001671,0.05
2020-04-24,263.14,0.002157,0.05
2020-04-25,264.14,0.002242,0.05
2020-04-26,265.28,0.005499,0.05
2020-04-27,264.85,0.004581,0.05
2020-04-28,265.15,0.001357,0.05
2020-04-29,265.2,0.002881,0.05
2020-04-30,266.89,0.004409,0.05
2020-05-01,267.61,0.007071,0.05
2020-05-02,267.59,0.004229,0.05
2020-05-03,268.26,0.003574,0.05
2020-05-04,267.25,0.004647,0.05
2020-05-05,266.69,0.008075,0.05
2020-05-06,265.24,0.005384,0.05
2020-05-07,265.05,0.003836,0.05
2020-05-08,265.21,0.00069,0.05
2020-05-09,266.02,0.002719,0.05
2020-05-10,266.0,0.00423,0.05
2020-05-11,266.54,0.001227,0.05
2020-05-12,265.95,0.003508,0.05
2020-05-13,267.67,0.001165,0.05
2020-05-14,268.84,0.002453,0.05
2020-05-15,268.77,0.002304,0.05
2020-05-16,269.11,0.001439,0.05
2020-05-17,269.84,0.001336,0.05
2020-05-18,268.94,0.003218,0.05
2020-05-19,269.78,0.010116,0.05
2020-05-20,271.68,0.021065,0.05
2020-05-21,272.46,0.006685,0.05
2020-05-22,272.76,0.009665,0.05
2020-05-23,271.94,0.005297,0.05
2020-05-24,271.71,0.003983,0.05
2020-05-25,271.13,0.007354,0.05
2020-05-26,269.65,0.005206,0.05
2020-05-27,268.13,0.003798,0.05
2020-05-28,268.07,0.007244,0.05
2020-05-29,268.37,0.007792,0.05
2020-05-30,269.94,0.00491,0.05
2020-05-31,270.49,0.005927,0.05
2020-06-01,270.45,0.003857,0.05
2020-06-02,270.66,0.002441,0.05
2020-06-03,270.96,0.00333,0.05
2020-06-04,271.87,0.010728,0.05
2020-06-05,271.74,0.015084,0.05
2020-06-06,271.75,0.015182,0.05
2020-06-07,272.2,0.006907,0.05
2020-06-08,272.54,0.003615,0.05
2020-06-09,273.74,0.009066,0.05
2020-06-10,273.69,0.007938,0.05
2020-06-11,273.85,0.016373,0.05
2020-06-12,273.75,0.00647,0.05
2020-06-13,274.91,0.00556,0.05
2020-06-14,274.81,0.012651,0.05
2020-06-15,274.67,0.01733,0.05
2020-06-16,274.27,0.024851,0.05
2020-06-17,275.36,0.004633,0.05
2020-06-18,274.91,0.017663,0.05
2020-06-19,275.12,0.019521,0.05
2020-06-20,274.74,0.015983,0.05
2020-06-21,274.59,0.005151,0.05
2020-06-22,274.34,0.005877,0.05
2020-06-23,274.72,0.007177,0.05
2020-06-24,275.16,0.006743,0.05
2020-06-25,274.51,0.018639,0.05
2020-06-26,274.97,0.027519,0.05
2020-06-27,274.57,0.014845,0.05
2020-06-28,274.54,0.022698,0.05
2020-06-29,273.95,0.012079,0.05
2020-06-30,274.65,0.002699,0.05
2020-07-01,275.59,0.00681,0.05
2020-07-02,275.54,0.014855,0.05
2020-07-03,274.8,0.013074,0.05
2020-07-04,274.85,0.011047,0.05
2020-07-05,275.03,0.006328,0.05
2020-07-06,275.44,0.005748,0.05
2020-07-07,275.32,0.003644,0.05
2020-07-08,276.31,0.022348,0.05
2020-07-09,276.47,0.027625,0.05
2020-07-10,274.62,0.062587,0.05
2020-07-11,274.62,0.035881,0.05
2020-07-12,275.09,0.021063,0.05
2020-07-13,274.55,0.038498,0.05
2020-07-14,275.92,0.006364,0.05
2020-07-15,275.37,0.005076,0.05
2020-07-16,275.74,0.011878,0.05
2020-07-17,275.93,0.024272,0.05
2020-07-18,275.33,0.018777,0.05
2020-07-19,275.71,0.01509,0.05
2020-07-20,273.68,0.061758,0.05
2020-07-21,274.05,0.014024,0.05
2020-07-22,274.62,0.007379,0.05
2020-07-23,275.11,0.030143,0.05
2020-07-24,275.12,0.009464,0.05
2020-07-25,275.62,0.006159,0.05
2020-07-26,275.79,0.007987,0.05
2020-07-27,275.8,0.025289,0.05
2020-07-28,274.57,0.051386,0.05
2020-07-29,274.77,0.031316,0.05
2020-07-30,275.35,0.011198,0.05
2020-07-31,275.55,0.015981,0.05
2020-08-01,275.6,0.028365,0.05
2020-08-02,276.24,0.004694,0.05
2020-08-03,275.42,0.017601,0.05
2020-08-04,275.92,0.004067,0.05
2020-08-05,276.67,0.008498,0.05
2020-08-06,276.37,0.004813,0.05
2020-08-07,276.94,0.003182,0.05
2020-08-08,277.01,0.021034,0.05
2020-08-09,276.13,0.028154,0.05
2020-08-10,275.53,0.01794,0.05
2020-08-11,276.28,0.020207,0.05
2020-08-12,276.05,0.013738,0.05
2020-08-13,275.88,0.008234,0.05
2020-08-14,275.82,0.025888,0.05
2020-08-15,276.06,0.015193,0.05
2020-08-16,276.35,0.007579,0.05
2020-08-17,275.89,0.006608,0.05
2020-08-18,275.43,0.012225,0.05
2020-08-19,274.98,0.007495,0.05
2020-08-20,274.81,0.005021,0.05
2020-08-21,274.57,0.005251,0.05
2020-08-22,275.09,0.005436,0.05
2020-08-23,275.2,0.004475,0.05
2020-08-24,275.95,0.006496,0.05
2020-08-25,275.48,0.012063,0.05
2020-08-26,275.17,0.007111,0.05
2020-08-27,274.57,0.005223,0.05
2020-08-28,274.38,0.003585,0.05
2020-08-29,274.36,0.00255,0.05
2020-08-30,275.31,0.001009,0.05
2020-08-31,275.97,0.010786,0.05
2020-09-01,275.53,0.004115,0.05
2020-09-02,275.25,0.004315,0.05
2020-09-03,274.69,0.002102,0.05
2020-09-04,274.97,0.002523,0.05
2020-09-05,275.62,0.00386,0.05
2020-09-06,275.37,0.007458,0.05
2020-09-07,275.06,0.012837,0.05
2020-09-08,275.05,0.012266,0.05
2020-09-09,275.34,0.005891,0.05
2020-09-10,275.15,0.012688,0.05
2020-09-11,275.06,0.012045,0.05
2020-09-12,274.33,0.026245,0.05
2020-09-13,274.94,0.0057,0.05
2020-09-14,274.96,0.010037,0.05
2020-09-15,274.9,0.011977,0.05
2020-09-16,274.75,0.006507,0.05
2020-09-17,275.84,0.026886,0.05
2020-09-18,274.42,0.017886,0.05
2020-09-19,273.8,0.002072,0.05
2020-09-20,274.05,0.002062,0.05
2020-09-21,274.13,0.00223,0.05
2020-09-22,274.4,0.032217,0.05
2020-09-23,273.1,0.027571,0.05
2020-09-24,273.62,0.022022,0.05
2020-09-25,272.94,0.047895,0.05
2020-09-26,272.14,0.011082,0.05
2020-09-27,271.59,0.001089,0.05
2020-09-28,271.95,0.000598,0.05
2020-09-29,272.55,0.000565,0.05
2020-09-30,272.3,0.001188,0.05
2020-10-01,272.94,0.001527,0.05
2020-10-02,272.44,0.001593,0.05
2020-10-03,272.48,0.000973,0.05
2020-10-04,272.85,0.004802,0.05
2020-10-05,272.75,0.004306,0.05
2020-10-06,271.89,0.000776,0.05
2020-10-07,271.93,0.000957,0.05
2020-10-08,273.22,0.000439,0.05
2020-10-09,273.23,0.000409,0.05
2020-10-10,273.5,0.000165,0.05
2020-10-11,273.51,0.000664,0.05
2020-10-12,273.52,0.00212,0.05
2020-10-13,272.54,0.001125,0.05
2020-10-14,272.36,0.001502,0.05
2020-10-15,272.85,0.001375,0.05
2020-10-16,272.7,0.000782,0.05
2020-10-17,273.04,0.000275,0.05
2020-10-18,272.61,0.001967,0.05
2020-10-19,270.42,0.003166,0.05
2020-10-20,269.74,0.001041,0.05
2020-10-21,270.3,0.002882,0.05
2020-10-22,268.82,0.002286,0.05
2020-10-23,267.48,0.000121,0.05
2020-10-24,269.91,0.000644,0.05
2020-10-25,268.58,0.000694,0.05
2020-10-26,266.29,0.00304,0.05
2020-10-27,265.16,0.0004,0.05
2020-10-28,265.99,1.3e-05,0.05
2020-10-29,266.56,1e-06,0.05
2020-10-30,267.48,6.5e-05,0.05
2020-10-31,267.25,9.9e-05,0.05
2020-11-01,267.93,0.000288,0.05
2020-11-02,266.39,0.000487,0.05
2020-11-03,263.91,0.002732,0.05
2020-11-04,262.07,0.004042,0.05
2020-11-05,261.99,0.000279,0.05
2020-11-06,263.19,0.000346,0.05
2020-11-07,264.09,0.000154,0.05
2020-11-08,264.31,1e-06,0.05
2020-11-09,264.06,0.000568,0.05
2020-11-10,263.28,0.000403,0.05
2020-11-11,264.03,7.2e-05,0.05
2020-11-12,264.14,1e-05,0.05
2020-11-13,263.69,3e-06,0.05
2020-11-14,264.07,5e-06,0.05
2020-11-15,264.61,0.000341,0.05
2020-11-16,262.28,0.007879,0.05
2020-11-17,260.27,0.000286,0.05
2020-11-18,260.19,0.00035,0.05
2020-11-19,260.59,0.000671,0.05
2020-11-20,260.04,0.001054,0.05
2020-11-21,258.73,0.003119,0.05
2020-11-22,259.3,0.000219,0.05
2020-11-23,260.44,0.000421,0.05
2020-11-24,260.42,0.000524,0.05
2020-11-25,261.18,0.00044,0.05
2020-11-26,260.86,0.001703,0.05
2020-11-27,260.11,0.001252,0.05
2020-11-28,261.86,4e-06,0.05
2020-11-29,263.66,0.0,0.05
2020-11-30,262.42,9e-06,0.05
2020-12-01,263.16,1.7e-05,0.05
2020-12-02,262.65,0.000272,0.05
2020-12-03,261.19,0.000595,0.05
2020-12-04,260.85,0.001405,0.05
2020-12-05,260.6,0.000532,0.05
2020-12-06,261.27,0.00163,0.05
2020-12-07,261.78,1.3e-05,0.05
2020-12-08,263.48,9e-06,0.05
2020-12-09,263.06,8e-06,0.05
2020-12-10,262.32,4.2e-05,0.05
2020-12-11,263.79,0.001257,0.05
2020-12-12,261.87,0.001952,0.05
2020-12-13,259.29,0.00056,0.05
2020-12-14,259.19,0.000736,0.05
2020-12-15,259.2,0.000761,0.05
2020-12-16,258.07,0.001248,0.05
2020-12-17,257.63,0.000871,0.05
2020-12-18,257.59,0.00029,0.05
2020-12-19,259.43,2.5e-05,0.05
2020-12-20,261.97,1e-06,0.05
2020-12-21,262.77,2e-06,0.05
2020-12-22,261.62,2e-06,0.05
2020-12-23,260.27,0.000696,0.05
2020-12-24,258.22,0.003055,0.05
2020-12-25,257.05,0.000227,0.05
2020-12-26,261.01,8.3e-05,0.05
2020-12-27,260.49,0.000584,0.05
2020-12-28,257.94,0.00115,0.05
2020-12-29,258.59,0.000705,0.05
2020-12-30,258.22,0.001379,0.05
2020-12-31,259.57,0.000258,0.05
2021-01-01,260.6,0.000511,0.05
2021-01-02,260.55,0.000138,0.05
2021-01-03,261.24,0.000493,0.05
2021-01-04,262.61,0.00351,0.05
2021-01-05,264.04,0.006211,0.05
2021-01-06,262.64,0.000715,0.05
2021-01-07,262.16,7.3e-05,0.05
2021-01-08,263.17,0.000181,0.05
2021-01-09,264.39,8.8e-05,0.05
2021-01-10,265.02,4.4e-05,0.05
2021-01-11,265.68,0.000164,0.05
2021-01-12,265.85,0.000236,0.05
2021-01-13,267.44,3.2e-05,0.05
2021-01-14,267.38,2e-06,0.05
2021-01-15,266.05,2.7e-05,0.05
2021-01-16,263.63,3e-06,0.05
2021-01-17,262.55,3.9e-05,0.05
2021-01-18,261.01,0.001475,0.05
2021-01-19,261.94,0.00142,0.05
2021-01-20,260.05,0.001508,0.05
2021-01-21,261.39,3e-06,0.05
2021-01-22,263.41,1e-06,0.05
2021-01-23,261.75,0.000213,0.05
2021-01-24,259.38,0.000664,0.05
2021-01-25,258.89,0.000543,0.05
2021-01-26,257.42,0.000591,0.05
2021-01-27,258.02,0.000545,0.05
2021-01-28,257.29,0.001308,0.05
2021-01-29,253.81,0.00421,0.05
2021-01-30,253.77,0.000107,0.05
2021-01-31,256.98,8.1e-05,0.05
2021-02-01,258.45,8.9e-05,0.05
2021-02-02,258.41,0.000135,0.05
2021-02-03,256.65,0.000612,0.05
2021-02-04,256.26,0.00102,0.05
2021-02-05,255.72,0.006072,0.05
2021-02-06,253.41,0.004137,0.05
2021-02-07,254.91,1e-05,0.05
2021-02-08,257.67,1e-06,0.05
2021-02-09,259.88,3e-06,0.05
2021-02-10,259.5,0.002577,0.05
2021-02-11,259.59,8.6e-05,0.05
2021-02-12,260.54,0.000123,0.05
2021-02-13,260.05,0.0001,0.05
2021-02-14,258.7,0.001017,0.05
2021-02-15,257.74,0.001266,0.05
2021-02-16,256.79,0.001921,0.05
2021-02-17,257.36,0.005084,0.05
2021-02-18,255.64,0.001618,0.05
2021-02-19,255.53,0.000244,0.05
2021-02-20,258.83,3e-06,0.05
2021-02-21,262.47,1.3e-05,0.05
2021-02-22,262.78,2.8e-05,0.05
2021-02-23,262.14,0.000804,0.05
2021-02-24,262.18,0.001418,0.05
2021-02-25,265.41,0.001354,0.05
2021-02-26,267.76,0.003142,0.05
2021-02-27,267.91,0.002515,0.05
2021-02-28,266.87,0.002435,0.05
2021-03-01,265.02,0.002632,0.05
2021-03-02,265.26,0.001615,0.05
2021-03-03,264.76,0.002132,0.05
2021-03-04,262.73,0.003651,0.05
2021-03-05,260.64,0.004422,0.05
2021-03-06,260.74,0.001547,0.05
2021-03-07,261.83,0.0014,0.05
2021-03-08,261.4,0.000566,0.05
2021-03-09,261.0,0.001005,0.05
2021-03-10,261.27,0.000501,0.05
2021-03-11,261.57,0.001496,0.05
2021-03-12,262.71,0.000496,0.05
2021-03-13,262.93,0.004957,0.05
2021-03-14,263.1,0.001056,0.05
2021-03-15,262.1,0.000542,0.05
2021-03-16,261.97,0.000905,0.05
2021-03-17,262.39,0.001,0.05
2021-03-18,262.62,0.000896,0.05
2021-03-19,263.1,0.000685,0.05
2021-03-20,261.96,0.003847,0.05
2021-03-21,261.99,0.001965,0.05
2021-03-22,262.54,0.000959,0.05
2021-03-23,263.54,0.001232,0.05
2021-03-24,262.35,0.005738,0.05
2021-03-25,261.03,0.002002,0.05
2021-03-26,262.34,0.0004,0.05
2021-03-27,262.91,0.001762,0.05
2021-03-28,261.9,0.002181,0.05
2021-03-29,264.59,0.007722,0.05
2021-03-30,264.62,0.003194,0.05
2021-03-31,266.23,0.004312,0.05
2021-04-01,263.36,0.003248,0.05
2021-04-02,260.7,0.003619,0.05
2021-04-03,258.98,0.001919,0.05
2021-04-04,259.3,0.000705,0.05
2021-04-05,263.73,0.000291,0.05
2021-04-06,264.79,0.003147,0.05
2021-04-07,264.2,0.002554,0.05
2021-04-08,263.65,0.001123,0.05
2021-04-09,262.97,0.000696,0.05
2021-04-10,262.42,0.001337,0.05
2021-04-11,262.52,0.001183,0.05
2021-04-12,262.15,0.001596,0.05
2021-04-13,261.78,0.003259,0.05
2021-04-14,263.07,0.002905,0.05
2021-04-15,264.24,0.000349,0.05
2021-04-16,264.05,0.004788,0.05
2021-04-17,265.05,0.003358,0.05
2021-04-18,263.63,0.001946,0.05
2021-04-19,264.03,0.001568,0.05
2021-04-20,265.08,0.000778,0.05
2021-04-21,265.33,0.008255,0.05
2021-04-22,262.23,0.008742,0.05
2021-04-23,262.4,0.000845,0.05
2021-04-24,262.22,0.000719,0.05
2021-04-25,262.19,0.000657,0.05
2021-04-26,263.39,0.000293,0.05
2021-04-27,262.94,0.001389,0.05
2021-04-28,264.63,0.002747,0.05
2021-04-29,265.2,0.004565,0.05
2021-04-30,265.81,0.003632,0.05
2021-05-01,266.11,0.004461,0.05
2021-05-02,267.14,0.001437,0.05
2021-05-03,267.84,0.006267,0.05
2021-05-04,268.32,0.003887,0.05
2021-05-05,268.73,0.00789,0.05
2021-05-06,266.71,0.006511,0.05
2021-05-07,268.09,0.002484,0.05
2021-05-08,266.78,0.004341,0.05
2021-05-09,266.65,0.00415,0.05
2021-05-10,266.96,0.002873,0.05
2021-05-11,267.34,0.002762,0.05
2021-05-12,267.42,0.008572,0.05
2021-05-13,267.46,0.004116,0.05
2021-05-14,266.57,0.00318,0.05
2021-05-15,267.99,0.002051,0.05
2021-05-16,269.74,0.003206,0.05
2021-05-17,271.93,0.004203,0.05
2021-05-18,272.45,0.006734,0.05
2021-05-19,272.23,0.010641,0.05
2021-05-20,271.83,0.02612,0.05
2021-05-21,271.9,0.003007,0.05
2021-05-22,271.49,0.001093,0.05
2021-05-23,272.8,0.000981,0.05
2021-05-24,271.94,0.001491,0.05
2021-05-25,272.84,0.011569,0.05
2021-05-26,273.49,0.018332,0.05
2021-05-27,273.48,0.034049,0.05
2021-05-28,272.59,0.056476,0.05
2021-05-29,272.85,0.00526,0.05
2021-05-30,272.74,0.002802,0.05
2021-05-31,272.39,0.006522,0.05
2021-06-01,272.23,0.006517,0.05
2021-06-02,271.81,0.004261,0.05
2021-06-03,272.69,0.005334,0.05
2021-06-04,272.95,0.006323,0.05
2021-06-05,273.04,0.004343,0.05
2021-06-06,273.2,0.005638,0.05
2021-06-07,273.38,0.002843,0.05
2021-06-08,272.9,0.007333,0.05
2021-06-09,273.8,0.00516,0.05
2021-06-10,273.85,0.004724,0.05
2021-06-11,274.16,0.009335,0.05
2021-06-12,273.5,0.027588,0.05
2021-06-13,274.08,0.017642,0.05
2021-06-14,274.9,0.009434,0.05
2021-06-15,273.84,0.013165,0.05
2021-06-16,274.1,0.00339,0.05
2021-06-17,273.87,0.004176,0.05
2021-06-18,273.9,0.012194,0.05
2021-06-19,273.7,0.01519,0.05
2021-06-20,273.74,0.012072,0.05
2021-06-21,273.85,0.006609,0.05
2021-06-22,274.36,0.006601,0.05
2021-06-23,274.26,0.003497,0.05
2021-06-24,273.96,0.006413,0.05
2021-06-25,274.33,0.003523,0.05
2021-06-26,274.01,0.00483,0.05
2021-06-27,274.58,0.002384,0.05
2021-06-28,275.34,0.005405,0.05
2021-06-29,275.77,0.015984,0.05
2021-06-30,276.15,0.014404,0.05
2021-07-01,275.23,0.035704,0.05
2021-07-02,273.89,0.02057,0.05
2021-07-03,274.87,0.00736,0.05
2021-07-04,274.91,0.007017,0.05
2021-07-05,275.28,0.005853,0.05
2021-07-06,276.24,0.007383,0.05
2021-07-07,276.19,0.007671,0.05
2021-07-08,274.93,0.026976,0.05
2021-07-09,275.55,0.00754,0.05
2021-07-10,275.49,0.011604,0.05
2021-07-11,274.9,0.01986,0.05
2021-07-12,274.87,0.013705,0.05
2021-07-13,274.76,0.011999,0.05
2021-07-14,275.54,0.017227,0.05
2021-07-15,274.56,0.033231,0.05
2021-07-16,275.47,0.010039,0.05
2021-07-17,276.0,0.010069,0.05
2021-07-18,276.02,0.020585,0.05
2021-07-19,275.53,0.021669,0.05
2021-07-20,275.17,0.012536,0.05
2021-07-21,275.29,0.011355,0.05
2021-07-22,275.55,0.006485,0.05
2021-07-23,276.41,0.006523,0.05
2021-07-24,276.63,0.004416,0.05
2021-07-25,276.89,0.02134,0.05
2021-07-26,275.62,0.025723,0.05
2021-07-27,275.72,0.026215,0.05
2021-07-28,275.37,0.012011,0.05
2021-07-29,275.82,0.008429,0.05
2021-07-30,275.79,0.008716,0.05
2021-07-31,275.47,0.005389,0.05
2021-08-01,275.99,0.004278,0.05
2021-08-02,275.63,0.005936,0.05
2021-08-03,275.33,0.015537,0.05
2021-08-04,274.4,0.026697,0.05
2021-08-05,275.02,0.001946,0.05
2021-08-06,274.57,0.008751,0.05
2021-08-07,274.74,0.006116,0.05
2021-08-08,275.25,0.013522,0.05
2021-08-09,275.61,0.007909,0.05
2021-08-10,276.24,0.006148,0.05
2021-08-11,276.01,0.007439,0.05
2021-08-12,275.86,0.010598,0.05
2021-08-13,275.94,0.012403,0.05
2021-08-14,276.29,0.017641,0.05
2021-08-15,275.75,0.039483,0.05
2021-08-16,275.57,0.024397,0.05
2021-08-17,275.93,0.00832,0.05
2021-08-18,275.6,0.005559,0.05
2021-08-19,275.41,0.009588,0.05
2021-08-20,275.17,0.009233,0.05
2021-08-21,275.37,0.007996,0.05
2021-08-22,275.59,0.009841,0.05
2021-08-23,275.65,0.009631,0.05
2021-08-24,276.12,0.010978,0.05
2021-08-25,275.76,0.020103,0.05
2021-08-26,275.99,0.035451,0.05
2021-08-27,274.16,0.039342,0.05
2021-08-28,273.88,0.036742,0.05
2021-08-29,273.27,0.030333,0.05
2021-08-30,273.38,0.007779,0.05
2021-08-31,273.61,0.005592,0.05
2021-09-01,274.26,0.007336,0.05
2021-09-02,274.2,0.010558,0.05
2021-09-03,273.63,0.028262,0.05
2021-09-04,274.77,0.004264,0.05
2021-09-05,274.95,0.004817,0.05
2021-09-06,274.57,0.011018,0.05
2021-09-07,274.08,0.011181,0.05
2021-09-08,273.62,0.010017,0.05
2021-09-09,273.59,0.012483,0.05
2021-09-10,273.02,0.00446,0.05
2021-09-11,273.67,0.002696,0.05
2021-09-12,274.36,0.004868,0.05
2021-09-13,273.81,0.003011,0.05
2021-09-14,273.67,0.010798,0.05
2021-09-15,272.99,0.020933,0.05
2021-09-16,272.63,0.007803,0.05
2021-09-17,272.85,0.004796,0.05
2021-09-18,273.51,0.004869,0.05
2021-09-19,273.34,0.002956,0.05
2021-09-20,273.13,0.008067,0.05
2021-09-21,272.7,0.004316,0.05
2021-09-22,272.4,0.003499,0.05
2021-09-23,272.78,0.005278,0.05
2021-09-24,273.53,0.006068,0.05
2021-09-25,273.21,0.005786,0.05
2021-09-26,272.71,0.003436,0.05
2021-09-27,272.72,0.004858,0.05
2021-09-28,272.95,0.005702,0.05
2021-09-29,272.89,0.00499,0.05
2021-09-30,272.96,0.004981,0.05
2021-10-01,272.84,0.004481,0.05
2021-10-02,272.47,0.006951,0.05
2021-10-03,272.42,0.010677,0.05
2021-10-04,271.98,0.003559,0.05
2021-10-05,272.12,0.000947,0.05
2021-10-06,272.38,0.00196,0.05
2021-10-07,272.91,0.000984,0.05
2021-10-08,273.21,0.002715,0.05
2021-10-09,272.54,0.002808,0.05
2021-10-10,271.54,0.001179,0.05
2021-10-11,271.77,0.000456,0.05
2021-10-12,271.77,7e-06,0.05
2021-10-13,271.12,2e-06,0.05
2021-10-14,270.99,3.4e-05,0.05
2021-10-15,271.26,6.1e-05,0.05
2021-10-16,272.05,0.000238,0.05
2021-10-17,272.55,0.00227,0.05
2021-10-18,272.3,0.029773,0.05
2021-10-19,272.82,0.066279,0.05
2021-10-20,271.1,0.012093,0.05
2021-10-21,269.73,0.002646,0.05
2021-10-22,269.64,0.002479,0.05
2021-10-23,269.53,0.001338,0.05
2021-10-24,267.48,0.002148,0.05
2021-10-25,265.39,0.003091,0.05
2021-10-26,265.9,0.001083,0.05
2021-10-27,265.59,0.003115,0.05
2021-10-28,265.04,0.000832,0.05
2021-10-29,266.23,0.000142,0.05
2021-10-30,266.04,0.000241,0.05
2021-10-31,264.54,0.001403,0.05
2021-11-01,263.52,0.00052,0.05
2021-11-02,261.87,0.000514,0.05
2021-11-03,261.39,0.000768,0.05
2021-11-04,261.17,0.000465,0.05
2021-11-05,263.16,0.00026,0.05
2021-11-06,264.85,0.000106,0.05
2021-11-07,266.59,0.000161,0.05
2021-11-08,266.48,7.3e-05,0.05
2021-11-09,266.81,3.8e-05,0.05
2021-11-10,268.42,3.1e-05,0.05
2021-11-11,268.98,8.2e-05,0.05
2021-11-12,268.52,7.5e-05,0.05
2021-11-13,266.64,8.5e-05,0.05
2021-11-14,265.64,0.000162,0.05
2021-11-15,263.82,0.000532,0.05
2021-11-16,264.73,4.8e-05,0.05
2021-11-17,266.99,1e-06,0.05
2021-11-18,267.02,0.000112,0.05
2021-11-19,266.62,0.000505,0.05
2021-11-20,266.83,0.001246,0.05
2021-11-21,266.07,0.000214,0.05
2021-11-22,264.58,0.001016,0.05
2021-11-23,262.62,0.000787,0.05
2021-11-24,263.61,0.00017,0.05
2021-11-25,262.81,0.000684,0.05
2021-11-26,261.34,0.000962,0.05
2021-11-27,261.9,8.9e-05,0.05
2021-11-28,263.9,4.5e-05,0.05
2021-11-29,264.15,6e-06,0.05
2021-11-30,265.0,2e-06,0.05
2021-12-01,266.32,1.3e-05,0.05
2021-12-02,267.19,0.000321,0.05
2021-12-03,267.87,0.001574,0.05
2021-12-04,266.71,0.000233,0.05
2021-12-05,264.72,0.00042,0.05
2021-12-06,262.22,0.00286,0.05
2021-12-07,262.4,0.000413,0.05
2021-12-08,262.16,0.000627,0.05
2021-12-09,260.46,0.002524,0.05
2021-12-10,258.2,0.000354,0.05
2021-12-11,258.2,0.000357,0.05
2021-12-12,259.88,9.9e-05,0.05
2021-12-13,260.4,0.000125,0.05
2021-12-14,258.51,0.000528,0.05
2021-12-15,258.2,0.00056,0.05
2021-12-16,258.91,0.000848,0.05
2021-12-17,258.63,0.001962,0.05
2021-12-18,257.34,0.002484,0.05
2021-12-19,255.57,9.8e-05,0.05
2021-12-20,256.24,5e-06,0.05
2021-12-21,256.64,0.003115,0.05
2021-12-22,253.2,0.002128,0.05
2021-12-23,254.39,0.000295,0.05
2021-12-24,254.18,0.000403,0.05
2021-12-25,253.11,0.00021,0.05
2021-12-26,255.4,0.000562,0.05
2021-12-27,255.82,0.001462,0.05
2021-12-28,257.54,0.014225,0.05
2021-12-29,256.6,0.024494,0.05
2021-12-30,253.49,0.001116,0.05
2021-12-31,253.84,0.000101,0.05
2022-01-01,253.68,5.7e-05,0.05
2022-01-02,253.24,9.7e-05,0.05
2022-01-03,253.0,1.4e-05,0.05
2022-01-04,255.95,9e-06,0.05
2022-01-05,257.34,6.8e-05,0.05
2022-01-06,256.95,0.001215,0.05
2022-01-07,258.12,0.002511,0.05
2022-01-08,258.04,0.003868,0.05
2022-01-09,257.06,0.001975,0.05
2022-01-10,255.41,0.001832,0.05
2022-01-11,253.99,0.001503,0.05
2022-01-12,251.39,0.001761,0.05
2022-01-13,252.79,0.000176,0.05
2022-01-14,253.22,0.000621,0.05
2022-01-15,251.48,0.000385,0.05
2022-01-16,251.56,0.0,0.05
2022-01-17,255.16,6.6e-05,0.05
2022-01-18,254.78,0.001237,0.05
2022-01-19,254.52,0.00097,0.05
2022-01-20,253.15,0.001237,0.05
2022-01-21,254.85,0.000933,0.05
2022-01-22,255.19,0.000714,0.05
2022-01-23,253.53,0.00119,0.05
2022-01-24,253.16,0.001058,0.05
2022-01-25,253.66,0.001139,0.05
2022-01-26,251.48,0.00174,0.05
2022-01-27,249.96,0.000406,0.05
2022-01-28,251.82,1e-06,0.05
2022-01-29,254.65,1.2e-05,0.05
2022-01-30,255.23,2.8e-05,0.05
2022-01-31,255.82,0.000329,0.05
2022-02-01,252.39,0.000174,0.05
2022-02-02,255.41,0.000237,0.05
2022-02-03,255.45,0.011135,0.05
2022-02-04,254.6,0.017285,0.05
2022-02-05,250.51,0.002189,0.05
2022-02-06,253.64,6e-06,0.05
2022-02-07,254.23,0.000105,0.05
2022-02-08,254.1,0.000136,0.05
2022-02-09,253.17,0.001019,0.05
2022-02-10,252.28,0.000664,0.05
2022-02-11,251.57,0.000494,0.05
2022-02-12,251.58,3.4e-05,0.05
2022-02-13,254.18,0.000104,0.05
2022-02-14,255.13,0.000155,0.05
2022-02-15,254.46,0.000545,0.05
2022-02-16,253.31,0.000291,0.05
2022-02-17,255.49,0.000287,0.05
2022-02-18,256.07,0.000532,0.05
2022-02-19,253.3,0.000658,0.05
2022-02-20,251.65,0.003804,0.05
2022-02-21,250.44,4.5e-05,0.05
2022-02-22,255.09,2.7e-05,0.05
2022-02-23,255.83,7.9e-05,0.05
2022-02-24,255.65,0.00065,0.05
2022-02-25,255.15,0.002089,0.05
2022-02-26,255.0,0.000791,0.05
2022-02-27,255.75,0.001019,0.05
2022-02-28,255.69,4.4e-05,0.05
2022-03-01,256.13,0.000413,0.05
2022-03-02,257.23,0.000343,0.05
2022-03-03,258.53,0.00065,0.05
2022-03-04,258.16,0.00069,0.05
2022-03-05,258.98,0.000149,0.05
2022-03-06,261.06,5e-06,0.05
2022-03-07,259.98,6.5e-05,0.05
2022-03-08,259.78,6e-05,0.05
2022-03-09,260.32,0.000148,0.05
2022-03-10,260.15,0.000632,0.05
2022-03-11,259.71,0.000349,0.05
2022-03-12,260.82,0.000467,0.05
2022-03-13,262.98,0.001386,0.05
2022-03-14,264.45,0.000501,0.05
2022-03-15,263.82,0.002326,0.05
2022-03-16,265.09,0.001329,0.05
2022-03-17,266.91,0.000835,0.05
2022-03-18,267.93,0.00352,0.05
2022-03-19,268.93,0.000808,0.05
2022-03-20,268.54,0.001961,0.05
2022-03-21,267.11,0.003946,0.05
2022-03-22,267.48,0.003218,0.05
2022-03-23,267.2,0.005068,0.05
2022-03-24,266.0,0.007036,0.05
2022-03-25,267.14,0.001329,0.05
2022-03-26,267.48,0.001381,0.05
2022-03-27,270.05,0.000962,0.05
2022-03-28,271.11,0.00112,0.05
2022-03-29,271.86,0.001866,0.05
2022-03-30,271.44,0.003111,0.05
2022-03-31,270.26,0.004045,0.05
2022-04-01,270.31,0.001699,0.05
2022-04-02,269.65,0.007037,0.05
2022-04-03,268.96,0.003601,0.05
2022-04-04,268.87,0.002738,0.05
2022-04-05,269.37,0.001867,0.05
2022-04-06,269.05,0.000972,0.05
2022-04-07,268.29,0.004761,0.05
2022-04-08,267.5,0.001728,0.05
2022-04-09,267.82,0.001719,0.05
2022-04-10,267.79,0.001595,0.05
2022-04-11,268.61,0.001101,0.05
2022-04-12,269.26,0.000299,0.05
2022-04-13,268.93,0.001428,0.05
2022-04-14,266.17,0.003063,0.05
2022-04-15,265.13,0.001708,0.05
2022-04-16,264.43,0.001904,0.05
2022-04-17,264.72,0.000921,0.05
2022-04-18,266.57,0.00067,0.05
2022-04-19,268.09,0.001427,0.05
2022-04-20,267.9,0.008369,0.05
2022-04-21,268.35,0.002265,0.05
2022-04-22,267.32,0.003176,0.05
2022-04-23,267.14,0.001384,0.05
2022-04-24,266.09,0.002292,0.05
2022-04-25,266.47,0.001335,0.05
2022-04-26,266.25,0.002017,0.05
2022-04-27,267.01,0.003707,0.05
2022-04-28,268.23,0.00239,0.05
2022-04-29,268.45,0.001547,0.05
2022-04-30,268.6,0.007771,0.05
2022-05-01,267.46,0.008168,0.05
2022-05-02,268.27,0.006024,0.05
2022-05-03,268.93,0.002326,0.05
2022-05-04,268.89,0.002582,0.05
2022-05-05,270.26,0.003659,0.05
2022-05-06,269.58,0.005878,0.05
2022-05-07,269.86,0.009089,0.05
2022-05-08,270.26,0.009309,0.05
2022-05-09,270.82,0.007369,0.05
2022-05-10,271.19,0.004148,0.05
2022-05-11,271.61,0.004557,0.05
2022-05-12,272.32,0.013644,0.05
2022-05-13,272.67,0.00554,0.05
2022-05-14,273.21,0.005631,0.05
2022-05-15,273.83,0.020979,0.05
2022-05-16,272.08,0.008582,0.05
2022-05-17,270.77,0.002533,0.05
2022-05-18,269.73,0.002793,0.05
2022-05-19,271.06,0.003133,0.05
2022-05-20,270.86,0.004628,0.05
2022-05-21,270.0,0.00556,0.05
2022-05-22,269.24,0.009105,0.05
2022-05-23,269.03,0.006116,0.05
2022-05-24,270.22,0.003978,0.05
2022-05-25,269.5,0.007244,0.05
2022-05-26,268.98,0.003907,0.05
2022-05-27,270.33,0.007043,0.05
2022-05-28,272.04,0.0053,0.05
2022-05-29,272.58,0.006616,0.05
2022-05-30,272.67,0.004383,0.05
2022-05-31,273.16,0.00912,0.05
2022-06-01,273.64,0.010237,0.05
2022-06-02,273.62,0.005312,0.05
2022-06-03,273.55,0.006149,0.05
2022-06-04,273.93,0.004187,0.05
2022-06-05,274.17,0.006591,0.05
2022-06-06,274.18,0.00778,0.05
2022-06-07,273.92,0.011459,0.05
2022-06-08,274.29,0.00483,0.05
2022-06-09,274.55,0.015268,0.05
2022-06-10,274.51,0.013505,0.05
2022-06-11,273.94,0.005678,0.05
2022-06-12,273.83,0.005237,0.05
2022-06-13,274.94,0.005111,0.05
2022-06-14,274.72,0.006741,0.05
2022-06-15,274.94,0.021538,0.05
2022-06-16,274.07,0.01021,0.05
2022-06-17,273.99,0.008964,0.05
2022-06-18,273.88,0.008372,0.05
2022-06-19,273.63,0.006276,0.05
2022-06-20,273.91,0.013091,0.05
2022-06-21,273.51,0.005959,0.05
2022-06-22,274.0,0.004143,0.05
2022-06-23,275.31,0.005205,0.05
2022-06-24,275.69,0.028036,0.05
2022-06-25,274.58,0.047953,0.05
2022-06-26,274.33,0.020245,0.05
2022-06-27,274.1,0.03157,0.05
2022-06-28,274.75,0.013428,0.05
2022-06-29,274.71,0.011497,0.05
2022-06-30,274.84,0.006712,0.05
2022-07-01,275.47,0.010705,0.05
2022-07-02,275.08,0.022472,0.05
2022-07-03,275.08,0.004361,0.05
2022-07-04,275.68,0.002124,0.05
2022-07-05,275.97,0.002292,0.05
2022-07-06,275.89,0.005841,0.05
2022-07-07,275.98,0.005924,0.05
2022-07-08,276.39,0.009758,0.05
2022-07-09,275.44,0.006986,0.05
2022-07-10,275.12,0.002991,0.05
2022-07-11,275.73,0.002168,0.05
2022-07-12,275.89,0.006472,0.05
2022-07-13,275.21,0.002332,0.05
2022-07-14,274.36,0.001619,0.05
2022-07-15,274.37,0.000589,0.05
2022-07-16,275.42,0.001266,0.05
2022-07-17,276.17,0.004322,0.05
2022-07-18,276.61,0.013764,0.05
2022-07-19,275.99,0.009487,0.05
2022-07-20,275.25,0.038162,0.05
2022-07-21,275.55,0.016056,0.05
2022-07-22,275.13,0.025049,0.05
2022-07-23,274.27,0.021665,0.05
2022-07-24,274.67,0.015052,0.05
2022-07-25,274.3,0.012207,0.05
2022-07-26,274.8,0.016471,0.05
2022-07-27,275.01,0.011619,0.05
2022-07-28,275.05,0.00633,0.05
2022-07-29,275.18,0.0108,0.05
2022-07-30,275.71,0.017694,0.05
2022-07-31,274.83,0.054117,0.05
2022-08-01,275.23,0.018756,0.05
2022-08-02,275.49,0.013505,0.05
2022-08-03,275.9,0.009368,0.05
2022-08-04,275.45,0.014482,0.05
2022-08-05,276.42,0.008901,0.05
2022-08-06,274.55,0.023167,0.05
2022-08-07,275.03,0.003774,0.05
2022-08-08,275.54,0.005995,0.05
2022-08-09,276.73,0.003052,0.05
2022-08-10,275.62,0.013017,0.05
2022-08-11,275.07,0.004369,0.05
2022-08-12,275.7,0.000761,0.05
2022-08-13,275.98,0.007854,0.05
2022-08-14,274.15,0.014171,0.05
2022-08-15,274.1,0.004527,0.05
2022-08-16,274.99,0.001312,0.05
2022-08-17,275.13,0.005924,0.05
2022-08-18,275.71,0.008861,0.05
2022-08-19,275.13,0.010989,0.05
2022-08-20,274.5,0.002816,0.05
2022-08-21,274.52,0.003764,0.05
2022-08-22,274.33,0.004201,0.05
2022-08-23,274.92,0.003804,0.05
2022-08-24,275.08,0.00332,0.05
2022-08-25,275.77,0.000761,0.05
2022-08-26,276.13,0.004564,0.05
2022-08-27,275.88,0.017181,0.05
2022-08-28,274.98,0.009295,0.05
2022-08-29,275.5,0.007025,0.05
2022-08-30,275.38,0.004949,0.05
2022-08-31,275.4,0.013299,0.05
2022-09-01,274.93,0.020239,0.05
2022-09-02,275.24,0.011986,0.05
2022-09-03,274.82,0.01352,0.05
2022-09-04,273.9,0.008303,0.05
2022-09-05,273.77,0.011565,0.05
2022-09-06,274.57,0.012277,0.05
2022-09-07,273.98,0.021734,0.05
2022-09-08,274.28,0.005933,0.05
2022-09-09,274.2,0.008739,0.05
2022-09-10,273.54,0.006699,0.05
2022-09-11,273.47,0.005574,0.05
2022-09-12,273.59,0.01249,0.05
2022-09-13,273.19,0.004876,0.05
2022-09-14,274.2,0.007285,0.05
2022-09-15,273.99,0.00498,0.05
2022-09-16,273.7,0.005338,0.05
2022-09-17,273.65,0.020453,0.05
2022-09-18,273.41,0.00442,0.05
2022-09-19,273.14,0.003463,0.05
2022-09-20,273.56,0.004261,0.05
2022-09-21,273.35,0.001367,0.05
2022-09-22,273.31,0.001878,0.05
2022-09-23,273.02,0.003852,0.05
2022-09-24,273.28,0.005605,0.05
2022-09-25,272.76,0.005238,0.05
2022-09-26,272.7,0.01108,0.05
2022-09-27,272.19,0.002394,0.05
2022-09-28,271.79,0.001747,0.05
2022-09-29,271.36,0.001283,0.05
2022-09-30,271.81,0.002792,0.05
2022-10-01,271.77,0.001419,0.05
2022-10-02,272.05,0.001957,0.05
2022-10-03,272.78,0.003321,0.05
2022-10-04,272.51,0.023137,0.05
2022-10-05,272.2,0.017108,0.05
2022-10-06,271.37,0.009429,0.05
2022-10-07,271.31,0.003066,0.05
2022-10-08,271.37,0.0034,0.05
2022-10-09,271.0,0.002381,0.05
2022-10-10,271.6,0.004863,0.05
2022-10-11,271.6,0.013187,0.05
2022-10-12,270.73,0.011426,0.05
2022-10-13,269.14,0.002857,0.05
2022-10-14,267.8,0.001012,0.05
2022-10-15,267.46,0.00018,0.05
2022-10-16,266.53,0.000146,0.05
2022-10-17,266.05,0.001478,0.05
2022-10-18,264.84,0.001549,0.05
2022-10-19,263.49,0.00178,0.05
2022-10-20,264.19,0.001519,0.05
2022-10-21,263.78,0.000242,0.05
2022-10-22,262.76,6.6e-05,0.05
2022-10-23,262.3,0.000137,0.05
2022-10-24,264.39,7e-06,0.05
2022-10-25,266.87,0.00059,0.05
2022-10-26,265.2,0.001533,0.05
2022-10-27,266.9,0.000798,0.05
2022-10-28,265.28,0.000752,0.05
2022-10-29,265.36,0.000377,0.05
2022-10-30,266.39,0.000245,0.05
2022-10-31,266.52,0.000135,0.05
2022-11-01,264.7,0.000448,0.05
2022-11-02,262.91,0.000928,0.05
2022-11-03,263.04,5.4e-05,0.05
2022-11-04,263.45,0.000328,0.05
2022-11-05,264.13,0.001169,0.05
2022-11-06,263.47,0.001418,0.05
2022-11-07,264.24,0.000323,0.05
2022-11-08,263.91,0.00095,0.05
2022-11-09,263.34,0.002337,0.05
2022-11-10,262.94,0.0011,0.05
2022-11-11,261.48,0.001141,0.05
2022-11-12,261.26,0.000581,0.05
2022-11-13,262.33,0.000164,0.05
2022-11-14,262.56,0.000588,0.05
2022-11-15,262.32,0.000631,0.05
2022-11-16,262.18,0.00065,0.05
2022-11-17,261.35,0.000616,0.05
2022-11-18,262.74,3.8e-05,0.05
2022-11-19,264.26,0.000114,0.05
2022-11-20,263.55,0.00058,0.05
2022-11-21,263.8,6.2e-05,0.05
2022-11-22,264.53,0.000464,0.05
2022-11-23,265.62,0.00035,0.05
2022-11-24,264.07,2e-06,0.05
2022-11-25,264.89,7e-06,0.05
2022-11-26,265.63,3.1e-05,0.05
2022-11-27,265.7,6.6e-05,0.05
2022-11-28,264.25,0.000143,0.05
2022-11-29,263.68,0.000147,0.05
2022-11-30,263.22,0.000189,0.05
2022-12-01,262.15,4e-06,0.05
2022-12-02,263.38,5.3e-05,0.05
2022-12-03,262.35,0.000332,0.05
2022-12-04,262.48,0.000116,0.05
2022-12-05,261.78,0.000271,0.05
2022-12-06,261.57,1.1e-05,0.05
2022-12-07,261.37,3.6e-05,0.05
2022-12-08,261.15,3e-06,0.05
2022-12-09,261.67,3e-06,0.05
2022-12-10,261.53,3e-06,0.05
2022-12-11,263.12,1e-06,0.05
2022-12-12,264.69,4.2e-05,0.05
2022-12-13,263.86,2.3e-05,0.05
2022-12-14,264.04,8.7e-05,0.05
2022-12-15,263.52,7e-06,0.05
2022-12-16,262.55,6.8e-05,0.05
2022-12-17,261.84,2.4e-05,0.05
2022-12-18,261.99,4.4e-05,0.05
2022-12-19,263.13,0.000106,0.05
2022-12-20,265.29,7e-05,0.05
2022-12-21,262.91,0.000117,0.05
2022-12-22,259.65,0.000155,0.05
2022-12-23,260.14,0.000211,0.05
2022-12-24,258.52,0.001926,0.05
2022-12-25,258.45,0.000999,0.05
2022-12-26,255.94,0.002616,0.05
2022-12-27,256.83,6.5e-05,0.05
2022-12-28,259.89,1.6e-05,0.05
2022-12-29,261.85,3.4e-05,0.05
2022-12-30,260.94,0.002649,0.05
2022-12-31,259.89,0.000391,0.05
2023-01-01,259.56,0.000478,0.05
2023-01-02,257.93,0.000195,0.05
2023-01-03,258.19,0.000744,0.05
2023-01-04,256.77,0.001848,0.05
2023-01-05,256.0,8.4e-05,0.05
2023-01-06,256.07,9e-05,0.05
2023-01-07,258.63,2e-06,0.05
2023-01-08,258.72,0.0,0.05
2023-01-09,259.12,1e-06,0.05
2023-01-10,257.48,0.000483,0.05
2023-01-11,258.75,8.2e-05,0.05
2023-01-12,257.71,0.001274,0.05
2023-01-13,258.67,0.000501,0.05
2023-01-14,259.32,0.00029,0.05
2023-01-15,258.13,0.000414,0.05
2023-01-16,256.55,0.001109,0.05
2023-01-17,254.54,0.001518,0.05
2023-01-18,257.35,0.000155,0.05
2023-01-19,257.47,0.000243,0.05
2023-01-20,257.29,0.000611,0.05
2023-01-21,258.22,0.000641,0.05
2023-01-22,259.2,0.000546,0.05
2023-01-23,259.85,0.000185,0.05
2023-01-24,260.38,0.00069,0.05
2023-01-25,261.35,0.000743,0.05
2023-01-26,262.46,0.000423,0.05
2023-01-27,264.33,0.000329,0.05
2023-01-28,264.84,0.000179,0.05
2023-01-29,263.28,0.000297,0.05
2023-01-30,262.65,0.002061,0.05
2023-01-31,260.76,0.003429,0.05
2023-02-01,258.34,0.001637,0.05
2023-02-02,257.63,0.000176,0.05
2023-02-03,258.51,0.000573,0.05
2023-02-04,259.64,0.000694,0.05
2023-02-05,261.23,0.000771,0.05
2023-02-06,260.12,0.001938,0.05
2023-02-07,258.38,0.001655,0.05
2023-02-08,260.22,0.000474,0.05
2023-02-09,262.27,0.00035,0.05
2023-02-10,262.41,0.000214,0.05
2023-02-11,261.64,0.000604,0.05
2023-02-12,260.4,0.001583,0.05
2023-02-13,261.78,0.000116,0.05
2023-02-14,263.45,5e-06,0.05
2023-02-15,261.79,0.000802,0.05
2023-02-16,261.48,0.004501,0.05
2023-02-17,264.22,0.000703,0.05
2023-02-18,265.39,7.3e-05,0.05
2023-02-19,265.54,0.000679,0.05
2023-02-20,265.53,0.000519,0.05
2023-02-21,262.75,0.001379,0.05
2023-02-22,260.57,0.000728,0.05
2023-02-23,259.51,0.001307,0.05
2023-02-24,260.83,0.000462,0.05
2023-02-25,260.36,0.002054,0.05
2023-02-26,258.43,0.003813,0.05
2023-02-27,258.31,0.003057,0.05
2023-02-28,259.25,0.000279,0.05
2023-03-01,259.72,0.000848,0.05
2023-03-02,260.59,0.000378,0.05
2023-03-03,261.42,0.001195,0.05
2023-03-04,261.68,0.000968,0.05
2023-03-05,261.59,0.00121,0.05
2023-03-06,260.72,0.001074,0.05
2023-03-07,261.65,0.00096,0.05
2023-03-08,260.88,0.011978,0.05
2023-03-09,258.86,0.000469,0.05
2023-03-10,259.45,0.001178,0.05
2023-03-11,259.29,2.6e-05,0.05
2023-03-12,260.7,0.000674,0.05
2023-03-13,260.97,0.000402,0.05
2023-03-14,260.51,0.001105,0.05
2023-03-15,260.08,0.00085,0.05
2023-03-16,261.44,0.000936,0.05
2023-03-17,261.62,0.003893,0.05
2023-03-18,261.93,0.004617,0.05
2023-03-19,262.12,0.004485,0.05
2023-03-20,262.52,0.010789,0.05
2023-03-21,260.23,0.00569,0.05
2023-03-22,258.53,0.000378,0.05
2023-03-23,259.27,0.00014,0.05
2023-03-24,260.83,0.000359,0.05
2023-03-25,261.72,0.000167,0.05
2023-03-26,259.97,0.00095,0.05
2023-03-27,259.02,0.001513,0.05
2023-03-28,260.11,0.000768,0.05
2023-03-29,261.12,0.000944,0.05
2023-03-30,261.6,0.001048,0.05
2023-03-31,262.92,0.0068,0.05
2023-04-01,261.39,0.009322,0.05
2023-04-02,259.51,0.001436,0.05
2023-04-03,261.07,0.000305,0.05
2023-04-04,261.52,0.002852,0.05
2023-04-05,260.91,0.000534,0.05
2023-04-06,261.44,0.000192,0.05
2023-04-07,262.3,0.000257,0.05
2023-04-08,263.03,0.000535,0.05
2023-04-09,262.34,0.00239,0.05
2023-04-10,262.21,0.001695,0.05
2023-04-11,263.47,0.000809,0.05
2023-04-12,264.04,0.000797,0.05
2023-04-13,264.7,0.000875,0.05
2023-04-14,265.73,0.00072,0.05
2023-04-15,266.56,0.000871,0.05
2023-04-16,265.65,0.003734,0.05
2023-04-17,266.2,0.001936,0.05
2023-04-18,266.49,0.002525,0.05
2023-04-19,265.56,0.001443,0.05
2023-04-20,265.08,0.001108,0.05
2023-04-21,263.96,0.002498,0.05
2023-04-22,262.57,0.003841,0.05
2023-04-23,262.15,0.00288,0.05
2023-04-24,262.63,0.005092,0.05
2023-04-25,261.98,0.005395,0.05
2023-04-26,263.99,0.000374,0.05
2023-04-27,264.48,0.001741,0.05
2023-04-28,264.84,0.000986,0.05
2023-04-29,265.68,0.001773,0.05
2023-04-30,266.56,0.009121,0.05
2023-05-01,265.42,0.011835,0.05
2023-05-02,263.82,0.005031,0.05
2023-05-03,265.52,0.005449,0.05
2023-05-04,264.62,0.006663,0.05
2023-05-05,264.95,0.000597,0.05
2023-05-06,265.63,0.001713,0.05
2023-05-07,265.87,0.00238,0.05
2023-05-08,265.12,0.004791,0.05
2023-05-09,264.65,0.001882,0.05
2023-05-10,264.34,0.005847,0.05
2023-05-11,264.88,0.008379,0.05
2023-05-12,265.08,0.001528,0.05
2023-05-13,266.41,0.000858,0.05
2023-05-14,267.78,0.007846,0.05
2023-05-15,267.0,0.003631,0.05
2023-05-16,266.96,0.002337,0.05
2023-05-17,268.23,0.005131,0.05
2023-05-18,268.96,0.002378,0.05
2023-05-19,267.57,0.001795,0.05
2023-05-20,267.66,0.003468,0.05
2023-05-21,267.75,0.003112,0.05
2023-05-22,268.95,0.001602,0.05
2023-05-23,268.33,0.004241,0.05
2023-05-24,270.43,0.006304,0.05
2023-05-25,270.06,0.009275,0.05
2023-05-26,268.71,0.010859,0.05
2023-05-27,268.92,0.006536,0.05
2023-05-28,268.99,0.001169,0.05
2023-05-29,270.86,0.001056,0.05
2023-05-30,270.98,0.00056,0.05
2023-05-31,271.14,0.001089,0.05
2023-06-01,271.44,0.004929,0.05
2023-06-02,270.79,0.004691,0.05
2023-06-03,269.32,0.003419,0.05
2023-06-04,271.4,0.001308,0.05
2023-06-05,270.8,0.00508,0.05
2023-06-06,270.04,0.004613,0.05
2023-06-07,271.03,0.003054,0.05
2023-06-08,271.26,0.0022,0.05
2023-06-09,272.33,0.001693,0.05
2023-06-10,272.89,0.002647,0.05
2023-06-11,273.52,0.006136,0.05
2023-06-12,274.11,0.015136,0.05
2023-06-13,274.16,0.014821,0.05
2023-06-14,274.31,0.028606,0.05
2023-06-15,272.77,0.008909,0.05
2023-06-16,273.34,0.00195,0.05
2023-06-17,273.52,0.000869,0.05
2023-06-18,274.07,0.002802,0.05
2023-06-19,273.65,0.010554,0.05
2023-06-20,274.01,0.007666,0.05
2023-06-21,274.98,0.008648,0.05
2023-06-22,274.92,0.015899,0.05
2023-06-23,275.99,0.010274,0.05
2023-06-24,275.65,0.00491,0.05
2023-06-25,274.91,0.009707,0.05
2023-06-26,274.57,0.002891,0.05
2023-06-27,274.27,0.006515,0.05
2023-06-28,274.74,0.007679,0.05
2023-06-29,274.72,0.008497,0.05
2023-06-30,274.29,0.009977,0.05
2023-07-01,274.65,0.010525,0.05
2023-07-02,274.95,0.008606,0.05
2023-07-03,274.93,0.017989,0.05
2023-07-04,274.77,0.017855,0.05
2023-07-05,274.37,0.011068,0.05
2023-07-06,275.17,0.007603,0.05
2023-07-07,275.59,0.007813,0.05
2023-07-08,276.14,0.01004,0.05
2023-07-09,276.61,0.008121,0.05
2023-07-10,276.19,0.007766,0.05
2023-07-11,275.94,0.012533,0.05
2023-07-12,275.7,0.02774,0.05
2023-07-13,276.07,0.015962,0.05
2023-07-14,275.86,0.012578,0.05
2023-07-15,276.41,0.007628,0.05
2023-07-16,276.21,0.010716,0.05
2023-07-17,275.92,0.018761,0.05
2023-07-18,274.54,0.01791,0.05
2023-07-19,275.12,0.008825,0.05
2023-07-20,276.22,0.009342,0.05
2023-07-21,276.11,0.008055,0.05
2023-07-22,275.33,0.005481,0.05
2023-07-23,274.94,0.015671,0.05
2023-07-24,274.41,0.019193,0.05
2023-07-25,274.88,0.021326,0.05
2023-07-26,275.33,0.009476,0.05
2023-07-27,275.28,0.010204,0.05
2023-07-28,276.15,0.014676,0.05
2023-07-29,275.81,0.015987,0.05
2023-07-30,275.88,0.006907,0.05
2023-07-31,276.27,0.009103,0.05
2023-08-01,276.47,0.006569,0.05
2023-08-02,276.51,0.004007,0.05
2023-08-03,276.02,0.00378,0.05
2023-08-04,275.88,0.015379,0.05
2023-08-05,275.86,0.02393,0.05
2023-08-06,276.0,0.010263,0.05
2023-08-07,276.09,0.010818,0.05
2023-08-08,275.74,0.01033,0.05
2023-08-09,276.33,0.009212,0.05
2023-08-10,276.16,0.006769,0.05
2023-08-11,276.64,0.008439,0.05
2023-08-12,276.7,0.021099,0.05
2023-08-13,275.67,0.041069,0.05
2023-08-14,275.42,0.005494,0.05
2023-08-15,275.86,0.00592,0.05
2023-08-16,276.31,0.009654,0.05
2023-08-17,275.8,0.015356,0.05
2023-08-18,276.05,0.003821,0.05
2023-08-19,276.32,0.007607,0.05
2023-08-20,276.33,0.017822,0.05
2023-08-21,275.92,0.010863,0.05
2023-08-22,276.23,0.007588,0.05
2023-08-23,275.59,0.016341,0.05
2023-08-24,275.09,0.049149,0.05
2023-08-25,274.27,0.055856,0.05
2023-08-26,274.42,0.018265,0.05
2023-08-27,274.88,0.016683,0.05
2023-08-28,273.96,0.02568,0.05
2023-08-29,274.56,0.003933,0.05
2023-08-30,275.46,0.002175,0.05
2023-08-31,275.27,0.003825,0.05
2023-09-01,275.41,0.004376,0.05
2023-09-02,274.86,0.002035,0.05
2023-09-03,274.26,0.005935,0.05
2023-09-04,273.48,0.001531,0.05
2023-09-05,272.93,0.001801,0.05
2023-09-06,273.3,0.000499,0.05
2023-09-07,274.34,0.000802,0.05
2023-09-08,274.69,0.00706,0.05
2023-09-09,274.15,0.005484,0.05
2023-09-10,274.77,0.007564,0.05
2023-09-11,275.36,0.006389,0.05
2023-09-12,274.87,0.009401,0.05
2023-09-13,274.8,0.003151,0.05
2023-09-14,274.94,0.001286,0.05
2023-09-15,274.02,0.000887,0.05
2023-09-16,273.47,0.000225,0.05
2023-09-17,273.5,0.002842,0.05
2023-09-18,273.4,0.003578,0.05
2023-09-19,273.69,0.005069,0.05
2023-09-20,274.41,0.007814,0.05
2023-09-21,274.26,0.02008,0.05
2023-09-22,273.47,0.01786,0.05
2023-09-23,272.39,0.017112,0.05
2023-09-24,272.45,0.003861,0.05
2023-09-25,272.35,0.00362,0.05
2023-09-26,272.69,0.001846,0.05
2023-09-27,272.62,0.00103,0.05
2023-09-28,272.8,0.000968,0.05
2023-09-29,272.67,0.001501,0.05
2023-09-30,272.81,0.00334,0.05
2023-10-01,273.65,0.007453,0.05
2023-10-02,273.41,0.010783,0.05
2023-10-03,273.29,0.006939,0.05
2023-10-04,273.26,0.015432,0.05
2023-10-05,272.67,0.003991,0.05
2023-10-06,271.57,0.003496,0.05
2023-10-07,271.8,0.004943,0.05
2023-10-08,271.79,0.004541,0.05
2023-10-09,272.06,0.000863,0.05
2023-10-10,270.19,0.002682,0.05
2023-10-11,268.76,0.003159,0.05
2023-10-12,268.41,0.002079,0.05
2023-10-13,268.26,0.002565,0.05
2023-10-14,268.09,0.001101,0.05
2023-10-15,267.36,0.000921,0.05
2023-10-16,267.04,0.001683,0.05
2023-10-17,265.65,0.005332,0.05
2023-10-18,264.31,0.002656,0.05
2023-10-19,264.27,0.001291,0.05
2023-10-20,264.93,0.001345,0.05
2023-10-21,265.57,0.001677,0.05
2023-10-22,265.43,0.000887,0.05
2023-10-23,263.92,0.001005,0.05
2023-10-24,263.6,0.000742,0.05
2023-10-25,263.92,0.000868,0.05
2023-10-26,264.44,0.001413,0.05
2023-10-27,264.51,0.001594,0.05
2023-10-28,266.03,0.000311,0.05
2023-10-29,266.51,0.00105,0.05
2023-10-30,264.82,0.00102,0.05
2023-10-31,265.39,0.00062,0.05
2023-11-01,264.23,0.000774,0.05
2023-11-02,263.02,0.001345,0.05
2023-11-03,262.26,0.002124,0.05
2023-11-04,261.83,0.001539,0.05
2023-11-05,262.53,0.00072,0.05
2023-11-06,263.27,0.001329,0.05
2023-11-07,263.05,0.000843,0.05
2023-11-08,262.92,0.00098,0.05
2023-11-09,263.84,0.000411,0.05
2023-11-10,263.46,0.001036,0.05
2023-11-11,262.18,0.00111,0.05
2023-11-12,262.74,2.1e-05,0.05
2023-11-13,264.07,0.000172,0.05
2023-11-14,265.47,0.000173,0.05
2023-11-15,265.23,0.00036,0.05
2023-11-16,265.14,0.000124,0.05
2023-11-17,263.68,0.000514,0.05
2023-11-18,265.02,0.000107,0.05
2023-11-19,266.08,0.000947,0.05
2023-11-20,264.33,0.001621,0.05
2023-11-21,262.1,0.001001,0.05
2023-11-22,261.63,0.000427,0.05
2023-11-23,261.91,0.002064,0.05
2023-11-24,261.37,0.001141,0.05
2023-11-25,262.72,3e-06,0.05
2023-11-26,264.29,6e-06,0.05
2023-11-27,265.07,0.00031,0.05
2023-11-28,262.49,0.003788,0.05
2023-11-29,260.1,0.001633,0.05
2023-11-30,260.41,0.001019,0.05
2023-12-01,260.5,0.000786,0.05
2023-12-02,259.18,0.000307,0.05
2023-12-03,259.8,0.00013,0.05
2023-12-04,262.19,0.001904,0.05
2023-12-05,262.81,0.000617,0.05
2023-12-06,263.57,0.000371,0.05
2023-12-07,262.06,0.003701,0.05
2023-12-08,259.92,0.000288,0.05
2023-12-09,261.12,0.000527,0.05
2023-12-10,260.8,0.000286,0.05
2023-12-11,259.71,0.002087,0.05
2023-12-12,257.98,0.00805,0.05
2023-12-13,254.98,0.002419,0.05
2023-12-14,260.23,2e-05,0.05
2023-12-15,263.72,2e-06,0.05
2023-12-16,263.28,0.000303,0.05
2023-12-17,260.29,0.000784,0.05
2023-12-18,260.03,0.000381,0.05
2023-12-19,261.67,6e-06,0.05
2023-12-20,261.73,0.0,0.05
2023-12-21,261.77,0.0,0.05
2023-12-22,264.04,3e-06,0.05
2023-12-23,262.67,0.000441,0.05
2023-12-24,258.87,0.000538,0.05
2023-12-25,259.54,1e-06,0.05
2023-12-26,260.92,3e-06,0.05
2023-12-27,260.53,0.000102,0.05
2023-12-28,259.05,1.8e-05,0.05
2023-12-29,257.59,4e-06,0.05
2023-12-30,257.81,1e-05,0.05
2023-12-31,256.94,1.6e-05,0.05
2024-01-01,255.88,0.00025,0.05
2024-01-02,255.74,0.000125,0.05
2024-01-03,255.76,0.000378,0.05
2024-01-04,255.78,0.000274,0.05
2024-01-05,256.37,0.000259,0.05
2024-01-06,256.01,0.000125,0.05
2024-01-07,257.48,0.000174,0.05
2024-01-08,258.85,6.1e-05,0.05
2024-01-09,259.76,0.000229,0.05
2024-01-10,259.86,4.4e-05,0.05
2024-01-11,258.87,0.0,0.05
2024-01-12,258.91,0.0,0.05
2024-01-13,261.03,9e-06,0.05
2024-01-14,259.53,5e-05,0.05
2024-01-15,258.05,0.001221,0.05
2024-01-16,257.84,0.003729,0.05
2024-01-17,255.69,0.000907,0.05
2024-01-18,255.43,0.000477,0.05
2024-01-19,257.83,9.5e-05,0.05
2024-01-20,257.42,0.000534,0.05
2024-01-21,256.65,2.8e-05,0.05
2024-01-22,260.1,0.00017,0.05
2024-01-23,256.89,0.00177,0.05
2024-01-24,255.04,0.002229,0.05
2024-01-25,254.71,0.001265,0.05
2024-01-26,254.47,0.001637,0.05
2024-01-27,255.97,0.000728,0.05
2024-01-28,257.56,8.9e-05,0.05
2024-01-29,257.34,0.00129,0.05
2024-01-30,257.2,0.001332,0.05
2024-01-31,257.21,0.001289,0.05
2024-02-01,256.59,0.003046,0.05
2024-02-02,255.76,0.001245,0.05
2024-02-03,257.25,2.4e-05,0.05
2024-02-04,258.52,0.001629,0.05
2024-02-05,257.7,0.002339,0.05
2024-02-06,257.39,0.001005,0.05
2024-02-07,258.7,0.001064,0.05
2024-02-08,258.88,0.000533,0.05
2024-02-09,257.88,0.000865,0.05
2024-02-10,257.47,0.000211,0.05
2024-02-11,256.43,0.000148,0.05
2024-02-12,258.18,0.000173,0.05
2024-02-13,259.26,0.001946,0.05
2024-02-14,259.55,0.005378,0.05
2024-02-15,257.93,0.000887,0.05
2024-02-16,259.06,0.000322,0.05
2024-02-17,261.12,0.000682,0.05
2024-02-18,262.19,0.00221,0.05
2024-02-19,260.93,0.001093,0.05
2024-02-20,258.34,0.000935,0.05
2024-02-21,257.44,0.004289,0.05
2024-02-22,256.37,0.009364,0.05
2024-02-23,254.2,0.004197,0.05
2024-02-24,253.71,0.003306,0.05
2024-02-25,256.99,0.000979,0.05
2024-02-26,261.11,0.000331,0.05
2024-02-27,260.1,0.000898,0.05
2024-02-28,259.58,0.001944,0.05
2024-02-29,261.15,0.000311,0.05
2024-03-01,263.41,0.000125,0.05
2024-03-02,262.26,0.001746,0.05
2024-03-03,261.62,0.010221,0.05
2024-03-04,257.76,0.001249,0.05
2024-03-05,257.91,0.000234,0.05
2024-03-06,257.69,0.001093,0.05
2024-03-07,257.49,0.000662,0.05
2024-03-08,258.84,0.000483,0.05
2024-03-09,260.17,0.0006,0.05
2024-03-10,263.76,8e-05,0.05
2024-03-11,262.93,0.002301,0.05
2024-03-12,262.29,0.001251,0.05
2024-03-13,261.3,0.001621,0.05
2024-03-14,260.42,0.000971,0.05
2024-03-15,260.9,0.00168,0.05
2024-03-16,260.26,0.000908,0.05
2024-03-17,260.34,0.001358,0.05
2024-03-18,260.04,0.002709,0.05
2024-03-19,260.16,0.002725,0.05
2024-03-20,261.87,0.01405,0.05
2024-03-21,262.33,0.006043,0.05
2024-03-22,262.87,0.00137,0.05
2024-03-23,260.57,0.001968,0.05
2024-03-24,262.24,0.00033,0.05
2024-03-25,260.78,0.000136,0.05
2024-03-26,261.3,1e-05,0.05
2024-03-27,264.26,0.000748,0.05
2024-03-28,266.49,0.003874,0.05
2024-03-29,267.31,0.002475,0.05
2024-03-30,265.93,0.000598,0.05
2024-03-31,263.47,0.001237,0.05
2024-04-01,264.88,0.00091,0.05
2024-04-02,265.68,0.002427,0.05
2024-04-03,265.23,0.002654,0.05
2024-04-04,265.15,0.003134,0.05
2024-04-05,264.99,0.004678,0.05
2024-04-06,263.78,0.004122,0.05
2024-04-07,263.52,0.004252,0.05
2024-04-08,262.33,0.006607,0.05
2024-04-09,261.04,0.002267,0.05
2024-04-10,260.98,0.001803,0.05
2024-04-11,262.22,0.002327,0.05
2024-04-12,264.21,0.001242,0.05
2024-04-13,265.46,0.001769,0.05
2024-04-14,266.2,0.001627,0.05
2024-04-15,269.07,0.003224,0.05
2024-04-16,267.71,0.005039,0.05
2024-04-17,268.62,0.000938,0.05
2024-04-18,269.04,0.004219,0.05
2024-04-19,268.41,0.001994,0.05
2024-04-20,267.06,0.002007,0.05
2024-04-21,266.97,0.001448,0.05
2024-04-22,266.48,0.003512,0.05
2024-04-23,265.07,0.004245,0.05
2024-04-24,265.01,0.005431,0.05
2024-04-25,265.78,0.004178,0.05
2024-04-26,266.08,0.001398,0.05
2024-04-27,266.56,0.001515,0.05
2024-04-28,266.96,0.001925,0.05
2024-04-29,267.53,0.004243,0.05
2024-04-30,267.06,0.002057,0.05
2024-05-01,264.67,0.007609,0.05
2024-05-02,263.12,0.005301,0.05
2024-05-03,267.87,0.001048,0.05
2024-05-04,268.18,0.003302,0.05
2024-05-05,266.99,0.006535,0.05
2024-05-06,267.66,0.006102,0.05
2024-05-07,267.55,0.009697,0.05
2024-05-08,267.82,0.007017,0.05
2024-05-09,267.9,0.005841,0.05
2024-05-10,267.39,0.00454,0.05
2024-05-11,269.81,0.009866,0.05
2024-05-12,268.23,0.020431,0.05
2024-05-13,269.06,0.001777,0.05
2024-05-14,269.83,0.000827,0.05
2024-05-15,269.73,0.005439,0.05
2024-05-16,270.29,0.004837,0.05
2024-05-17,271.33,0.002271,0.05
2024-05-18,271.22,0.003914,0.05
2024-05-19,271.22,0.007018,0.05
2024-05-20,271.64,0.005946,0.05
2024-05-21,271.92,0.004828,0.05
2024-05-22,272.14,0.005958,0.05
2024-05-23,272.33,0.004674,0.05
2024-05-24,273.12,0.004711,0.05
2024-05-25,274.23,0.008048,0.05
2024-05-26,274.31,0.011463,0.05
2024-05-27,274.76,0.020494,0.05
2024-05-28,274.63,0.028475,0.05
2024-05-29,273.1,0.008565,0.05
2024-05-30,272.99,0.005427,0.05
2024-05-31,273.06,0.00425,0.05
2024-06-01,272.65,0.003857,0.05
2024-06-02,272.67,0.008286,0.05
2024-06-03,272.22,0.007368,0.05
2024-06-04,272.08,0.005809,0.05
2024-06-05,272.5,0.003294,0.05
2024-06-06,273.44,0.00837,0.05
2024-06-07,273.9,0.007586,0.05
2024-06-08,274.25,0.004215,0.05
2024-06-09,275.18,0.00261,0.05
2024-06-10,275.56,0.002185,0.05
2024-06-11,275.41,0.007312,0.05
2024-06-12,274.96,0.007055,0.05
2024-06-13,275.56,0.002629,0.05
2024-06-14,275.53,0.00271,0.05
2024-06-15,275.57,0.004158,0.05
2024-06-16,276.1,0.009385,0.05
2024-06-17,276.56,0.008224,0.05
2024-06-18,276.74,0.015951,0.05
2024-06-19,275.73,0.062084,0.05
2024-06-20,275.36,0.017449,0.05
2024-06-21,275.32,0.014101,0.05
2024-06-22,275.41,0.005977,0.05
2024-06-23,276.27,0.006586,0.05
2024-06-24,277.08,0.010685,0.05
2024-06-25,277.11,0.020507,0.05
2024-06-26,274.91,0.047035,0.05
2024-06-27,275.44,0.008285,0.05
2024-06-28,276.13,0.022461,0.05
2024-06-29,276.07,0.022069,0.05
2024-06-30,276.49,0.035763,0.05
2024-07-01,277.09,0.020007,0.05
2024-07-02,276.18,0.014321,0.05
2024-07-03,276.27,0.021687,0.05
2024-07-04,276.14,0.014665,0.05
2024-07-05,275.71,0.029772,0.05
2024-07-06,274.68,0.060974,0.05
2024-07-07,275.42,0.009032,0.05
2024-07-08,276.13,0.006304,0.05
2024-07-09,276.87,0.014118,0.05
2024-07-10,276.83,0.013816,0.05
2024-07-11,276.62,0.071696,0.05
2024-07-12,274.81,0.039729,0.05
2024-07-13,275.69,0.007447,0.05
2024-07-14,276.5,0.015224,0.05
2024-07-15,276.97,0.00477,0.05
2024-07-16,276.56,0.014164,0.05
2024-07-17,276.3,0.014305,0.05
2024-07-18,277.02,0.029403,0.05
2024-07-19,276.56,0.019994,0.05
2024-07-20,277.06,0.008314,0.05
2024-07-21,276.65,0.01966,0.05
2024-07-22,276.86,0.008439,0.05
2024-07-23,276.53,0.010871,0.05
2024-07-24,276.99,0.007721,0.05
2024-07-25,277.4,0.009561,0.05
2024-07-26,277.25,0.006456,0.05
2024-07-27,277.47,0.004244,0.05
2024-07-28,277.74,0.010705,0.05
2024-07-29,277.09,0.011752,0.05
2024-07-30,277.03,0.016745,0.05
2024-07-31,276.03,0.01274,0.05
2024-08-01,276.33,0.006332,0.05
2024-08-02,276.24,0.023684,0.05
2024-08-03,275.68,0.014398,0.05
2024-08-04,275.93,0.004534,0.05
2024-08-05,276.13,0.019993,0.05
2024-08-06,274.53,0.044321,0.05
2024-08-07,275.23,0.012408,0.05
2024-08-08,275.23,0.012174,0.05
2024-08-09,275.5,0.010706,0.05
2024-08-10,275.06,0.012999,0.05
2024-08-11,274.46,0.021716,0.05
2024-08-12,275.92,0.008907,0.05
2024-08-13,275.54,0.014342,0.05
2024-08-14,275.8,0.008636,0.05
2024-08-15,275.73,0.013443,0.05
2024-08-16,275.68,0.003945,0.05
2024-08-17,275.93,0.00812,0.05
2024-08-18,275.64,0.014091,0.05
2024-08-19,275.18,0.010765,0.05
2024-08-20,275.15,0.014839,0.05
2024-08-21,275.16,0.009829,0.05
2024-08-22,275.41,0.006525,0.05
2024-08-23,275.17,0.006862,0.05
2024-08-24,274.8,0.002912,0.05
2024-08-25,274.84,0.0031,0.05
2024-08-26,274.34,0.004643,0.05
2024-08-27,274.52,0.004623,0.05
2024-08-28,274.27,0.004205,0.05
2024-08-29,273.97,0.003537,0.05
2024-08-30,274.52,0.001342,0.05
2024-08-31,276.0,0.004373,0.05
2024-09-01,275.05,0.026802,0.05
2024-09-02,274.91,0.005319,0.05
2024-09-03,274.93,0.00564,0.05
2024-09-04,275.12,0.012841,0.05
2024-09-05,274.76,0.016686,0.05
2024-09-06,274.96,0.00614,0.05
2024-09-07,275.34,0.004388,0.05
2024-09-08,275.46,0.003249,0.05
2024-09-09,275.42,0.004958,0.05
2024-09-10,275.08,0.002507,0.05
2024-09-11,274.89,0.004296,0.05
2024-09-12,274.54,0.007706,0.05
2024-09-13,274.32,0.005658,0.05
2024-09-14,274.3,0.005492,0.05
2024-09-15,273.99,0.009854,0.05
2024-09-16,273.02,0.006903,0.05
2024-09-17,273.27,0.000495,0.05
2024-09-18,273.8,0.000958,0.05
2024-09-19,274.8,0.002845,0.05
2024-09-20,275.24,0.008863,0.05
2024-09-21,274.58,0.002833,0.05
2024-09-22,273.95,0.000756,0.05
2024-09-23,274.55,0.001658,0.05
2024-09-24,274.45,0.015447,0.05
2024-09-25,273.77,0.016623,0.05
2024-09-26,273.28,0.057648,0.05
2024-09-27,273.19,0.050325,0.05
2024-09-28,272.5,0.025939,0.05
2024-09-29,272.53,0.003833,0.05
2024-09-30,272.97,0.000571,0.05
2024-10-01,273.85,0.001388,0.05
2024-10-02,273.5,0.009637,0.05
2024-10-03,272.51,0.029226,0.05
2024-10-04,271.99,0.007884,0.05
2024-10-05,272.22,0.01512,0.05
2024-10-06,271.51,0.00312,0.05
2024-10-07,270.2,0.001024,0.05
2024-10-08,270.34,0.000463,0.05
2024-10-09,270.38,0.001088,0.05
2024-10-10,269.83,0.002059,0.05
2024-10-11,269.22,0.000896,0.05
2024-10-12,268.68,0.001418,0.05
2024-10-13,268.48,0.000782,0.05
2024-10-14,269.02,0.001745,0.05
2024-10-15,268.63,0.002056,0.05
2024-10-16,269.1,0.003283,0.05
2024-10-17,268.44,0.002259,0.05
2024-10-18,266.67,0.002728,0.05
2024-10-19,265.75,0.000619,0.05
2024-10-20,265.54,0.001255,0.05
2024-10-21,265.58,0.002199,0.05
2024-10-22,265.43,0.000177,0.05
2024-10-23,265.92,0.001898,0.05
2024-10-24,268.28,0.000378,0.05
2024-10-25,269.34,0.001916,0.05
2024-10-26,268.64,0.000235,0.05
2024-10-27,269.38,0.001235,0.05
2024-10-28,270.0,0.000308,0.05
2024-10-29,269.56,0.000349,0.05
2024-10-30,270.63,0.001728,0.05
