date,temperature_2m_k,total_precip_m_day,snow_depth_m_we
2016-01-01,281.72,0.000578,0.05
2016-01-02,280.9,0.000957,0.05
2016-01-03,278.25,0.006218,0.05
2016-01-04,278.85,3.4e-05,0.05
2016-01-05,278.73,0.000448,0.05
2016-01-06,280.41,0.00024,0.05
2016-01-07,281.45,0.000408,0.05
2016-01-08,279.44,0.003238,0.05
2016-01-09,277.67,0.00611,0.05
2016-01-10,278.85,0.001692,0.05
2016-01-11,278.99,6.5e-05,0.05
2016-01-12,279.81,3.9e-05,0.05
2016-01-13,279.44,0.000151,0.05
2016-01-14,278.72,0.001712,0.05
2016-01-15,277.1,0.000911,0.05
2016-01-16,277.32,0.001406,0.05
2016-01-17,278.14,2.4e-05,0.05
2016-01-18,279.47,0.000452,0.05
2016-01-19,279.18,0.004568,0.05
2016-01-20,279.01,0.002891,0.05
2016-01-21,276.58,0.0054,0.05
2016-01-22,277.03,0.000979,0.05
2016-01-23,277.04,0.000959,0.05
2016-01-24,277.76,0.000449,0.05
2016-01-25,277.36,0.004076,0.05
2016-01-26,277.19,0.014095,0.05
2016-01-27,276.14,0.008878,0.05
2016-01-28,275.85,0.002435,0.05
2016-01-29,277.55,0.000777,0.05
2016-01-30,278.2,0.00161,0.05
2016-01-31,278.93,0.001568,0.05
2016-02-01,279.37,0.001037,0.05
2016-02-02,279.84,0.000139,0.05
2016-02-03,281.51,3e-06,0.05
2016-02-04,281.78,1e-06,0.05
2016-02-05,283.43,1.7e-05,0.05
2016-02-06,283.94,3.4e-05,0.05
2016-02-07,283.05,0.001989,0.05
2016-02-08,278.78,0.008364,0.05
2016-02-09,278.48,0.003361,0.05
2016-02-10,279.42,0.001245,0.05
2016-02-11,278.36,0.000835,0.05
2016-02-12,279.66,0.000336,0.05
2016-02-13,280.56,0.000848,0.05
2016-02-14,280.57,6.2e-05,0.05
2016-02-15,280.49,3e-06,0.05
2016-02-16,281.18,1e-06,0.05
2016-02-17,282.43,1e-06,0.05
2016-02-18,283.78,0.0,0.05
2016-02-19,285.87,2.7e-05,0.05
2016-02-20,284.88,0.001356,0.05
2016-02-21,283.6,0.000363,0.05
2016-02-22,284.31,0.00086,0.05
2016-02-23,283.7,0.001723,0.05
2016-02-24,282.04,0.001463,0.05
2016-02-25,283.79,0.000771,0.05
2016-02-26,281.82,0.002852,0.05
2016-02-27,280.67,0.007118,0.05
2016-02-28,280.62,0.007958,0.05
2016-02-29,283.04,0.0018,0.05
2016-03-01,282.41,0.00245,0.05
2016-03-02,283.42,0.003854,0.05
2016-03-03,282.68,0.004167,0.05
2016-03-04,283.05,0.004695,0.05
2016-03-05,283.74,0.002452,0.05
2016-03-06,283.06,0.00063,0.05
2016-03-07,284.76,0.000231,0.05
2016-03-08,284.14,0.000414,0.05
2016-03-09,284.32,0.000158,0.05
2016-03-10,285.77,0.000282,0.05
2016-03-11,286.24,0.000939,0.05
2016-03-12,287.42,0.000934,0.05
2016-03-13,285.48,0.003466,0.05
2016-03-14,284.33,0.004775,0.05
2016-03-15,284.73,0.001609,0.05
2016-03-16,284.4,0.001728,0.05
2016-03-17,285.79,0.00082,0.05
2016-03-18,285.72,0.002945,0.05
2016-03-19,286.21,0.002065,0.05
2016-03-20,286.48,0.002424,0.05
2016-03-21,285.04,0.002823,0.05
2016-03-22,284.38,0.001512,0.05
2016-03-23,286.38,0.000562,0.05
2016-03-24,287.42,5.7e-05,0.05
2016-03-25,288.93,8.2e-05,0.05
2016-03-26,289.19,0.000789,0.05
2016-03-27,288.64,0.007718,0.05
2016-03-28,283.41,0.01153,0.05
2016-03-29,287.08,0.000352,0.05
2016-03-30,286.98,0.008097,0.05
2016-03-31,284.74,0.008405,0.05
2016-04-01,286.23,0.0113,0.05
2016-04-02,287.19,0.010006,0.05
2016-04-03,288.07,0.01344,0.05
2016-04-04,288.38,0.002455,0.05
2016-04-05,288.17,0.002589,0.05
2016-04-06,288.84,5.6e-05,0.05
2016-04-07,290.0,0.00012,0.05
2016-04-08,288.46,0.000795,0.05
2016-04-09,288.65,6.4e-05,0.05
2016-04-10,290.6,2.2e-05,0.05
2016-04-11,289.88,0.001096,0.05
2016-04-12,289.45,0.000207,0.05
2016-04-13,289.93,0.000996,0.05
2016-04-14,287.48,0.004728,0.05
2016-04-15,290.62,0.002511,0.05
2016-04-16,288.87,0.004568,0.05
2016-04-17,289.48,0.002342,0.05
2016-04-18,290.08,0.003171,0.05
2016-04-19,290.41,0.001556,0.05
2016-04-20,289.89,0.002361,0.05
2016-04-21,290.16,0.003059,0.05
2016-04-22,289.97,0.001729,0.05
2016-04-23,288.61,0.001689,0.05
2016-04-24,289.24,0.000405,0.05
2016-04-25,289.75,0.0,0.05
2016-04-26,290.6,0.000127,0.05
2016-04-27,290.23,0.000114,0.05
2016-04-28,289.35,0.000365,0.05
2016-04-29,289.68,0.00019,0.05
2016-04-30,289.95,0.000165,0.05
2016-05-01,292.05,3.2e-05,0.05
2016-05-02,289.93,0.000124,0.05
2016-05-03,289.33,0.00346,0.05
2016-05-04,288.44,0.010465,0.05
2016-05-05,287.74,0.005258,0.05
2016-05-06,287.95,0.004514,0.05
2016-05-07,288.29,0.003527,0.05
2016-05-08,288.43,0.004762,0.05
2016-05-09,290.24,0.004689,0.05
2016-05-10,290.65,0.007872,0.05
2016-05-11,290.47,0.008638,0.05
2016-05-12,289.66,0.009246,0.05
2016-05-13,288.87,0.005158,0.05
2016-05-14,289.17,0.012798,0.05
2016-05-15,290.35,0.003031,0.05
2016-05-16,289.2,0.008149,0.05
2016-05-17,290.77,0.005007,0.05
2016-05-18,291.69,0.00161,0.05
2016-05-19,290.93,0.008866,0.05
2016-05-20,289.33,0.01418,0.05
2016-05-21,289.48,0.007787,0.05
2016-05-22,291.1,0.007972,0.05
2016-05-23,291.3,0.00722,0.05
2016-05-24,289.83,0.010128,0.05
2016-05-25,289.3,0.005613,0.05
2016-05-26,288.22,0.006395,0.05
2016-05-27,289.2,0.004675,0.05
2016-05-28,289.4,0.01898,0.05
2016-05-29,289.21,0.004215,0.05
2016-05-30,289.56,0.003963,0.05
2016-05-31,288.57,0.00535,0.05
2016-06-01,289.66,0.004811,0.05
2016-06-02,290.54,0.009528,0.05
2016-06-03,292.04,0.001684,0.05
2016-06-04,291.29,0.01089,0.05
2016-06-05,291.32,0.015794,0.05
2016-06-06,291.24,0.009977,0.05
2016-06-07,291.63,0.005264,0.05
2016-06-08,291.93,0.004574,0.05
2016-06-09,291.91,0.014848,0.05
2016-06-10,291.8,0.011477,0.05
2016-06-11,291.8,0.008822,0.05
2016-06-12,292.14,0.014845,0.05
2016-06-13,291.8,0.008019,0.05
2016-06-14,292.24,0.014245,0.05
2016-06-15,292.42,0.041831,0.05
2016-06-16,291.76,0.019479,0.05
2016-06-17,292.21,0.013867,0.05
2016-06-18,292.33,0.018245,0.05
2016-06-19,291.72,0.022238,0.05
2016-06-20,291.52,0.021228,0.05
2016-06-21,291.97,0.023378,0.05
2016-06-22,291.92,0.017359,0.05
2016-06-23,291.72,0.020914,0.05
2016-06-24,292.36,0.019429,0.05
2016-06-25,292.43,0.037671,0.05
2016-06-26,292.86,0.04066,0.05
2016-06-27,292.56,0.037275,0.05
2016-06-28,292.81,0.024136,0.05
2016-06-29,292.74,0.035496,0.05
2016-06-30,292.03,0.063429,0.05
2016-07-01,291.17,0.047627,0.05
2016-07-02,292.38,0.01361,0.05
2016-07-03,292.86,0.01749,0.05
2016-07-04,292.99,0.025011,0.05
2016-07-05,292.86,0.026022,0.05
2016-07-06,292.43,0.017308,0.05
2016-07-07,292.78,0.044795,0.05
2016-07-08,292.88,0.026683,0.05
2016-07-09,292.77,0.019486,0.05
2016-07-10,292.39,0.048854,0.05
2016-07-11,292.29,0.04792,0.05
2016-07-12,292.82,0.027491,0.05
2016-07-13,292.16,0.049064,0.05
2016-07-14,292.58,0.029459,0.05
2016-07-15,292.31,0.069913,0.05
2016-07-16,292.94,0.01892,0.05
2016-07-17,292.11,0.030803,0.05
2016-07-18,292.01,0.024047,0.05
2016-07-19,292.57,0.020074,0.05
2016-07-20,292.21,0.022758,0.05
2016-07-21,291.62,0.036423,0.05
2016-07-22,291.15,0.027044,0.05
2016-07-23,291.52,0.025492,0.05
2016-07-24,291.43,0.037265,0.05
2016-07-25,290.92,0.085882,0.05
2016-07-26,291.23,0.030093,0.05
2016-07-27,291.39,0.034195,0.05
2016-07-28,290.67,0.043605,0.05
2016-07-29,290.86,0.034372,0.05
2016-07-30,290.71,0.038696,0.05
2016-07-31,290.9,0.030872,0.05
2016-08-01,292.27,0.010749,0.05
2016-08-02,292.21,0.016206,0.05
2016-08-03,292.93,0.00974,0.05
2016-08-04,292.91,0.013067,0.05
2016-08-05,292.85,0.018793,0.05
2016-08-06,292.64,0.019878,0.05
2016-08-07,292.28,0.015378,0.05
2016-08-08,292.05,0.012809,0.05
2016-08-09,292.16,0.016627,0.05
2016-08-10,292.11,0.012661,0.05
2016-08-11,292.13,0.010762,0.05
2016-08-12,292.58,0.016024,0.05
2016-08-13,292.37,0.014645,0.05
2016-08-14,292.5,0.023809,0.05
2016-08-15,293.22,0.015593,0.05
2016-08-16,293.13,0.015703,0.05
2016-08-17,292.38,0.009692,0.05
2016-08-18,292.62,0.0103,0.05
2016-08-19,292.44,0.010493,0.05
2016-08-20,292.73,0.001373,0.05
2016-08-21,293.9,0.007443,0.05
2016-08-22,291.43,0.011631,0.05
2016-08-23,292.17,0.009555,0.05
2016-08-24,292.7,0.009931,0.05
2016-08-25,293.53,0.006256,0.05
2016-08-26,293.23,0.008531,0.05
2016-08-27,293.46,0.001819,0.05
2016-08-28,292.69,0.006376,0.05
2016-08-29,292.07,0.008901,0.05
2016-08-30,291.89,0.009624,0.05
2016-08-31,292.15,0.016138,0.05
2016-09-01,292.16,0.010952,0.05
2016-09-02,291.77,0.0327,0.05
2016-09-03,291.82,0.034842,0.05
2016-09-04,291.34,0.036534,0.05
2016-09-05,291.69,0.022241,0.05
2016-09-06,291.66,0.012926,0.05
2016-09-07,292.06,0.013074,0.05
2016-09-08,291.1,0.01205,0.05
2016-09-09,291.2,0.020498,0.05
2016-09-10,291.55,0.022624,0.05
2016-09-11,290.63,0.023659,0.05
2016-09-12,289.89,0.036975,0.05
2016-09-13,291.17,0.010827,0.05
2016-09-14,290.96,0.008163,0.05
2016-09-15,291.58,0.010111,0.05
2016-09-16,291.33,0.009679,0.05
2016-09-17,291.01,0.008029,0.05
2016-09-18,290.98,0.005656,0.05
2016-09-19,291.06,0.011073,0.05
2016-09-20,291.16,0.014942,0.05
2016-09-21,290.15,0.026189,0.05
2016-09-22,289.85,0.017176,0.05
2016-09-23,290.69,0.003644,0.05
2016-09-24,290.21,0.008629,0.05
2016-09-25,289.59,0.015155,0.05
2016-09-26,289.81,0.003285,0.05
2016-09-27,291.0,0.003133,0.05
2016-09-28,290.74,0.008332,0.05
2016-09-29,291.1,0.006475,0.05
2016-09-30,290.95,0.023199,0.05
2016-10-01,290.59,0.017326,0.05
2016-10-02,291.64,0.003915,0.05
2016-10-03,291.72,0.003228,0.05
2016-10-04,290.76,0.010484,0.05
2016-10-05,290.72,0.007429,0.05
2016-10-06,290.6,0.008524,0.05
2016-10-07,290.81,0.010221,0.05
2016-10-08,290.53,0.010964,0.05
2016-10-09,289.89,0.014433,0.05
2016-10-10,289.0,0.01101,0.05
2016-10-11,289.76,0.000777,0.05
2016-10-12,290.19,0.001499,0.05
2016-10-13,289.69,0.003941,0.05
2016-10-14,288.39,0.006793,0.05
2016-10-15,288.3,0.004728,0.05
2016-10-16,287.96,0.005502,0.05
2016-10-17,288.01,0.004109,0.05
2016-10-18,286.81,0.006544,0.05
2016-10-19,286.72,0.00732,0.05
2016-10-20,287.17,0.002523,0.05
2016-10-21,287.79,0.001109,0.05
2016-10-22,286.87,0.001481,0.05
2016-10-23,286.32,0.002529,0.05
2016-10-24,287.84,0.002822,0.05
2016-10-25,287.78,0.00104,0.05
2016-10-26,287.03,0.000524,0.05
2016-10-27,286.13,6.9e-05,0.05
2016-10-28,285.65,0.001488,0.05
2016-10-29,286.47,0.001047,0.05
2016-10-30,285.48,0.000546,0.05
2016-10-31,285.74,0.000652,0.05
2016-11-01,285.78,0.000705,0.05
2016-11-02,285.59,9.3e-05,0.05
2016-11-03,283.93,0.000793,0.05
2016-11-04,285.09,0.000375,0.05
2016-11-05,284.55,0.000576,0.05
2016-11-06,284.32,7.4e-05,0.05
2016-11-07,285.15,1e-06,0.05
2016-11-08,284.86,0.001021,0.05
2016-11-09,283.45,3e-06,0.05
2016-11-10,284.45,0.000118,0.05
2016-11-11,285.39,0.000222,0.05
2016-11-12,285.96,0.000159,0.05
2016-11-13,284.79,1e-06,0.05
2016-11-14,284.53,3e-06,0.05
2016-11-15,283.46,5e-06,0.05
2016-11-16,283.12,3e-06,0.05
2016-11-17,283.4,0.0,0.05
2016-11-18,284.58,0.0,0.05
2016-11-19,283.55,0.000108,0.05
2016-11-20,283.49,0.000175,0.05
2016-11-21,283.82,2e-06,0.05
2016-11-22,285.15,0.000223,0.05
2016-11-23,285.71,0.000119,0.05
2016-11-24,285.07,8.3e-05,0.05
2016-11-25,284.46,0.000681,0.05
2016-11-26,284.8,0.000352,0.05
2016-11-27,284.54,0.005775,0.05
2016-11-28,282.4,0.003213,0.05
2016-11-29,282.81,0.001608,0.05
2016-11-30,283.44,0.00249,0.05
2016-12-01,284.23,0.002305,0.05
2016-12-02,284.01,0.001542,0.05
2016-12-03,282.8,0.000163,0.05
2016-12-04,282.48,1.6e-05,0.05
2016-12-05,283.4,8e-06,0.05
2016-12-06,284.1,0.000189,0.05
2016-12-07,285.17,1e-06,0.05
2016-12-08,284.0,3e-06,0.05
2016-12-09,282.77,1e-06,0.05
2016-12-10,283.97,-0.0,0.05
2016-12-11,284.33,0.0,0.05
2016-12-12,283.82,4e-06,0.05
2016-12-13,284.68,5e-06,0.05
2016-12-14,284.07,4e-06,0.05
2016-12-15,282.54,0.000163,0.05
2016-12-16,284.39,7.3e-05,0.05
2016-12-17,284.59,4e-06,0.05
2016-12-18,283.9,1.1e-05,0.05
2016-12-19,284.01,0.00013,0.05
2016-12-20,283.61,0.000512,0.05
2016-12-21,283.59,0.000316,0.05
2016-12-22,284.97,0.000153,0.05
2016-12-23,283.78,0.00508,0.05
2016-12-24,283.28,0.001965,0.05
2016-12-25,282.33,0.003754,0.05
2016-12-26,279.78,0.002009,0.05
2016-12-27,281.8,0.000136,0.05
2016-12-28,281.61,0.000991,0.05
2016-12-29,281.67,0.000696,0.05
2016-12-30,281.62,0.001613,0.05
2016-12-31,281.59,0.000563,0.05
2017-01-01,279.04,0.002925,0.05
2017-01-02,278.2,0.000146,0.05
2017-01-03,277.9,0.00168,0.05
2017-01-04,277.54,0.000606,0.05
2017-01-05,277.02,0.00137,0.05
2017-01-06,277.82,0.000235,0.05
2017-01-07,279.02,0.000673,0.05
2017-01-08,278.71,0.000322,0.05
2017-01-09,277.9,0.000288,0.05
2017-01-10,278.08,0.000488,0.05
2017-01-11,278.07,0.000564,0.05
2017-01-12,277.42,0.000668,0.05
2017-01-13,277.19,0.000313,0.05
2017-01-14,277.52,3e-06,0.05
2017-01-15,278.76,0.00015,0.05
2017-01-16,278.98,0.000359,0.05
2017-01-17,279.46,0.000206,0.05
2017-01-18,279.9,0.000319,0.05
2017-01-19,280.22,1e-06,0.05
2017-01-20,280.93,1e-06,0.05
2017-01-21,282.43,0.0,0.05
2017-01-22,282.15,7e-06,0.05
2017-01-23,281.52,2.3e-05,0.05
2017-01-24,282.67,9e-06,0.05
2017-01-25,284.51,2.4e-05,0.05
2017-01-26,285.73,0.003007,0.05
2017-01-27,281.0,0.011123,0.05
2017-01-28,280.49,0.000843,0.05
2017-01-29,280.61,0.000505,0.05
2017-01-30,280.18,0.001535,0.05
2017-01-31,280.71,0.001133,0.05
2017-02-01,280.38,0.003471,0.05
2017-02-02,280.33,0.003025,0.05
2017-02-03,281.18,0.000231,0.05
2017-02-04,284.85,3e-06,0.05
2017-02-05,285.61,-0.0,0.05
2017-02-06,281.38,0.001553,0.05
2017-02-07,281.75,0.000375,0.05
2017-02-08,282.57,0.000596,0.05
2017-02-09,283.02,0.001374,0.05
2017-02-10,281.71,0.000241,0.05
2017-02-11,282.73,8.7e-05,0.05
2017-02-12,282.26,0.000202,0.05
2017-02-13,280.3,0.002201,0.05
2017-02-14,281.95,0.007107,0.05
2017-02-15,282.21,0.002384,0.05
2017-02-16,283.18,0.005241,0.05
2017-02-17,284.59,0.001548,0.05
2017-02-18,284.01,0.001555,0.05
2017-02-19,284.03,0.005384,0.05
2017-02-20,283.66,0.005738,0.05
2017-02-21,283.22,0.001004,0.05
2017-02-22,281.4,0.002371,0.05
2017-02-23,282.03,0.001088,0.05
2017-02-24,282.08,0.000871,0.05
2017-02-25,281.92,0.002262,0.05
2017-02-26,282.65,0.002545,0.05
2017-02-27,281.63,0.002567,0.05
2017-02-28,282.27,0.00133,0.05
2017-03-01,283.57,0.002667,0.05
2017-03-02,283.79,0.000706,0.05
2017-03-03,282.96,0.000639,0.05
2017-03-04,283.08,9.9e-05,0.05
2017-03-05,282.31,0.000185,0.05
2017-03-06,282.38,0.000395,0.05
2017-03-07,283.04,0.000456,0.05
2017-03-08,283.54,0.00086,0.05
2017-03-09,282.03,0.004234,0.05
2017-03-10,280.75,0.026501,0.05
2017-03-11,278.79,0.021925,0.05
2017-03-12,278.0,0.001477,0.05
2017-03-13,281.07,7.9e-05,0.05
2017-03-14,281.23,0.00171,0.05
2017-03-15,283.33,0.000718,0.05
2017-03-16,281.0,0.010064,0.05
2017-03-17,280.51,0.008675,0.05
2017-03-18,279.46,0.004039,0.05
2017-03-19,281.39,0.001176,0.05
2017-03-20,281.72,0.009767,0.05
2017-03-21,284.24,0.004498,0.05
2017-03-22,284.52,0.000382,0.05
2017-03-23,284.97,0.001827,0.05
2017-03-24,283.25,0.008316,0.05
2017-03-25,285.62,0.010128,0.05
2017-03-26,285.59,0.020225,0.05
2017-03-27,286.09,0.007156,0.05
2017-03-28,285.87,0.016462,0.05
2017-03-29,286.07,0.011006,0.05
2017-03-30,287.71,0.00934,0.05
2017-03-31,287.85,0.005455,0.05
2017-04-01,287.31,0.003036,0.05
2017-04-02,287.46,0.001478,0.05
2017-04-03,287.04,0.003674,0.05
2017-04-04,287.88,0.003693,0.05
2017-04-05,287.0,0.009361,0.05
2017-04-06,287.24,0.000904,0.05
2017-04-07,288.03,0.000988,0.05
2017-04-08,286.67,0.000447,0.05
2017-04-09,287.25,0.0,0.05
2017-04-10,286.74,0.000109,0.05
2017-04-11,287.23,0.001135,0.05
2017-04-12,286.08,0.002892,0.05
2017-04-13,287.02,0.00229,0.05
2017-04-14,286.81,0.016702,0.05
2017-04-15,285.6,0.012422,0.05
2017-04-16,287.21,0.014802,0.05
2017-04-17,288.13,0.009109,0.05
2017-04-18,288.95,0.005281,0.05
2017-04-19,287.64,0.013656,0.05
2017-04-20,286.73,0.015536,0.05
2017-04-21,288.71,0.010382,0.05
2017-04-22,288.12,0.013369,0.05
2017-04-23,288.56,0.015862,0.05
2017-04-24,287.94,0.004181,0.05
2017-04-25,288.59,0.002373,0.05
2017-04-26,289.04,0.000962,0.05
2017-04-27,288.69,0.000238,0.05
2017-04-28,288.74,0.001179,0.05
2017-04-29,288.82,0.001463,0.05
2017-04-30,289.7,0.000772,0.05
2017-05-01,287.39,0.003154,0.05
2017-05-02,287.69,0.003767,0.05
2017-05-03,288.27,0.004022,0.05
2017-05-04,288.68,0.004549,0.05
2017-05-05,288.4,0.003039,0.05
2017-05-06,288.92,0.007697,0.05
2017-05-07,288.86,0.003268,0.05
2017-05-08,289.47,0.005589,0.05
2017-05-09,288.6,0.010804,0.05
2017-05-10,288.39,0.010968,0.05
2017-05-11,287.96,0.011616,0.05
2017-05-12,289.11,0.010703,0.05
2017-05-13,288.57,0.014754,0.05
2017-05-14,288.53,0.016751,0.05
2017-05-15,288.76,0.016444,0.05
2017-05-16,289.52,0.013694,0.05
2017-05-17,287.75,0.010861,0.05
2017-05-18,289.92,0.001872,0.05
2017-05-19,289.62,0.002316,0.05
2017-05-20,289.67,0.005111,0.05
2017-05-21,291.27,0.002492,0.05
2017-05-22,290.27,0.001873,0.05
2017-05-23,291.29,0.001555,0.05
2017-05-24,291.04,0.001511,0.05
2017-05-25,290.79,0.00403,0.05
2017-05-26,290.82,0.012988,0.05
2017-05-27,289.33,0.027147,0.05
2017-05-28,290.46,0.010259,0.05
2017-05-29,291.39,0.008013,0.05
2017-05-30,290.37,0.010183,0.05
2017-05-31,291.0,0.004335,0.05
2017-06-01,291.62,0.005743,0.05
2017-06-02,291.08,0.001277,0.05
2017-06-03,290.6,0.008393,0.05
2017-06-04,292.56,0.007909,0.05
2017-06-05,291.92,0.011297,0.05
2017-06-06,291.9,0.003907,0.05
2017-06-07,292.43,0.001443,0.05
2017-06-08,290.98,0.011348,0.05
2017-06-09,292.09,0.005048,0.05
2017-06-10,291.45,0.006087,0.05
2017-06-11,292.21,0.003002,0.05
2017-06-12,292.21,0.003089,0.05
2017-06-13,292.68,0.001719,0.05
2017-06-14,292.37,0.006025,0.05
2017-06-15,292.05,0.006726,0.05
2017-06-16,291.69,0.011619,0.05
2017-06-17,291.32,0.009061,0.05
2017-06-18,292.16,0.014645,0.05
2017-06-19,292.1,0.013304,0.05
2017-06-20,291.85,0.012983,0.05
2017-06-21,291.34,0.016033,0.05
2017-06-22,291.32,0.009021,0.05
2017-06-23,291.97,0.005015,0.05
2017-06-24,292.34,0.013467,0.05
2017-06-25,291.88,0.012379,0.05
2017-06-26,292.35,0.02441,0.05
2017-06-27,292.28,0.051642,0.05
2017-06-28,292.25,0.020368,0.05
2017-06-29,292.14,0.020868,0.05
2017-06-30,292.31,0.024526,0.05
2017-07-01,292.44,0.017037,0.05
2017-07-02,291.8,0.017132,0.05
2017-07-03,292.22,0.020988,0.05
2017-07-04,292.07,0.051009,0.05
2017-07-05,292.08,0.026235,0.05
2017-07-06,292.37,0.025895,0.05
2017-07-07,292.36,0.017402,0.05
2017-07-08,292.66,0.053963,0.05
2017-07-09,291.64,0.07993,0.05
2017-07-10,291.81,0.022789,0.05
2017-07-11,291.07,0.020737,0.05
2017-07-12,291.18,0.017996,0.05
2017-07-13,291.79,0.026901,0.05
2017-07-14,292.02,0.04218,0.05
2017-07-15,291.85,0.034326,0.05
2017-07-16,293.14,0.01504,0.05
2017-07-17,293.23,0.017233,0.05
2017-07-18,293.8,0.013969,0.05
2017-07-19,293.32,0.011016,0.05
2017-07-20,292.73,0.013878,0.05
2017-07-21,292.06,0.024415,0.05
2017-07-22,292.33,0.013971,0.05
2017-07-23,292.26,0.020465,0.05
2017-07-24,292.08,0.030034,0.05
2017-07-25,291.83,0.03128,0.05
2017-07-26,291.35,0.042102,0.05
2017-07-27,292.0,0.010608,0.05
2017-07-28,292.34,0.014784,0.05
2017-07-29,291.69,0.039553,0.05
2017-07-30,291.45,0.01365,0.05
2017-07-31,292.09,0.013373,0.05
2017-08-01,292.59,0.027775,0.05
2017-08-02,292.02,0.035222,0.05
2017-08-03,292.23,0.014915,0.05
2017-08-04,292.73,0.026243,0.05
2017-08-05,292.92,0.014111,0.05
2017-08-06,293.2,0.017542,0.05
2017-08-07,292.8,0.019092,0.05
2017-08-08,291.83,0.066364,0.05
2017-08-09,291.66,0.054597,0.05
2017-08-10,291.82,0.055411,0.05
2017-08-11,292.36,0.089507,0.05
2017-08-12,291.44,0.165794,0.05
2017-08-13,290.97,0.036837,0.05
2017-08-14,291.33,0.014041,0.05
2017-08-15,292.14,0.023464,0.05
2017-08-16,291.94,0.028823,0.05
2017-08-17,291.92,0.032488,0.05
2017-08-18,292.07,0.031043,0.05
2017-08-19,291.25,0.024216,0.05
2017-08-20,291.54,0.025615,0.05
2017-08-21,291.06,0.03557,0.05
2017-08-22,291.34,0.036138,0.05
2017-08-23,292.39,0.01071,0.05
2017-08-24,292.33,0.008643,0.05
2017-08-25,292.46,0.006682,0.05
2017-08-26,292.66,0.006984,0.05
2017-08-27,292.0,0.013275,0.05
2017-08-28,292.31,0.006784,0.05
2017-08-29,291.96,0.00911,0.05
2017-08-30,292.04,0.012522,0.05
2017-08-31,291.64,0.014344,0.05
2017-09-01,291.72,0.018329,0.05
2017-09-02,291.26,0.015944,0.05
2017-09-03,291.33,0.012542,0.05
2017-09-04,291.29,0.002462,0.05
2017-09-05,291.56,0.004585,0.05
2017-09-06,291.88,0.00591,0.05
2017-09-07,291.92,0.004773,0.05
2017-09-08,291.86,0.001708,0.05
2017-09-09,291.24,0.004713,0.05
2017-09-10,291.39,0.004744,0.05
2017-09-11,291.52,0.004017,0.05
2017-09-12,291.23,0.008527,0.05
2017-09-13,291.41,0.003727,0.05
2017-09-14,291.23,0.002527,0.05
2017-09-15,291.77,0.006428,0.05
2017-09-16,292.99,0.005707,0.05
2017-09-17,293.06,0.012816,0.05
2017-09-18,291.88,0.018503,0.05
2017-09-19,292.11,0.011203,0.05
2017-09-20,291.41,0.029658,0.05
2017-09-21,290.79,0.023977,0.05
2017-09-22,291.09,0.011332,0.05
2017-09-23,292.07,0.002295,0.05
2017-09-24,292.01,0.001563,0.05
2017-09-25,291.17,0.002428,0.05
2017-09-26,291.32,0.00891,0.05
2017-09-27,291.53,0.007974,0.05
2017-09-28,291.08,0.004538,0.05
2017-09-29,290.95,0.008437,0.05
2017-09-30,290.1,0.005047,0.05
2017-10-01,290.58,0.002049,0.05
2017-10-02,290.18,0.003441,0.05
2017-10-03,290.33,0.003024,0.05
2017-10-04,291.15,0.00594,0.05
2017-10-05,291.36,0.004218,0.05
2017-10-06,291.8,0.001721,0.05
2017-10-07,291.36,0.003675,0.05
2017-10-08,290.6,0.001878,0.05
2017-10-09,290.29,0.00299,0.05
2017-10-10,290.3,0.001457,0.05
2017-10-11,289.6,0.002106,0.05
2017-10-12,290.29,0.000718,0.05
2017-10-13,290.64,0.000576,0.05
2017-10-14,290.26,0.000187,0.05
2017-10-15,289.86,0.00061,0.05
2017-10-16,288.21,0.002668,0.05
2017-10-17,288.68,0.002012,0.05
2017-10-18,290.21,0.000827,0.05
2017-10-19,290.64,2e-06,0.05
2017-10-20,290.45,0.001394,0.05
2017-10-21,288.99,0.002877,0.05
2017-10-22,288.43,0.006644,0.05
2017-10-23,287.43,0.001979,0.05
2017-10-24,286.57,0.001612,0.05
2017-10-25,285.14,0.003461,0.05
2017-10-26,284.89,0.001624,0.05
2017-10-27,285.92,0.002455,0.05
2017-10-28,285.06,0.004048,0.05
2017-10-29,284.61,0.001483,0.05
2017-10-30,283.14,0.002675,0.05
2017-10-31,282.84,0.003284,0.05
2017-11-01,283.25,0.004998,0.05
2017-11-02,283.11,0.00769,0.05
2017-11-03,284.28,0.000373,0.05
2017-11-04,284.62,0.00019,0.05
2017-11-05,284.72,0.000271,0.05
2017-11-06,284.72,0.000214,0.05
2017-11-07,285.34,6.9e-05,0.05
2017-11-08,284.28,0.000516,0.05
2017-11-09,284.53,0.00106,0.05
2017-11-10,284.87,0.000295,0.05
2017-11-11,284.41,0.000314,0.05
2017-11-12,284.9,1.2e-05,0.05
2017-11-13,285.34,1e-06,0.05
2017-11-14,285.17,0.0,0.05
2017-11-15,286.03,0.000155,0.05
2017-11-16,285.36,0.002008,0.05
2017-11-17,286.12,0.000252,0.05
2017-11-18,285.84,0.000189,0.05
2017-11-19,284.65,9.5e-05,0.05
2017-11-20,284.7,0.000173,0.05
2017-11-21,284.58,1e-06,0.05
2017-11-22,283.29,9.9e-05,0.05
2017-11-23,281.54,7e-06,0.05
2017-11-24,282.69,0.000246,0.05
2017-11-25,282.8,0.001581,0.05
2017-11-26,281.55,0.003249,0.05
2017-11-27,280.13,0.007218,0.05
2017-11-28,280.92,0.001977,0.05
2017-11-29,280.08,0.000814,0.05
2017-11-30,280.0,2.3e-05,0.05
2017-12-01,282.08,8.8e-05,0.05
2017-12-02,283.37,1.1e-05,0.05
2017-12-03,284.11,5e-06,0.05
2017-12-04,284.97,1e-05,0.05
2017-12-05,285.62,6.6e-05,0.05
2017-12-06,285.38,0.000565,0.05
2017-12-07,283.8,5.5e-05,0.05
2017-12-08,285.53,0.000231,0.05
2017-12-09,285.64,0.000106,0.05
2017-12-10,284.76,6e-06,0.05
2017-12-11,285.35,0.000101,0.05
2017-12-12,284.88,0.000601,0.05
2017-12-13,284.8,0.000203,0.05
2017-12-14,282.8,0.000366,0.05
2017-12-15,282.46,0.0,0.05
2017-12-16,282.43,1e-06,0.05
2017-12-17,281.74,1.3e-05,0.05
2017-12-18,282.56,8.2e-05,0.05
2017-12-19,284.23,0.000182,0.05
2017-12-20,284.7,4e-06,0.05
2017-12-21,284.55,1.3e-05,0.05
2017-12-22,283.92,0.000234,0.05
2017-12-23,284.58,0.000149,0.05
2017-12-24,284.2,9.3e-05,0.05
2017-12-25,282.66,0.001158,0.05
2017-12-26,283.21,0.000268,0.05
2017-12-27,283.42,2e-06,0.05
2017-12-28,283.27,2e-06,0.05
2017-12-29,282.96,1e-06,0.05
2017-12-30,283.89,8.6e-05,0.05
2017-12-31,283.78,0.000244,0.05
2018-01-01,282.49,0.000404,0.05
2018-01-02,280.74,0.001006,0.05
2018-01-03,280.35,0.000144,0.05
2018-01-04,280.52,6e-06,0.05
2018-01-05,279.01,0.000636,0.05
2018-01-06,278.92,0.000779,0.05
2018-01-07,277.52,0.001225,0.05
2018-01-08,278.02,3e-05,0.05
2018-01-09,280.6,6e-06,0.05
2018-01-10,281.97,1.4e-05,0.05
2018-01-11,282.78,8.4e-05,0.05
2018-01-12,282.92,8e-05,0.05
2018-01-13,282.37,0.000239,0.05
2018-01-14,280.35,0.000518,0.05
2018-01-15,280.9,0.000259,0.05
2018-01-16,281.84,9.7e-05,0.05
2018-01-17,282.56,4e-06,0.05
2018-01-18,283.45,3e-05,0.05
2018-01-19,283.41,7.7e-05,0.05
2018-01-20,283.05,0.000257,0.05
2018-01-21,281.41,0.00021,0.05
2018-01-22,283.54,3e-06,0.05
2018-01-23,283.57,0.00055,0.05
2018-01-24,276.35,0.009568,0.05
2018-01-25,277.76,6e-05,0.05
2018-01-26,278.1,0.000835,0.05
2018-01-27,277.57,0.002034,0.05
2018-01-28,278.21,8.6e-05,0.05
2018-01-29,279.63,9.4e-05,0.05
2018-01-30,280.71,0.000194,0.05
2018-01-31,281.71,0.000296,0.05
2018-02-01,281.83,0.000306,0.05
2018-02-02,282.54,0.000561,0.05
2018-02-03,281.05,0.001703,0.05
2018-02-04,281.41,0.000366,0.05
2018-02-05,283.19,0.000291,0.05
2018-02-06,283.98,0.001257,0.05
2018-02-07,283.59,0.00064,0.05
2018-02-08,282.78,0.000299,0.05
2018-02-09,281.61,0.000295,0.05
2018-02-10,282.21,0.0,0.05
2018-02-11,282.72,9.6e-05,0.05
2018-02-12,283.37,0.00041,0.05
2018-02-13,282.93,0.002628,0.05
2018-02-14,282.85,0.000277,0.05
2018-02-15,284.72,2e-06,0.05
2018-02-16,283.2,0.000123,0.05
2018-02-17,282.52,0.005952,0.05
2018-02-18,282.24,0.001157,0.05
2018-02-19,281.66,0.001218,0.05
2018-02-20,281.49,0.002006,0.05
2018-02-21,280.91,0.006176,0.05
2018-02-22,279.3,0.006238,0.05
2018-02-23,280.79,0.002279,0.05
2018-02-24,283.16,0.002227,0.05
2018-02-25,283.33,0.000898,0.05
2018-02-26,283.85,0.004237,0.05
2018-02-27,284.69,0.000481,0.05
2018-02-28,284.5,0.000604,0.05
2018-03-01,284.67,0.001201,0.05
2018-03-02,282.41,0.005798,0.05
2018-03-03,283.95,0.001843,0.05
2018-03-04,285.0,0.000935,0.05
2018-03-05,283.67,0.003189,0.05
2018-03-06,282.42,0.00097,0.05
2018-03-07,283.94,0.000229,0.05
2018-03-08,283.32,0.000673,0.05
2018-03-09,283.18,0.001319,0.05
2018-03-10,283.8,0.001951,0.05
2018-03-11,282.23,0.007945,0.05
2018-03-12,280.33,0.009515,0.05
2018-03-13,282.32,0.003108,0.05
2018-03-14,284.29,0.0022,0.05
2018-03-15,284.51,0.003038,0.05
2018-03-16,285.16,0.001423,0.05
2018-03-17,283.41,0.001243,0.05
2018-03-18,284.58,0.001644,0.05
2018-03-19,285.88,0.001331,0.05
2018-03-20,285.93,0.001535,0.05
2018-03-21,285.91,0.001243,0.05
2018-03-22,284.8,0.001834,0.05
2018-03-23,286.1,0.000816,0.05
2018-03-24,286.66,0.001,0.05
2018-03-25,286.0,0.002029,0.05
2018-03-26,285.31,0.005909,0.05
2018-03-27,288.62,0.000792,0.05
2018-03-28,286.37,0.006685,0.05
2018-03-29,286.07,0.008794,0.05
2018-03-30,284.76,0.001943,0.05
2018-03-31,284.56,0.005686,0.05
2018-04-01,283.88,0.016502,0.05
2018-04-02,286.2,0.00542,0.05
2018-04-03,285.84,0.00574,0.05
2018-04-04,285.74,0.0101,0.05
2018-04-05,284.79,0.011715,0.05
2018-04-06,285.71,0.01236,0.05
2018-04-07,286.68,0.011553,0.05
2018-04-08,287.09,0.001933,0.05
2018-04-09,286.56,0.007252,0.05
2018-04-10,287.02,0.008966,0.05
2018-04-11,287.33,0.00469,0.05
2018-04-12,286.47,0.008822,0.05
2018-04-13,286.79,0.0009,0.05
2018-04-14,287.31,0.002786,0.05
2018-04-15,287.74,0.005736,0.05
2018-04-16,286.44,0.00335,0.05
2018-04-17,287.59,0.013603,0.05
2018-04-18,286.15,0.006916,0.05
2018-04-19,287.04,0.007177,0.05
2018-04-20,288.0,0.001369,0.05
2018-04-21,289.04,0.001095,0.05
2018-04-22,288.76,0.000344,0.05
2018-04-23,288.53,0.000828,0.05
2018-04-24,288.82,0.001003,0.05
2018-04-25,288.7,0.002689,0.05
2018-04-26,287.02,0.01013,0.05
2018-04-27,287.25,0.015036,0.05
2018-04-28,286.75,0.011235,0.05
2018-04-29,286.64,0.020636,0.05
2018-04-30,286.24,0.015206,0.05
2018-05-01,287.03,0.010131,0.05
2018-05-02,287.65,0.008752,0.05
2018-05-03,287.33,0.005025,0.05
2018-05-04,286.61,0.011677,0.05
2018-05-05,287.16,0.006628,0.05
2018-05-06,288.61,0.00809,0.05
2018-05-07,289.57,0.002258,0.05
2018-05-08,291.84,0.000657,0.05
2018-05-09,290.19,0.001158,0.05
2018-05-10,288.62,0.004318,0.05
2018-05-11,289.13,0.001381,0.05
2018-05-12,288.6,0.01345,0.05
2018-05-13,288.22,0.015674,0.05
2018-05-14,287.63,0.011987,0.05
2018-05-15,287.15,0.008894,0.05
2018-05-16,288.5,0.013067,0.05
2018-05-17,287.72,0.008979,0.05
2018-05-18,288.72,0.011561,0.05
2018-05-19,289.22,0.010534,0.05
2018-05-20,289.45,0.013619,0.05
2018-05-21,290.0,0.018485,0.05
2018-05-22,289.72,0.027137,0.05
2018-05-23,290.45,0.0055,0.05
2018-05-24,290.44,0.01759,0.05
2018-05-25,291.8,0.001216,0.05
2018-05-26,291.92,0.001627,0.05
2018-05-27,292.25,0.000255,0.05
2018-05-28,290.51,0.004098,0.05
2018-05-29,290.14,0.002075,0.05
2018-05-30,290.16,0.006818,0.05
2018-05-31,290.7,0.007667,0.05
2018-06-01,290.36,0.008437,0.05
2018-06-02,290.08,0.008138,0.05
2018-06-03,291.0,0.016763,0.05
2018-06-04,291.03,0.02692,0.05
2018-06-05,292.38,0.013137,0.05
2018-06-06,292.88,0.013335,0.05
2018-06-07,291.66,0.015474,0.05
2018-06-08,291.86,0.015717,0.05
2018-06-09,293.01,0.011285,0.05
2018-06-10,293.06,0.008299,0.05
2018-06-11,292.75,0.008946,0.05
2018-06-12,292.49,0.02915,0.05
2018-06-13,291.58,0.010551,0.05
2018-06-14,290.93,0.012948,0.05
2018-06-15,291.5,0.021723,0.05
2018-06-16,290.89,0.029618,0.05
2018-06-17,290.26,0.033524,0.05
2018-06-18,291.42,0.004903,0.05
2018-06-19,292.2,0.001664,0.05
2018-06-20,292.22,0.005194,0.05
2018-06-21,292.41,0.001816,0.05
2018-06-22,292.44,0.004374,0.05
2018-06-23,292.3,0.002684,0.05
2018-06-24,292.31,0.027465,0.05
2018-06-25,292.03,0.038594,0.05
2018-06-26,292.48,0.00603,0.05
2018-06-27,292.32,0.026602,0.05
2018-06-28,291.67,0.019184,0.05
2018-06-29,291.59,0.035394,0.05
2018-06-30,291.9,0.033785,0.05
2018-07-01,291.83,0.035623,0.05
2018-07-02,290.97,0.093193,0.05
2018-07-03,291.63,0.038095,0.05
2018-07-04,292.36,0.008241,0.05
2018-07-05,292.49,0.004112,0.05
2018-07-06,292.92,0.019469,0.05
2018-07-07,292.28,0.057803,0.05
2018-07-08,292.15,0.052794,0.05
2018-07-09,292.32,0.031487,0.05
2018-07-10,291.82,0.042087,0.05
2018-07-11,291.97,0.04344,0.05
2018-07-12,292.62,0.026031,0.05
2018-07-13,291.9,0.050151,0.05
2018-07-14,292.44,0.040413,0.05
2018-07-15,292.12,0.052864,0.05
2018-07-16,292.91,0.026575,0.05
2018-07-17,293.04,0.016673,0.05
2018-07-18,292.65,0.03896,0.05
2018-07-19,293.64,0.008756,0.05
2018-07-20,294.01,0.012202,0.05
2018-07-21,292.63,0.018548,0.05
2018-07-22,292.76,0.02304,0.05
2018-07-23,292.59,0.01996,0.05
2018-07-24,292.42,0.032489,0.05
2018-07-25,292.27,0.024338,0.05
2018-07-26,292.01,0.019425,0.05
2018-07-27,292.2,0.018338,0.05
2018-07-28,292.41,0.017738,0.05
2018-07-29,292.46,0.017384,0.05
2018-07-30,291.93,0.028072,0.05
2018-07-31,291.88,0.013029,0.05
2018-08-01,291.47,0.029613,0.05
2018-08-02,292.33,0.023807,0.05
2018-08-03,292.1,0.017576,0.05
2018-08-04,292.03,0.04831,0.05
2018-08-05,291.75,0.031819,0.05
2018-08-06,292.52,0.020493,0.05
2018-08-07,292.45,0.016519,0.05
2018-08-08,292.43,0.031376,0.05
2018-08-09,291.75,0.058536,0.05
2018-08-10,291.74,0.031261,0.05
2018-08-11,292.01,0.024545,0.05
2018-08-12,291.98,0.035501,0.05
2018-08-13,291.42,0.028705,0.05
2018-08-14,292.37,0.013809,0.05
2018-08-15,292.94,0.013317,0.05
2018-08-16,292.95,0.015737,0.05
2018-08-17,292.64,0.029156,0.05
2018-08-18,293.32,0.019199,0.05
2018-08-19,293.78,0.013834,0.05
2018-08-20,292.91,0.016431,0.05
2018-08-21,292.56,0.024896,0.05
2018-08-22,292.02,0.029606,0.05
2018-08-23,292.33,0.020269,0.05
2018-08-24,292.12,0.060945,0.05
2018-08-25,291.81,0.014279,0.05
2018-08-26,292.33,0.02329,0.05
2018-08-27,291.94,0.039014,0.05
2018-08-28,291.63,0.035213,0.05
2018-08-29,292.25,0.022904,0.05
2018-08-30,291.78,0.038856,0.05
2018-08-31,291.57,0.029379,0.05
2018-09-01,292.08,0.024445,0.05
2018-09-02,291.56,0.032738,0.05
2018-09-03,291.63,0.022494,0.05
2018-09-04,291.78,0.012137,0.05
2018-09-05,292.18,0.003933,0.05
2018-09-06,292.05,0.01435,0.05
2018-09-07,291.92,0.018649,0.05
2018-09-08,291.97,0.012784,0.05
2018-09-09,291.97,0.008991,0.05
2018-09-10,291.33,0.022037,0.05
2018-09-11,290.82,0.017091,0.05
2018-09-12,291.19,0.007638,0.05
2018-09-13,291.08,0.005161,0.05
2018-09-14,291.08,0.004991,0.05
2018-09-15,290.82,0.008783,0.05
2018-09-16,290.53,0.008482,0.05
2018-09-17,291.83,0.00104,0.05
2018-09-18,291.86,0.000996,0.05
2018-09-19,291.58,0.002835,0.05
2018-09-20,291.8,0.012958,0.05
2018-09-21,291.24,0.011052,0.05
2018-09-22,290.47,0.007332,0.05
2018-09-23,290.96,0.005481,0.05
2018-09-24,290.46,0.005111,0.05
2018-09-25,291.16,0.001206,0.05
2018-09-26,290.44,0.006167,0.05
2018-09-27,290.15,0.003173,0.05
2018-09-28,291.07,0.000813,0.05
2018-09-29,290.58,0.002796,0.05
2018-09-30,289.13,0.008448,0.05
2018-10-01,290.51,0.0008,0.05
2018-10-02,289.68,0.001352,0.05
2018-10-03,288.45,0.001593,0.05
2018-10-04,288.34,0.001704,0.05
2018-10-05,288.57,0.000966,0.05
2018-10-06,287.97,0.001584,0.05
2018-10-07,287.34,0.001163,0.05
2018-10-08,285.35,0.002642,0.05
2018-10-09,286.15,0.004321,0.05
2018-10-10,287.46,0.000622,0.05
2018-10-11,288.46,0.001023,0.05
2018-10-12,287.78,0.001502,0.05
2018-10-13,287.83,0.000902,0.05
2018-10-14,287.64,0.000477,0.05
2018-10-15,286.68,0.000683,0.05
2018-10-16,287.02,0.001497,0.05
2018-10-17,287.75,0.000569,0.05
2018-10-18,287.89,0.000376,0.05
2018-10-19,287.93,0.000387,0.05
2018-10-20,287.45,0.0007,0.05
2018-10-21,286.97,7.2e-05,0.05
2018-10-22,286.12,0.000121,0.05
2018-10-23,285.64,0.000459,0.05
2018-10-24,284.25,0.000687,0.05
2018-10-25,283.89,0.002075,0.05
2018-10-26,285.58,0.00011,0.05
2018-10-27,286.06,0.000429,0.05
2018-10-28,286.39,0.000124,0.05
2018-10-29,285.4,0.002372,0.05
2018-10-30,285.89,0.000211,0.05
2018-10-31,285.66,3e-06,0.05
2018-11-01,285.86,1e-06,0.05
2018-11-02,286.08,0.000257,0.05
2018-11-03,285.51,0.000751,0.05
2018-11-04,285.36,0.000224,0.05
2018-11-05,285.08,0.00013,0.05
2018-11-06,284.42,2.3e-05,0.05
2018-11-07,283.3,3.3e-05,0.05
2018-11-08,284.18,0.000191,0.05
2018-11-09,283.5,0.003227,0.05
2018-11-10,282.4,0.00275,0.05
2018-11-11,283.49,0.001036,0.05
2018-11-12,284.68,0.002674,0.05
2018-11-13,283.08,0.004518,0.05
2018-11-14,283.73,0.000351,0.05
2018-11-15,283.37,0.000435,0.05
2018-11-16,284.05,0.000606,0.05
2018-11-17,283.0,0.001087,0.05
2018-11-18,282.97,0.001927,0.05
2018-11-19,283.23,0.000749,0.05
2018-11-20,282.32,0.000436,0.05
2018-11-21,283.6,0.000204,0.05
2018-11-22,285.51,0.000154,0.05
2018-11-23,284.32,0.00016,0.05
2018-11-24,283.91,0.00037,0.05
2018-11-25,286.24,0.000102,0.05
2018-11-26,284.62,0.00521,0.05
2018-11-27,285.41,0.0,0.05
2018-11-28,286.31,1.1e-05,0.05
2018-11-29,284.98,6.2e-05,0.05
2018-11-30,284.68,0.000552,0.05
2018-12-01,283.21,0.002577,0.05
2018-12-02,282.62,0.001229,0.05
2018-12-03,282.26,0.000652,0.05
2018-12-04,283.01,4.7e-05,0.05
2018-12-05,282.93,0.00026,0.05
2018-12-06,282.8,0.000262,0.05
2018-12-07,280.61,0.001375,0.05
2018-12-08,281.73,0.000299,0.05
2018-12-09,281.45,0.001107,0.05
2018-12-10,281.11,0.000378,0.05
2018-12-11,280.93,0.000436,0.05
2018-12-12,281.92,3.8e-05,0.05
2018-12-13,282.02,0.000912,0.05
2018-12-14,281.41,0.000411,0.05
2018-12-15,281.26,1e-06,0.05
2018-12-16,282.03,1e-06,0.05
2018-12-17,283.21,0.011099,0.05
2018-12-18,277.23,0.006319,0.05
2018-12-19,281.23,1.6e-05,0.05
2018-12-20,280.01,8e-06,0.05
2018-12-21,280.34,0.000104,0.05
2018-12-22,280.56,0.000151,0.05
2018-12-23,280.5,4e-06,0.05
2018-12-24,280.52,4e-06,0.05
2018-12-25,280.6,2.4e-05,0.05
2018-12-26,280.93,0.000471,0.05
2018-12-27,278.32,0.003275,0.05
2018-12-28,275.88,0.002665,0.05
2018-12-29,276.42,0.000686,0.05
2018-12-30,277.61,4e-06,0.05
2018-12-31,277.82,0.001251,0.05
2019-01-01,277.81,9.2e-05,0.05
2019-01-02,277.97,0.000939,0.05
2019-01-03,276.19,0.00175,0.05
2019-01-04,277.4,0.000107,0.05
2019-01-05,277.62,3.9e-05,0.05
2019-01-06,279.14,0.001491,0.05
2019-01-07,277.22,0.005326,0.05
2019-01-08,276.35,0.001239,0.05
2019-01-09,276.82,0.002403,0.05
2019-01-10,277.75,0.000745,0.05
2019-01-11,277.38,0.000441,0.05
2019-01-12,278.63,1.5e-05,0.05
2019-01-13,277.86,0.000239,0.05
2019-01-14,276.85,0.000142,0.05
2019-01-15,279.46,0.000177,0.05
2019-01-16,280.39,1e-06,0.05
2019-01-17,278.75,0.000664,0.05
2019-01-18,278.08,0.000313,0.05
2019-01-19,277.31,0.003102,0.05
2019-01-20,278.49,8.2e-05,0.05
2019-01-21,279.61,3.3e-05,0.05
2019-01-22,280.91,0.009731,0.05
2019-01-23,277.75,0.009314,0.05
2019-01-24,277.86,7e-05,0.05
2019-01-25,278.75,0.014101,0.05
2019-01-26,278.24,0.003653,0.05
2019-01-27,277.09,0.000572,0.05
2019-01-28,276.4,0.001945,0.05
2019-01-29,277.09,0.002644,0.05
2019-01-30,278.84,0.0,0.05
2019-01-31,279.15,0.000727,0.05
2019-02-01,279.65,0.000989,0.05
2019-02-02,279.73,0.000105,0.05
2019-02-03,280.17,3.5e-05,0.05
2019-02-04,280.78,2e-06,0.05
2019-02-05,280.65,8.4e-05,0.05
2019-02-06,280.76,0.000512,0.05
2019-02-07,280.34,0.034492,0.05
2019-02-08,281.46,0.007147,0.05
2019-02-09,276.75,0.004172,0.05
2019-02-10,279.01,1e-06,0.05
2019-02-11,279.49,0.000102,0.05
2019-02-12,281.28,0.0026,0.05
2019-02-13,282.4,0.000406,0.05
2019-02-14,282.21,0.00214,0.05
2019-02-15,282.01,0.002303,0.05
2019-02-16,278.69,0.001795,0.05
2019-02-17,279.69,0.005391,0.05
2019-02-18,280.59,0.007251,0.05
2019-02-19,279.53,0.005128,0.05
2019-02-20,282.82,0.000163,0.05
2019-02-21,282.51,0.001128,0.05
2019-02-22,281.38,0.000991,0.05
2019-02-23,281.47,0.000232,0.05
2019-02-24,283.77,0.001281,0.05
2019-02-25,279.4,0.005103,0.05
2019-02-26,281.91,0.00176,0.05
2019-02-27,278.27,0.026895,0.05
2019-02-28,274.31,0.006618,0.05
2019-03-01,276.56,0.000361,0.05
2019-03-02,280.44,0.001335,0.05
2019-03-03,279.8,0.009998,0.05
2019-03-04,280.14,0.002232,0.05
2019-03-05,280.58,0.000684,0.05
2019-03-06,281.36,0.001364,0.05
2019-03-07,281.13,0.001511,0.05
2019-03-08,281.51,0.001156,0.05
2019-03-09,281.01,0.004047,0.05
2019-03-10,282.45,0.001705,0.05
2019-03-11,283.1,0.001609,0.05
2019-03-12,282.74,6e-06,0.05
2019-03-13,284.95,0.0,0.05
2019-03-14,286.05,0.000389,0.05
2019-03-15,284.6,2.7e-05,0.05
2019-03-16,284.01,0.000147,0.05
2019-03-17,285.21,0.000705,0.05
2019-03-18,282.25,0.005378,0.05
2019-03-19,281.79,0.006007,0.05
2019-03-20,281.38,0.001864,0.05
2019-03-21,282.69,0.000223,0.05
2019-03-22,282.77,0.000235,0.05
2019-03-23,284.17,0.000955,0.05
2019-03-24,284.76,0.000109,0.05
2019-03-25,283.76,0.004305,0.05
2019-03-26,280.86,0.008157,0.05
2019-03-27,284.97,0.009373,0.05
2019-03-28,285.69,0.003924,0.05
2019-03-29,285.34,0.009895,0.05
2019-03-30,284.61,0.00593,0.05
2019-03-31,285.56,0.00313,0.05
2019-04-01,286.3,0.001021,0.05
2019-04-02,286.17,0.007119,0.05
2019-04-03,285.81,0.014933,0.05
2019-04-04,285.74,0.00545,0.05
2019-04-05,286.04,0.01071,0.05
2019-04-06,285.69,0.01186,0.05
2019-04-07,284.63,0.010538,0.05
2019-04-08,285.97,0.009692,0.05
2019-04-09,285.38,0.00712,0.05
2019-04-10,287.64,0.00128,0.05
2019-04-11,286.99,0.010053,0.05
2019-04-12,287.79,0.003342,0.05
2019-04-13,287.34,0.004012,0.05
2019-04-14,287.16,0.007851,0.05
2019-04-15,286.81,0.00504,0.05
2019-04-16,288.82,0.009419,0.05
2019-04-17,287.7,0.012278,0.05
2019-04-18,286.87,0.002739,0.05
2019-04-19,286.48,0.004146,0.05
2019-04-20,284.93,0.004906,0.05
2019-04-21,285.81,0.005988,0.05
2019-04-22,284.65,0.01333,0.05
2019-04-23,285.45,0.008065,0.05
2019-04-24,287.78,0.007999,0.05
2019-04-25,288.01,0.00707,0.05
2019-04-26,288.89,0.017784,0.05
2019-04-27,289.88,0.009288,0.05
2019-04-28,289.6,0.005234,0.05
2019-04-29,288.85,0.006603,0.05
2019-04-30,289.22,0.002205,0.05
2019-05-01,291.13,0.000861,0.05
2019-05-02,291.69,0.000679,0.05
2019-05-03,290.39,0.001476,0.05
2019-05-04,289.61,0.006989,0.05
2019-05-05,289.94,0.000477,0.05
2019-05-06,289.66,0.00088,0.05
2019-05-07,290.52,0.001744,0.05
2019-05-08,290.92,0.001197,0.05
2019-05-09,291.32,0.000745,0.05
2019-05-10,292.31,0.000268,0.05
2019-05-11,292.18,0.001464,0.05
2019-05-12,291.33,0.000975,0.05
2019-05-13,289.8,0.000999,0.05
2019-05-14,289.34,0.00547,0.05
2019-05-15,289.24,0.003732,0.05
2019-05-16,287.77,0.005284,0.05
2019-05-17,289.99,0.000989,0.05
2019-05-18,291.29,0.000472,0.05
2019-05-19,290.95,0.000769,0.05
2019-05-20,290.42,0.007866,0.05
2019-05-21,290.27,0.005214,0.05
2019-05-22,290.77,0.004021,0.05
2019-05-23,289.41,0.005842,0.05
2019-05-24,290.91,0.003912,0.05
2019-05-25,290.83,0.002626,0.05
2019-05-26,289.25,0.001253,0.05
2019-05-27,290.88,0.0016,0.05
2019-05-28,291.17,0.001032,0.05
2019-05-29,290.75,0.002532,0.05
2019-05-30,290.44,0.011,0.05
2019-05-31,289.32,0.015177,0.05
2019-06-01,290.85,0.009972,0.05
2019-06-02,290.15,0.010894,0.05
2019-06-03,291.06,0.002781,0.05
2019-06-04,290.6,0.011891,0.05
2019-06-05,290.35,0.016316,0.05
2019-06-06,290.35,0.014102,0.05
2019-06-07,291.03,0.0096,0.05
2019-06-08,291.77,0.001692,0.05
2019-06-09,291.48,0.002374,0.05
2019-06-10,292.17,0.003136,0.05
2019-06-11,292.1,0.008981,0.05
2019-06-12,291.52,0.011149,0.05
2019-06-13,292.01,0.00933,0.05
2019-06-14,292.99,0.013737,0.05
2019-06-15,293.57,0.00264,0.05
2019-06-16,293.64,0.003005,0.05
2019-06-17,292.54,0.006711,0.05
2019-06-18,292.73,0.003938,0.05
2019-06-19,293.44,0.004339,0.05
2019-06-20,292.89,0.001302,0.05
2019-06-21,293.21,0.002904,0.05
2019-06-22,292.53,0.020348,0.05
2019-06-23,292.17,0.013174,0.05
2019-06-24,293.09,0.005912,0.05
2019-06-25,292.95,0.006341,0.05
2019-06-26,292.83,0.006327,0.05
2019-06-27,292.52,0.008431,0.05
2019-06-28,291.87,0.015942,0.05
2019-06-29,292.51,0.01252,0.05
2019-06-30,292.71,0.010741,0.05
2019-07-01,293.71,0.016529,0.05
2019-07-02,293.53,0.012503,0.05
2019-07-03,293.02,0.016776,0.05
2019-07-04,292.68,0.022209,0.05
2019-07-05,292.74,0.023561,0.05
2019-07-06,292.37,0.024943,0.05
2019-07-07,292.73,0.019964,0.05
2019-07-08,292.31,0.024711,0.05
2019-07-09,292.2,0.034735,0.05
2019-07-10,292.06,0.016079,0.05
2019-07-11,291.86,0.046032,0.05
2019-07-12,291.67,0.115409,0.05
2019-07-13,290.59,0.078406,0.05
2019-07-14,290.1,0.052218,0.05
2019-07-15,291.0,0.035602,0.05
2019-07-16,291.25,0.007716,0.05
2019-07-17,291.89,0.012475,0.05
2019-07-18,292.16,0.006587,0.05
2019-07-19,292.58,0.012849,0.05
2019-07-20,292.43,0.016434,0.05
2019-07-21,292.71,0.012982,0.05
2019-07-22,292.39,0.018627,0.05
2019-07-23,291.67,0.075039,0.05
2019-07-24,291.26,0.110472,0.05
2019-07-25,291.89,0.017648,0.05
2019-07-26,292.32,0.019818,0.05
2019-07-27,292.43,0.025548,0.05
2019-07-28,292.11,0.028234,0.05
2019-07-29,292.71,0.022151,0.05
2019-07-30,291.79,0.02091,0.05
2019-07-31,292.2,0.013068,0.05
2019-08-01,292.13,0.023739,0.05
2019-08-02,292.03,0.028513,0.05
2019-08-03,292.06,0.027774,0.05
2019-08-04,292.6,0.021862,0.05
2019-08-05,292.8,0.025683,0.05
2019-08-06,293.98,0.011294,0.05
2019-08-07,293.04,0.01602,0.05
2019-08-08,292.22,0.036939,0.05
2019-08-09,291.89,0.030739,0.05
2019-08-10,292.92,0.013586,0.05
2019-08-11,293.19,0.03444,0.05
2019-08-12,294.74,0.005526,0.05
2019-08-13,293.13,0.015281,0.05
2019-08-14,292.43,0.023604,0.05
2019-08-15,291.79,0.029383,0.05
2019-08-16,292.04,0.014581,0.05
2019-08-17,291.88,0.019016,0.05
2019-08-18,291.9,0.009918,0.05
2019-08-19,291.91,0.006199,0.05
2019-08-20,292.53,0.010055,0.05
2019-08-21,292.29,0.00579,0.05
2019-08-22,292.91,0.004696,0.05
2019-08-23,292.44,0.016555,0.05
2019-08-24,291.61,0.023593,0.05
2019-08-25,292.5,0.012202,0.05
2019-08-26,293.27,0.009795,0.05
2019-08-27,292.99,0.006368,0.05
2019-08-28,293.11,0.011543,0.05
2019-08-29,292.76,0.013964,0.05
2019-08-30,292.93,0.015218,0.05
2019-08-31,291.84,0.042916,0.05
2019-09-01,292.59,0.019203,0.05
2019-09-02,293.21,0.012508,0.05
2019-09-03,292.64,0.02709,0.05
2019-09-04,292.2,0.016204,0.05
2019-09-05,291.92,0.026605,0.05
2019-09-06,291.83,0.034047,0.05
2019-09-07,292.21,0.019892,0.05
2019-09-08,292.2,0.009547,0.05
2019-09-09,292.3,0.012285,0.05
2019-09-10,292.38,0.017839,0.05
2019-09-11,292.58,0.030337,0.05
2019-09-12,291.94,0.051134,0.05
2019-09-13,291.88,0.015631,0.05
2019-09-14,291.52,0.011468,0.05
2019-09-15,291.95,0.010076,0.05
2019-09-16,291.84,0.018516,0.05
2019-09-17,290.76,0.044075,0.05
2019-09-18,289.81,0.048749,0.05
2019-09-19,289.5,0.005886,0.05
2019-09-20,290.12,0.003862,0.05
2019-09-21,290.53,0.011332,0.05
2019-09-22,290.54,0.007237,0.05
2019-09-23,289.77,0.036619,0.05
2019-09-24,289.55,0.067988,0.05
2019-09-25,289.45,0.038457,0.05
2019-09-26,289.16,0.015325,0.05
2019-09-27,289.17,0.01437,0.05
2019-09-28,288.9,0.035327,0.05
2019-09-29,288.61,0.017419,0.05
2019-09-30,288.9,0.00563,0.05
2019-10-01,289.41,0.006917,0.05
2019-10-02,289.83,0.003257,0.05
2019-10-03,289.38,0.004222,0.05
2019-10-04,288.71,0.001326,0.05
2019-10-05,288.38,0.001103,0.05
2019-10-06,288.89,0.001554,0.05
2019-10-07,289.54,0.004585,0.05
2019-10-08,289.32,0.004935,0.05
2019-10-09,288.8,0.001217,0.05
2019-10-10,287.54,0.000619,0.05
2019-10-11,287.83,0.002346,0.05
2019-10-12,287.84,0.000781,0.05
2019-10-13,287.32,0.001367,0.05
2019-10-14,288.15,0.001892,0.05
2019-10-15,288.67,0.00088,0.05
2019-10-16,288.18,0.001339,0.05
2019-10-17,288.0,0.000745,0.05
2019-10-18,288.4,0.000583,0.05
2019-10-19,289.75,0.000431,0.05
2019-10-20,289.14,0.001425,0.05
2019-10-21,288.17,0.000198,0.05
2019-10-22,288.03,0.000288,0.05
2019-10-23,288.32,0.000506,0.05
2019-10-24,287.6,0.000804,0.05
2019-10-25,286.47,0.001136,0.05
2019-10-26,287.24,0.000172,0.05
2019-10-27,287.29,0.000461,0.05
2019-10-28,287.28,0.000471,0.05
2019-10-29,286.33,0.001224,0.05
2019-10-30,287.34,0.001062,0.05
2019-10-31,287.56,0.000935,0.05
2019-11-01,286.08,0.001495,0.05
2019-11-02,286.62,0.000392,0.05
2019-11-03,286.53,0.001529,0.05
2019-11-04,286.28,0.001469,0.05
2019-11-05,284.95,0.002058,0.05
2019-11-06,286.7,0.000237,0.05
2019-11-07,287.55,0.000209,0.05
2019-11-08,287.38,0.000332,0.05
2019-11-09,286.01,0.000272,0.05
2019-11-10,286.03,0.00064,0.05
2019-11-11,285.08,7.3e-05,0.05
2019-11-12,286.16,2.8e-05,0.05
2019-11-13,286.77,0.000123,0.05
2019-11-14,286.28,0.00019,0.05
2019-11-15,286.84,5.7e-05,0.05
2019-11-16,286.22,1.4e-05,0.05
2019-11-17,287.71,0.000173,0.05
2019-11-18,287.28,0.000477,0.05
2019-11-19,286.06,0.000621,0.05
2019-11-20,284.79,0.000244,0.05
2019-11-21,284.66,0.000327,0.05
2019-11-22,285.33,0.000446,0.05
2019-11-23,285.71,6.4e-05,0.05
2019-11-24,286.09,0.000104,0.05
2019-11-25,286.04,9.1e-05,0.05
2019-11-26,285.02,0.0002,0.05
2019-11-27,285.25,2.6e-05,0.05
2019-11-28,284.61,6.2e-05,0.05
2019-11-29,285.17,6.4e-05,0.05
2019-11-30,284.1,1e-06,0.05
2019-12-01,283.28,3e-06,0.05
2019-12-02,282.49,0.000588,0.05
2019-12-03,281.92,0.001459,0.05
2019-12-04,282.74,0.001154,0.05
2019-12-05,284.74,0.000549,0.05
2019-12-06,283.62,0.000992,0.05
2019-12-07,282.93,4.4e-05,0.05
2019-12-08,282.46,0.000728,0.05
2019-12-09,281.74,9.2e-05,0.05
2019-12-10,281.42,0.001623,0.05
2019-12-11,281.56,0.003603,0.05
2019-12-12,282.07,0.003619,0.05
2019-12-13,279.09,0.02979,0.05
2019-12-14,277.66,0.001469,0.05
2019-12-15,277.91,0.000316,0.05
2019-12-16,279.64,0.000176,0.05
2019-12-17,278.87,1.3e-05,0.05
2019-12-18,280.13,3.6e-05,0.05
2019-12-19,279.77,4e-05,0.05
2019-12-20,280.54,1.6e-05,0.05
2019-12-21,280.27,0.000595,0.05
2019-12-22,280.25,0.000306,0.05
2019-12-23,278.93,2e-06,0.05
2019-12-24,278.29,0.0,0.05
2019-12-25,277.8,1.5e-05,0.05
2019-12-26,278.25,0.000999,0.05
2019-12-27,278.46,0.0021,0.05
2019-12-28,279.54,1e-06,0.05
2019-12-29,278.95,5.9e-05,0.05
2019-12-30,278.43,1e-06,0.05
2019-12-31,279.11,6.3e-05,0.05
2020-01-01,280.5,0.000204,0.05
2020-01-02,280.02,0.002367,0.05
2020-01-03,278.33,0.015278,0.05
2020-01-04,276.29,0.001001,0.05
2020-01-05,275.56,0.000577,0.05
2020-01-06,278.01,5.2e-05,0.05
2020-01-07,279.65,0.003797,0.05
2020-01-08,278.86,0.007715,0.05
2020-01-09,277.92,0.002844,0.05
2020-01-10,277.49,0.000914,0.05
2020-01-11,278.85,5.3e-05,0.05
2020-01-12,281.88,1.3e-05,0.05
2020-01-13,280.53,2e-06,0.05
2020-01-14,279.56,0.000135,0.05
2020-01-15,280.01,5e-06,0.05
2020-01-16,280.16,0.021372,0.05
2020-01-17,279.45,0.041988,0.05
2020-01-18,278.06,0.000661,0.05
2020-01-19,274.91,0.000262,0.05
2020-01-20,276.11,2.9e-05,0.05
2020-01-21,276.78,0.00075,0.05
2020-01-22,277.95,0.00036,0.05
2020-01-23,278.02,0.002559,0.05
2020-01-24,279.89,0.001109,0.05
2020-01-25,278.45,0.003911,0.05
2020-01-26,276.73,0.010148,0.05
2020-01-27,277.84,0.00186,0.05
2020-01-28,279.76,0.000952,0.05
2020-01-29,280.24,0.001894,0.05
2020-01-30,279.6,0.000499,0.05
2020-01-31,279.22,0.000314,0.05
2020-02-01,278.48,0.006736,0.05
2020-02-02,278.6,0.000592,0.05
2020-02-03,279.03,0.000849,0.05
2020-02-04,279.61,0.00044,0.05
2020-02-05,279.45,0.000246,0.05
2020-02-06,278.5,0.000792,0.05
2020-02-07,279.51,0.000815,0.05
2020-02-08,277.93,0.001674,0.05
2020-02-09,278.15,0.011938,0.05
2020-02-10,278.01,0.002332,0.05
2020-02-11,280.55,0.000254,0.05
2020-02-12,281.25,0.000207,0.05
2020-02-13,282.88,0.000224,0.05
2020-02-14,281.97,0.001897,0.05
2020-02-15,281.57,0.001051,0.05
2020-02-16,284.03,0.00036,0.05
2020-02-17,283.06,0.001431,0.05
2020-02-18,283.71,0.000866,0.05
2020-02-19,283.52,0.000566,0.05
2020-02-20,282.24,0.000577,0.05
2020-02-21,281.92,0.005786,0.05
2020-02-22,282.25,0.000471,0.05
2020-02-23,282.5,0.000315,0.05
2020-02-24,281.12,0.000853,0.05
2020-02-25,280.81,0.004004,0.05
2020-02-26,278.25,0.011109,0.05
2020-02-27,281.31,0.005848,0.05
2020-02-28,281.36,0.001667,0.05
2020-02-29,281.88,0.000466,0.05
2020-03-01,281.61,0.001166,0.05
2020-03-02,281.03,0.001352,0.05
2020-03-03,279.64,0.004213,0.05
2020-03-04,280.22,0.003456,0.05
2020-03-05,281.45,0.000915,0.05
2020-03-06,282.72,0.002167,0.05
2020-03-07,279.43,0.006583,0.05
2020-03-08,281.87,0.00048,0.05
2020-03-09,284.01,0.000426,0.05
2020-03-10,283.02,0.000983,0.05
2020-03-11,282.61,0.000314,0.05
2020-03-12,283.4,0.000243,0.05
2020-03-13,284.1,0.003715,0.05
2020-03-14,283.66,0.005082,0.05
2020-03-15,282.38,0.00168,0.05
2020-03-16,282.98,0.000694,0.05
2020-03-17,282.36,0.001993,0.05
2020-03-18,282.57,0.00151,0.05
2020-03-19,283.43,0.002282,0.05
2020-03-20,281.58,0.002736,0.05
2020-03-21,281.56,0.006696,0.05
2020-03-22,281.48,0.008988,0.05
2020-03-23,282.76,0.009341,0.05
2020-03-24,284.62,0.002055,0.05
2020-03-25,282.83,0.006959,0.05
2020-03-26,285.89,0.001701,0.05
2020-03-27,289.25,0.002004,0.05
2020-03-28,288.18,8.4e-05,0.05
2020-03-29,287.47,7.2e-05,0.05
2020-03-30,288.14,0.000313,0.05
2020-03-31,287.39,0.0003,0.05
2020-04-01,285.44,0.005917,0.05
2020-04-02,285.18,0.000494,0.05
2020-04-03,285.54,0.000265,0.05
2020-04-04,285.95,0.000634,0.05
2020-04-05,285.21,0.001774,0.05
2020-04-06,286.29,0.002349,0.05
2020-04-07,286.71,0.001882,0.05
2020-04-08,286.96,0.002235,0.05
2020-04-09,284.1,0.001913,0.05
2020-04-10,287.02,0.0011,0.05
2020-04-11,287.44,0.002153,0.05
2020-04-12,288.93,0.001737,0.05
2020-04-13,288.08,0.006544,0.05
2020-04-14,288.34,0.006014,0.05
2020-04-15,288.59,0.01727,0.05
2020-04-16,287.01,0.011439,0.05
2020-04-17,288.11,0.016978,0.05
2020-04-18,287.49,0.002819,0.05
2020-04-19,289.21,0.001465,0.05
2020-04-20,289.08,0.004468,0.05
2020-04-21,286.0,0.010288,0.05
2020-04-22,284.34,0.006341,0.05
2020-04-23,285.88,0.008808,0.05
2020-04-24,284.05,0.010425,0.05
2020-04-25,285.24,0.010101,0.05
2020-04-26,286.13,0.014147,0.05
2020-04-27,287.34,0.006745,0.05
2020-04-28,285.45,0.00728,0.05
2020-04-29,285.28,0.012172,0.05
2020-04-30,286.52,0.011782,0.05
2020-05-01,287.23,0.01024,0.05
2020-05-02,286.32,0.009069,0.05
2020-05-03,288.28,0.010908,0.05
2020-05-04,286.77,0.011932,0.05
2020-05-05,288.18,0.009576,0.05
2020-05-06,286.93,0.009308,0.05
2020-05-07,286.99,0.004103,0.05
2020-05-08,286.99,0.00299,0.05
2020-05-09,287.67,0.006726,0.05
2020-05-10,288.26,0.006213,0.05
2020-05-11,288.76,0.001101,0.05
2020-05-12,288.09,0.008553,0.05
2020-05-13,287.75,0.004925,0.05
2020-05-14,289.13,0.00747,0.05
2020-05-15,288.67,0.007665,0.05
2020-05-16,289.83,0.004209,0.05
2020-05-17,290.85,0.002557,0.05
2020-05-18,289.86,0.003993,0.05
2020-05-19,291.0,0.002379,0.05
2020-05-20,290.22,0.015023,0.05
2020-05-21,290.01,0.017571,0.05
2020-05-22,290.61,0.011629,0.05
2020-05-23,289.99,0.029154,0.05
2020-05-24,290.65,0.015,0.05
2020-05-25,292.47,0.00282,0.05
2020-05-26,291.41,0.016607,0.05
2020-05-27,289.83,0.009959,0.05
2020-05-28,289.04,0.014999,0.05
2020-05-29,289.77,0.006857,0.05
2020-05-30,290.06,0.008426,0.05
2020-05-31,289.44,0.009256,0.05
2020-06-01,290.38,0.001776,0.05
2020-06-02,291.05,0.001332,0.05
2020-06-03,291.63,0.001396,0.05
2020-06-04,290.21,0.009854,0.05
2020-06-05,290.0,0.029618,0.05
2020-06-06,290.18,0.02291,0.05
2020-06-07,291.23,0.00543,0.05
2020-06-08,291.82,0.022997,0.05
2020-06-09,292.33,0.020441,0.05
2020-06-10,292.5,0.002783,0.05
2020-06-11,292.42,0.03547,0.05
2020-06-12,292.58,0.005305,0.05
2020-06-13,292.8,0.038459,0.05
2020-06-14,292.14,0.025089,0.05
2020-06-15,292.29,0.048004,0.05
2020-06-16,291.85,0.040192,0.05
2020-06-17,293.27,0.017551,0.05
2020-06-18,292.44,0.026859,0.05
2020-06-19,292.04,0.037875,0.05
2020-06-20,291.95,0.020473,0.05
2020-06-21,292.71,0.023107,0.05
2020-06-22,292.13,0.031286,0.05
2020-06-23,292.52,0.019641,0.05
2020-06-24,292.78,0.017435,0.05
2020-06-25,292.01,0.030361,0.05
2020-06-26,291.62,0.043863,0.05
2020-06-27,292.37,0.011258,0.05
2020-06-28,292.17,0.016478,0.05
2020-06-29,291.59,0.044276,0.05
2020-06-30,292.07,0.016159,0.05
2020-07-01,292.7,0.027534,0.05
2020-07-02,293.02,0.023846,0.05
2020-07-03,292.38,0.025561,0.05
2020-07-04,291.81,0.037604,0.05
2020-07-05,292.7,0.016809,0.05
2020-07-06,292.84,0.040253,0.05
2020-07-07,292.97,0.013556,0.05
2020-07-08,292.97,0.012482,0.05
2020-07-09,292.76,0.039299,0.05
2020-07-10,292.27,0.06329,0.05
2020-07-11,291.97,0.04919,0.05
2020-07-12,292.22,0.030949,0.05
2020-07-13,292.01,0.021983,0.05
2020-07-14,292.34,0.019938,0.05
2020-07-15,292.64,0.017076,0.05
2020-07-16,293.02,0.018296,0.05
2020-07-17,292.06,0.052377,0.05
2020-07-18,291.92,0.046515,0.05
2020-07-19,291.96,0.048035,0.05
2020-07-20,291.05,0.085815,0.05
2020-07-21,291.42,0.025981,0.05
2020-07-22,292.25,0.009336,0.05
2020-07-23,292.43,0.078577,0.05
2020-07-24,292.09,0.031907,0.05
2020-07-25,292.1,0.026157,0.05
2020-07-26,292.64,0.023071,0.05
2020-07-27,292.41,0.025204,0.05
2020-07-28,291.91,0.056967,0.05
2020-07-29,292.18,0.01817,0.05
2020-07-30,292.2,0.015525,0.05
2020-07-31,292.34,0.02684,0.05
2020-08-01,292.2,0.031891,0.05
2020-08-02,293.21,0.016864,0.05
2020-08-03,292.74,0.018835,0.05
2020-08-04,294.09,0.00837,0.05
2020-08-05,294.34,0.027599,0.05
2020-08-06,293.17,0.036171,0.05
2020-08-07,292.91,0.043224,0.05
2020-08-08,293.09,0.08469,0.05
2020-08-09,292.59,0.028676,0.05
2020-08-10,292.21,0.034457,0.05
2020-08-11,292.43,0.054381,0.05
2020-08-12,292.25,0.032328,0.05
2020-08-13,292.56,0.033241,0.05
2020-08-14,292.84,0.042239,0.05
2020-08-15,292.72,0.030715,0.05
2020-08-16,293.08,0.03134,0.05
2020-08-17,292.48,0.049055,0.05
2020-08-18,292.78,0.024944,0.05
2020-08-19,293.04,0.018397,0.05
2020-08-20,292.77,0.014456,0.05
2020-08-21,292.47,0.015112,0.05
2020-08-22,291.79,0.016714,0.05
2020-08-23,291.8,0.025179,0.05
2020-08-24,292.58,0.023146,0.05
2020-08-25,293.08,0.02628,0.05
2020-08-26,292.98,0.019213,0.05
2020-08-27,292.54,0.013932,0.05
2020-08-28,292.02,0.009562,0.05
2020-08-29,291.89,0.009925,0.05
2020-08-30,291.62,0.007024,0.05
2020-08-31,292.04,0.033879,0.05
2020-09-01,292.68,0.019046,0.05
2020-09-02,292.63,0.017529,0.05
2020-09-03,292.15,0.013092,0.05
2020-09-04,292.24,0.004526,0.05
2020-09-05,292.17,0.004193,0.05
2020-09-06,292.38,0.007814,0.05
2020-09-07,291.77,0.009098,0.05
2020-09-08,291.2,0.019009,0.05
2020-09-09,291.86,0.014223,0.05
2020-09-10,291.84,0.015585,0.05
2020-09-11,291.66,0.009077,0.05
2020-09-12,291.87,0.007497,0.05
2020-09-13,291.74,0.015943,0.05
2020-09-14,291.53,0.014672,0.05
2020-09-15,291.56,0.014688,0.05
2020-09-16,291.61,0.017665,0.05
2020-09-17,291.6,0.011948,0.05
2020-09-18,291.88,0.015942,0.05
2020-09-19,293.29,0.006829,0.05
2020-09-20,294.01,0.004749,0.05
2020-09-21,292.86,0.003174,0.05
2020-09-22,291.73,0.032967,0.05
2020-09-23,290.89,0.068629,0.05
2020-09-24,290.98,0.045854,0.05
2020-09-25,291.24,0.011509,0.05
2020-09-26,291.67,0.002292,0.05
2020-09-27,291.34,0.001757,0.05
2020-09-28,291.26,0.001614,0.05
2020-09-29,291.81,0.000814,0.05
2020-09-30,291.63,0.003423,0.05
2020-10-01,291.12,0.00479,0.05
2020-10-02,291.27,0.002706,0.05
2020-10-03,291.61,0.001712,0.05
2020-10-04,291.14,0.00195,0.05
2020-10-05,291.33,0.001409,0.05
2020-10-06,290.9,0.001348,0.05
2020-10-07,291.36,0.000891,0.05
2020-10-08,290.61,0.000942,0.05
2020-10-09,291.46,8.4e-05,0.05
2020-10-10,291.7,0.001945,0.05
2020-10-11,291.15,0.007354,0.05
2020-10-12,290.82,0.005581,0.05
2020-10-13,291.01,0.003998,0.05
2020-10-14,290.57,0.005696,0.05
2020-10-15,290.53,0.002041,0.05
2020-10-16,289.97,0.006921,0.05
2020-10-17,290.24,0.002975,0.05
2020-10-18,290.1,0.005823,0.05
2020-10-19,289.64,0.004482,0.05
2020-10-20,289.42,0.001164,0.05
2020-10-21,289.03,0.00212,0.05
2020-10-22,289.13,0.002181,0.05
2020-10-23,289.45,0.000213,0.05
2020-10-24,289.23,0.000998,0.05
2020-10-25,289.49,0.000345,0.05
2020-10-26,288.64,0.000801,0.05
2020-10-27,287.0,3.6e-05,0.05
2020-10-28,287.06,3.5e-05,0.05
2020-10-29,287.8,1e-06,0.05
2020-10-30,288.84,5.9e-05,0.05
2020-10-31,289.82,0.000105,0.05
2020-11-01,288.98,0.000477,0.05
2020-11-02,288.84,0.000252,0.05
2020-11-03,287.29,0.000383,0.05
2020-11-04,285.03,0.00058,0.05
2020-11-05,284.17,3e-06,0.05
2020-11-06,285.11,2e-05,0.05
2020-11-07,285.05,1.3e-05,0.05
2020-11-08,285.04,0.000168,0.05
2020-11-09,286.37,0.0004,0.05
2020-11-10,285.74,0.000613,0.05
2020-11-11,285.48,0.000174,0.05
2020-11-12,285.37,1e-06,0.05
2020-11-13,285.26,2.1e-05,0.05
2020-11-14,285.35,0.0,0.05
2020-11-15,286.54,0.000151,0.05
2020-11-16,283.76,0.001174,0.05
2020-11-17,282.84,9e-06,0.05
2020-11-18,282.84,2.1e-05,0.05
2020-11-19,282.46,0.000403,0.05
2020-11-20,282.65,0.000437,0.05
2020-11-21,282.6,0.001136,0.05
2020-11-22,282.01,6.1e-05,0.05
2020-11-23,282.64,0.00018,0.05
2020-11-24,282.81,0.000127,0.05
2020-11-25,284.75,2e-06,0.05
2020-11-26,286.13,1e-06,0.05
2020-11-27,284.6,0.000423,0.05
2020-11-28,284.18,0.001075,0.05
2020-11-29,283.71,0.0,0.05
2020-11-30,282.34,0.000129,0.05
2020-12-01,282.82,4.3e-05,0.05
2020-12-02,283.03,0.00152,0.05
2020-12-03,280.67,0.003624,0.05
2020-12-04,281.2,0.007779,0.05
2020-12-05,280.84,0.005522,0.05
2020-12-06,280.25,0.000997,0.05
2020-12-07,281.82,0.000514,0.05
2020-12-08,283.42,0.000298,0.05
2020-12-09,283.69,0.000274,0.05
2020-12-10,283.55,7.4e-05,0.05
2020-12-11,285.1,0.000108,0.05
2020-12-12,283.15,0.000871,0.05
2020-12-13,281.82,7e-05,0.05
2020-12-14,281.95,1.1e-05,0.05
2020-12-15,282.01,7e-06,0.05
2020-12-16,281.98,7.1e-05,0.05
2020-12-17,281.95,1.7e-05,0.05
2020-12-18,281.91,0.000402,0.05
2020-12-19,280.55,0.000131,0.05
2020-12-20,281.84,3.2e-05,0.05
2020-12-21,283.76,2e-06,0.05
2020-12-22,284.05,3e-06,0.05
2020-12-23,284.24,3e-06,0.05
2020-12-24,282.74,0.000136,0.05
2020-12-25,281.2,1.3e-05,0.05
2020-12-26,281.36,3e-06,0.05
2020-12-27,281.47,7e-05,0.05
2020-12-28,282.63,0.000187,0.05
2020-12-29,282.24,2.3e-05,0.05
2020-12-30,282.31,6.7e-05,0.05
2020-12-31,282.59,1e-06,0.05
2021-01-01,283.38,0.0,0.05
2021-01-02,284.09,0.0,0.05
2021-01-03,286.13,2.1e-05,0.05
2021-01-04,287.73,0.000202,0.05
2021-01-05,284.47,0.001281,0.05
2021-01-06,284.21,0.000163,0.05
2021-01-07,282.78,6e-06,0.05
2021-01-08,283.11,2e-06,0.05
2021-01-09,284.57,2e-06,0.05
2021-01-10,285.07,1.9e-05,0.05
2021-01-11,284.05,0.000297,0.05
2021-01-12,281.28,0.001049,0.05
2021-01-13,279.99,0.001462,0.05
2021-01-14,280.34,0.000311,0.05
2021-01-15,282.26,1.6e-05,0.05
2021-01-16,281.64,0.000768,0.05
2021-01-17,281.69,0.000323,0.05
2021-01-18,282.96,0.001945,0.05
2021-01-19,281.01,0.006972,0.05
2021-01-20,280.32,0.006493,0.05
2021-01-21,279.59,0.000742,0.05
2021-01-22,279.9,0.000126,0.05
2021-01-23,280.78,3.9e-05,0.05
2021-01-24,280.71,0.001485,0.05
2021-01-25,279.25,4.3e-05,0.05
2021-01-26,279.3,2.6e-05,0.05
2021-01-27,278.99,3e-06,0.05
2021-01-28,280.12,8e-06,0.05
2021-01-29,277.91,0.001559,0.05
2021-01-30,277.57,0.00052,0.05
2021-01-31,278.35,0.001033,0.05
2021-02-01,278.32,0.00028,0.05
2021-02-02,279.4,2e-06,0.05
2021-02-03,280.25,0.000442,0.05
2021-02-04,280.09,0.000156,0.05
2021-02-05,279.41,0.009335,0.05
2021-02-06,276.77,0.004622,0.05
2021-02-07,278.4,0.001763,0.05
2021-02-08,280.27,3.5e-05,0.05
2021-02-09,280.69,0.000122,0.05
2021-02-10,281.18,0.000118,0.05
2021-02-11,280.3,0.001224,0.05
2021-02-12,280.33,0.000123,0.05
2021-02-13,281.68,0.000789,0.05
2021-02-14,281.19,0.001171,0.05
2021-02-15,280.83,0.003101,0.05
2021-02-16,280.58,0.00025,0.05
2021-02-17,281.65,0.000517,0.05
2021-02-18,279.92,0.001791,0.05
2021-02-19,281.32,0.000329,0.05
2021-02-20,282.63,0.001849,0.05
2021-02-21,284.14,0.000145,0.05
2021-02-22,284.05,1.5e-05,0.05
2021-02-23,283.94,0.001139,0.05
2021-02-24,282.75,0.00863,0.05
2021-02-25,282.22,0.010834,0.05
2021-02-26,283.73,0.007059,0.05
2021-02-27,284.99,0.005152,0.05
2021-02-28,284.76,0.004184,0.05
2021-03-01,284.39,0.00225,0.05
2021-03-02,282.94,0.000558,0.05
2021-03-03,283.91,0.001121,0.05
2021-03-04,282.7,0.009528,0.05
2021-03-05,281.9,0.002911,0.05
2021-03-06,282.07,0.003718,0.05
2021-03-07,281.5,0.005295,0.05
2021-03-08,282.83,0.00271,0.05
2021-03-09,282.9,0.002887,0.05
2021-03-10,283.28,0.001393,0.05
2021-03-11,283.64,0.001954,0.05
2021-03-12,285.93,0.000736,0.05
2021-03-13,284.49,0.00417,0.05
2021-03-14,283.98,0.00097,0.05
2021-03-15,284.33,0.000344,0.05
2021-03-16,283.92,0.001504,0.05
2021-03-17,284.61,0.001317,0.05
2021-03-18,285.03,0.001078,0.05
2021-03-19,287.3,0.000438,0.05
2021-03-20,286.48,0.001105,0.05
2021-03-21,286.09,0.000639,0.05
2021-03-22,286.28,0.000571,0.05
2021-03-23,288.12,0.000352,0.05
2021-03-24,286.89,0.001819,0.05
2021-03-25,286.61,3.2e-05,0.05
2021-03-26,287.27,2.8e-05,0.05
2021-03-27,286.82,6.7e-05,0.05
2021-03-28,287.97,0.000101,0.05
2021-03-29,287.48,0.008915,0.05
2021-03-30,287.17,0.011928,0.05
2021-03-31,286.38,0.00905,0.05
2021-04-01,285.92,0.001574,0.05
2021-04-02,285.57,0.001877,0.05
2021-04-03,285.2,6.5e-05,0.05
2021-04-04,285.93,0.000289,0.05
2021-04-05,287.41,2.4e-05,0.05
2021-04-06,287.51,0.000997,0.05
2021-04-07,287.4,0.001142,0.05
2021-04-08,287.4,0.002293,0.05
2021-04-09,287.95,5.5e-05,0.05
2021-04-10,287.2,0.000341,0.05
2021-04-11,288.1,5.7e-05,0.05
2021-04-12,287.63,0.000439,0.05
2021-04-13,287.62,0.000583,0.05
2021-04-14,287.53,0.000887,0.05
2021-04-15,289.13,0.000671,0.05
2021-04-16,288.2,0.003928,0.05
2021-04-17,287.64,0.00428,0.05
2021-04-18,287.51,0.000576,0.05
2021-04-19,287.6,0.002205,0.05
2021-04-20,289.7,0.000778,0.05
2021-04-21,288.66,0.003697,0.05
2021-04-22,285.83,0.002545,0.05
2021-04-23,288.15,0.000226,0.05
2021-04-24,287.67,0.001254,0.05
2021-04-25,289.25,0.000223,0.05
2021-04-26,290.14,0.000279,0.05
2021-04-27,289.66,0.000683,0.05
2021-04-28,290.25,0.00128,0.05
2021-04-29,289.28,0.004581,0.05
2021-04-30,288.46,0.007311,0.05
2021-05-01,288.22,0.008619,0.05
2021-05-02,287.32,0.005366,0.05
2021-05-03,288.08,0.009583,0.05
2021-05-04,287.56,0.019216,0.05
2021-05-05,287.3,0.016048,0.05
2021-05-06,287.76,0.011137,0.05
2021-05-07,287.51,0.008842,0.05
2021-05-08,287.56,0.004235,0.05
2021-05-09,287.6,0.006725,0.05
2021-05-10,287.46,0.007929,0.05
2021-05-11,288.05,0.006008,0.05
2021-05-12,287.07,0.020045,0.05
2021-05-13,286.86,0.009639,0.05
2021-05-14,287.25,0.002027,0.05
2021-05-15,289.65,0.001263,0.05
2021-05-16,290.8,0.000905,0.05
2021-05-17,292.52,0.003727,0.05
2021-05-18,291.16,0.003584,0.05
2021-05-19,290.39,0.021112,0.05
2021-05-20,289.58,0.017215,0.05
2021-05-21,291.46,0.00138,0.05
2021-05-22,291.66,0.001086,0.05
2021-05-23,292.26,0.001963,0.05
2021-05-24,292.96,0.002904,0.05
2021-05-25,292.09,0.011396,0.05
2021-05-26,290.79,0.021168,0.05
2021-05-27,291.09,0.023917,0.05
2021-05-28,291.15,0.065744,0.05
2021-05-29,291.19,0.00277,0.05
2021-05-30,291.83,0.006285,0.05
2021-05-31,291.42,0.016445,0.05
2021-06-01,291.48,0.002365,0.05
2021-06-02,291.28,0.002053,0.05
2021-06-03,291.87,0.002177,0.05
2021-06-04,291.59,0.009599,0.05
2021-06-05,292.3,0.004218,0.05
2021-06-06,292.19,0.01024,0.05
2021-06-07,292.4,0.003093,0.05
2021-06-08,291.92,0.026305,0.05
2021-06-09,291.58,0.034797,0.05
2021-06-10,291.53,0.012145,0.05
2021-06-11,291.98,0.016828,0.05
2021-06-12,291.82,0.028928,0.05
2021-06-13,292.04,0.013819,0.05
2021-06-14,292.6,0.032076,0.05
2021-06-15,292.1,0.031244,0.05
2021-06-16,292.17,0.019394,0.05
2021-06-17,292.36,0.017884,0.05
2021-06-18,291.75,0.025954,0.05
2021-06-19,291.47,0.02042,0.05
2021-06-20,290.9,0.028058,0.05
2021-06-21,292.08,0.013394,0.05
2021-06-22,292.56,0.02493,0.05
2021-06-23,292.19,0.01618,0.05
2021-06-24,292.2,0.013647,0.05
2021-06-25,292.24,0.007023,0.05
2021-06-26,291.41,0.021519,0.05
2021-06-27,292.11,0.016231,0.05
2021-06-28,292.2,0.017925,0.05
2021-06-29,292.09,0.034919,0.05
2021-06-30,291.72,0.085845,0.05
2021-07-01,291.03,0.11878,0.05
2021-07-02,291.11,0.067681,0.05
2021-07-03,291.44,0.031925,0.05
2021-07-04,292.3,0.016727,0.05
2021-07-05,292.57,0.013422,0.05
2021-07-06,292.91,0.015362,0.05
2021-07-07,292.97,0.028526,0.05
2021-07-08,292.19,0.030768,0.05
2021-07-09,292.2,0.036285,0.05
2021-07-10,291.91,0.061068,0.05
2021-07-11,292.15,0.02896,0.05
2021-07-12,292.46,0.023049,0.05
2021-07-13,292.65,0.027337,0.05
2021-07-14,292.2,0.022505,0.05
2021-07-15,291.59,0.050132,0.05
2021-07-16,291.48,0.046672,0.05
2021-07-17,292.18,0.040426,0.05
2021-07-18,292.01,0.043047,0.05
2021-07-19,292.07,0.054018,0.05
2021-07-20,292.04,0.048605,0.05
2021-07-21,292.51,0.034638,0.05
2021-07-22,292.5,0.018652,0.05
2021-07-23,293.42,0.014689,0.05
2021-07-24,292.91,0.023935,0.05
2021-07-25,292.65,0.033579,0.05
2021-07-26,292.37,0.057898,0.05
2021-07-27,292.34,0.024408,0.05
2021-07-28,292.74,0.023476,0.05
2021-07-29,292.7,0.023987,0.05
2021-07-30,292.37,0.027417,0.05
2021-07-31,292.68,0.017573,0.05
2021-08-01,292.31,0.022328,0.05
2021-08-02,292.17,0.026749,0.05
2021-08-03,292.43,0.018193,0.05
2021-08-04,292.19,0.036607,0.05
2021-08-05,292.51,0.015319,0.05
2021-08-06,292.75,0.013766,0.05
2021-08-07,292.83,0.014913,0.05
2021-08-08,292.32,0.039285,0.05
2021-08-09,292.4,0.015494,0.05
2021-08-10,292.96,0.008682,0.05
2021-08-11,293.1,0.020181,0.05
2021-08-12,292.7,0.021922,0.05
2021-08-13,291.88,0.056621,0.05
2021-08-14,291.46,0.079741,0.05
2021-08-15,291.72,0.024578,0.05
2021-08-16,292.28,0.010435,0.05
2021-08-17,292.27,0.009979,0.05
2021-08-18,292.19,0.031377,0.05
2021-08-19,292.08,0.041093,0.05
2021-08-20,291.99,0.023812,0.05
2021-08-21,291.5,0.033888,0.05
2021-08-22,291.56,0.033363,0.05
2021-08-23,291.86,0.022316,0.05
2021-08-24,292.13,0.025979,0.05
2021-08-25,291.83,0.060478,0.05
2021-08-26,291.94,0.055331,0.05
2021-08-27,291.36,0.069287,0.05
2021-08-28,291.38,0.033358,0.05
2021-08-29,290.8,0.036563,0.05
2021-08-30,291.16,0.010544,0.05
2021-08-31,291.39,0.01512,0.05
2021-09-01,291.73,0.014403,0.05
2021-09-02,291.86,0.014083,0.05
2021-09-03,291.11,0.024382,0.05
2021-09-04,292.01,0.009875,0.05
2021-09-05,292.41,0.031403,0.05
2021-09-06,292.13,0.048774,0.05
2021-09-07,291.4,0.035724,0.05
2021-09-08,291.02,0.022229,0.05
2021-09-09,290.99,0.032038,0.05
2021-09-10,292.46,0.012771,0.05
2021-09-11,292.52,0.011301,0.05
2021-09-12,292.65,0.011436,0.05
2021-09-13,292.65,0.010673,0.05
2021-09-14,292.46,0.014685,0.05
2021-09-15,291.14,0.028745,0.05
2021-09-16,291.24,0.013767,0.05
2021-09-17,290.02,0.019459,0.05
2021-09-18,290.35,0.018367,0.05
2021-09-19,290.87,0.061382,0.05
2021-09-20,291.18,0.074406,0.05
2021-09-21,291.71,0.009831,0.05
2021-09-22,291.04,0.008611,0.05
2021-09-23,291.48,0.015582,0.05
2021-09-24,291.96,0.008606,0.05
2021-09-25,291.49,0.008619,0.05
2021-09-26,292.0,0.009107,0.05
2021-09-27,291.56,0.01129,0.05
2021-09-28,291.58,0.010131,0.05
2021-09-29,291.15,0.017571,0.05
2021-09-30,290.7,0.013644,0.05
2021-10-01,290.89,0.011436,0.05
2021-10-02,290.68,0.007952,0.05
2021-10-03,290.83,0.009039,0.05
2021-10-04,290.7,0.002824,0.05
2021-10-05,290.87,0.001387,0.05
2021-10-06,290.25,0.009087,0.05
2021-10-07,290.4,0.009056,0.05
2021-10-08,290.09,0.005965,0.05
2021-10-09,290.88,0.002058,0.05
2021-10-10,290.79,0.001095,0.05
2021-10-11,291.68,0.000699,0.05
2021-10-12,292.14,0.000119,0.05
2021-10-13,292.8,0.000339,0.05
2021-10-14,292.61,0.000424,0.05
2021-10-15,292.77,6.2e-05,0.05
2021-10-16,292.89,0.000514,0.05
2021-10-17,291.31,0.006108,0.05
2021-10-18,290.68,0.029567,0.05
2021-10-19,290.18,0.057786,0.05
2021-10-20,289.29,0.031011,0.05
2021-10-21,288.54,0.005694,0.05
2021-10-22,288.25,0.019122,0.05
2021-10-23,287.22,0.005293,0.05
2021-10-24,286.55,0.004057,0.05
2021-10-25,286.94,0.000872,0.05
2021-10-26,287.29,0.001194,0.05
2021-10-27,286.38,0.000935,0.05
2021-10-28,285.63,0.001506,0.05
2021-10-29,286.84,0.000528,0.05
2021-10-30,286.98,0.001832,0.05
2021-10-31,286.37,0.00169,0.05
2021-11-01,285.17,0.001355,0.05
2021-11-02,285.23,0.000396,0.05
2021-11-03,286.11,0.000195,0.05
2021-11-04,285.08,0.000417,0.05
2021-11-05,285.98,5.3e-05,0.05
2021-11-06,285.91,0.000299,0.05
2021-11-07,286.19,0.000148,0.05
2021-11-08,286.13,0.000176,0.05
2021-11-09,286.35,0.000902,0.05
2021-11-10,286.06,0.000733,0.05
2021-11-11,286.1,0.000153,0.05
2021-11-12,285.46,2.3e-05,0.05
2021-11-13,284.98,1.8e-05,0.05
2021-11-14,285.32,1.1e-05,0.05
2021-11-15,285.34,7.7e-05,0.05
2021-11-16,284.45,1.4e-05,0.05
2021-11-17,284.93,1.5e-05,0.05
2021-11-18,287.12,1.5e-05,0.05
2021-11-19,286.53,1e-05,0.05
2021-11-20,286.43,0.000334,0.05
2021-11-21,285.87,0.000369,0.05
2021-11-22,283.94,0.002732,0.05
2021-11-23,282.67,0.005521,0.05
2021-11-24,282.1,0.005078,0.05
2021-11-25,282.39,0.007759,0.05
2021-11-26,281.37,0.005552,0.05
2021-11-27,280.36,0.001753,0.05
2021-11-28,283.12,6.3e-05,0.05
2021-11-29,284.33,0.0,0.05
2021-11-30,284.54,2e-06,0.05
2021-12-01,286.07,1e-06,0.05
2021-12-02,287.16,0.000853,0.05
2021-12-03,286.34,0.007023,0.05
2021-12-04,284.63,0.002276,0.05
2021-12-05,284.42,0.001947,0.05
2021-12-06,283.52,0.001074,0.05
2021-12-07,282.61,2e-06,0.05
2021-12-08,282.1,1e-06,0.05
2021-12-09,282.54,7e-06,0.05
2021-12-10,280.12,0.000279,0.05
2021-12-11,281.57,0.000176,0.05
2021-12-12,282.36,0.000227,0.05
2021-12-13,282.71,5.1e-05,0.05
2021-12-14,281.15,8e-05,0.05
2021-12-15,281.41,8e-06,0.05
2021-12-16,282.27,1.1e-05,0.05
2021-12-17,282.51,7.2e-05,0.05
2021-12-18,280.39,2.2e-05,0.05
2021-12-19,279.93,0.007816,0.05
2021-12-20,278.64,0.006185,0.05
2021-12-21,279.73,0.000478,0.05
2021-12-22,276.55,0.007188,0.05
2021-12-23,277.43,0.000665,0.05
2021-12-24,277.94,0.002934,0.05
2021-12-25,275.91,0.014278,0.05
2021-12-26,275.83,0.001965,0.05
2021-12-27,276.45,0.001036,0.05
2021-12-28,279.12,0.006734,0.05
2021-12-29,278.52,0.029908,0.05
2021-12-30,277.85,0.000306,0.05
2021-12-31,276.42,3.9e-05,0.05
2022-01-01,276.38,7.7e-05,0.05
2022-01-02,277.3,1.9e-05,0.05
2022-01-03,277.7,0.000488,0.05
2022-01-04,279.41,3.1e-05,0.05
2022-01-05,281.19,0.000307,0.05
2022-01-06,281.03,0.00154,0.05
2022-01-07,281.53,0.000557,0.05
2022-01-08,282.23,0.003257,0.05
2022-01-09,282.15,0.000724,0.05
2022-01-10,280.14,0.00084,0.05
2022-01-11,281.54,0.000869,0.05
2022-01-12,279.4,0.001667,0.05
2022-01-13,278.29,0.000215,0.05
2022-01-14,279.7,0.00019,0.05
2022-01-15,278.26,0.00488,0.05
2022-01-16,278.38,0.006078,0.05
2022-01-17,279.43,0.006501,0.05
2022-01-18,278.58,0.009158,0.05
2022-01-19,277.63,0.006751,0.05
2022-01-20,276.23,0.014185,0.05
2022-01-21,275.77,0.008977,0.05
2022-01-22,276.99,0.003458,0.05
2022-01-23,278.19,0.000954,0.05
2022-01-24,276.64,0.000779,0.05
2022-01-25,276.13,0.001,0.05
2022-01-26,275.89,0.00191,0.05
2022-01-27,275.95,0.001044,0.05
2022-01-28,276.29,0.001902,0.05
2022-01-29,277.53,0.000487,0.05
2022-01-30,277.55,0.001383,0.05
2022-01-31,278.09,0.004057,0.05
2022-02-01,276.92,0.00721,0.05
2022-02-02,277.37,0.002052,0.05
2022-02-03,279.72,0.013207,0.05
2022-02-04,276.07,0.040822,0.05
2022-02-05,276.19,0.011096,0.05
2022-02-06,277.81,9.8e-05,0.05
2022-02-07,278.58,0.000874,0.05
2022-02-08,278.11,0.001073,0.05
2022-02-09,279.42,0.00185,0.05
2022-02-10,278.23,0.000992,0.05
2022-02-11,277.72,0.000553,0.05
2022-02-12,278.96,7.3e-05,0.05
2022-02-13,278.6,0.000283,0.05
2022-02-14,279.96,5.8e-05,0.05
2022-02-15,278.89,0.000247,0.05
2022-02-16,278.7,0.001351,0.05
2022-02-17,279.75,0.000547,0.05
2022-02-18,280.84,0.000825,0.05
2022-02-19,280.07,0.000956,0.05
2022-02-20,277.8,0.006124,0.05
2022-02-21,278.36,0.012923,0.05
2022-02-22,278.87,0.000855,0.05
2022-02-23,280.41,0.000485,0.05
2022-02-24,281.25,0.000456,0.05
2022-02-25,278.88,0.001322,0.05
2022-02-26,279.74,0.000303,0.05
2022-02-27,280.05,0.000128,0.05
2022-02-28,282.42,0.002336,0.05
2022-03-01,281.87,0.00048,0.05
2022-03-02,281.75,0.001358,0.05
2022-03-03,282.86,0.000284,0.05
2022-03-04,282.71,0.00055,0.05
2022-03-05,284.33,0.00097,0.05
2022-03-06,284.0,9.7e-05,0.05
2022-03-07,284.66,3.3e-05,0.05
2022-03-08,284.99,0.000294,0.05
2022-03-09,285.93,0.000113,0.05
2022-03-10,284.73,0.002344,0.05
2022-03-11,283.34,0.00097,0.05
2022-03-12,284.76,0.001132,0.05
2022-03-13,286.61,5.9e-05,0.05
2022-03-14,286.92,0.000322,0.05
2022-03-15,286.22,0.001624,0.05
2022-03-16,285.81,0.010756,0.05
2022-03-17,286.82,0.001723,0.05
2022-03-18,288.39,0.004091,0.05
2022-03-19,288.87,0.001702,0.05
2022-03-20,287.65,0.00074,0.05
2022-03-21,287.16,9e-05,0.05
2022-03-22,286.2,0.002483,0.05
2022-03-23,286.58,0.002036,0.05
2022-03-24,286.6,0.001956,0.05
2022-03-25,287.37,0.00062,0.05
2022-03-26,286.82,0.003042,0.05
2022-03-27,287.97,0.001686,0.05
2022-03-28,287.38,0.000574,0.05
2022-03-29,287.47,0.000987,0.05
2022-03-30,287.59,0.010652,0.05
2022-03-31,286.97,0.023185,0.05
2022-04-01,288.04,0.015367,0.05
2022-04-02,287.77,0.016129,0.05
2022-04-03,287.38,0.005693,0.05
2022-04-04,287.56,0.008774,0.05
2022-04-05,288.73,0.003166,0.05
2022-04-06,289.33,0.002046,0.05
2022-04-07,288.44,0.00539,0.05
2022-04-08,288.52,0.006356,0.05
2022-04-09,287.67,0.006736,0.05
2022-04-10,287.53,0.007553,0.05
2022-04-11,289.69,0.002387,0.05
2022-04-12,289.53,0.003893,0.05
2022-04-13,289.12,0.004016,0.05
2022-04-14,290.52,4.6e-05,0.05
2022-04-15,289.23,0.001297,0.05
2022-04-16,289.15,0.000107,0.05
2022-04-17,290.05,0.000941,0.05
2022-04-18,290.16,0.001147,0.05
2022-04-19,288.81,0.002313,0.05
2022-04-20,287.36,0.013067,0.05
2022-04-21,288.32,0.002721,0.05
2022-04-22,288.33,0.003354,0.05
2022-04-23,290.05,0.0002,0.05
2022-04-24,290.51,0.000102,0.05
2022-04-25,290.4,0.000405,0.05
2022-04-26,290.17,0.000278,0.05
2022-04-27,291.26,0.000203,0.05
2022-04-28,291.49,0.000155,0.05
2022-04-29,289.11,0.007266,0.05
2022-04-30,288.68,0.019345,0.05
2022-05-01,288.45,0.011707,0.05
2022-05-02,288.31,0.003297,0.05
2022-05-03,289.37,0.009542,0.05
2022-05-04,288.2,0.011957,0.05
2022-05-05,288.4,0.011611,0.05
2022-05-06,288.66,0.01315,0.05
2022-05-07,289.67,0.006231,0.05
2022-05-08,289.66,0.006437,0.05
2022-05-09,290.67,0.005183,0.05
2022-05-10,290.76,0.009649,0.05
2022-05-11,290.67,0.009547,0.05
2022-05-12,290.09,0.006157,0.05
2022-05-13,291.38,0.009708,0.05
2022-05-14,291.24,0.007214,0.05
2022-05-15,291.93,0.012814,0.05
2022-05-16,292.35,0.015084,0.05
2022-05-17,292.48,0.000206,0.05
2022-05-18,292.1,0.000501,0.05
2022-05-19,291.53,0.002198,0.05
2022-05-20,290.28,0.011579,0.05
2022-05-21,290.06,0.015369,0.05
2022-05-22,290.0,0.009775,0.05
2022-05-23,290.01,0.005708,0.05
2022-05-24,290.95,0.00678,0.05
2022-05-25,290.06,0.009783,0.05
2022-05-26,289.69,0.019772,0.05
2022-05-27,289.6,0.010054,0.05
2022-05-28,290.02,0.018783,0.05
2022-05-29,290.68,0.012962,0.05
2022-05-30,290.32,0.013789,0.05
2022-05-31,291.42,0.010374,0.05
2022-06-01,291.39,0.014304,0.05
2022-06-02,291.49,0.004812,0.05
2022-06-03,291.97,0.009505,0.05
2022-06-04,292.21,0.002614,0.05
2022-06-05,291.76,0.011501,0.05
2022-06-06,292.01,0.009073,0.05
2022-06-07,291.94,0.013841,0.05
2022-06-08,291.64,0.016267,0.05
2022-06-09,291.9,0.017063,0.05
2022-06-10,292.14,0.006037,0.05
2022-06-11,292.26,0.012208,0.05
2022-06-12,291.96,0.002312,0.05
2022-06-13,292.4,0.01333,0.05
2022-06-14,292.08,0.021097,0.05
2022-06-15,291.11,0.048066,0.05
2022-06-16,291.4,0.064053,0.05
2022-06-17,291.54,0.025862,0.05
2022-06-18,291.04,0.023797,0.05
2022-06-19,291.76,0.010232,0.05
2022-06-20,291.28,0.011463,0.05
2022-06-21,291.76,0.004616,0.05
2022-06-22,292.12,0.003101,0.05
2022-06-23,292.39,0.015884,0.05
2022-06-24,292.32,0.023376,0.05
2022-06-25,291.74,0.05204,0.05
2022-06-26,292.06,0.036954,0.05
2022-06-27,291.76,0.024786,0.05
2022-06-28,291.76,0.055335,0.05
2022-06-29,290.97,0.068768,0.05
2022-06-30,291.44,0.027813,0.05
2022-07-01,292.62,0.019866,0.05
2022-07-02,292.22,0.028954,0.05
2022-07-03,292.49,0.023104,0.05
2022-07-04,292.81,0.021614,0.05
2022-07-05,293.97,0.0195,0.05
2022-07-06,293.42,0.009696,0.05
2022-07-07,293.33,0.02075,0.05
2022-07-08,292.29,0.035061,0.05
2022-07-09,291.94,0.015107,0.05
2022-07-10,293.05,0.011708,0.05
2022-07-11,292.91,0.012248,0.05
2022-07-12,293.33,0.016329,0.05
2022-07-13,293.61,0.012814,0.05
2022-07-14,293.78,0.009009,0.05
2022-07-15,293.57,0.008621,0.05
2022-07-16,293.75,0.01125,0.05
2022-07-17,293.45,0.013825,0.05
2022-07-18,292.59,0.050916,0.05
2022-07-19,291.95,0.058664,0.05
2022-07-20,292.39,0.023479,0.05
2022-07-21,292.13,0.029148,0.05
2022-07-22,291.96,0.0572,0.05
2022-07-23,291.97,0.031592,0.05
2022-07-24,291.7,0.03484,0.05
2022-07-25,291.48,0.040434,0.05
2022-07-26,290.81,0.051329,0.05
2022-07-27,291.57,0.03306,0.05
2022-07-28,291.76,0.033007,0.05
2022-07-29,292.09,0.016763,0.05
2022-07-30,292.16,0.03738,0.05
2022-07-31,291.63,0.0372,0.05
2022-08-01,291.98,0.019299,0.05
2022-08-02,291.5,0.026146,0.05
2022-08-03,292.45,0.020816,0.05
2022-08-04,291.73,0.045572,0.05
2022-08-05,292.87,0.025333,0.05
2022-08-06,292.64,0.013738,0.05
2022-08-07,293.23,0.01044,0.05
2022-08-08,293.56,0.014521,0.05
2022-08-09,293.37,0.026932,0.05
2022-08-10,292.72,0.033655,0.05
2022-08-11,292.78,0.014096,0.05
2022-08-12,293.53,0.007423,0.05
2022-08-13,292.91,0.025781,0.05
2022-08-14,292.49,0.011486,0.05
2022-08-15,292.44,0.009785,0.05
2022-08-16,291.66,0.012367,0.05
2022-08-17,291.99,0.014863,0.05
2022-08-18,293.65,0.006587,0.05
2022-08-19,292.32,0.03076,0.05
2022-08-20,292.52,0.009543,0.05
2022-08-21,292.51,0.008604,0.05
2022-08-22,293.03,0.006076,0.05
2022-08-23,293.06,0.014276,0.05
2022-08-24,292.67,0.010716,0.05
2022-08-25,292.78,0.015083,0.05
2022-08-26,292.64,0.040329,0.05
2022-08-27,292.12,0.034679,0.05
2022-08-28,291.89,0.024792,0.05
2022-08-29,291.68,0.036181,0.05
2022-08-30,291.99,0.015467,0.05
2022-08-31,291.83,0.025701,0.05
2022-09-01,291.28,0.044586,0.05
2022-09-02,291.57,0.015286,0.05
2022-09-03,291.95,0.017439,0.05
2022-09-04,291.65,0.006554,0.05
2022-09-05,291.91,0.010294,0.05
2022-09-06,292.24,0.00636,0.05
2022-09-07,291.77,0.016713,0.05
2022-09-08,291.82,0.026358,0.05
2022-09-09,291.64,0.023721,0.05
2022-09-10,291.8,0.021613,0.05
2022-09-11,292.04,0.013175,0.05
2022-09-12,291.58,0.022623,0.05
2022-09-13,291.26,0.017382,0.05
2022-09-14,291.34,0.025458,0.05
2022-09-15,291.23,0.012742,0.05
2022-09-16,291.5,0.008837,0.05
2022-09-17,291.35,0.033663,0.05
2022-09-18,292.03,0.008474,0.05
2022-09-19,292.63,0.010394,0.05
2022-09-20,292.74,0.010383,0.05
2022-09-21,292.5,0.005131,0.05
2022-09-22,291.77,0.015292,0.05
2022-09-23,291.54,0.006827,0.05
2022-09-24,291.28,0.004144,0.05
2022-09-25,291.59,0.010147,0.05
2022-09-26,290.85,0.009446,0.05
2022-09-27,291.05,0.002968,0.05
2022-09-28,290.72,0.003932,0.05
2022-09-29,291.37,0.001883,0.05
2022-09-30,291.69,0.003141,0.05
2022-10-01,292.19,0.003347,0.05
2022-10-02,292.4,0.001797,0.05
2022-10-03,292.26,0.003131,0.05
2022-10-04,290.5,0.035878,0.05
2022-10-05,290.24,0.023729,0.05
2022-10-06,289.98,0.016973,0.05
2022-10-07,290.73,0.009734,0.05
2022-10-08,290.56,0.010535,0.05
2022-10-09,291.02,0.007938,0.05
2022-10-10,290.48,0.00493,0.05
2022-10-11,290.11,0.01357,0.05
2022-10-12,289.01,0.00668,0.05
2022-10-13,289.12,0.000671,0.05
2022-10-14,288.4,0.000239,0.05
2022-10-15,287.5,0.000504,0.05
2022-10-16,287.5,0.000142,0.05
2022-10-17,287.63,0.000191,0.05
2022-10-18,287.23,0.000239,0.05
2022-10-19,286.16,0.000599,0.05
2022-10-20,285.41,0.000376,0.05
2022-10-21,287.0,0.000642,0.05
2022-10-22,287.72,0.001415,0.05
2022-10-23,286.52,0.000721,0.05
2022-10-24,287.69,0.001981,0.05
2022-10-25,287.88,0.000349,0.05
2022-10-26,287.4,0.000542,0.05
2022-10-27,286.85,0.00361,0.05
2022-10-28,286.25,0.001014,0.05
2022-10-29,286.37,0.004077,0.05
2022-10-30,286.18,0.001306,0.05
2022-10-31,287.41,3.5e-05,0.05
2022-11-01,286.87,0.000284,0.05
2022-11-02,285.94,0.001003,0.05
2022-11-03,285.71,0.004949,0.05
2022-11-04,286.26,0.001861,0.05
2022-11-05,286.01,0.000749,0.05
2022-11-06,285.04,0.000567,0.05
2022-11-07,286.39,0.000411,0.05
2022-11-08,286.99,0.000486,0.05
2022-11-09,286.4,0.001728,0.05
2022-11-10,285.83,0.000454,0.05
2022-11-11,285.58,0.000378,0.05
2022-11-12,285.17,8.4e-05,0.05
2022-11-13,284.9,1.2e-05,0.05
2022-11-14,285.21,2.2e-05,0.05
2022-11-15,285.62,0.000241,0.05
2022-11-16,284.82,0.000196,0.05
2022-11-17,283.76,0.001037,0.05
2022-11-18,283.56,0.001228,0.05
2022-11-19,286.42,1.4e-05,0.05
2022-11-20,286.06,4.7e-05,0.05
2022-11-21,285.93,1e-06,0.05
2022-11-22,285.01,5.2e-05,0.05
2022-11-23,285.82,8e-06,0.05
2022-11-24,284.87,4.9e-05,0.05
2022-11-25,286.86,2e-06,0.05
2022-11-26,286.19,0.000202,0.05
2022-11-27,284.72,5.4e-05,0.05
2022-11-28,284.91,1e-06,0.05
2022-11-29,285.8,1e-06,0.05
2022-11-30,285.74,1e-06,0.05
2022-12-01,283.82,0.000308,0.05
2022-12-02,285.22,2e-06,0.05
2022-12-03,285.04,1e-06,0.05
2022-12-04,285.0,1e-06,0.05
2022-12-05,284.94,2.4e-05,0.05
2022-12-06,284.22,5e-05,0.05
2022-12-07,284.24,0.000263,0.05
2022-12-08,283.75,2.1e-05,0.05
2022-12-09,285.08,6e-06,0.05
2022-12-10,284.9,2e-06,0.05
2022-12-11,285.41,3e-06,0.05
2022-12-12,285.3,6e-06,0.05
2022-12-13,284.99,2.5e-05,0.05
2022-12-14,284.84,0.00018,0.05
2022-12-15,283.5,0.000562,0.05
2022-12-16,283.0,0.0006,0.05
2022-12-17,282.85,0.001608,0.05
2022-12-18,282.72,0.001916,0.05
2022-12-19,282.31,0.00185,0.05
2022-12-20,282.48,0.000127,0.05
2022-12-21,283.8,0.00015,0.05
2022-12-22,283.18,0.000102,0.05
2022-12-23,283.32,0.000373,0.05
2022-12-24,282.71,0.000488,0.05
2022-12-25,281.9,2e-06,0.05
2022-12-26,281.94,0.000427,0.05
2022-12-27,281.16,0.000286,0.05
2022-12-28,279.27,0.001565,0.05
2022-12-29,278.59,0.001708,0.05
2022-12-30,279.28,0.004001,0.05
2022-12-31,279.68,0.005977,0.05
2023-01-01,279.57,0.001238,0.05
2023-01-02,279.34,8.6e-05,0.05
2023-01-03,279.86,5e-06,0.05
2023-01-04,279.05,0.000249,0.05
2023-01-05,278.78,0.000271,0.05
2023-01-06,278.54,0.003349,0.05
2023-01-07,280.09,2e-06,0.05
2023-01-08,279.93,0.0,0.05
2023-01-09,280.03,1e-06,0.05
2023-01-10,279.66,0.0,0.05
2023-01-11,280.16,1e-06,0.05
2023-01-12,280.93,0.000252,0.05
2023-01-13,280.04,0.000798,0.05
2023-01-14,280.51,0.000481,0.05
2023-01-15,281.03,0.000209,0.05
2023-01-16,280.01,0.000306,0.05
2023-01-17,280.24,0.000393,0.05
2023-01-18,280.48,0.000163,0.05
2023-01-19,280.07,0.000276,0.05
2023-01-20,280.85,0.000891,0.05
2023-01-21,281.67,1.4e-05,0.05
2023-01-22,281.55,0.0,0.05
2023-01-23,283.12,1e-06,0.05
2023-01-24,283.9,0.0,0.05
2023-01-25,284.49,0.000106,0.05
2023-01-26,284.88,0.000133,0.05
2023-01-27,285.26,1e-06,0.05
2023-01-28,284.69,1e-06,0.05
2023-01-29,283.95,3e-06,0.05
2023-01-30,286.01,1e-06,0.05
2023-01-31,286.31,0.000353,0.05
2023-02-01,283.85,0.000849,0.05
2023-02-02,283.1,0.000287,0.05
2023-02-03,282.63,0.001059,0.05
2023-02-04,281.46,0.002317,0.05
2023-02-05,281.94,0.002184,0.05
2023-02-06,282.45,0.003398,0.05
2023-02-07,280.5,0.004889,0.05
2023-02-08,281.09,0.00252,0.05
2023-02-09,280.85,0.002099,0.05
2023-02-10,282.45,0.001009,0.05
2023-02-11,282.28,0.000769,0.05
2023-02-12,281.95,0.000425,0.05
2023-02-13,282.07,1e-06,0.05
2023-02-14,282.18,0.000122,0.05
2023-02-15,282.33,0.006114,0.05
2023-02-16,283.73,0.002752,0.05
2023-02-17,284.7,3.2e-05,0.05
2023-02-18,284.73,2e-06,0.05
2023-02-19,283.81,0.000695,0.05
2023-02-20,284.31,0.002121,0.05
2023-02-21,283.95,0.00325,0.05
2023-02-22,284.41,0.000382,0.05
2023-02-23,284.39,0.000226,0.05
2023-02-24,284.14,0.001774,0.05
2023-02-25,283.97,0.003811,0.05
2023-02-26,281.64,0.004091,0.05
2023-02-27,281.21,0.002112,0.05
2023-02-28,282.23,0.001395,0.05
2023-03-01,283.76,0.000869,0.05
2023-03-02,282.65,0.003393,0.05
2023-03-03,283.84,0.00138,0.05
2023-03-04,283.54,0.000637,0.05
2023-03-05,284.89,0.000723,0.05
2023-03-06,285.12,0.00048,0.05
2023-03-07,285.93,0.000123,0.05
2023-03-08,282.45,0.00591,0.05
2023-03-09,283.13,0.00131,0.05
2023-03-10,284.35,0.001133,0.05
2023-03-11,283.51,0.006292,0.05
2023-03-12,285.01,0.001564,0.05
2023-03-13,285.49,0.00149,0.05
2023-03-14,284.42,0.002867,0.05
2023-03-15,284.25,0.000998,0.05
2023-03-16,285.57,0.001856,0.05
2023-03-17,284.63,0.003071,0.05
2023-03-18,284.89,0.008451,0.05
2023-03-19,284.13,0.006504,0.05
2023-03-20,283.24,0.012422,0.05
2023-03-21,282.58,0.009463,0.05
2023-03-22,282.41,0.002832,0.05
2023-03-23,283.2,0.003876,0.05
2023-03-24,283.51,0.004731,0.05
2023-03-25,284.92,0.002275,0.05
2023-03-26,285.78,0.000199,0.05
2023-03-27,285.38,0.000613,0.05
2023-03-28,285.33,0.001699,0.05
2023-03-29,286.28,0.001805,0.05
2023-03-30,287.33,0.002391,0.05
2023-03-31,285.27,0.008844,0.05
2023-04-01,284.25,0.011072,0.05
2023-04-02,282.66,0.009458,0.05
2023-04-03,284.28,0.006469,0.05
2023-04-04,286.44,0.00099,0.05
2023-04-05,286.07,0.001105,0.05
2023-04-06,286.56,0.001423,0.05
2023-04-07,287.43,0.001596,0.05
2023-04-08,288.44,0.000292,0.05
2023-04-09,288.18,0.000411,0.05
2023-04-10,288.37,0.000634,0.05
2023-04-11,289.23,0.000486,0.05
2023-04-12,290.02,0.000401,0.05
2023-04-13,289.77,0.000794,0.05
2023-04-14,291.02,0.001072,0.05
2023-04-15,290.3,0.000602,0.05
2023-04-16,290.25,0.000548,0.05
2023-04-17,291.13,0.000133,0.05
2023-04-18,290.37,0.000391,0.05
2023-04-19,290.49,0.000584,0.05
2023-04-20,290.62,0.000924,0.05
2023-04-21,289.24,0.000279,0.05
2023-04-22,287.86,0.002164,0.05
2023-04-23,288.15,0.001184,0.05
2023-04-24,286.82,0.003031,0.05
2023-04-25,286.11,0.003398,0.05
2023-04-26,287.59,0.001454,0.05
2023-04-27,287.67,0.001338,0.05
2023-04-28,288.82,0.001674,0.05
2023-04-29,288.71,0.003626,0.05
2023-04-30,287.02,0.0148,0.05
2023-05-01,286.89,0.013532,0.05
2023-05-02,286.9,0.007751,0.05
2023-05-03,288.25,0.013447,0.05
2023-05-04,285.97,0.007148,0.05
2023-05-05,287.69,0.002069,0.05
2023-05-06,290.44,0.001665,0.05
2023-05-07,289.55,0.001916,0.05
2023-05-08,289.76,0.001233,0.05
2023-05-09,291.29,0.000207,0.05
2023-05-10,291.43,7.8e-05,0.05
2023-05-11,290.64,7.6e-05,0.05
2023-05-12,290.75,0.0007,0.05
2023-05-13,290.83,0.000842,0.05
2023-05-14,291.18,0.002452,0.05
2023-05-15,288.72,0.006378,0.05
2023-05-16,288.87,0.012047,0.05
2023-05-17,289.24,0.00634,0.05
2023-05-18,289.78,0.009282,0.05
2023-05-19,289.78,0.004476,0.05
2023-05-20,290.29,0.001469,0.05
2023-05-21,290.16,0.001253,0.05
2023-05-22,290.03,0.00456,0.05
2023-05-23,289.26,0.005573,0.05
2023-05-24,290.64,0.011438,0.05
2023-05-25,290.04,0.013592,0.05
2023-05-26,289.77,0.00663,0.05
2023-05-27,288.96,0.011117,0.05
2023-05-28,288.48,0.002922,0.05
2023-05-29,289.89,0.002978,0.05
2023-05-30,292.54,0.000754,0.05
2023-05-31,292.56,0.001717,0.05
2023-06-01,292.67,0.001015,0.05
2023-06-02,291.75,0.001388,0.05
2023-06-03,291.76,0.000428,0.05
2023-06-04,292.8,0.001516,0.05
2023-06-05,292.88,0.00453,0.05
2023-06-06,292.76,0.004695,0.05
2023-06-07,293.42,0.002834,0.05
2023-06-08,293.64,0.003427,0.05
2023-06-09,294.08,0.001647,0.05
2023-06-10,293.3,0.01053,0.05
2023-06-11,292.99,0.006739,0.05
2023-06-12,292.43,0.013096,0.05
2023-06-13,292.2,0.026465,0.05
2023-06-14,291.35,0.056266,0.05
2023-06-15,293.2,0.004258,0.05
2023-06-16,293.73,0.003364,0.05
2023-06-17,293.62,0.01659,0.05
2023-06-18,293.61,0.008583,0.05
2023-06-19,293.01,0.012284,0.05
2023-06-20,292.99,0.018482,0.05
2023-06-21,293.43,0.019959,0.05
2023-06-22,293.17,0.015551,0.05
2023-06-23,293.49,0.066145,0.05
2023-06-24,292.96,0.067273,0.05
2023-06-25,293.34,0.018533,0.05
2023-06-26,293.06,0.01559,0.05
2023-06-27,292.94,0.021416,0.05
2023-06-28,292.21,0.030434,0.05
2023-06-29,291.91,0.031204,0.05
2023-06-30,291.95,0.012196,0.05
2023-07-01,292.23,0.032115,0.05
2023-07-02,292.63,0.010351,0.05
2023-07-03,292.34,0.04478,0.05
2023-07-04,292.22,0.026611,0.05
2023-07-05,292.44,0.010704,0.05
2023-07-06,293.37,0.015285,0.05
2023-07-07,292.96,0.016928,0.05
2023-07-08,292.73,0.016214,0.05
2023-07-09,292.91,0.022767,0.05
2023-07-10,293.02,0.0073,0.05
2023-07-11,293.37,0.027928,0.05
2023-07-12,292.72,0.044427,0.05
2023-07-13,292.94,0.021541,0.05
2023-07-14,292.55,0.037644,0.05
2023-07-15,292.71,0.022637,0.05
2023-07-16,292.83,0.040992,0.05
2023-07-17,292.19,0.059081,0.05
2023-07-18,292.89,0.028322,0.05
2023-07-19,293.69,0.01564,0.05
2023-07-20,294.38,0.009751,0.05
2023-07-21,293.52,0.025924,0.05
2023-07-22,293.79,0.0145,0.05
2023-07-23,293.23,0.028944,0.05
2023-07-24,292.67,0.027377,0.05
2023-07-25,291.88,0.027136,0.05
2023-07-26,292.53,0.019758,0.05
2023-07-27,292.85,0.019258,0.05
2023-07-28,292.65,0.039971,0.05
2023-07-29,292.43,0.033489,0.05
2023-07-30,293.24,0.015293,0.05
2023-07-31,293.91,0.019603,0.05
2023-08-01,294.66,0.015463,0.05
2023-08-02,293.69,0.010145,0.05
2023-08-03,293.82,0.017753,0.05
2023-08-04,292.17,0.028129,0.05
2023-08-05,292.54,0.024586,0.05
2023-08-06,292.66,0.019683,0.05
2023-08-07,292.76,0.044784,0.05
2023-08-08,292.82,0.029613,0.05
2023-08-09,293.15,0.016778,0.05
2023-08-10,293.05,0.011707,0.05
2023-08-11,293.17,0.030577,0.05
2023-08-12,292.63,0.040112,0.05
2023-08-13,291.52,0.039369,0.05
2023-08-14,292.61,0.003879,0.05
2023-08-15,292.99,0.007881,0.05
2023-08-16,293.04,0.013938,0.05
2023-08-17,293.93,0.008903,0.05
2023-08-18,293.57,0.013614,0.05
2023-08-19,293.13,0.02503,0.05
2023-08-20,292.45,0.037165,0.05
2023-08-21,291.68,0.032533,0.05
2023-08-22,291.45,0.020735,0.05
2023-08-23,291.45,0.057198,0.05
2023-08-24,292.07,0.09382,0.05
2023-08-25,292.36,0.050992,0.05
2023-08-26,291.82,0.016429,0.05
2023-08-27,292.51,0.008246,0.05
2023-08-28,292.11,0.026445,0.05
2023-08-29,291.88,0.006828,0.05
2023-08-30,292.49,0.012105,0.05
2023-08-31,292.41,0.011298,0.05
2023-09-01,292.74,0.005647,0.05
2023-09-02,293.52,0.005856,0.05
2023-09-03,293.4,0.005521,0.05
2023-09-04,293.69,0.00227,0.05
2023-09-05,293.67,0.002048,0.05
2023-09-06,294.06,0.001408,0.05
2023-09-07,293.42,0.008581,0.05
2023-09-08,292.73,0.013397,0.05
2023-09-09,291.93,0.020773,0.05
2023-09-10,292.61,0.012515,0.05
2023-09-11,292.56,0.020879,0.05
2023-09-12,291.93,0.021562,0.05
2023-09-13,293.42,0.017007,0.05
2023-09-14,293.34,0.003731,0.05
2023-09-15,292.93,0.005947,0.05
2023-09-16,292.96,0.003698,0.05
2023-09-17,292.96,0.002906,0.05
2023-09-18,293.11,0.005608,0.05
2023-09-19,292.4,0.008624,0.05
2023-09-20,292.06,0.011382,0.05
2023-09-21,292.09,0.016519,0.05
2023-09-22,291.47,0.029112,0.05
2023-09-23,291.34,0.02323,0.05
2023-09-24,291.26,0.007809,0.05
2023-09-25,290.93,0.006517,0.05
2023-09-26,291.64,0.004588,0.05
2023-09-27,291.84,0.001725,0.05
2023-09-28,292.19,0.001391,0.05
2023-09-29,293.31,0.000978,0.05
2023-09-30,292.89,0.002037,0.05
2023-10-01,292.41,0.010482,0.05
2023-10-02,291.51,0.020211,0.05
2023-10-03,291.64,0.022043,0.05
2023-10-04,290.94,0.031309,0.05
2023-10-05,290.68,0.002103,0.05
2023-10-06,289.68,0.00524,0.05
2023-10-07,290.97,0.003918,0.05
2023-10-08,289.96,0.005064,0.05
2023-10-09,289.32,0.002439,0.05
2023-10-10,289.78,0.002625,0.05
2023-10-11,289.85,0.00112,0.05
2023-10-12,288.3,0.004868,0.05
2023-10-13,288.12,0.00186,0.05
2023-10-14,287.49,0.000898,0.05
2023-10-15,288.04,0.000965,0.05
2023-10-16,288.11,0.002578,0.05
2023-10-17,288.31,0.001576,0.05
2023-10-18,286.35,0.002495,0.05
2023-10-19,286.19,0.000363,0.05
2023-10-20,285.71,0.000634,0.05
2023-10-21,286.64,0.00041,0.05
2023-10-22,286.59,0.000589,0.05
2023-10-23,287.05,0.000409,0.05
2023-10-24,287.57,0.000404,0.05
2023-10-25,287.42,0.000544,0.05
2023-10-26,286.1,0.000684,0.05
2023-10-27,285.86,0.003057,0.05
2023-10-28,285.36,0.001281,0.05
2023-10-29,286.87,0.000496,0.05
2023-10-30,286.61,0.001217,0.05
2023-10-31,286.68,0.000601,0.05
2023-11-01,285.96,1.3e-05,0.05
2023-11-02,286.48,4.7e-05,0.05
2023-11-03,285.88,0.001839,0.05
2023-11-04,285.45,0.00074,0.05
2023-11-05,284.6,0.001266,0.05
2023-11-06,284.26,0.000989,0.05
2023-11-07,283.74,0.004375,0.05
2023-11-08,283.97,0.000855,0.05
2023-11-09,285.25,0.000199,0.05
2023-11-10,285.62,0.000583,0.05
2023-11-11,284.79,0.000768,0.05
2023-11-12,283.33,6e-06,0.05
2023-11-13,285.41,0.000193,0.05
2023-11-14,286.76,6.8e-05,0.05
2023-11-15,285.99,0.000303,0.05
2023-11-16,285.59,0.000541,0.05
2023-11-17,285.44,0.001664,0.05
2023-11-18,284.74,0.001149,0.05
2023-11-19,285.85,0.000254,0.05
2023-11-20,285.6,0.000255,0.05
2023-11-21,284.89,2.7e-05,0.05
2023-11-22,283.37,0.003925,0.05
2023-11-23,284.44,0.000675,0.05
2023-11-24,285.16,0.000321,0.05
2023-11-25,282.89,0.002331,0.05
2023-11-26,285.45,2e-06,0.05
2023-11-27,286.68,0.000725,0.05
2023-11-28,286.1,0.001575,0.05
2023-11-29,284.13,0.000117,0.05
2023-11-30,284.68,0.000112,0.05
2023-12-01,285.43,0.000223,0.05
2023-12-02,285.13,6e-06,0.05
2023-12-03,284.89,0.0,0.05
2023-12-04,285.25,0.002629,0.05
2023-12-05,285.57,0.000228,0.05
2023-12-06,285.22,0.000132,0.05
2023-12-07,283.58,0.006444,0.05
2023-12-08,283.14,0.000642,0.05
2023-12-09,283.56,0.000108,0.05
2023-12-10,283.39,0.000631,0.05
2023-12-11,282.7,0.001913,0.05
2023-12-12,282.43,0.005766,0.05
2023-12-13,280.51,0.001447,0.05
2023-12-14,280.93,4.2e-05,0.05
2023-12-15,282.27,2e-06,0.05
2023-12-16,282.9,6.5e-05,0.05
2023-12-17,281.6,5e-06,0.05
2023-12-18,282.33,2e-06,0.05
2023-12-19,281.47,9.4e-05,0.05
2023-12-20,283.8,1.3e-05,0.05
2023-12-21,284.13,1.1e-05,0.05
2023-12-22,284.3,5.9e-05,0.05
2023-12-23,284.02,0.000167,0.05
2023-12-24,282.75,0.002106,0.05
2023-12-25,281.95,5e-05,0.05
2023-12-26,282.74,5.1e-05,0.05
2023-12-27,281.35,0.000461,0.05
2023-12-28,279.79,0.001852,0.05
2023-12-29,280.16,0.001844,0.05
2023-12-30,281.19,0.00366,0.05
2023-12-31,280.58,0.000187,0.05
2024-01-01,280.45,0.000448,0.05
2024-01-02,279.86,0.001457,0.05
2024-01-03,280.0,0.000194,0.05
2024-01-04,280.61,0.000397,0.05
2024-01-05,280.97,0.000468,0.05
2024-01-06,281.13,0.000352,0.05
2024-01-07,281.01,0.000176,0.05
2024-01-08,281.64,0.000412,0.05
2024-01-09,281.52,0.000366,0.05
2024-01-10,282.04,0.00038,0.05
2024-01-11,281.91,8.7e-05,0.05
2024-01-12,281.64,0.000188,0.05
2024-01-13,284.11,0.000199,0.05
2024-01-14,282.55,0.000712,0.05
2024-01-15,279.27,0.013227,0.05
2024-01-16,278.14,0.007012,0.05
2024-01-17,278.96,0.001986,0.05
2024-01-18,278.63,0.000799,0.05
2024-01-19,278.13,0.000293,0.05
2024-01-20,279.33,0.000184,0.05
2024-01-21,278.5,0.000709,0.05
2024-01-22,279.03,0.000294,0.05
2024-01-23,278.66,0.000515,0.05
2024-01-24,277.2,0.00058,0.05
2024-01-25,276.77,0.000532,0.05
2024-01-26,276.47,0.004719,0.05
2024-01-27,277.28,0.003523,0.05
2024-01-28,278.39,0.002364,0.05
2024-01-29,278.41,0.003838,0.05
2024-01-30,278.41,0.004803,0.05
2024-01-31,279.68,0.002819,0.05
2024-02-01,279.53,0.004474,0.05
2024-02-02,278.36,0.001382,0.05
2024-02-03,279.08,0.000661,0.05
2024-02-04,280.22,0.003727,0.05
2024-02-05,279.94,0.004231,0.05
2024-02-06,279.57,0.001076,0.05
2024-02-07,279.84,0.001251,0.05
2024-02-08,278.98,0.000163,0.05
2024-02-09,280.05,0.000479,0.05
2024-02-10,280.89,0.000121,0.05
2024-02-11,280.01,0.000198,0.05
2024-02-12,281.06,6.8e-05,0.05
2024-02-13,280.91,4e-06,0.05
2024-02-14,280.78,0.000219,0.05
2024-02-15,280.65,0.000997,0.05
2024-02-16,281.33,0.000615,0.05
2024-02-17,281.85,0.003076,0.05
2024-02-18,281.97,0.002045,0.05
2024-02-19,281.83,0.00192,0.05
2024-02-20,282.44,0.001502,0.05
2024-02-21,282.13,0.001679,0.05
2024-02-22,280.98,0.002901,0.05
2024-02-23,280.47,8.2e-05,0.05
2024-02-24,281.03,0.000328,0.05
2024-02-25,281.5,1e-06,0.05
2024-02-26,281.7,2e-06,0.05
2024-02-27,282.06,0.001105,0.05
2024-02-28,282.6,0.000457,0.05
2024-02-29,281.98,6.9e-05,0.05
2024-03-01,283.85,0.000196,0.05
2024-03-02,285.14,0.001946,0.05
2024-03-03,283.39,0.006042,0.05
2024-03-04,282.52,0.000665,0.05
2024-03-05,282.43,1.8e-05,0.05
2024-03-06,282.71,0.000374,0.05
2024-03-07,282.92,0.000135,0.05
2024-03-08,282.44,0.000486,0.05
2024-03-09,282.7,0.000478,0.05
2024-03-10,284.39,9.5e-05,0.05
2024-03-11,285.64,0.001091,0.05
2024-03-12,285.33,0.000331,0.05
2024-03-13,284.54,0.00184,0.05
2024-03-14,284.54,0.000309,0.05
2024-03-15,285.35,0.001398,0.05
2024-03-16,284.88,5.2e-05,0.05
2024-03-17,285.16,0.000177,0.05
2024-03-18,285.96,4.6e-05,0.05
2024-03-19,285.61,0.000768,0.05
2024-03-20,282.61,0.013342,0.05
2024-03-21,282.66,0.021711,0.05
2024-03-22,283.74,0.008698,0.05
2024-03-23,281.83,0.013061,0.05
2024-03-24,285.67,0.00546,0.05
2024-03-25,284.65,0.008201,0.05
2024-03-26,286.07,0.007267,0.05
2024-03-27,285.84,0.017135,0.05
2024-03-28,286.61,0.023923,0.05
2024-03-29,286.23,0.002599,0.05
2024-03-30,286.84,0.0036,0.05
2024-03-31,288.17,0.000231,0.05
2024-04-01,288.73,0.000809,0.05
2024-04-02,289.45,0.000691,0.05
2024-04-03,289.54,0.000853,0.05
2024-04-04,290.74,0.000231,0.05
2024-04-05,290.57,0.000109,0.05
2024-04-06,289.99,0.000242,0.05
2024-04-07,289.17,0.001425,0.05
2024-04-08,289.15,0.00079,0.05
2024-04-09,288.04,0.000359,0.05
2024-04-10,286.97,0.000661,0.05
2024-04-11,288.21,0.000211,0.05
2024-04-12,287.73,0.001474,0.05
2024-04-13,287.19,0.00223,0.05
2024-04-14,288.18,0.001837,0.05
2024-04-15,290.28,0.000679,0.05
2024-04-16,290.39,0.005248,0.05
2024-04-17,289.56,0.001438,0.05
2024-04-18,290.0,0.003494,0.05
2024-04-19,290.01,0.001613,0.05
2024-04-20,290.48,0.000309,0.05
2024-04-21,291.39,6.7e-05,0.05
2024-04-22,291.7,8.8e-05,0.05
2024-04-23,290.37,0.000157,0.05
2024-04-24,289.14,0.001108,0.05
2024-04-25,291.13,0.000232,0.05
2024-04-26,291.2,5e-05,0.05
2024-04-27,291.57,5.6e-05,0.05
2024-04-28,291.06,0.000148,0.05
2024-04-29,291.77,0.000434,0.05
2024-04-30,292.06,4.7e-05,0.05
2024-05-01,290.45,0.000723,0.05
2024-05-02,289.98,0.000213,0.05
2024-05-03,291.48,0.0,0.05
2024-05-04,291.42,3e-05,0.05
2024-05-05,290.29,0.004,0.05
2024-05-06,290.59,0.005073,0.05
2024-05-07,288.07,0.015893,0.05
2024-05-08,287.53,0.012081,0.05
2024-05-09,288.31,0.011322,0.05
2024-05-10,289.12,0.005014,0.05
2024-05-11,289.4,0.008558,0.05
2024-05-12,288.93,0.007619,0.05
2024-05-13,289.24,0.005289,0.05
2024-05-14,290.61,0.001756,0.05
2024-05-15,291.34,0.004091,0.05
2024-05-16,292.3,0.001477,0.05
2024-05-17,293.21,0.001281,0.05
2024-05-18,293.54,0.001105,0.05
2024-05-19,292.57,0.004687,0.05
2024-05-20,291.28,0.008413,0.05
2024-05-21,292.37,0.004281,0.05
2024-05-22,291.91,0.007311,0.05
2024-05-23,292.59,0.007202,0.05
2024-05-24,293.58,0.003502,0.05
2024-05-25,294.19,0.002828,0.05
2024-05-26,293.68,0.00842,0.05
2024-05-27,293.25,0.005334,0.05
2024-05-28,292.76,0.015755,0.05
2024-05-29,294.47,0.000877,0.05
2024-05-30,294.87,0.002014,0.05
2024-05-31,293.81,0.001927,0.05
2024-06-01,292.95,0.001717,0.05
2024-06-02,292.99,0.003768,0.05
2024-06-03,291.78,0.008761,0.05
2024-06-04,292.41,0.006487,0.05
2024-06-05,291.36,0.001902,0.05
2024-06-06,292.45,0.002092,0.05
2024-06-07,292.24,0.005299,0.05
2024-06-08,292.66,0.003412,0.05
2024-06-09,293.29,0.003278,0.05
2024-06-10,293.87,0.002054,0.05
2024-06-11,293.87,0.005233,0.05
2024-06-12,293.9,0.005515,0.05
2024-06-13,293.91,0.010994,0.05
2024-06-14,293.58,0.015968,0.05
2024-06-15,293.85,0.006141,0.05
2024-06-16,293.07,0.015915,0.05
2024-06-17,293.17,0.044862,0.05
2024-06-18,292.09,0.053222,0.05
2024-06-19,293.03,0.057638,0.05
2024-06-20,292.58,0.028103,0.05
2024-06-21,292.77,0.014355,0.05
2024-06-22,292.95,0.008398,0.05
2024-06-23,293.57,0.016838,0.05
2024-06-24,293.2,0.013468,0.05
2024-06-25,293.63,0.019915,0.05
2024-06-26,292.81,0.037078,0.05
2024-06-27,293.05,0.014325,0.05
2024-06-28,293.17,0.038716,0.05
2024-06-29,293.17,0.040913,0.05
2024-06-30,293.09,0.065072,0.05
2024-07-01,293.32,0.018875,0.05
2024-07-02,293.38,0.028402,0.05
2024-07-03,293.14,0.023847,0.05
2024-07-04,293.42,0.025939,0.05
2024-07-05,292.8,0.029641,0.05
2024-07-06,292.29,0.034874,0.05
2024-07-07,292.91,0.007887,0.05
2024-07-08,292.81,0.014656,0.05
2024-07-09,293.24,0.030758,0.05
2024-07-10,292.56,0.091955,0.05
2024-07-11,292.53,0.081893,0.05
2024-07-12,292.72,0.061478,0.05
2024-07-13,293.06,0.021338,0.05
2024-07-14,293.74,0.011951,0.05
2024-07-15,293.85,0.024425,0.05
2024-07-16,293.08,0.051799,0.05
2024-07-17,293.36,0.033272,0.05
2024-07-18,293.87,0.040645,0.05
2024-07-19,293.89,0.054134,0.05
2024-07-20,294.18,0.032562,0.05
2024-07-21,293.45,0.041611,0.05
2024-07-22,293.97,0.020115,0.05
2024-07-23,293.47,0.018309,0.05
2024-07-24,293.95,0.020832,0.05
2024-07-25,294.06,0.019444,0.05
2024-07-26,294.76,0.017966,0.05
2024-07-27,294.77,0.020495,0.05
2024-07-28,294.4,0.080322,0.05
2024-07-29,293.81,0.021413,0.05
2024-07-30,294.06,0.015366,0.05
2024-07-31,294.96,0.012077,0.05
2024-08-01,293.7,0.014389,0.05
2024-08-02,293.33,0.017886,0.05
2024-08-03,292.76,0.016445,0.05
2024-08-04,293.05,0.009322,0.05
2024-08-05,292.76,0.049498,0.05
2024-08-06,291.98,0.064701,0.05
2024-08-07,292.51,0.043849,0.05
2024-08-08,292.94,0.036249,0.05
2024-08-09,292.48,0.02741,0.05
2024-08-10,292.3,0.055856,0.05
2024-08-11,292.56,0.037144,0.05
2024-08-12,293.27,0.01032,0.05
2024-08-13,292.81,0.028302,0.05
2024-08-14,293.15,0.023012,0.05
2024-08-15,293.29,0.032518,0.05
2024-08-16,293.2,0.026015,0.05
2024-08-17,293.27,0.026226,0.05
2024-08-18,293.37,0.013321,0.05
2024-08-19,292.35,0.039298,0.05
2024-08-20,291.57,0.030059,0.05
2024-08-21,292.22,0.022376,0.05
2024-08-22,292.79,0.014809,0.05
2024-08-23,292.63,0.009373,0.05
2024-08-24,292.97,0.011551,0.05
2024-08-25,293.17,0.009802,0.05
2024-08-26,292.73,0.011952,0.05
2024-08-27,292.86,0.007878,0.05
2024-08-28,292.84,0.007484,0.05
2024-08-29,293.19,0.008802,0.05
2024-08-30,294.41,0.00428,0.05
2024-08-31,293.38,0.010393,0.05
2024-09-01,292.14,0.052799,0.05
2024-09-02,293.08,0.009731,0.05
2024-09-03,292.48,0.012638,0.05
2024-09-04,292.09,0.015637,0.05
2024-09-05,292.13,0.037045,0.05
2024-09-06,292.65,0.022339,0.05
2024-09-07,293.56,0.010782,0.05
2024-09-08,293.66,0.009114,0.05
2024-09-09,293.08,0.008659,0.05
2024-09-10,292.81,0.002847,0.05
2024-09-11,293.07,0.007104,0.05
2024-09-12,293.45,0.006583,0.05
2024-09-13,294.02,0.008127,0.05
2024-09-14,292.46,0.016495,0.05
2024-09-15,291.51,0.024962,0.05
2024-09-16,291.7,0.007031,0.05
2024-09-17,292.24,0.005077,0.05
2024-09-18,293.09,0.002432,0.05
2024-09-19,293.89,0.00813,0.05
2024-09-20,293.64,0.011816,0.05
2024-09-21,294.57,0.007184,0.05
2024-09-22,294.89,4e-05,0.05
2024-09-23,295.17,0.000299,0.05
2024-09-24,293.15,0.026161,0.05
2024-09-25,292.22,0.019845,0.05
2024-09-26,291.31,0.056947,0.05
2024-09-27,290.55,0.118647,0.05
2024-09-28,290.33,0.096698,0.05
2024-09-29,290.72,0.006896,0.05
2024-09-30,290.66,0.006363,0.05
2024-10-01,291.78,0.018231,0.05
2024-10-02,291.21,0.006254,0.05
2024-10-03,289.89,0.030273,0.05
2024-10-04,291.42,0.002114,0.05
2024-10-05,290.47,0.002754,0.05
2024-10-06,290.78,0.002974,0.05
2024-10-07,290.85,0.001023,0.05
2024-10-08,290.14,0.000691,0.05
2024-10-09,289.76,0.001299,0.05
2024-10-10,290.67,0.000443,0.05
2024-10-11,290.46,0.000164,0.05
2024-10-12,288.41,0.001015,0.05
2024-10-13,289.06,0.001006,0.05
2024-10-14,289.45,0.002167,0.05
2024-10-15,287.96,0.004215,0.05
2024-10-16,288.07,0.003427,0.05
2024-10-17,288.37,0.003496,0.05
2024-10-18,288.08,0.000803,0.05
2024-10-19,288.13,0.003305,0.05
2024-10-20,288.34,0.00154,0.05
2024-10-21,287.42,0.003368,0.05
2024-10-22,290.0,0.001514,0.05
2024-10-23,290.59,0.000212,0.05
2024-10-24,289.29,0.000199,0.05
2024-10-25,288.13,0.001207,0.05
2024-10-26,288.53,9.3e-05,0.05
2024-10-27,289.21,0.001039,0.05
2024-10-28,288.1,5e-06,0.05
2024-10-29,288.33,0.000918,0.05
2024-10-30,288.67,0.006292,0.05
