date,temperature_2m_k,total_precip_m_day,snow_depth_m_we
2016-01-01,266.49,6e-06,0.05
2016-01-02,265.12,0.000179,0.05
2016-01-03,265.28,0.001883,0.05
2016-01-04,267.01,6.2e-05,0.05
2016-01-05,265.26,0.001724,0.05
2016-01-06,266.78,0.000483,0.05
2016-01-07,266.4,0.000581,0.05
2016-01-08,262.97,0.000979,0.05
2016-01-09,263.37,0.001025,0.05
2016-01-10,266.62,0.000471,0.05
2016-01-11,267.88,9.8e-05,0.05
2016-01-12,267.78,0.000203,0.05
2016-01-13,264.58,0.000794,0.05
2016-01-14,265.74,0.000181,0.05
2016-01-15,263.48,0.000398,0.05
2016-01-16,265.41,0.000697,0.05
2016-01-17,265.09,0.000435,0.05
2016-01-18,264.76,0.001262,0.05
2016-01-19,264.08,0.010301,0.05
2016-01-20,259.95,0.002146,0.05
2016-01-21,260.98,0.001118,0.05
2016-01-22,261.78,0.001108,0.05
2016-01-23,261.08,0.000521,0.05
2016-01-24,262.0,0.000674,0.05
2016-01-25,259.87,0.000742,0.05
2016-01-26,261.13,0.004219,0.05
2016-01-27,260.11,0.002459,0.05
2016-01-28,263.89,0.000195,0.05
2016-01-29,265.49,0.000222,0.05
2016-01-30,266.77,0.000619,0.05
2016-01-31,268.15,0.001093,0.05
2016-02-01,266.39,0.000142,0.05
2016-02-02,268.17,0.000152,0.05
2016-02-03,268.13,7e-06,0.05
2016-02-04,270.9,1e-06,0.05
2016-02-05,272.38,0.0,0.05
2016-02-06,271.88,1e-06,0.05
2016-02-07,268.09,0.001951,0.05
2016-02-08,262.07,0.012097,0.05
2016-02-09,262.08,0.00038,0.05
2016-02-10,264.36,0.000274,0.05
2016-02-11,262.66,9e-05,0.05
2016-02-12,265.86,4.8e-05,0.05
2016-02-13,264.68,4.9e-05,0.05
2016-02-14,264.35,1.1e-05,0.05
2016-02-15,265.53,3e-06,0.05
2016-02-16,267.49,2e-06,0.05
2016-02-17,268.95,1e-06,0.05
2016-02-18,271.44,0.0,0.05
2016-02-19,273.67,3.2e-05,0.05
2016-02-20,271.42,0.001948,0.05
2016-02-21,269.04,2.6e-05,0.05
2016-02-22,269.13,0.00013,0.05
2016-02-23,268.07,0.000294,0.05
2016-02-24,265.96,0.001128,0.05
2016-02-25,265.88,0.001026,0.05
2016-02-26,265.77,0.001613,0.05
2016-02-27,266.11,0.006872,0.05
2016-02-28,265.62,0.008323,0.05
2016-02-29,265.51,0.001748,0.05
2016-03-01,266.18,0.001986,0.05
2016-03-02,267.61,0.002524,0.05
2016-03-03,267.46,0.002748,0.05
2016-03-04,267.65,0.002583,0.05
2016-03-05,267.57,0.001835,0.05
2016-03-06,267.11,0.00072,0.05
2016-03-07,266.87,1.2e-05,0.05
2016-03-08,266.98,0.000156,0.05
2016-03-09,267.42,0.000229,0.05
2016-03-10,268.43,0.000122,0.05
2016-03-11,269.77,0.000189,0.05
2016-03-12,269.65,0.000468,0.05
2016-03-13,268.75,0.002766,0.05
2016-03-14,266.34,0.004656,0.05
2016-03-15,266.48,0.000683,0.05
2016-03-16,266.3,0.000362,0.05
2016-03-17,267.95,0.001421,0.05
2016-03-18,268.76,0.00304,0.05
2016-03-19,268.99,0.002075,0.05
2016-03-20,269.09,0.001035,0.05
2016-03-21,267.92,0.000919,0.05
2016-03-22,266.58,0.000157,0.05
2016-03-23,269.08,0.000398,0.05
2016-03-24,271.79,0.000139,0.05
2016-03-25,274.31,0.000362,0.05
2016-03-26,274.36,0.000926,0.05
2016-03-27,272.23,0.00339,0.05
2016-03-28,266.59,0.014871,0.05
2016-03-29,270.01,0.00014,0.05
2016-03-30,269.47,0.004992,0.05
2016-03-31,268.99,0.004764,0.05
2016-04-01,271.36,0.002203,0.05
2016-04-02,274.32,0.002923,0.05
2016-04-03,275.04,0.003505,0.05
2016-04-04,274.49,0.002058,0.05
2016-04-05,273.31,0.001488,0.05
2016-04-06,272.4,0.000124,0.05
2016-04-07,271.7,0.001115,0.05
2016-04-08,270.78,0.00021,0.05
2016-04-09,271.9,1e-06,0.05
2016-04-10,273.45,0.00056,0.05
2016-04-11,272.65,0.000955,0.05
2016-04-12,272.55,4.9e-05,0.05
2016-04-13,271.64,0.000658,0.05
2016-04-14,270.86,0.006009,0.05
2016-04-15,273.37,0.002409,0.05
2016-04-16,273.38,0.002366,0.05
2016-04-17,274.42,0.002746,0.05
2016-04-18,273.82,0.003279,0.05
2016-04-19,274.51,0.001429,0.05
2016-04-20,274.58,0.00118,0.05
2016-04-21,273.96,0.002249,0.05
2016-04-22,273.11,0.000806,0.05
2016-04-23,271.54,0.000884,0.05
2016-04-24,271.32,3.1e-05,0.05
2016-04-25,272.41,1e-06,0.05
2016-04-26,273.45,4e-05,0.05
2016-04-27,272.88,7e-05,0.05
2016-04-28,272.03,0.000148,0.05
2016-04-29,272.27,5e-06,0.05
2016-04-30,272.19,1.7e-05,0.05
2016-05-01,272.58,0.001311,0.05
2016-05-02,273.89,0.000889,0.05
2016-05-03,273.78,0.000632,0.05
2016-05-04,273.01,0.007456,0.05
2016-05-05,272.54,0.006099,0.05
2016-05-06,273.49,0.004759,0.05
2016-05-07,273.24,0.004828,0.05
2016-05-08,273.94,0.006542,0.05
2016-05-09,275.23,0.006544,0.05
2016-05-10,274.99,0.006267,0.05
2016-05-11,275.27,0.008846,0.05
2016-05-12,274.85,0.007676,0.05
2016-05-13,275.17,0.007047,0.05
2016-05-14,275.87,0.00771,0.05
2016-05-15,275.49,0.001995,0.05
2016-05-16,275.81,0.002503,0.05
2016-05-17,275.3,0.002304,0.05
2016-05-18,276.0,0.00114,0.05
2016-05-19,276.64,0.006511,0.05
2016-05-20,276.11,0.014307,0.05
2016-05-21,275.65,0.011818,0.05
2016-05-22,277.68,0.004149,0.05
2016-05-23,276.57,0.006328,0.05
2016-05-24,275.85,0.014219,0.05
2016-05-25,274.24,0.002816,0.05
2016-05-26,273.96,0.00453,0.05
2016-05-27,275.94,0.007079,0.05
2016-05-28,275.16,0.017249,0.05
2016-05-29,274.13,0.006839,0.05
2016-05-30,274.97,0.004431,0.05
2016-05-31,274.67,0.006826,0.05
2016-06-01,276.46,0.001469,0.05
2016-06-02,277.42,0.007565,0.05
2016-06-03,277.67,0.002576,0.05
2016-06-04,277.66,0.009243,0.05
2016-06-05,277.64,0.010458,0.05
2016-06-06,278.08,0.00841,0.05
2016-06-07,277.82,0.003927,0.05
2016-06-08,278.0,0.004507,0.05
2016-06-09,277.7,0.008912,0.05
2016-06-10,277.91,0.010478,0.05
2016-06-11,278.79,0.006102,0.05
2016-06-12,278.98,0.008629,0.05
2016-06-13,278.72,0.007526,0.05
2016-06-14,279.44,0.006937,0.05
2016-06-15,279.23,0.013737,0.05
2016-06-16,278.49,0.015626,0.05
2016-06-17,278.76,0.016025,0.05
2016-06-18,279.42,0.022048,0.05
2016-06-19,279.17,0.0209,0.05
2016-06-20,279.33,0.01285,0.05
2016-06-21,279.24,0.014732,0.05
2016-06-22,279.28,0.009254,0.05
2016-06-23,279.37,0.011984,0.05
2016-06-24,279.34,0.01023,0.05
2016-06-25,279.34,0.029847,0.05
2016-06-26,279.93,0.025858,0.05
2016-06-27,279.96,0.016069,0.05
2016-06-28,280.08,0.017141,0.05
2016-06-29,280.37,0.014353,0.05
2016-06-30,280.21,0.025436,0.05
2016-07-01,278.84,0.028853,0.05
2016-07-02,278.79,0.010749,0.05
2016-07-03,279.91,0.016684,0.05
2016-07-04,280.17,0.018766,0.05
2016-07-05,280.02,0.020692,0.05
2016-07-06,280.12,0.019182,0.05
2016-07-07,280.4,0.024591,0.05
2016-07-08,280.26,0.019727,0.05
2016-07-09,280.48,0.028561,0.05
2016-07-10,280.45,0.039526,0.05
2016-07-11,279.4,0.024362,0.05
2016-07-12,280.22,0.016717,0.05
2016-07-13,280.39,0.024757,0.05
2016-07-14,280.53,0.037397,0.05
2016-07-15,280.1,0.052594,0.05
2016-07-16,280.2,0.02221,0.05
2016-07-17,279.27,0.015229,0.05
2016-07-18,279.68,0.011452,0.05
2016-07-19,279.55,0.020144,0.05
2016-07-20,279.87,0.021544,0.05
2016-07-21,278.95,0.044841,0.05
2016-07-22,278.16,0.021025,0.05
2016-07-23,278.61,0.0265,0.05
2016-07-24,278.73,0.032694,0.05
2016-07-25,278.7,0.054109,0.05
2016-07-26,278.44,0.024194,0.05
2016-07-27,278.14,0.021785,0.05
2016-07-28,277.8,0.022443,0.05
2016-07-29,278.02,0.014234,0.05
2016-07-30,277.97,0.026279,0.05
2016-07-31,277.63,0.023259,0.05
2016-08-01,277.87,0.015937,0.05
2016-08-02,278.1,0.013287,0.05
2016-08-03,278.74,0.00892,0.05
2016-08-04,279.75,0.009273,0.05
2016-08-05,279.95,0.013726,0.05
2016-08-06,279.62,0.013265,0.05
2016-08-07,279.34,0.012476,0.05
2016-08-08,279.32,0.010656,0.05
2016-08-09,278.87,0.012001,0.05
2016-08-10,278.87,0.010151,0.05
2016-08-11,279.08,0.015579,0.05
2016-08-12,279.48,0.017393,0.05
2016-08-13,279.86,0.011291,0.05
2016-08-14,279.6,0.01591,0.05
2016-08-15,279.26,0.011019,0.05
2016-08-16,279.01,0.015772,0.05
2016-08-17,279.21,0.012502,0.05
2016-08-18,279.38,0.012662,0.05
2016-08-19,279.49,0.010018,0.05
2016-08-20,280.0,0.002182,0.05
2016-08-21,279.95,0.012427,0.05
2016-08-22,278.94,0.020399,0.05
2016-08-23,279.17,0.010512,0.05
2016-08-24,278.71,0.010638,0.05
2016-08-25,278.84,0.012407,0.05
2016-08-26,278.59,0.010903,0.05
2016-08-27,278.54,0.008518,0.05
2016-08-28,279.05,0.009541,0.05
2016-08-29,279.54,0.006017,0.05
2016-08-30,279.2,0.016079,0.05
2016-08-31,279.46,0.013324,0.05
2016-09-01,279.35,0.010372,0.05
2016-09-02,279.7,0.023396,0.05
2016-09-03,278.89,0.049949,0.05
2016-09-04,278.55,0.018479,0.05
2016-09-05,278.48,0.020051,0.05
2016-09-06,278.74,0.007471,0.05
2016-09-07,279.09,0.009738,0.05
2016-09-08,278.74,0.010299,0.05
2016-09-09,279.25,0.013772,0.05
2016-09-10,278.9,0.010496,0.05
2016-09-11,278.33,0.0252,0.05
2016-09-12,277.54,0.027739,0.05
2016-09-13,277.2,0.0136,0.05
2016-09-14,277.67,0.008222,0.05
2016-09-15,278.17,0.007349,0.05
2016-09-16,278.47,0.0069,0.05
2016-09-17,278.03,0.007279,0.05
2016-09-18,278.04,0.006491,0.05
2016-09-19,278.42,0.008857,0.05
2016-09-20,277.92,0.012604,0.05
2016-09-21,277.05,0.028611,0.05
2016-09-22,276.73,0.009454,0.05
2016-09-23,276.42,0.004695,0.05
2016-09-24,276.75,0.0136,0.05
2016-09-25,276.39,0.014904,0.05
2016-09-26,276.46,0.005564,0.05
2016-09-27,277.26,0.007336,0.05
2016-09-28,276.72,0.010599,0.05
2016-09-29,276.91,0.010465,0.05
2016-09-30,277.6,0.010003,0.05
2016-10-01,277.94,0.009926,0.05
2016-10-02,277.41,0.006661,0.05
2016-10-03,277.01,0.005268,0.05
2016-10-04,277.39,0.007073,0.05
2016-10-05,276.88,0.008272,0.05
2016-10-06,276.98,0.006948,0.05
2016-10-07,277.03,0.006336,0.05
2016-10-08,277.05,0.025213,0.05
2016-10-09,276.09,0.006973,0.05
2016-10-10,274.99,0.008033,0.05
2016-10-11,274.95,0.001334,0.05
2016-10-12,275.18,0.003892,0.05
2016-10-13,275.48,0.009241,0.05
2016-10-14,275.09,0.004699,0.05
2016-10-15,275.04,0.005498,0.05
2016-10-16,274.24,0.002489,0.05
2016-10-17,274.28,0.002592,0.05
2016-10-18,273.72,0.003416,0.05
2016-10-19,273.07,0.006085,0.05
2016-10-20,274.37,0.002319,0.05
2016-10-21,274.44,0.002271,0.05
2016-10-22,273.77,0.004237,0.05
2016-10-23,273.96,0.002274,0.05
2016-10-24,274.95,0.001322,0.05
2016-10-25,273.12,0.000888,0.05
2016-10-26,271.69,0.000434,0.05
2016-10-27,271.45,8.8e-05,0.05
2016-10-28,271.08,0.001397,0.05
2016-10-29,270.27,0.000582,0.05
2016-10-30,270.23,0.000417,0.05
2016-10-31,270.73,0.000848,0.05
2016-11-01,270.25,0.000565,0.05
2016-11-02,270.27,7.3e-05,0.05
2016-11-03,269.74,0.000859,0.05
2016-11-04,270.28,3e-06,0.05
2016-11-05,270.36,0.000267,0.05
2016-11-06,270.65,0.00032,0.05
2016-11-07,270.62,0.000261,0.05
2016-11-08,272.21,0.000427,0.05
2016-11-09,273.38,5.7e-05,0.05
2016-11-10,273.63,0.000179,0.05
2016-11-11,273.39,0.00041,0.05
2016-11-12,272.45,7.9e-05,0.05
2016-11-13,271.67,1e-06,0.05
2016-11-14,271.0,0.0,0.05
2016-11-15,268.65,1e-06,0.05
2016-11-16,268.39,3e-06,0.05
2016-11-17,269.85,1e-06,0.05
2016-11-18,271.12,0.0,0.05
2016-11-19,271.15,5.6e-05,0.05
2016-11-20,271.58,0.000113,0.05
2016-11-21,271.99,1e-06,0.05
2016-11-22,273.49,3e-06,0.05
2016-11-23,272.93,4e-06,0.05
2016-11-24,272.73,2e-06,0.05
2016-11-25,272.85,2e-06,0.05
2016-11-26,272.64,2e-06,0.05
2016-11-27,272.72,0.000689,0.05
2016-11-28,271.81,0.000646,0.05
2016-11-29,271.69,0.000336,0.05
2016-11-30,271.45,0.001253,0.05
2016-12-01,270.76,0.001001,0.05
2016-12-02,270.02,0.003376,0.05
2016-12-03,269.4,0.000779,0.05
2016-12-04,270.77,1e-06,0.05
2016-12-05,271.26,0.0,0.05
2016-12-06,271.33,9e-06,0.05
2016-12-07,272.79,1.5e-05,0.05
2016-12-08,272.47,2e-06,0.05
2016-12-09,272.2,1e-06,0.05
2016-12-10,273.15,-0.0,0.05
2016-12-11,272.75,0.0,0.05
2016-12-12,273.77,1e-06,0.05
2016-12-13,273.08,0.0,0.05
2016-12-14,270.37,1e-06,0.05
2016-12-15,271.47,2e-06,0.05
2016-12-16,272.25,1.5e-05,0.05
2016-12-17,272.65,7e-06,0.05
2016-12-18,272.28,7e-06,0.05
2016-12-19,273.85,0.0,0.05
2016-12-20,275.11,6e-06,0.05
2016-12-21,275.55,1.2e-05,0.05
2016-12-22,273.98,0.000142,0.05
2016-12-23,272.1,0.002387,0.05
2016-12-24,270.77,0.000479,0.05
2016-12-25,266.6,0.001064,0.05
2016-12-26,264.59,0.000666,0.05
2016-12-27,268.01,7e-06,0.05
2016-12-28,269.42,5.3e-05,0.05
2016-12-29,268.75,0.000462,0.05
2016-12-30,266.04,0.002053,0.05
2016-12-31,264.29,0.001061,0.05
2017-01-01,262.79,0.002092,0.05
2017-01-02,261.91,0.001572,0.05
2017-01-03,262.12,0.000774,0.05
2017-01-04,262.86,0.00012,0.05
2017-01-05,261.95,0.000219,0.05
2017-01-06,264.94,9.9e-05,0.05
2017-01-07,263.63,0.000406,0.05
2017-01-08,263.32,0.000207,0.05
2017-01-09,261.69,0.000204,0.05
2017-01-10,261.16,0.000412,0.05
2017-01-11,261.17,0.000527,0.05
2017-01-12,260.62,0.001018,0.05
2017-01-13,260.42,4.3e-05,0.05
2017-01-14,263.79,3e-06,0.05
2017-01-15,264.89,0.000164,0.05
2017-01-16,264.84,4.6e-05,0.05
2017-01-17,264.14,0.000301,0.05
2017-01-18,264.44,2.8e-05,0.05
2017-01-19,265.2,1e-06,0.05
2017-01-20,266.76,1e-06,0.05
2017-01-21,268.81,0.0,0.05
2017-01-22,268.01,2e-06,0.05
2017-01-23,267.46,2e-06,0.05
2017-01-24,269.51,1e-06,0.05
2017-01-25,270.05,2.1e-05,0.05
2017-01-26,269.33,0.002209,0.05
2017-01-27,263.46,0.016938,0.05
2017-01-28,261.25,0.0,0.05
2017-01-29,264.76,0.0001,0.05
2017-01-30,264.73,0.000269,0.05
2017-01-31,263.08,0.000191,0.05
2017-02-01,263.33,0.000278,0.05
2017-02-02,265.24,4.6e-05,0.05
2017-02-03,269.05,2.1e-05,0.05
2017-02-04,270.74,3e-06,0.05
2017-02-05,270.06,0.0,0.05
2017-02-06,265.78,0.000484,0.05
2017-02-07,267.36,5e-05,0.05
2017-02-08,268.88,3.3e-05,0.05
2017-02-09,266.89,2.5e-05,0.05
2017-02-10,265.37,4e-06,0.05
2017-02-11,265.49,2e-06,0.05
2017-02-12,264.68,0.000233,0.05
2017-02-13,264.82,0.000536,0.05
2017-02-14,266.33,0.00155,0.05
2017-02-15,267.68,0.000553,0.05
2017-02-16,269.3,0.002704,0.05
2017-02-17,271.15,0.000267,0.05
2017-02-18,271.88,0.000528,0.05
2017-02-19,271.79,0.002265,0.05
2017-02-20,268.92,0.001596,0.05
2017-02-21,266.57,0.00011,0.05
2017-02-22,266.46,0.000479,0.05
2017-02-23,266.99,0.000166,0.05
2017-02-24,268.27,0.000231,0.05
2017-02-25,269.01,0.001555,0.05
2017-02-26,268.5,0.001229,0.05
2017-02-27,268.07,0.002649,0.05
2017-02-28,268.79,0.000674,0.05
2017-03-01,268.4,0.001493,0.05
2017-03-02,266.21,0.000345,0.05
2017-03-03,265.92,0.001035,0.05
2017-03-04,265.32,4.5e-05,0.05
2017-03-05,264.39,0.000146,0.05
2017-03-06,265.05,6e-05,0.05
2017-03-07,265.58,0.000383,0.05
2017-03-08,265.09,0.001582,0.05
2017-03-09,265.72,0.003181,0.05
2017-03-10,264.88,0.027378,0.05
2017-03-11,263.44,0.024011,0.05
2017-03-12,260.37,0.000537,0.05
2017-03-13,264.19,1e-05,0.05
2017-03-14,262.07,9.8e-05,0.05
2017-03-15,264.83,2.1e-05,0.05
2017-03-16,263.73,0.000926,0.05
2017-03-17,262.25,0.002346,0.05
2017-03-18,260.06,0.000226,0.05
2017-03-19,262.51,0.000186,0.05
2017-03-20,263.29,0.002796,0.05
2017-03-21,268.52,2.8e-05,0.05
2017-03-22,271.12,0.000244,0.05
2017-03-23,271.63,0.000857,0.05
2017-03-24,270.16,0.001837,0.05
2017-03-25,271.0,0.001007,0.05
2017-03-26,271.19,0.002475,0.05
2017-03-27,272.95,0.003617,0.05
2017-03-28,273.36,0.001956,0.05
2017-03-29,273.71,0.002644,0.05
2017-03-30,273.91,0.001798,0.05
2017-03-31,273.8,0.001437,0.05
2017-04-01,272.47,0.00136,0.05
2017-04-02,270.67,0.000568,0.05
2017-04-03,270.55,0.002388,0.05
2017-04-04,271.54,0.00048,0.05
2017-04-05,271.69,0.002798,0.05
2017-04-06,272.23,0.00022,0.05
2017-04-07,271.45,0.000192,0.05
2017-04-08,269.84,0.000277,0.05
2017-04-09,269.63,0.0,0.05
2017-04-10,268.84,8.2e-05,0.05
2017-04-11,269.56,0.001538,0.05
2017-04-12,270.33,0.000826,0.05
2017-04-13,270.68,0.003518,0.05
2017-04-14,271.15,0.007183,0.05
2017-04-15,269.83,0.007065,0.05
2017-04-16,270.39,0.002562,0.05
2017-04-17,273.23,0.005926,0.05
2017-04-18,275.58,0.001233,0.05
2017-04-19,274.21,0.007252,0.05
2017-04-20,273.95,0.012228,0.05
2017-04-21,274.93,0.005195,0.05
2017-04-22,274.72,0.00572,0.05
2017-04-23,273.74,0.007476,0.05
2017-04-24,274.22,0.002237,0.05
2017-04-25,272.62,0.001119,0.05
2017-04-26,271.75,0.003018,0.05
2017-04-27,270.61,0.000386,0.05
2017-04-28,271.05,0.004852,0.05
2017-04-29,272.03,0.002365,0.05
2017-04-30,271.84,0.002196,0.05
2017-05-01,270.99,0.003651,0.05
2017-05-02,271.9,0.001254,0.05
2017-05-03,273.22,0.002333,0.05
2017-05-04,272.29,0.002958,0.05
2017-05-05,272.94,0.002701,0.05
2017-05-06,273.04,0.002774,0.05
2017-05-07,274.72,0.003656,0.05
2017-05-08,274.71,0.002349,0.05
2017-05-09,274.05,0.010263,0.05
2017-05-10,274.11,0.009298,0.05
2017-05-11,275.07,0.007458,0.05
2017-05-12,275.48,0.008016,0.05
2017-05-13,275.47,0.009617,0.05
2017-05-14,276.11,0.00752,0.05
2017-05-15,275.68,0.009759,0.05
2017-05-16,275.87,0.010114,0.05
2017-05-17,274.84,0.008257,0.05
2017-05-18,275.24,0.000741,0.05
2017-05-19,274.89,0.002525,0.05
2017-05-20,275.23,0.005426,0.05
2017-05-21,275.18,0.003118,0.05
2017-05-22,276.17,0.002755,0.05
2017-05-23,276.14,0.000385,0.05
2017-05-24,276.23,0.001054,0.05
2017-05-25,276.72,0.004996,0.05
2017-05-26,275.98,0.014235,0.05
2017-05-27,275.02,0.014904,0.05
2017-05-28,275.4,0.012374,0.05
2017-05-29,275.56,0.014803,0.05
2017-05-30,275.79,0.00911,0.05
2017-05-31,275.86,0.009017,0.05
2017-06-01,276.76,0.004449,0.05
2017-06-02,276.43,0.000351,0.05
2017-06-03,277.53,0.004041,0.05
2017-06-04,278.72,0.000984,0.05
2017-06-05,278.13,0.010149,0.05
2017-06-06,277.21,0.006983,0.05
2017-06-07,277.33,0.006185,0.05
2017-06-08,277.42,0.007182,0.05
2017-06-09,277.72,0.009478,0.05
2017-06-10,277.67,0.006883,0.05
2017-06-11,277.95,0.004839,0.05
2017-06-12,278.44,0.002163,0.05
2017-06-13,278.37,0.000958,0.05
2017-06-14,278.26,0.009754,0.05
2017-06-15,277.81,0.006477,0.05
2017-06-16,277.9,0.013447,0.05
2017-06-17,278.08,0.00585,0.05
2017-06-18,278.94,0.00529,0.05
2017-06-19,279.01,0.009972,0.05
2017-06-20,278.94,0.007208,0.05
2017-06-21,278.8,0.013833,0.05
2017-06-22,278.32,0.020902,0.05
2017-06-23,278.67,0.004476,0.05
2017-06-24,279.01,0.011524,0.05
2017-06-25,279.53,0.011065,0.05
2017-06-26,279.76,0.01535,0.05
2017-06-27,280.14,0.021196,0.05
2017-06-28,279.36,0.01498,0.05
2017-06-29,279.73,0.017379,0.05
2017-06-30,279.86,0.010534,0.05
2017-07-01,280.1,0.026101,0.05
2017-07-02,279.56,0.025191,0.05
2017-07-03,279.85,0.022215,0.05
2017-07-04,279.52,0.038,0.05
2017-07-05,279.51,0.023102,0.05
2017-07-06,279.87,0.014721,0.05
2017-07-07,280.01,0.014054,0.05
2017-07-08,280.37,0.034237,0.05
2017-07-09,278.59,0.068422,0.05
2017-07-10,277.89,0.046701,0.05
2017-07-11,277.62,0.015751,0.05
2017-07-12,278.08,0.012925,0.05
2017-07-13,278.56,0.013997,0.05
2017-07-14,278.97,0.024584,0.05
2017-07-15,278.76,0.033566,0.05
2017-07-16,279.18,0.018698,0.05
2017-07-17,279.37,0.023853,0.05
2017-07-18,279.46,0.016007,0.05
2017-07-19,279.56,0.011128,0.05
2017-07-20,279.63,0.014339,0.05
2017-07-21,279.32,0.01569,0.05
2017-07-22,279.0,0.017136,0.05
2017-07-23,279.2,0.015664,0.05
2017-07-24,279.37,0.013285,0.05
2017-07-25,279.42,0.018059,0.05
2017-07-26,279.06,0.01574,0.05
2017-07-27,279.26,0.01063,0.05
2017-07-28,279.4,0.013767,0.05
2017-07-29,279.11,0.022795,0.05
2017-07-30,278.56,0.012658,0.05
2017-07-31,279.48,0.010473,0.05
2017-08-01,280.29,0.017196,0.05
2017-08-02,280.01,0.012848,0.05
2017-08-03,280.2,0.016885,0.05
2017-08-04,280.24,0.015363,0.05
2017-08-05,280.51,0.016041,0.05
2017-08-06,280.56,0.011125,0.05
2017-08-07,280.71,0.02302,0.05
2017-08-08,280.35,0.029865,0.05
2017-08-09,279.3,0.036121,0.05
2017-08-10,279.76,0.0195,0.05
2017-08-11,280.6,0.055757,0.05
2017-08-12,278.16,0.087386,0.05
2017-08-13,278.21,0.016301,0.05
2017-08-14,278.82,0.012281,0.05
2017-08-15,279.35,0.008956,0.05
2017-08-16,279.33,0.034149,0.05
2017-08-17,279.12,0.035129,0.05
2017-08-18,278.81,0.042739,0.05
2017-08-19,278.45,0.032208,0.05
2017-08-20,278.55,0.021174,0.05
2017-08-21,278.58,0.018992,0.05
2017-08-22,278.26,0.021997,0.05
2017-08-23,278.53,0.01588,0.05
2017-08-24,278.29,0.010316,0.05
2017-08-25,278.35,0.011021,0.05
2017-08-26,278.57,0.011133,0.05
2017-08-27,278.38,0.013115,0.05
2017-08-28,278.74,0.010519,0.05
2017-08-29,278.82,0.011149,0.05
2017-08-30,279.25,0.008026,0.05
2017-08-31,279.05,0.011265,0.05
2017-09-01,279.08,0.009509,0.05
2017-09-02,278.5,0.015234,0.05
2017-09-03,278.26,0.009772,0.05
2017-09-04,278.49,0.002261,0.05
2017-09-05,278.63,0.004124,0.05
2017-09-06,278.4,0.008906,0.05
2017-09-07,278.01,0.006238,0.05
2017-09-08,278.58,0.001291,0.05
2017-09-09,278.97,0.00243,0.05
2017-09-10,278.62,0.003567,0.05
2017-09-11,278.32,0.003136,0.05
2017-09-12,278.33,0.00335,0.05
2017-09-13,278.44,0.002964,0.05
2017-09-14,278.62,0.00199,0.05
2017-09-15,278.37,0.004341,0.05
2017-09-16,278.67,0.006556,0.05
2017-09-17,278.65,0.008044,0.05
2017-09-18,278.4,0.011375,0.05
2017-09-19,278.44,0.011653,0.05
2017-09-20,278.49,0.019647,0.05
2017-09-21,277.16,0.010441,0.05
2017-09-22,277.64,0.007111,0.05
2017-09-23,278.44,0.001033,0.05
2017-09-24,278.9,0.000968,0.05
2017-09-25,278.0,0.000967,0.05
2017-09-26,278.22,0.000858,0.05
2017-09-27,278.11,0.005042,0.05
2017-09-28,277.45,0.008614,0.05
2017-09-29,277.22,0.006958,0.05
2017-09-30,277.68,0.00578,0.05
2017-10-01,277.47,0.004977,0.05
2017-10-02,276.56,0.003528,0.05
2017-10-03,277.11,0.001785,0.05
2017-10-04,277.53,0.005311,0.05
2017-10-05,277.4,0.005733,0.05
2017-10-06,276.96,0.006734,0.05
2017-10-07,277.0,0.001641,0.05
2017-10-08,276.14,0.001725,0.05
2017-10-09,275.99,0.001211,0.05
2017-10-10,276.44,0.010755,0.05
2017-10-11,275.8,0.00722,0.05
2017-10-12,276.34,0.000708,0.05
2017-10-13,276.07,0.000403,0.05
2017-10-14,274.85,0.000127,0.05
2017-10-15,275.02,0.000408,0.05
2017-10-16,274.27,0.003392,0.05
2017-10-17,275.56,0.003763,0.05
2017-10-18,276.28,0.002306,0.05
2017-10-19,276.47,0.001889,0.05
2017-10-20,275.58,0.002715,0.05
2017-10-21,275.22,0.00141,0.05
2017-10-22,275.48,0.001285,0.05
2017-10-23,272.65,0.001709,0.05
2017-10-24,271.46,0.000346,0.05
2017-10-25,271.63,0.001861,0.05
2017-10-26,272.3,0.001525,0.05
2017-10-27,272.04,0.004227,0.05
2017-10-28,269.05,0.005683,0.05
2017-10-29,267.59,0.010961,0.05
2017-10-30,268.0,0.003454,0.05
2017-10-31,269.05,0.001394,0.05
2017-11-01,269.62,0.000789,0.05
2017-11-02,269.64,0.002506,0.05
2017-11-03,268.9,0.000562,0.05
2017-11-04,268.54,0.001481,0.05
2017-11-05,270.31,0.00029,0.05
2017-11-06,271.07,0.000263,0.05
2017-11-07,270.59,0.000832,0.05
2017-11-08,269.51,0.001638,0.05
2017-11-09,268.57,0.001635,0.05
2017-11-10,269.54,0.000219,0.05
2017-11-11,270.26,0.000381,0.05
2017-11-12,271.06,4.6e-05,0.05
2017-11-13,272.2,2.3e-05,0.05
2017-11-14,272.28,0.0,0.05
2017-11-15,271.88,5.8e-05,0.05
2017-11-16,270.97,0.001921,0.05
2017-11-17,271.25,0.000138,0.05
2017-11-18,270.85,0.000441,0.05
2017-11-19,270.36,0.000282,0.05
2017-11-20,269.59,4e-06,0.05
2017-11-21,270.58,4e-05,0.05
2017-11-22,268.17,8.9e-05,0.05
2017-11-23,268.02,5.3e-05,0.05
2017-11-24,268.54,7.7e-05,0.05
2017-11-25,269.63,0.000649,0.05
2017-11-26,268.68,0.001342,0.05
2017-11-27,266.8,0.004297,0.05
2017-11-28,267.43,0.000973,0.05
2017-11-29,267.16,0.000657,0.05
2017-11-30,267.53,0.000255,0.05
2017-12-01,269.45,2.8e-05,0.05
2017-12-02,271.01,1.8e-05,0.05
2017-12-03,273.62,2e-06,0.05
2017-12-04,274.61,0.0,0.05
2017-12-05,273.87,3.9e-05,0.05
2017-12-06,273.73,0.000312,0.05
2017-12-07,273.55,4e-06,0.05
2017-12-08,273.26,0.000449,0.05
2017-12-09,271.94,0.0,0.05
2017-12-10,271.84,0.000135,0.05
2017-12-11,272.09,0.000888,0.05
2017-12-12,269.16,0.00076,0.05
2017-12-13,269.05,6e-06,0.05
2017-12-14,268.22,1.3e-05,0.05
2017-12-15,269.25,0.0,0.05
2017-12-16,269.08,1e-06,0.05
2017-12-17,269.77,2e-06,0.05
2017-12-18,271.33,1e-06,0.05
2017-12-19,272.88,1e-06,0.05
2017-12-20,272.08,1.7e-05,0.05
2017-12-21,271.1,1.8e-05,0.05
2017-12-22,270.7,4.1e-05,0.05
2017-12-23,271.19,1.3e-05,0.05
2017-12-24,268.47,6.5e-05,0.05
2017-12-25,264.34,0.0025,0.05
2017-12-26,266.42,0.000378,0.05
2017-12-27,269.53,2e-06,0.05
2017-12-28,269.52,1e-06,0.05
2017-12-29,268.04,1e-06,0.05
2017-12-30,266.8,1e-06,0.05
2017-12-31,265.46,0.00032,0.05
2018-01-01,264.08,0.000715,0.05
2018-01-02,261.09,0.000942,0.05
2018-01-03,262.86,2e-06,0.05
2018-01-04,264.97,6e-06,0.05
2018-01-05,262.26,0.00025,0.05
2018-01-06,264.27,0.000125,0.05
2018-01-07,267.14,0.000214,0.05
2018-01-08,270.86,7e-06,0.05
2018-01-09,272.52,0.0,0.05
2018-01-10,274.58,1e-06,0.05
2018-01-11,275.44,0.0,0.05
2018-01-12,273.63,3e-06,0.05
2018-01-13,270.48,4.3e-05,0.05
2018-01-14,270.05,0.000258,0.05
2018-01-15,268.48,0.000162,0.05
2018-01-16,270.3,1e-06,0.05
2018-01-17,270.63,0.0,0.05
2018-01-18,271.05,2e-06,0.05
2018-01-19,271.45,1e-06,0.05
2018-01-20,270.71,1.3e-05,0.05
2018-01-21,270.85,2.9e-05,0.05
2018-01-22,272.93,1e-06,0.05
2018-01-23,269.29,0.000101,0.05
2018-01-24,260.06,0.011505,0.05
2018-01-25,261.71,2.3e-05,0.05
2018-01-26,260.85,0.000127,0.05
2018-01-27,263.41,0.000591,0.05
2018-01-28,268.17,4.6e-05,0.05
2018-01-29,270.32,1e-06,0.05
2018-01-30,271.2,1e-06,0.05
2018-01-31,272.16,1e-06,0.05
2018-02-01,270.76,9.2e-05,0.05
2018-02-02,269.25,6.5e-05,0.05
2018-02-03,268.18,0.000214,0.05
2018-02-04,269.04,3.7e-05,0.05
2018-02-05,270.15,0.000355,0.05
2018-02-06,268.96,0.000989,0.05
2018-02-07,267.46,0.000402,0.05
2018-02-08,265.63,0.000257,0.05
2018-02-09,263.26,0.00059,0.05
2018-02-10,264.56,0.0,0.05
2018-02-11,265.1,0.000123,0.05
2018-02-12,265.51,0.002197,0.05
2018-02-13,264.05,0.005649,0.05
2018-02-14,262.81,0.000573,0.05
2018-02-15,266.8,2e-06,0.05
2018-02-16,266.54,0.000529,0.05
2018-02-17,266.04,0.000536,0.05
2018-02-18,266.54,0.000174,0.05
2018-02-19,266.88,0.000927,0.05
2018-02-20,266.52,0.002211,0.05
2018-02-21,265.86,0.003935,0.05
2018-02-22,264.58,0.002635,0.05
2018-02-23,265.74,0.000672,0.05
2018-02-24,267.04,0.001842,0.05
2018-02-25,265.96,0.000934,0.05
2018-02-26,266.89,0.001287,0.05
2018-02-27,270.36,8e-06,0.05
2018-02-28,269.39,0.000201,0.05
2018-03-01,268.71,0.000868,0.05
2018-03-02,267.01,0.001079,0.05
2018-03-03,268.7,0.000539,0.05
2018-03-04,267.68,0.000147,0.05
2018-03-05,265.72,0.001677,0.05
2018-03-06,264.88,0.000464,0.05
2018-03-07,266.99,0.000279,0.05
2018-03-08,266.48,0.000965,0.05
2018-03-09,265.76,0.001636,0.05
2018-03-10,266.43,0.001511,0.05
2018-03-11,266.39,0.00738,0.05
2018-03-12,265.66,0.004361,0.05
2018-03-13,268.09,0.001,0.05
2018-03-14,269.66,0.001517,0.05
2018-03-15,268.55,0.002573,0.05
2018-03-16,267.19,0.00043,0.05
2018-03-17,265.49,0.001553,0.05
2018-03-18,267.3,0.00074,0.05
2018-03-19,269.71,0.00047,0.05
2018-03-20,269.75,0.001462,0.05
2018-03-21,270.39,0.001726,0.05
2018-03-22,268.41,0.00181,0.05
2018-03-23,268.14,0.001234,0.05
2018-03-24,269.93,0.002004,0.05
2018-03-25,269.6,0.000879,0.05
2018-03-26,268.36,0.004119,0.05
2018-03-27,270.91,0.001572,0.05
2018-03-28,270.22,0.002881,0.05
2018-03-29,269.56,0.005544,0.05
2018-03-30,267.16,0.003154,0.05
2018-03-31,267.86,0.00791,0.05
2018-04-01,268.82,0.005262,0.05
2018-04-02,270.0,0.006549,0.05
2018-04-03,270.83,0.005046,0.05
2018-04-04,270.8,0.008791,0.05
2018-04-05,270.7,0.005358,0.05
2018-04-06,271.28,0.006964,0.05
2018-04-07,271.96,0.011923,0.05
2018-04-08,270.55,0.004756,0.05
2018-04-09,271.26,0.004544,0.05
2018-04-10,271.85,0.003565,0.05
2018-04-11,271.89,0.005012,0.05
2018-04-12,270.94,0.004953,0.05
2018-04-13,269.95,0.000103,0.05
2018-04-14,271.36,0.003047,0.05
2018-04-15,271.26,0.006325,0.05
2018-04-16,272.24,0.003611,0.05
2018-04-17,272.21,0.006697,0.05
2018-04-18,271.53,0.00257,0.05
2018-04-19,272.54,0.003891,0.05
2018-04-20,272.35,0.001517,0.05
2018-04-21,271.99,1.4e-05,0.05
2018-04-22,271.99,9.9e-05,0.05
2018-04-23,271.56,0.002011,0.05
2018-04-24,270.88,0.000974,0.05
2018-04-25,271.5,0.009883,0.05
2018-04-26,271.53,0.007161,0.05
2018-04-27,271.2,0.007654,0.05
2018-04-28,271.51,0.008139,0.05
2018-04-29,272.02,0.010855,0.05
2018-04-30,271.42,0.007533,0.05
2018-05-01,271.53,0.007133,0.05
2018-05-02,272.69,0.006588,0.05
2018-05-03,272.23,0.010064,0.05
2018-05-04,271.95,0.008234,0.05
2018-05-05,273.42,0.002953,0.05
2018-05-06,273.77,0.004424,0.05
2018-05-07,273.9,0.001581,0.05
2018-05-08,273.57,0.000723,0.05
2018-05-09,271.58,0.002141,0.05
2018-05-10,270.87,0.004753,0.05
2018-05-11,273.32,0.00267,0.05
2018-05-12,274.4,0.010997,0.05
2018-05-13,274.83,0.003748,0.05
2018-05-14,273.81,0.009897,0.05
2018-05-15,273.13,0.005316,0.05
2018-05-16,274.92,0.00386,0.05
2018-05-17,275.13,0.010788,0.05
2018-05-18,275.42,0.009768,0.05
2018-05-19,275.34,0.008851,0.05
2018-05-20,276.95,0.0072,0.05
2018-05-21,278.34,0.007082,0.05
2018-05-22,277.14,0.024326,0.05
2018-05-23,277.37,0.004731,0.05
2018-05-24,277.02,0.006316,0.05
2018-05-25,277.73,0.000933,0.05
2018-05-26,277.22,0.001226,0.05
2018-05-27,276.07,0.000188,0.05
2018-05-28,274.33,0.003527,0.05
2018-05-29,274.89,0.003226,0.05
2018-05-30,275.46,0.007448,0.05
2018-05-31,276.58,0.004609,0.05
2018-06-01,276.43,0.01288,0.05
2018-06-02,275.89,0.009732,0.05
2018-06-03,276.84,0.012527,0.05
2018-06-04,277.27,0.014658,0.05
2018-06-05,277.89,0.012928,0.05
2018-06-06,278.38,0.010003,0.05
2018-06-07,278.78,0.012949,0.05
2018-06-08,278.61,0.016544,0.05
2018-06-09,278.43,0.015929,0.05
2018-06-10,278.54,0.015455,0.05
2018-06-11,279.25,0.00868,0.05
2018-06-12,279.37,0.010258,0.05
2018-06-13,278.86,0.005071,0.05
2018-06-14,278.21,0.011311,0.05
2018-06-15,278.25,0.01164,0.05
2018-06-16,278.34,0.011544,0.05
2018-06-17,278.44,0.00786,0.05
2018-06-18,278.34,0.003092,0.05
2018-06-19,278.81,0.000656,0.05
2018-06-20,279.0,0.001562,0.05
2018-06-21,279.32,0.001293,0.05
2018-06-22,279.64,0.001375,0.05
2018-06-23,280.0,0.003471,0.05
2018-06-24,279.55,0.007547,0.05
2018-06-25,278.75,0.022107,0.05
2018-06-26,279.08,0.009483,0.05
2018-06-27,279.69,0.016324,0.05
2018-06-28,279.6,0.032811,0.05
2018-06-29,278.65,0.024883,0.05
2018-06-30,279.41,0.014485,0.05
2018-07-01,279.2,0.015846,0.05
2018-07-02,278.49,0.044869,0.05
2018-07-03,278.37,0.047572,0.05
2018-07-04,279.47,0.00564,0.05
2018-07-05,279.38,0.00503,0.05
2018-07-06,280.46,0.009567,0.05
2018-07-07,280.4,0.03979,0.05
2018-07-08,280.2,0.024253,0.05
2018-07-09,279.98,0.027792,0.05
2018-07-10,279.39,0.024171,0.05
2018-07-11,279.76,0.027098,0.05
2018-07-12,279.57,0.034599,0.05
2018-07-13,279.58,0.032392,0.05
2018-07-14,280.08,0.027254,0.05
2018-07-15,280.02,0.038565,0.05
2018-07-16,280.05,0.021347,0.05
2018-07-17,280.44,0.012786,0.05
2018-07-18,279.97,0.013653,0.05
2018-07-19,280.21,0.013773,0.05
2018-07-20,280.38,0.017225,0.05
2018-07-21,279.61,0.019074,0.05
2018-07-22,280.17,0.014403,0.05
2018-07-23,280.11,0.020875,0.05
2018-07-24,279.86,0.019933,0.05
2018-07-25,279.79,0.019639,0.05
2018-07-26,279.68,0.018644,0.05
2018-07-27,279.49,0.016778,0.05
2018-07-28,279.47,0.011506,0.05
2018-07-29,279.61,0.013364,0.05
2018-07-30,279.27,0.017892,0.05
2018-07-31,279.06,0.020837,0.05
2018-08-01,278.38,0.049082,0.05
2018-08-02,278.54,0.020456,0.05
2018-08-03,278.93,0.016187,0.05
2018-08-04,279.31,0.018192,0.05
2018-08-05,278.92,0.027081,0.05
2018-08-06,278.93,0.017903,0.05
2018-08-07,278.87,0.013563,0.05
2018-08-08,279.45,0.017181,0.05
2018-08-09,279.32,0.025223,0.05
2018-08-10,279.42,0.022182,0.05
2018-08-11,279.7,0.021143,0.05
2018-08-12,279.41,0.019518,0.05
2018-08-13,279.2,0.025772,0.05
2018-08-14,279.62,0.013178,0.05
2018-08-15,279.47,0.016691,0.05
2018-08-16,279.77,0.017184,0.05
2018-08-17,279.93,0.027507,0.05
2018-08-18,279.59,0.015782,0.05
2018-08-19,279.99,0.018971,0.05
2018-08-20,279.88,0.018539,0.05
2018-08-21,279.75,0.0141,0.05
2018-08-22,279.73,0.014231,0.05
2018-08-23,279.71,0.019653,0.05
2018-08-24,279.1,0.077645,0.05
2018-08-25,278.92,0.020028,0.05
2018-08-26,279.42,0.025685,0.05
2018-08-27,278.88,0.04552,0.05
2018-08-28,278.2,0.034664,0.05
2018-08-29,278.94,0.023481,0.05
2018-08-30,279.05,0.036519,0.05
2018-08-31,278.5,0.021065,0.05
2018-09-01,278.97,0.016217,0.05
2018-09-02,278.69,0.018193,0.05
2018-09-03,279.13,0.015226,0.05
2018-09-04,278.59,0.011284,0.05
2018-09-05,278.93,0.009951,0.05
2018-09-06,279.13,0.011629,0.05
2018-09-07,278.39,0.015643,0.05
2018-09-08,279.02,0.006723,0.05
2018-09-09,279.33,0.006618,0.05
2018-09-10,278.89,0.01138,0.05
2018-09-11,278.23,0.013091,0.05
2018-09-12,277.64,0.005379,0.05
2018-09-13,277.42,0.001205,0.05
2018-09-14,277.63,0.004033,0.05
2018-09-15,277.54,0.006269,0.05
2018-09-16,277.14,0.009203,0.05
2018-09-17,277.04,0.001399,0.05
2018-09-18,277.19,0.000566,0.05
2018-09-19,277.08,0.003857,0.05
2018-09-20,277.58,0.011412,0.05
2018-09-21,276.93,0.010923,0.05
2018-09-22,276.94,0.008653,0.05
2018-09-23,277.72,0.002973,0.05
2018-09-24,278.01,0.001256,0.05
2018-09-25,278.3,0.000504,0.05
2018-09-26,277.44,0.002197,0.05
2018-09-27,277.47,0.001975,0.05
2018-09-28,276.98,0.001154,0.05
2018-09-29,276.99,0.001244,0.05
2018-09-30,276.94,0.002672,0.05
2018-10-01,276.66,0.000495,0.05
2018-10-02,276.01,0.001218,0.05
2018-10-03,274.82,0.000893,0.05
2018-10-04,273.65,0.002057,0.05
2018-10-05,273.21,0.000865,0.05
2018-10-06,272.07,0.002245,0.05
2018-10-07,271.21,0.000862,0.05
2018-10-08,271.17,0.001202,0.05
2018-10-09,272.97,0.001139,0.05
2018-10-10,273.56,0.002629,0.05
2018-10-11,274.05,0.00466,0.05
2018-10-12,272.79,0.002316,0.05
2018-10-13,272.79,0.000355,0.05
2018-10-14,272.74,0.000312,0.05
2018-10-15,272.62,0.000292,0.05
2018-10-16,274.11,0.000559,0.05
2018-10-17,273.26,0.000147,0.05
2018-10-18,271.98,5.1e-05,0.05
2018-10-19,271.89,0.000303,0.05
2018-10-20,271.56,0.000111,0.05
2018-10-21,270.95,0.000125,0.05
2018-10-22,269.69,0.000103,0.05
2018-10-23,268.85,0.000643,0.05
2018-10-24,268.53,0.000979,0.05
2018-10-25,268.15,0.002966,0.05
2018-10-26,269.16,0.000932,0.05
2018-10-27,269.15,0.001015,0.05
2018-10-28,268.61,0.001159,0.05
2018-10-29,269.39,0.003675,0.05
2018-10-30,270.24,0.001313,0.05
2018-10-31,270.49,3.2e-05,0.05
2018-11-01,270.83,2.3e-05,0.05
2018-11-02,270.84,0.000379,0.05
2018-11-03,270.24,0.000455,0.05
2018-11-04,269.61,0.000102,0.05
2018-11-05,269.63,8e-06,0.05
2018-11-06,269.51,2e-06,0.05
2018-11-07,270.18,0.000149,0.05
2018-11-08,269.54,0.000393,0.05
2018-11-09,269.4,0.001031,0.05
2018-11-10,268.38,0.003394,0.05
2018-11-11,269.65,0.000492,0.05
2018-11-12,270.45,0.000883,0.05
2018-11-13,268.5,0.002615,0.05
2018-11-14,267.56,0.000501,0.05
2018-11-15,268.11,9.6e-05,0.05
2018-11-16,269.64,0.0001,0.05
2018-11-17,269.22,0.000141,0.05
2018-11-18,269.95,0.000972,0.05
2018-11-19,270.13,0.000368,0.05
2018-11-20,269.29,0.000787,0.05
2018-11-21,270.37,4e-06,0.05
2018-11-22,272.68,0.000145,0.05
2018-11-23,271.63,0.000424,0.05
2018-11-24,271.81,0.000181,0.05
2018-11-25,271.84,1e-06,0.05
2018-11-26,271.39,0.000569,0.05
2018-11-27,272.27,0.0,0.05
2018-11-28,272.71,3e-06,0.05
2018-11-29,271.15,7.4e-05,0.05
2018-11-30,269.9,0.000142,0.05
2018-12-01,268.58,0.000971,0.05
2018-12-02,268.6,0.000688,0.05
2018-12-03,269.81,0.000246,0.05
2018-12-04,271.2,7.4e-05,0.05
2018-12-05,268.67,0.000242,0.05
2018-12-06,266.23,0.000289,0.05
2018-12-07,264.88,0.000784,0.05
2018-12-08,266.2,0.000545,0.05
2018-12-09,265.77,0.00076,0.05
2018-12-10,264.31,0.000817,0.05
2018-12-11,262.53,0.001286,0.05
2018-12-12,263.72,0.000454,0.05
2018-12-13,262.83,0.003481,0.05
2018-12-14,262.93,0.00281,0.05
2018-12-15,264.65,1e-06,0.05
2018-12-16,267.18,1e-06,0.05
2018-12-17,268.47,0.0063,0.05
2018-12-18,265.5,0.003586,0.05
2018-12-19,267.78,1e-06,0.05
2018-12-20,266.87,1e-06,0.05
2018-12-21,265.55,1.5e-05,0.05
2018-12-22,267.34,8e-06,0.05
2018-12-23,269.38,1e-06,0.05
2018-12-24,268.11,4e-06,0.05
2018-12-25,266.97,4e-06,0.05
2018-12-26,267.4,8.8e-05,0.05
2018-12-27,262.0,0.001894,0.05
2018-12-28,259.13,0.001466,0.05
2018-12-29,262.61,3e-06,0.05
2018-12-30,263.98,1.8e-05,0.05
2018-12-31,264.45,0.000138,0.05
2019-01-01,265.48,4.6e-05,0.05
2019-01-02,261.74,0.000708,0.05
2019-01-03,260.05,0.000652,0.05
2019-01-04,264.79,8.2e-05,0.05
2019-01-05,263.97,7.1e-05,0.05
2019-01-06,262.42,0.001297,0.05
2019-01-07,259.41,0.00936,0.05
2019-01-08,259.42,0.000309,0.05
2019-01-09,258.82,0.00087,0.05
2019-01-10,262.23,7.2e-05,0.05
2019-01-11,262.62,8.2e-05,0.05
2019-01-12,262.99,2.9e-05,0.05
2019-01-13,261.83,0.000166,0.05
2019-01-14,259.21,7.7e-05,0.05
2019-01-15,262.82,0.0,0.05
2019-01-16,265.41,1.5e-05,0.05
2019-01-17,262.19,0.001233,0.05
2019-01-18,260.76,1.7e-05,0.05
2019-01-19,261.84,0.00112,0.05
2019-01-20,264.0,4e-06,0.05
2019-01-21,263.83,2.9e-05,0.05
2019-01-22,263.12,0.010063,0.05
2019-01-23,262.15,0.021873,0.05
2019-01-24,259.98,0.000151,0.05
2019-01-25,261.02,0.008082,0.05
2019-01-26,261.7,0.00173,0.05
2019-01-27,259.16,0.000243,0.05
2019-01-28,257.3,0.000675,0.05
2019-01-29,257.2,4.1e-05,0.05
2019-01-30,263.42,1e-06,0.05
2019-01-31,263.94,0.002251,0.05
2019-02-01,262.39,0.003302,0.05
2019-02-02,260.99,1e-06,0.05
2019-02-03,261.54,0.0,0.05
2019-02-04,263.88,2e-06,0.05
2019-02-05,265.41,2e-06,0.05
2019-02-06,264.23,0.000201,0.05
2019-02-07,264.81,0.037843,0.05
2019-02-08,263.56,0.00978,0.05
2019-02-09,260.11,0.006597,0.05
2019-02-10,264.0,5e-05,0.05
2019-02-11,262.24,0.000291,0.05
2019-02-12,263.84,7e-06,0.05
2019-02-13,265.93,9e-06,0.05
2019-02-14,265.1,0.001863,0.05
2019-02-15,263.53,0.000878,0.05
2019-02-16,260.25,0.000613,0.05
2019-02-17,261.89,0.00014,0.05
2019-02-18,263.07,0.001642,0.05
2019-02-19,261.79,0.000772,0.05
2019-02-20,265.51,4.1e-05,0.05
2019-02-21,265.51,0.000253,0.05
2019-02-22,264.85,0.000689,0.05
2019-02-23,265.17,3.9e-05,0.05
2019-02-24,264.02,0.003162,0.05
2019-02-25,260.96,0.003981,0.05
2019-02-26,260.41,0.001889,0.05
2019-02-27,261.1,0.023303,0.05
2019-02-28,256.85,0.002063,0.05
2019-03-01,260.01,5e-06,0.05
2019-03-02,264.67,5.6e-05,0.05
2019-03-03,263.23,0.003554,0.05
2019-03-04,262.75,0.000278,0.05
2019-03-05,261.82,0.001159,0.05
2019-03-06,263.02,0.000191,0.05
2019-03-07,264.63,0.00012,0.05
2019-03-08,263.44,0.00105,0.05
2019-03-09,265.36,0.001976,0.05
2019-03-10,266.33,0.000938,0.05
2019-03-11,266.17,0.000372,0.05
2019-03-12,266.34,1e-06,0.05
2019-03-13,269.07,7.2e-05,0.05
2019-03-14,268.13,0.000763,0.05
2019-03-15,265.66,4.4e-05,0.05
2019-03-16,266.12,2e-06,0.05
2019-03-17,267.37,0.000473,0.05
2019-03-18,264.92,0.002138,0.05
2019-03-19,265.55,0.00372,0.05
2019-03-20,264.46,0.000698,0.05
2019-03-21,265.32,1.8e-05,0.05
2019-03-22,265.7,4.5e-05,0.05
2019-03-23,266.9,2.7e-05,0.05
2019-03-24,267.69,6.1e-05,0.05
2019-03-25,268.14,0.001446,0.05
2019-03-26,265.15,0.00538,0.05
2019-03-27,267.52,0.000551,0.05
2019-03-28,270.45,0.000134,0.05
2019-03-29,271.46,0.00072,0.05
2019-03-30,269.56,0.002246,0.05
2019-03-31,268.92,0.001084,0.05
2019-04-01,267.4,0.000297,0.05
2019-04-02,267.67,0.001902,0.05
2019-04-03,269.93,0.002459,0.05
2019-04-04,270.91,0.002747,0.05
2019-04-05,270.8,0.003536,0.05
2019-04-06,270.45,0.007011,0.05
2019-04-07,268.79,0.004205,0.05
2019-04-08,269.9,0.002688,0.05
2019-04-09,269.53,0.005164,0.05
2019-04-10,271.58,0.001091,0.05
2019-04-11,271.61,0.000768,0.05
2019-04-12,272.42,0.001318,0.05
2019-04-13,272.09,0.001862,0.05
2019-04-14,271.25,0.003971,0.05
2019-04-15,272.42,0.001144,0.05
2019-04-16,273.33,0.006462,0.05
2019-04-17,271.11,0.008934,0.05
2019-04-18,269.12,0.001901,0.05
2019-04-19,268.92,0.005123,0.05
2019-04-20,269.34,0.000805,0.05
2019-04-21,270.17,0.005132,0.05
2019-04-22,270.98,0.006613,0.05
2019-04-23,271.68,0.004668,0.05
2019-04-24,273.18,0.003081,0.05
2019-04-25,273.79,0.004553,0.05
2019-04-26,275.28,0.006428,0.05
2019-04-27,274.94,0.005455,0.05
2019-04-28,275.26,0.001741,0.05
2019-04-29,275.08,0.002281,0.05
2019-04-30,274.37,0.002034,0.05
2019-05-01,274.21,6e-06,0.05
2019-05-02,274.08,0.000141,0.05
2019-05-03,275.25,0.00218,0.05
2019-05-04,275.71,0.005109,0.05
2019-05-05,273.48,0.000538,0.05
2019-05-06,273.55,0.00078,0.05
2019-05-07,274.73,0.000549,0.05
2019-05-08,275.19,0.001099,0.05
2019-05-09,275.01,0.000726,0.05
2019-05-10,275.22,0.00041,0.05
2019-05-11,274.19,0.000548,0.05
2019-05-12,273.28,0.001472,0.05
2019-05-13,273.05,0.004527,0.05
2019-05-14,273.6,0.005558,0.05
2019-05-15,274.01,0.006164,0.05
2019-05-16,274.49,0.00309,0.05
2019-05-17,274.72,0.00178,0.05
2019-05-18,274.09,0.001011,0.05
2019-05-19,273.95,0.001954,0.05
2019-05-20,275.0,0.003184,0.05
2019-05-21,275.54,0.003454,0.05
2019-05-22,275.8,0.002414,0.05
2019-05-23,275.6,0.002671,0.05
2019-05-24,276.94,0.00182,0.05
2019-05-25,275.96,0.001836,0.05
2019-05-26,275.58,0.002072,0.05
2019-05-27,275.91,0.001818,0.05
2019-05-28,276.0,0.001974,0.05
2019-05-29,275.44,0.00435,0.05
2019-05-30,275.74,0.009142,0.05
2019-05-31,276.45,0.011482,0.05
2019-06-01,276.12,0.008014,0.05
2019-06-02,275.63,0.014709,0.05
2019-06-03,275.77,0.011535,0.05
2019-06-04,277.55,0.006217,0.05
2019-06-05,278.65,0.006397,0.05
2019-06-06,278.57,0.007936,0.05
2019-06-07,277.87,0.013098,0.05
2019-06-08,277.75,0.001276,0.05
2019-06-09,277.01,0.001769,0.05
2019-06-10,277.17,0.002779,0.05
2019-06-11,278.34,0.007966,0.05
2019-06-12,278.62,0.00959,0.05
2019-06-13,279.23,0.007754,0.05
2019-06-14,279.17,0.004291,0.05
2019-06-15,279.56,0.001287,0.05
2019-06-16,279.36,0.002025,0.05
2019-06-17,278.25,0.001663,0.05
2019-06-18,277.93,0.001635,0.05
2019-06-19,278.68,0.004012,0.05
2019-06-20,279.49,0.001523,0.05
2019-06-21,279.31,0.005651,0.05
2019-06-22,278.93,0.009897,0.05
2019-06-23,279.13,0.008498,0.05
2019-06-24,280.21,0.002564,0.05
2019-06-25,280.56,0.005215,0.05
2019-06-26,280.23,0.002583,0.05
2019-06-27,280.11,0.006007,0.05
2019-06-28,279.73,0.007296,0.05
2019-06-29,279.59,0.00511,0.05
2019-06-30,279.22,0.017754,0.05
2019-07-01,279.77,0.01578,0.05
2019-07-02,280.4,0.012658,0.05
2019-07-03,280.87,0.018866,0.05
2019-07-04,280.31,0.027773,0.05
2019-07-05,280.0,0.021771,0.05
2019-07-06,279.66,0.016106,0.05
2019-07-07,279.68,0.016787,0.05
2019-07-08,280.01,0.018246,0.05
2019-07-09,279.08,0.030011,0.05
2019-07-10,279.4,0.031436,0.05
2019-07-11,279.25,0.0358,0.05
2019-07-12,278.25,0.101326,0.05
2019-07-13,278.25,0.051966,0.05
2019-07-14,277.93,0.020205,0.05
2019-07-15,277.93,0.012206,0.05
2019-07-16,277.82,0.010881,0.05
2019-07-17,278.32,0.008076,0.05
2019-07-18,278.73,0.005518,0.05
2019-07-19,278.77,0.007001,0.05
2019-07-20,279.02,0.008458,0.05
2019-07-21,279.51,0.008687,0.05
2019-07-22,279.87,0.009677,0.05
2019-07-23,279.58,0.023152,0.05
2019-07-24,279.16,0.053317,0.05
2019-07-25,278.97,0.017728,0.05
2019-07-26,279.51,0.014647,0.05
2019-07-27,279.73,0.017676,0.05
2019-07-28,280.32,0.018644,0.05
2019-07-29,280.03,0.016801,0.05
2019-07-30,279.98,0.013911,0.05
2019-07-31,279.85,0.01257,0.05
2019-08-01,279.41,0.01758,0.05
2019-08-02,279.22,0.030064,0.05
2019-08-03,279.67,0.025093,0.05
2019-08-04,280.23,0.015597,0.05
2019-08-05,279.76,0.030628,0.05
2019-08-06,279.64,0.014621,0.05
2019-08-07,280.09,0.012338,0.05
2019-08-08,280.25,0.015156,0.05
2019-08-09,279.65,0.012614,0.05
2019-08-10,280.47,0.009133,0.05
2019-08-11,279.59,0.016375,0.05
2019-08-12,279.88,0.014352,0.05
2019-08-13,279.73,0.01358,0.05
2019-08-14,280.06,0.015226,0.05
2019-08-15,279.67,0.015069,0.05
2019-08-16,279.69,0.011873,0.05
2019-08-17,279.48,0.015767,0.05
2019-08-18,279.34,0.007486,0.05
2019-08-19,279.39,0.00724,0.05
2019-08-20,279.76,0.009353,0.05
2019-08-21,279.43,0.017323,0.05
2019-08-22,279.34,0.011744,0.05
2019-08-23,279.45,0.016285,0.05
2019-08-24,279.06,0.022323,0.05
2019-08-25,278.78,0.015178,0.05
2019-08-26,279.01,0.011064,0.05
2019-08-27,279.25,0.008566,0.05
2019-08-28,279.95,0.018048,0.05
2019-08-29,279.83,0.016211,0.05
2019-08-30,280.2,0.013377,0.05
2019-08-31,279.55,0.026357,0.05
2019-09-01,278.86,0.016955,0.05
2019-09-02,279.39,0.011722,0.05
2019-09-03,279.4,0.027865,0.05
2019-09-04,279.35,0.02091,0.05
2019-09-05,279.49,0.029259,0.05
2019-09-06,279.13,0.023566,0.05
2019-09-07,279.09,0.010461,0.05
2019-09-08,279.65,0.005892,0.05
2019-09-09,279.8,0.005185,0.05
2019-09-10,280.0,0.009656,0.05
2019-09-11,279.93,0.017209,0.05
2019-09-12,278.92,0.031826,0.05
2019-09-13,278.64,0.014964,0.05
2019-09-14,278.87,0.011201,0.05
2019-09-15,279.06,0.010189,0.05
2019-09-16,278.55,0.008273,0.05
2019-09-17,277.6,0.023687,0.05
2019-09-18,276.32,0.030236,0.05
2019-09-19,275.89,0.005586,0.05
2019-09-20,276.53,0.005888,0.05
2019-09-21,276.43,0.00726,0.05
2019-09-22,276.5,0.01022,0.05
2019-09-23,277.04,0.017644,0.05
2019-09-24,276.92,0.020804,0.05
2019-09-25,275.96,0.019226,0.05
2019-09-26,276.21,0.008056,0.05
2019-09-27,275.69,0.011661,0.05
2019-09-28,275.01,0.026731,0.05
2019-09-29,274.84,0.015074,0.05
2019-09-30,275.35,0.003505,0.05
2019-10-01,275.94,0.005678,0.05
2019-10-02,275.67,0.001162,0.05
2019-10-03,275.38,0.004915,0.05
2019-10-04,275.98,0.001286,0.05
2019-10-05,275.83,0.002416,0.05
2019-10-06,276.16,0.002168,0.05
2019-10-07,275.83,0.002283,0.05
2019-10-08,274.68,0.004504,0.05
2019-10-09,273.82,0.001329,0.05
2019-10-10,273.68,0.00017,0.05
2019-10-11,274.25,0.001019,0.05
2019-10-12,274.06,0.001516,0.05
2019-10-13,274.68,0.000883,0.05
2019-10-14,274.43,0.001816,0.05
2019-10-15,274.48,0.001083,0.05
2019-10-16,273.48,0.001179,0.05
2019-10-17,273.59,0.000801,0.05
2019-10-18,273.51,0.000394,0.05
2019-10-19,273.69,0.000858,0.05
2019-10-20,273.08,0.004616,0.05
2019-10-21,272.6,0.000213,0.05
2019-10-22,273.4,9.7e-05,0.05
2019-10-23,272.99,0.000617,0.05
2019-10-24,272.8,0.004277,0.05
2019-10-25,273.08,0.001777,0.05
2019-10-26,272.4,0.000681,0.05
2019-10-27,273.34,1.2e-05,0.05
2019-10-28,273.58,0.000267,0.05
2019-10-29,273.12,0.000446,0.05
2019-10-30,272.52,0.001713,0.05
2019-10-31,271.76,0.00062,0.05
2019-11-01,271.7,0.000642,0.05
2019-11-02,272.25,0.000399,0.05
2019-11-03,271.42,0.001417,0.05
2019-11-04,270.22,0.00098,0.05
2019-11-05,271.24,0.000874,0.05
2019-11-06,273.34,0.000401,0.05
2019-11-07,272.25,0.000165,0.05
2019-11-08,271.54,0.000798,0.05
2019-11-09,272.09,0.000514,0.05
2019-11-10,272.84,0.002078,0.05
2019-11-11,272.9,5.5e-05,0.05
2019-11-12,274.29,0.0,0.05
2019-11-13,274.8,0.0,0.05
2019-11-14,273.83,7.3e-05,0.05
2019-11-15,273.69,2e-05,0.05
2019-11-16,273.53,1.1e-05,0.05
2019-11-17,272.32,8e-06,0.05
2019-11-18,272.38,9.3e-05,0.05
2019-11-19,271.48,0.000342,0.05
2019-11-20,271.85,7.7e-05,0.05
2019-11-21,272.66,6.1e-05,0.05
2019-11-22,274.14,0.000186,0.05
2019-11-23,273.75,2e-06,0.05
2019-11-24,272.84,1.3e-05,0.05
2019-11-25,270.87,0.000174,0.05
2019-11-26,269.46,4e-06,0.05
2019-11-27,269.0,2.6e-05,0.05
2019-11-28,267.79,4.4e-05,0.05
2019-11-29,266.77,0.00037,0.05
2019-11-30,266.94,1e-06,0.05
2019-12-01,268.1,6e-06,0.05
2019-12-02,266.72,0.00029,0.05
2019-12-03,266.95,0.000542,0.05
2019-12-04,269.29,0.000202,0.05
2019-12-05,270.14,0.000373,0.05
2019-12-06,269.45,0.001213,0.05
2019-12-07,269.27,4.2e-05,0.05
2019-12-08,268.0,0.000201,0.05
2019-12-09,269.41,3.3e-05,0.05
2019-12-10,268.93,0.000623,0.05
2019-12-11,267.86,0.001308,0.05
2019-12-12,267.19,0.003037,0.05
2019-12-13,264.37,0.025967,0.05
2019-12-14,262.35,0.000872,0.05
2019-12-15,260.24,0.001565,0.05
2019-12-16,261.01,2e-06,0.05
2019-12-17,261.09,1e-06,0.05
2019-12-18,264.98,8e-06,0.05
2019-12-19,266.03,5e-05,0.05
2019-12-20,267.33,1.4e-05,0.05
2019-12-21,266.04,8.5e-05,0.05
2019-12-22,264.48,3e-05,0.05
2019-12-23,263.96,1e-06,0.05
2019-12-24,262.57,0.0,0.05
2019-12-25,262.42,3e-06,0.05
2019-12-26,260.45,3.5e-05,0.05
2019-12-27,259.36,3.9e-05,0.05
2019-12-28,262.64,1e-06,0.05
2019-12-29,262.58,3e-06,0.05
2019-12-30,262.58,2e-06,0.05
2019-12-31,260.83,4.5e-05,0.05
2020-01-01,260.91,0.000208,0.05
2020-01-02,260.73,0.001463,0.05
2020-01-03,260.93,0.016612,0.05
2020-01-04,258.38,0.000194,0.05
2020-01-05,258.25,3.2e-05,0.05
2020-01-06,263.5,3e-06,0.05
2020-01-07,264.01,0.006824,0.05
2020-01-08,262.67,0.008902,0.05
2020-01-09,260.48,0.000516,0.05
2020-01-10,259.73,4.6e-05,0.05
2020-01-11,263.33,2.1e-05,0.05
2020-01-12,267.19,1e-06,0.05
2020-01-13,267.73,1e-06,0.05
2020-01-14,264.41,1.2e-05,0.05
2020-01-15,265.33,9e-06,0.05
2020-01-16,265.24,0.020009,0.05
2020-01-17,264.59,0.042022,0.05
2020-01-18,260.28,0.000101,0.05
2020-01-19,257.45,0.000122,0.05
2020-01-20,259.38,0.000128,0.05
2020-01-21,260.48,0.000457,0.05
2020-01-22,259.88,0.000106,0.05
2020-01-23,257.74,0.00041,0.05
2020-01-24,261.05,0.0,0.05
2020-01-25,260.58,0.000442,0.05
2020-01-26,260.21,0.001978,0.05
2020-01-27,261.79,0.000663,0.05
2020-01-28,261.87,0.00019,0.05
2020-01-29,260.77,0.000447,0.05
2020-01-30,259.98,2.3e-05,0.05
2020-01-31,261.41,1.4e-05,0.05
2020-02-01,259.12,0.000452,0.05
2020-02-02,260.72,0.000302,0.05
2020-02-03,261.5,7.5e-05,0.05
2020-02-04,261.51,0.000142,0.05
2020-02-05,260.69,8.5e-05,0.05
2020-02-06,260.83,0.000562,0.05
2020-02-07,260.23,2.4e-05,0.05
2020-02-08,258.82,0.0007,0.05
2020-02-09,261.44,0.000249,0.05
2020-02-10,262.83,7.7e-05,0.05
2020-02-11,267.21,3.4e-05,0.05
2020-02-12,268.58,6e-05,0.05
2020-02-13,271.29,2.9e-05,0.05
2020-02-14,269.61,0.000456,0.05
2020-02-15,268.93,0.000131,0.05
2020-02-16,269.69,1.5e-05,0.05
2020-02-17,267.77,0.000401,0.05
2020-02-18,267.44,1.4e-05,0.05
2020-02-19,267.22,0.000305,0.05
2020-02-20,267.13,0.000115,0.05
2020-02-21,266.45,0.010289,0.05
2020-02-22,264.4,0.000202,0.05
2020-02-23,263.5,0.000112,0.05
2020-02-24,262.32,0.001771,0.05
2020-02-25,262.82,0.002814,0.05
2020-02-26,262.28,0.006838,0.05
2020-02-27,264.14,0.000981,0.05
2020-02-28,264.67,1.7e-05,0.05
2020-02-29,264.05,2.7e-05,0.05
2020-03-01,263.99,0.000264,0.05
2020-03-02,263.28,0.000566,0.05
2020-03-03,263.17,0.001334,0.05
2020-03-04,262.54,0.003347,0.05
2020-03-05,262.55,0.00082,0.05
2020-03-06,263.4,0.002779,0.05
2020-03-07,262.75,0.009064,0.05
2020-03-08,263.77,2e-06,0.05
2020-03-09,266.03,0.000544,0.05
2020-03-10,266.71,6.7e-05,0.05
2020-03-11,266.66,8.7e-05,0.05
2020-03-12,266.04,1.7e-05,0.05
2020-03-13,266.75,0.008099,0.05
2020-03-14,265.93,0.006752,0.05
2020-03-15,262.53,0.000848,0.05
2020-03-16,265.04,0.000401,0.05
2020-03-17,266.06,0.001473,0.05
2020-03-18,265.91,0.000378,0.05
2020-03-19,265.49,0.001388,0.05
2020-03-20,264.01,0.00318,0.05
2020-03-21,265.29,0.003084,0.05
2020-03-22,266.46,0.006262,0.05
2020-03-23,266.9,0.005113,0.05
2020-03-24,269.15,0.001209,0.05
2020-03-25,268.59,0.003013,0.05
2020-03-26,271.25,0.000588,0.05
2020-03-27,272.87,0.002052,0.05
2020-03-28,270.71,1.3e-05,0.05
2020-03-29,269.18,3.6e-05,0.05
2020-03-30,269.94,6.8e-05,0.05
2020-03-31,269.38,7.1e-05,0.05
2020-04-01,267.65,0.002458,0.05
2020-04-02,267.17,9.6e-05,0.05
2020-04-03,267.2,0.000169,0.05
2020-04-04,267.06,0.000843,0.05
2020-04-05,267.06,0.00263,0.05
2020-04-06,268.25,0.004209,0.05
2020-04-07,268.42,0.001099,0.05
2020-04-08,268.22,0.002083,0.05
2020-04-09,266.07,0.002783,0.05
2020-04-10,268.74,0.001028,0.05
2020-04-11,268.96,0.001438,0.05
2020-04-12,270.85,0.00354,0.05
2020-04-13,272.5,0.002214,0.05
2020-04-14,271.96,0.005335,0.05
2020-04-15,272.21,0.006212,0.05
2020-04-16,271.2,0.007665,0.05
2020-04-17,273.12,0.003288,0.05
2020-04-18,271.64,0.001542,0.05
2020-04-19,271.25,0.001721,0.05
2020-04-20,270.69,0.003986,0.05
2020-04-21,269.15,0.007105,0.05
2020-04-22,267.74,0.004618,0.05
2020-04-23,269.47,0.004583,0.05
2020-04-24,268.98,0.005484,0.05
2020-04-25,270.16,0.004384,0.05
2020-04-26,271.02,0.010293,0.05
2020-04-27,270.78,0.010356,0.05
2020-04-28,270.78,0.005917,0.05
2020-04-29,271.06,0.006005,0.05
2020-04-30,272.55,0.010917,0.05
2020-05-01,272.77,0.009947,0.05
2020-05-02,273.08,0.009939,0.05
2020-05-03,273.58,0.007804,0.05
2020-05-04,273.15,0.007684,0.05
2020-05-05,272.48,0.007408,0.05
2020-05-06,271.16,0.00718,0.05
2020-05-07,270.47,0.003921,0.05
2020-05-08,271.79,0.0009,0.05
2020-05-09,272.49,0.005824,0.05
2020-05-10,272.5,0.007776,0.05
2020-05-11,272.38,0.006537,0.05
2020-05-12,272.35,0.005621,0.05
2020-05-13,273.62,0.00115,0.05
2020-05-14,274.67,0.003777,0.05
2020-05-15,274.7,0.004413,0.05
2020-05-16,275.48,0.002566,0.05
2020-05-17,276.03,0.002314,0.05
2020-05-18,274.59,0.004064,0.05
2020-05-19,275.07,0.002126,0.05
2020-05-20,276.3,0.016022,0.05
2020-05-21,278.11,0.013531,0.05
2020-05-22,277.36,0.009453,0.05
2020-05-23,277.06,0.006596,0.05
2020-05-24,276.94,0.008294,0.05
2020-05-25,276.15,0.001287,0.05
2020-05-26,274.81,0.003403,0.05
2020-05-27,273.7,0.009456,0.05
2020-05-28,273.74,0.011837,0.05
2020-05-29,273.7,0.009687,0.05
2020-05-30,274.52,0.006785,0.05
2020-05-31,275.04,0.005572,0.05
2020-06-01,275.44,0.00244,0.05
2020-06-02,275.86,0.0008,0.05
2020-06-03,276.04,0.00218,0.05
2020-06-04,276.09,0.011897,0.05
2020-06-05,275.98,0.018906,0.05
2020-06-06,276.49,0.008916,0.05
2020-06-07,276.53,0.005013,0.05
2020-06-08,277.57,0.007617,0.05
2020-06-09,278.5,0.010281,0.05
2020-06-10,278.62,0.009082,0.05
2020-06-11,278.71,0.008822,0.05
2020-06-12,278.74,0.011092,0.05
2020-06-13,279.59,0.011988,0.05
2020-06-14,279.41,0.016,0.05
2020-06-15,279.46,0.022125,0.05
2020-06-16,278.57,0.032875,0.05
2020-06-17,279.58,0.01451,0.05
2020-06-18,279.48,0.022243,0.05
2020-06-19,279.53,0.020351,0.05
2020-06-20,279.31,0.01883,0.05
2020-06-21,279.31,0.01881,0.05
2020-06-22,278.96,0.009394,0.05
2020-06-23,279.2,0.012586,0.05
2020-06-24,279.73,0.00865,0.05
2020-06-25,279.32,0.02772,0.05
2020-06-26,278.84,0.028245,0.05
2020-06-27,279.05,0.008647,0.05
2020-06-28,279.28,0.016168,0.05
2020-06-29,278.55,0.018936,0.05
2020-06-30,278.98,0.01023,0.05
2020-07-01,280.27,0.01493,0.05
2020-07-02,280.3,0.014557,0.05
2020-07-03,279.49,0.015384,0.05
2020-07-04,278.91,0.016908,0.05
2020-07-05,279.56,0.019275,0.05
2020-07-06,279.95,0.01051,0.05
2020-07-07,280.04,0.007308,0.05
2020-07-08,280.38,0.011233,0.05
2020-07-09,280.29,0.026937,0.05
2020-07-10,278.66,0.057892,0.05
2020-07-11,278.91,0.029914,0.05
2020-07-12,279.46,0.021442,0.05
2020-07-13,278.87,0.063782,0.05
2020-07-14,279.5,0.01523,0.05
2020-07-15,279.58,0.030753,0.05
2020-07-16,279.79,0.022918,0.05
2020-07-17,279.68,0.027832,0.05
2020-07-18,278.99,0.020289,0.05
2020-07-19,279.11,0.027407,0.05
2020-07-20,277.61,0.085766,0.05
2020-07-21,278.1,0.01895,0.05
2020-07-22,278.57,0.007714,0.05
2020-07-23,279.2,0.034693,0.05
2020-07-24,278.98,0.02046,0.05
2020-07-25,278.98,0.014708,0.05
2020-07-26,279.6,0.010552,0.05
2020-07-27,279.84,0.022298,0.05
2020-07-28,278.79,0.043276,0.05
2020-07-29,278.9,0.027467,0.05
2020-07-30,279.09,0.012333,0.05
2020-07-31,279.42,0.016645,0.05
2020-08-01,279.73,0.020378,0.05
2020-08-02,280.52,0.009621,0.05
2020-08-03,279.7,0.029958,0.05
2020-08-04,280.38,0.015236,0.05
2020-08-05,280.96,0.018207,0.05
2020-08-06,280.42,0.013514,0.05
2020-08-07,280.93,0.020131,0.05
2020-08-08,281.47,0.060263,0.05
2020-08-09,279.97,0.039401,0.05
2020-08-10,279.47,0.020213,0.05
2020-08-11,280.36,0.017289,0.05
2020-08-12,280.22,0.030874,0.05
2020-08-13,280.09,0.033917,0.05
2020-08-14,279.95,0.030101,0.05
2020-08-15,279.79,0.026304,0.05
2020-08-16,280.53,0.0175,0.05
2020-08-17,280.26,0.04617,0.05
2020-08-18,280.17,0.015906,0.05
2020-08-19,279.26,0.024777,0.05
2020-08-20,278.98,0.014912,0.05
2020-08-21,279.06,0.013923,0.05
2020-08-22,279.03,0.014584,0.05
2020-08-23,279.34,0.020507,0.05
2020-08-24,280.02,0.018778,0.05
2020-08-25,279.66,0.015955,0.05
2020-08-26,279.56,0.014781,0.05
2020-08-27,278.72,0.014247,0.05
2020-08-28,278.46,0.008972,0.05
2020-08-29,278.97,0.006325,0.05
2020-08-30,279.79,0.002401,0.05
2020-08-31,280.31,0.013426,0.05
2020-09-01,280.01,0.01425,0.05
2020-09-02,279.53,0.01319,0.05
2020-09-03,278.98,0.012067,0.05
2020-09-04,279.23,0.006108,0.05
2020-09-05,279.61,0.00561,0.05
2020-09-06,279.48,0.003979,0.05
2020-09-07,279.17,0.00852,0.05
2020-09-08,279.01,0.008127,0.05
2020-09-09,278.95,0.007006,0.05
2020-09-10,279.21,0.009292,0.05
2020-09-11,279.12,0.009897,0.05
2020-09-12,279.06,0.009019,0.05
2020-09-13,279.22,0.010004,0.05
2020-09-14,279.02,0.009082,0.05
2020-09-15,279.01,0.011239,0.05
2020-09-16,279.01,0.00827,0.05
2020-09-17,279.46,0.01624,0.05
2020-09-18,278.84,0.012307,0.05
2020-09-19,278.64,0.006251,0.05
2020-09-20,278.65,0.007884,0.05
2020-09-21,278.6,0.012874,0.05
2020-09-22,278.55,0.02759,0.05
2020-09-23,277.57,0.032597,0.05
2020-09-24,277.56,0.031931,0.05
2020-09-25,277.12,0.025136,0.05
2020-09-26,276.75,0.004078,0.05
2020-09-27,276.82,0.000928,0.05
2020-09-28,277.13,0.000797,0.05
2020-09-29,277.45,0.001014,0.05
2020-09-30,277.24,0.001196,0.05
2020-10-01,277.45,0.003059,0.05
2020-10-02,277.24,0.002744,0.05
2020-10-03,277.68,0.001394,0.05
2020-10-04,277.08,0.001336,0.05
2020-10-05,277.45,0.001111,0.05
2020-10-06,277.16,0.000414,0.05
2020-10-07,277.25,0.000393,0.05
2020-10-08,277.82,0.000813,0.05
2020-10-09,278.06,0.001543,0.05
2020-10-10,278.25,0.002363,0.05
2020-10-11,277.93,0.002054,0.05
2020-10-12,277.48,0.002703,0.05
2020-10-13,277.11,0.001389,0.05
2020-10-14,276.82,0.002123,0.05
2020-10-15,277.23,0.003048,0.05
2020-10-16,277.13,0.003269,0.05
2020-10-17,277.05,0.002211,0.05
2020-10-18,276.5,0.005235,0.05
2020-10-19,275.15,0.002822,0.05
2020-10-20,275.01,0.000484,0.05
2020-10-21,275.13,0.002765,0.05
2020-10-22,273.8,0.00348,0.05
2020-10-23,273.74,0.001044,0.05
2020-10-24,275.43,0.002222,0.05
2020-10-25,274.61,0.001352,0.05
2020-10-26,272.71,0.000327,0.05
2020-10-27,271.77,0.000132,0.05
2020-10-28,272.79,2.8e-05,0.05
2020-10-29,273.21,0.000174,0.05
2020-10-30,273.97,0.002195,0.05
2020-10-31,273.55,0.001701,0.05
2020-11-01,273.79,0.000447,0.05
2020-11-02,273.07,5.4e-05,0.05
2020-11-03,270.77,0.001706,0.05
2020-11-04,268.24,0.001202,0.05
2020-11-05,269.2,7.5e-05,0.05
2020-11-06,270.69,4e-06,0.05
2020-11-07,271.65,0.001071,0.05
2020-11-08,271.5,0.000777,0.05
2020-11-09,271.01,0.000694,0.05
2020-11-10,269.96,0.000396,0.05
2020-11-11,270.93,0.000675,0.05
2020-11-12,271.53,6.3e-05,0.05
2020-11-13,271.38,4.5e-05,0.05
2020-11-14,271.88,5.1e-05,0.05
2020-11-15,271.94,0.000191,0.05
2020-11-16,268.09,0.003431,0.05
2020-11-17,267.06,8e-06,0.05
2020-11-18,267.53,2e-06,0.05
2020-11-19,268.05,4.2e-05,0.05
2020-11-20,267.68,2.2e-05,0.05
2020-11-21,265.47,0.00028,0.05
2020-11-22,266.83,1.3e-05,0.05
2020-11-23,267.89,5.7e-05,0.05
2020-11-24,267.84,5.4e-05,0.05
2020-11-25,269.35,1.8e-05,0.05
2020-11-26,269.58,2.9e-05,0.05
2020-11-27,267.98,0.00101,0.05
2020-11-28,270.21,4e-06,0.05
2020-11-29,270.66,0.0,0.05
2020-11-30,269.23,0.000159,0.05
2020-12-01,270.01,0.000203,0.05
2020-12-02,269.3,0.001283,0.05
2020-12-03,268.05,0.002914,0.05
2020-12-04,267.59,0.003825,0.05
2020-12-05,267.41,0.001415,0.05
2020-12-06,268.31,0.000663,0.05
2020-12-07,269.75,6.7e-05,0.05
2020-12-08,271.7,2.5e-05,0.05
2020-12-09,271.53,1e-06,0.05
2020-12-10,270.15,2e-06,0.05
2020-12-11,270.95,0.001355,0.05
2020-12-12,268.59,0.001221,0.05
2020-12-13,266.85,6e-06,0.05
2020-12-14,267.05,1e-06,0.05
2020-12-15,267.21,0.0,0.05
2020-12-16,265.88,5e-06,0.05
2020-12-17,265.13,2.3e-05,0.05
2020-12-18,265.52,0.000109,0.05
2020-12-19,267.42,4.5e-05,0.05
2020-12-20,270.51,1e-06,0.05
2020-12-21,270.84,2e-06,0.05
2020-12-22,270.03,1e-06,0.05
2020-12-23,268.84,1.4e-05,0.05
2020-12-24,266.1,0.000306,0.05
2020-12-25,265.47,3e-06,0.05
2020-12-26,268.98,2e-06,0.05
2020-12-27,268.74,3e-06,0.05
2020-12-28,266.63,5e-06,0.05
2020-12-29,267.55,1e-06,0.05
2020-12-30,266.64,1e-06,0.05
2020-12-31,268.23,1e-06,0.05
2021-01-01,269.17,0.0,0.05
2021-01-02,269.3,0.0,0.05
2021-01-03,270.2,0.000164,0.05
2021-01-04,269.62,0.002616,0.05
2021-01-05,269.33,0.00369,0.05
2021-01-06,267.98,1.5e-05,0.05
2021-01-07,267.89,3e-06,0.05
2021-01-08,269.8,1e-06,0.05
2021-01-09,270.96,3e-06,0.05
2021-01-10,271.45,3.2e-05,0.05
2021-01-11,271.64,0.000138,0.05
2021-01-12,271.73,0.000306,0.05
2021-01-13,272.97,0.00034,0.05
2021-01-14,272.85,3.6e-05,0.05
2021-01-15,272.78,0.0,0.05
2021-01-16,270.8,1.1e-05,0.05
2021-01-17,269.74,1.3e-05,0.05
2021-01-18,268.05,0.000473,0.05
2021-01-19,268.11,0.001507,0.05
2021-01-20,266.75,0.001597,0.05
2021-01-21,268.49,0.00025,0.05
2021-01-22,269.81,2.8e-05,0.05
2021-01-23,268.87,5e-06,0.05
2021-01-24,267.15,8.4e-05,0.05
2021-01-25,266.32,2.2e-05,0.05
2021-01-26,265.27,6e-06,0.05
2021-01-27,265.86,0.0,0.05
2021-01-28,265.88,8.9e-05,0.05
2021-01-29,261.3,0.001287,0.05
2021-01-30,261.93,9.5e-05,0.05
2021-01-31,264.91,0.000636,0.05
2021-02-01,266.16,0.000558,0.05
2021-02-02,266.24,0.000717,0.05
2021-02-03,264.88,0.000254,0.05
2021-02-04,264.64,6.5e-05,0.05
2021-02-05,263.03,0.012399,0.05
2021-02-06,259.43,0.001609,0.05
2021-02-07,262.52,2.3e-05,0.05
2021-02-08,265.7,1e-06,0.05
2021-02-09,267.18,1.7e-05,0.05
2021-02-10,266.29,0.001253,0.05
2021-02-11,266.08,5e-06,0.05
2021-02-12,267.18,0.00064,0.05
2021-02-13,267.16,0.000145,0.05
2021-02-14,266.12,0.000238,0.05
2021-02-15,264.49,0.000996,0.05
2021-02-16,263.56,0.000124,0.05
2021-02-17,263.81,0.001624,0.05
2021-02-18,262.72,0.004616,0.05
2021-02-19,263.13,0.001746,0.05
2021-02-20,266.65,0.000332,0.05
2021-02-21,269.6,0.000213,0.05
2021-02-22,269.66,0.001261,0.05
2021-02-23,269.14,0.002489,0.05
2021-02-24,269.07,0.003415,0.05
2021-02-25,270.71,0.001938,0.05
2021-02-26,272.2,0.001506,0.05
2021-02-27,272.57,0.001935,0.05
2021-02-28,271.87,0.001985,0.05
2021-03-01,270.42,0.00025,0.05
2021-03-02,270.04,0.000251,0.05
2021-03-03,270.16,0.000545,0.05
2021-03-04,268.34,0.005503,0.05
2021-03-05,266.97,0.00105,0.05
2021-03-06,267.58,0.001191,0.05
2021-03-07,268.43,0.00505,0.05
2021-03-08,268.09,0.002107,0.05
2021-03-09,267.94,0.001553,0.05
2021-03-10,267.96,0.001279,0.05
2021-03-11,268.33,0.000278,0.05
2021-03-12,269.69,0.000431,0.05
2021-03-13,268.76,0.007314,0.05
2021-03-14,269.86,0.001057,0.05
2021-03-15,269.43,0.000507,0.05
2021-03-16,268.73,0.001015,0.05
2021-03-17,269.22,0.001017,0.05
2021-03-18,269.2,0.001153,0.05
2021-03-19,270.06,0.000661,0.05
2021-03-20,268.54,0.003504,0.05
2021-03-21,268.61,0.001491,0.05
2021-03-22,269.22,0.001811,0.05
2021-03-23,270.62,0.001006,0.05
2021-03-24,268.85,0.005045,0.05
2021-03-25,268.29,1.1e-05,0.05
2021-03-26,269.8,0.00012,0.05
2021-03-27,270.16,0.000341,0.05
2021-03-28,269.52,0.000844,0.05
2021-03-29,270.62,0.009677,0.05
2021-03-30,270.36,0.003133,0.05
2021-03-31,270.83,0.003928,0.05
2021-04-01,268.82,0.000453,0.05
2021-04-02,267.06,0.001428,0.05
2021-04-03,265.72,3e-05,0.05
2021-04-04,266.43,0.000563,0.05
2021-04-05,269.85,0.000174,0.05
2021-04-06,270.79,0.002558,0.05
2021-04-07,270.43,0.003298,0.05
2021-04-08,270.34,0.000338,0.05
2021-04-09,269.76,6.9e-05,0.05
2021-04-10,269.4,5.4e-05,0.05
2021-04-11,269.98,0.000525,0.05
2021-04-12,269.25,0.002872,0.05
2021-04-13,269.58,0.00124,0.05
2021-04-14,270.49,0.001942,0.05
2021-04-15,271.04,0.001601,0.05
2021-04-16,270.89,0.003509,0.05
2021-04-17,271.28,0.005811,0.05
2021-04-18,269.83,6.7e-05,0.05
2021-04-19,270.35,0.003573,0.05
2021-04-20,271.98,0.0005,0.05
2021-04-21,271.37,0.01056,0.05
2021-04-22,268.26,0.004692,0.05
2021-04-23,269.51,0.0002,0.05
2021-04-24,269.3,0.000524,0.05
2021-04-25,269.37,1.9e-05,0.05
2021-04-26,270.19,0.00094,0.05
2021-04-27,271.0,0.001648,0.05
2021-04-28,271.32,0.003502,0.05
2021-04-29,271.42,0.008453,0.05
2021-04-30,271.86,0.009349,0.05
2021-05-01,271.59,0.012096,0.05
2021-05-02,272.61,0.005319,0.05
2021-05-03,272.93,0.008225,0.05
2021-05-04,273.07,0.009867,0.05
2021-05-05,273.08,0.010639,0.05
2021-05-06,272.08,0.008735,0.05
2021-05-07,272.91,0.005336,0.05
2021-05-08,272.15,0.004435,0.05
2021-05-09,272.37,0.005349,0.05
2021-05-10,272.54,0.007876,0.05
2021-05-11,272.85,0.005489,0.05
2021-05-12,272.1,0.017241,0.05
2021-05-13,272.11,0.006136,0.05
2021-05-14,271.79,0.002687,0.05
2021-05-15,273.64,0.000506,0.05
2021-05-16,275.51,0.001758,0.05
2021-05-17,277.39,0.007643,0.05
2021-05-18,276.98,0.005097,0.05
2021-05-19,276.26,0.022007,0.05
2021-05-20,275.78,0.0276,0.05
2021-05-21,277.2,0.001151,0.05
2021-05-22,277.19,0.001328,0.05
2021-05-23,277.41,0.004257,0.05
2021-05-24,277.12,0.010091,0.05
2021-05-25,277.4,0.01256,0.05
2021-05-26,277.58,0.015984,0.05
2021-05-27,278.18,0.020285,0.05
2021-05-28,277.05,0.050897,0.05
2021-05-29,277.17,0.006573,0.05
2021-05-30,277.71,0.006349,0.05
2021-05-31,276.86,0.011938,0.05
2021-06-01,276.64,0.00297,0.05
2021-06-02,276.53,0.003232,0.05
2021-06-03,277.75,0.001728,0.05
2021-06-04,277.88,0.005738,0.05
2021-06-05,278.06,0.006231,0.05
2021-06-06,278.61,0.005796,0.05
2021-06-07,278.71,0.003426,0.05
2021-06-08,278.27,0.011153,0.05
2021-06-09,278.6,0.029391,0.05
2021-06-10,278.16,0.013546,0.05
2021-06-11,278.45,0.014218,0.05
2021-06-12,277.87,0.020222,0.05
2021-06-13,278.6,0.00821,0.05
2021-06-14,279.39,0.011724,0.05
2021-06-15,278.79,0.012152,0.05
2021-06-16,278.99,0.01114,0.05
2021-06-17,279.15,0.020585,0.05
2021-06-18,279.03,0.024385,0.05
2021-06-19,278.42,0.013535,0.05
2021-06-20,278.25,0.018522,0.05
2021-06-21,278.94,0.011177,0.05
2021-06-22,279.21,0.020014,0.05
2021-06-23,278.64,0.024356,0.05
2021-06-24,278.47,0.01076,0.05
2021-06-25,279.04,0.011779,0.05
2021-06-26,278.47,0.01057,0.05
2021-06-27,279.25,0.011234,0.05
2021-06-28,279.82,0.009984,0.05
2021-06-29,280.17,0.02268,0.05
2021-06-30,280.27,0.058282,0.05
2021-07-01,278.28,0.069769,0.05
2021-07-02,277.36,0.047161,0.05
2021-07-03,278.29,0.008913,0.05
2021-07-04,278.94,0.01197,0.05
2021-07-05,279.4,0.007783,0.05
2021-07-06,280.16,0.009721,0.05
2021-07-07,280.31,0.015554,0.05
2021-07-08,279.08,0.020771,0.05
2021-07-09,279.6,0.023253,0.05
2021-07-10,279.6,0.049737,0.05
2021-07-11,279.11,0.032517,0.05
2021-07-12,278.83,0.019102,0.05
2021-07-13,279.04,0.016138,0.05
2021-07-14,279.45,0.017496,0.05
2021-07-15,278.98,0.026876,0.05
2021-07-16,279.06,0.016661,0.05
2021-07-17,279.8,0.015583,0.05
2021-07-18,279.89,0.019998,0.05
2021-07-19,279.76,0.021459,0.05
2021-07-20,279.23,0.025009,0.05
2021-07-21,279.29,0.025731,0.05
2021-07-22,279.37,0.01724,0.05
2021-07-23,280.28,0.017728,0.05
2021-07-24,280.64,0.01893,0.05
2021-07-25,280.84,0.047407,0.05
2021-07-26,279.53,0.03569,0.05
2021-07-27,279.53,0.028026,0.05
2021-07-28,279.38,0.016818,0.05
2021-07-29,279.61,0.012321,0.05
2021-07-30,279.88,0.018622,0.05
2021-07-31,279.95,0.00978,0.05
2021-08-01,279.96,0.013985,0.05
2021-08-02,279.79,0.018034,0.05
2021-08-03,279.57,0.026894,0.05
2021-08-04,278.62,0.035205,0.05
2021-08-05,278.72,0.0175,0.05
2021-08-06,278.53,0.024293,0.05
2021-08-07,278.84,0.017515,0.05
2021-08-08,279.41,0.016073,0.05
2021-08-09,279.6,0.017034,0.05
2021-08-10,280.27,0.007908,0.05
2021-08-11,280.39,0.013262,0.05
2021-08-12,279.94,0.019454,0.05
2021-08-13,279.88,0.028227,0.05
2021-08-14,279.62,0.032199,0.05
2021-08-15,279.29,0.023225,0.05
2021-08-16,279.56,0.015588,0.05
2021-08-17,279.56,0.017701,0.05
2021-08-18,279.55,0.024381,0.05
2021-08-19,279.45,0.030491,0.05
2021-08-20,279.06,0.021941,0.05
2021-08-21,279.16,0.021389,0.05
2021-08-22,279.29,0.014265,0.05
2021-08-23,279.42,0.009449,0.05
2021-08-24,280.04,0.01598,0.05
2021-08-25,279.48,0.039075,0.05
2021-08-26,279.59,0.05517,0.05
2021-08-27,278.1,0.038135,0.05
2021-08-28,277.69,0.052783,0.05
2021-08-29,277.26,0.032879,0.05
2021-08-30,277.44,0.009985,0.05
2021-08-31,277.5,0.008092,0.05
2021-09-01,278.24,0.007142,0.05
2021-09-02,278.44,0.009219,0.05
2021-09-03,277.91,0.018884,0.05
2021-09-04,278.83,0.008735,0.05
2021-09-05,279.05,0.016363,0.05
2021-09-06,278.39,0.033306,0.05
2021-09-07,278.12,0.020489,0.05
2021-09-08,277.53,0.010734,0.05
2021-09-09,277.6,0.016969,0.05
2021-09-10,277.33,0.012498,0.05
2021-09-11,277.4,0.007931,0.05
2021-09-12,277.92,0.012067,0.05
2021-09-13,277.73,0.021721,0.05
2021-09-14,278.24,0.008781,0.05
2021-09-15,277.21,0.020583,0.05
2021-09-16,277.09,0.008205,0.05
2021-09-17,277.06,0.012206,0.05
2021-09-18,277.54,0.009005,0.05
2021-09-19,278.16,0.005008,0.05
2021-09-20,277.94,0.019079,0.05
2021-09-21,276.9,0.016938,0.05
2021-09-22,276.62,0.011735,0.05
2021-09-23,277.19,0.012449,0.05
2021-09-24,277.6,0.010071,0.05
2021-09-25,277.53,0.012336,0.05
2021-09-26,276.8,0.012985,0.05
2021-09-27,277.26,0.010971,0.05
2021-09-28,277.48,0.01109,0.05
2021-09-29,277.38,0.012713,0.05
2021-09-30,277.19,0.014475,0.05
2021-10-01,277.01,0.008055,0.05
2021-10-02,276.94,0.00623,0.05
2021-10-03,276.53,0.012625,0.05
2021-10-04,276.59,0.005721,0.05
2021-10-05,277.3,0.001758,0.05
2021-10-06,277.27,0.003464,0.05
2021-10-07,277.51,0.006465,0.05
2021-10-08,277.38,0.007067,0.05
2021-10-09,277.1,0.005195,0.05
2021-10-10,277.01,0.001117,0.05
2021-10-11,277.13,0.001064,0.05
2021-10-12,276.62,0.00117,0.05
2021-10-13,276.69,0.001071,0.05
2021-10-14,276.33,0.00086,0.05
2021-10-15,276.62,0.003326,0.05
2021-10-16,276.69,0.00553,0.05
2021-10-17,276.73,0.01266,0.05
2021-10-18,276.89,0.021041,0.05
2021-10-19,276.67,0.046544,0.05
2021-10-20,275.38,0.016921,0.05
2021-10-21,275.1,0.001177,0.05
2021-10-22,275.25,0.002352,0.05
2021-10-23,274.51,0.001538,0.05
2021-10-24,272.31,0.001162,0.05
2021-10-25,270.83,0.00136,0.05
2021-10-26,271.54,0.00225,0.05
2021-10-27,271.32,0.002557,0.05
2021-10-28,270.72,0.000652,0.05
2021-10-29,272.19,1e-06,0.05
2021-10-30,272.6,0.000512,0.05
2021-10-31,271.58,0.001397,0.05
2021-11-01,270.05,0.000884,0.05
2021-11-02,269.04,0.000124,0.05
2021-11-03,268.82,5.9e-05,0.05
2021-11-04,268.41,4.2e-05,0.05
2021-11-05,270.6,3.2e-05,0.05
2021-11-06,271.88,1.5e-05,0.05
2021-11-07,273.81,0.000197,0.05
2021-11-08,273.51,0.000113,0.05
2021-11-09,273.35,3.4e-05,0.05
2021-11-10,274.51,8.8e-05,0.05
2021-11-11,274.57,8.7e-05,0.05
2021-11-12,273.99,9e-06,0.05
2021-11-13,272.52,5e-06,0.05
2021-11-14,272.48,2e-06,0.05
2021-11-15,270.63,6e-06,0.05
2021-11-16,271.84,2e-06,0.05
2021-11-17,273.64,3e-06,0.05
2021-11-18,274.21,3e-05,0.05
2021-11-19,273.11,0.000843,0.05
2021-11-20,273.06,0.001513,0.05
2021-11-21,272.1,8.1e-05,0.05
2021-11-22,270.65,0.000411,0.05
2021-11-23,269.31,0.001811,0.05
2021-11-24,269.89,0.000488,0.05
2021-11-25,269.35,0.001915,0.05
2021-11-26,268.2,0.002343,0.05
2021-11-27,268.13,0.000739,0.05
2021-11-28,270.29,7.7e-05,0.05
2021-11-29,270.75,1e-06,0.05
2021-11-30,271.62,2e-06,0.05
2021-12-01,273.33,2e-06,0.05
2021-12-02,274.2,0.00031,0.05
2021-12-03,273.28,0.004922,0.05
2021-12-04,272.27,0.000873,0.05
2021-12-05,271.24,0.00139,0.05
2021-12-06,268.37,0.001624,0.05
2021-12-07,268.27,5e-06,0.05
2021-12-08,269.32,1e-06,0.05
2021-12-09,267.39,9.3e-05,0.05
2021-12-10,265.55,7.3e-05,0.05
2021-12-11,265.8,8.5e-05,0.05
2021-12-12,267.68,3.1e-05,0.05
2021-12-13,268.17,2e-06,0.05
2021-12-14,266.7,5e-06,0.05
2021-12-15,266.71,1e-06,0.05
2021-12-16,267.55,0.0,0.05
2021-12-17,267.05,1.5e-05,0.05
2021-12-18,264.9,4.3e-05,0.05
2021-12-19,264.08,0.000368,0.05
2021-12-20,264.63,0.000701,0.05
2021-12-21,263.51,0.003655,0.05
2021-12-22,262.53,0.002674,0.05
2021-12-23,263.48,2.6e-05,0.05
2021-12-24,262.28,0.001407,0.05
2021-12-25,261.01,0.001429,0.05
2021-12-26,262.38,0.000585,0.05
2021-12-27,262.13,0.001104,0.05
2021-12-28,263.79,0.014339,0.05
2021-12-29,262.14,0.023946,0.05
2021-12-30,259.73,4.2e-05,0.05
2021-12-31,261.44,1e-06,0.05
2022-01-01,261.56,3e-06,0.05
2022-01-02,261.47,1e-06,0.05
2022-01-03,261.65,1.5e-05,0.05
2022-01-04,264.52,2e-06,0.05
2022-01-05,265.4,3.3e-05,0.05
2022-01-06,264.47,0.001941,0.05
2022-01-07,265.64,0.001684,0.05
2022-01-08,265.02,0.002695,0.05
2022-01-09,263.69,0.000954,0.05
2022-01-10,261.58,0.000654,0.05
2022-01-11,260.65,3e-05,0.05
2022-01-12,258.76,0.000535,0.05
2022-01-13,260.38,6e-06,0.05
2022-01-14,261.48,3.7e-05,0.05
2022-01-15,260.49,0.0,0.05
2022-01-16,262.07,1e-05,0.05
2022-01-17,263.7,0.000772,0.05
2022-01-18,262.55,0.003784,0.05
2022-01-19,262.06,0.001125,0.05
2022-01-20,260.07,0.003596,0.05
2022-01-21,261.13,0.000572,0.05
2022-01-22,262.46,0.003018,0.05
2022-01-23,261.61,0.000456,0.05
2022-01-24,260.64,0.001121,0.05
2022-01-25,261.44,0.000133,0.05
2022-01-26,258.41,0.001112,0.05
2022-01-27,257.5,0.000106,0.05
2022-01-28,261.83,0.000331,0.05
2022-01-29,264.37,0.000163,0.05
2022-01-30,264.23,0.000318,0.05
2022-01-31,264.49,0.000727,0.05
2022-02-01,261.46,0.001778,0.05
2022-02-02,264.03,0.00065,0.05
2022-02-03,262.29,0.014258,0.05
2022-02-04,260.33,0.017528,0.05
2022-02-05,258.54,0.000208,0.05
2022-02-06,263.37,9e-06,0.05
2022-02-07,263.03,0.00037,0.05
2022-02-08,262.27,0.00054,0.05
2022-02-09,261.48,0.000859,0.05
2022-02-10,259.52,0.0002,0.05
2022-02-11,259.18,3.8e-05,0.05
2022-02-12,260.61,0.0,0.05
2022-02-13,263.21,8.7e-05,0.05
2022-02-14,264.48,4e-06,0.05
2022-02-15,262.57,2.5e-05,0.05
2022-02-16,260.88,0.000715,0.05
2022-02-17,263.05,0.000453,0.05
2022-02-18,265.22,0.000406,0.05
2022-02-19,260.64,0.00034,0.05
2022-02-20,259.1,0.005762,0.05
2022-02-21,259.82,0.002448,0.05
2022-02-22,264.55,0.000107,0.05
2022-02-23,264.52,0.000398,0.05
2022-02-24,263.52,1.3e-05,0.05
2022-02-25,261.94,0.001471,0.05
2022-02-26,262.26,1e-05,0.05
2022-02-27,263.05,8.6e-05,0.05
2022-02-28,264.42,0.000462,0.05
2022-03-01,264.29,0.000279,0.05
2022-03-02,264.43,0.001418,0.05
2022-03-03,265.9,2.8e-05,0.05
2022-03-04,265.76,4.6e-05,0.05
2022-03-05,266.59,0.002581,0.05
2022-03-06,269.61,6.4e-05,0.05
2022-03-07,268.19,0.000227,0.05
2022-03-08,268.01,0.00013,0.05
2022-03-09,268.1,0.00035,0.05
2022-03-10,267.28,0.002906,0.05
2022-03-11,266.13,0.002573,0.05
2022-03-12,267.88,0.000938,0.05
2022-03-13,269.85,0.001603,0.05
2022-03-14,271.22,0.001074,0.05
2022-03-15,269.8,0.000312,0.05
2022-03-16,271.0,0.001807,0.05
2022-03-17,272.85,0.002109,0.05
2022-03-18,273.67,0.005038,0.05
2022-03-19,274.0,7.3e-05,0.05
2022-03-20,272.93,0.000566,0.05
2022-03-21,271.87,0.000278,0.05
2022-03-22,272.38,0.004836,0.05
2022-03-23,272.1,0.004672,0.05
2022-03-24,271.18,0.002487,0.05
2022-03-25,271.87,0.000164,0.05
2022-03-26,272.44,0.000343,0.05
2022-03-27,274.57,0.00035,0.05
2022-03-28,275.7,0.000474,0.05
2022-03-29,276.7,0.000775,0.05
2022-03-30,276.15,0.010961,0.05
2022-03-31,275.47,0.01091,0.05
2022-04-01,275.93,0.004681,0.05
2022-04-02,274.95,0.005365,0.05
2022-04-03,274.12,0.005445,0.05
2022-04-04,274.44,0.00321,0.05
2022-04-05,274.97,0.004917,0.05
2022-04-06,274.89,0.00532,0.05
2022-04-07,274.22,0.006558,0.05
2022-04-08,273.51,0.004544,0.05
2022-04-09,273.6,0.007099,0.05
2022-04-10,273.54,0.007153,0.05
2022-04-11,275.49,0.001054,0.05
2022-04-12,275.41,0.000946,0.05
2022-04-13,275.09,0.001849,0.05
2022-04-14,272.39,9e-06,0.05
2022-04-15,271.58,0.000146,0.05
2022-04-16,270.85,1.6e-05,0.05
2022-04-17,271.37,0.00052,0.05
2022-04-18,273.05,0.00037,0.05
2022-04-19,273.63,0.001695,0.05
2022-04-20,273.91,0.009179,0.05
2022-04-21,274.59,0.003886,0.05
2022-04-22,273.57,0.003746,0.05
2022-04-23,273.33,0.000607,0.05
2022-04-24,272.42,0.000109,0.05
2022-04-25,273.02,0.000416,0.05
2022-04-26,272.44,0.002934,0.05
2022-04-27,273.32,0.0021,0.05
2022-04-28,274.41,0.000831,0.05
2022-04-29,273.87,0.00612,0.05
2022-04-30,273.81,0.015524,0.05
2022-05-01,272.92,0.012976,0.05
2022-05-02,272.9,0.003083,0.05
2022-05-03,274.39,0.003372,0.05
2022-05-04,274.4,0.00503,0.05
2022-05-05,274.71,0.008269,0.05
2022-05-06,274.23,0.01155,0.05
2022-05-07,274.32,0.013221,0.05
2022-05-08,274.39,0.014217,0.05
2022-05-09,275.36,0.015985,0.05
2022-05-10,275.77,0.009688,0.05
2022-05-11,276.11,0.00876,0.05
2022-05-12,276.65,0.009949,0.05
2022-05-13,277.08,0.006585,0.05
2022-05-14,277.9,0.003033,0.05
2022-05-15,277.97,0.018176,0.05
2022-05-16,276.96,0.011525,0.05
2022-05-17,275.93,1.8e-05,0.05
2022-05-18,275.16,0.000483,0.05
2022-05-19,275.85,0.003492,0.05
2022-05-20,275.95,0.004537,0.05
2022-05-21,275.53,0.009455,0.05
2022-05-22,273.8,0.006441,0.05
2022-05-23,273.85,0.012451,0.05
2022-05-24,274.41,0.019467,0.05
2022-05-25,274.05,0.015875,0.05
2022-05-26,273.65,0.00864,0.05
2022-05-27,275.1,0.008784,0.05
2022-05-28,276.29,0.005142,0.05
2022-05-29,277.36,0.012709,0.05
2022-05-30,277.62,0.01082,0.05
2022-05-31,277.47,0.013389,0.05
2022-06-01,277.63,0.011884,0.05
2022-06-02,278.13,0.006926,0.05
2022-06-03,278.26,0.001646,0.05
2022-06-04,278.19,0.003831,0.05
2022-06-05,278.47,0.012842,0.05
2022-06-06,278.91,0.012734,0.05
2022-06-07,278.71,0.014498,0.05
2022-06-08,278.97,0.010097,0.05
2022-06-09,279.1,0.010243,0.05
2022-06-10,279.12,0.00283,0.05
2022-06-11,278.77,0.00183,0.05
2022-06-12,278.21,0.005343,0.05
2022-06-13,279.23,0.009151,0.05
2022-06-14,279.64,0.013414,0.05
2022-06-15,279.12,0.030593,0.05
2022-06-16,278.67,0.014392,0.05
2022-06-17,278.04,0.016077,0.05
2022-06-18,278.0,0.006739,0.05
2022-06-19,278.01,0.007161,0.05
2022-06-20,278.2,0.008766,0.05
2022-06-21,278.0,0.015246,0.05
2022-06-22,278.66,0.010713,0.05
2022-06-23,279.55,0.01332,0.05
2022-06-24,279.66,0.047942,0.05
2022-06-25,278.65,0.068516,0.05
2022-06-26,278.43,0.02394,0.05
2022-06-27,278.37,0.026535,0.05
2022-06-28,278.85,0.024832,0.05
2022-06-29,278.63,0.0366,0.05
2022-06-30,278.91,0.013478,0.05
2022-07-01,279.67,0.022616,0.05
2022-07-02,279.45,0.016539,0.05
2022-07-03,279.64,0.01415,0.05
2022-07-04,280.7,0.022602,0.05
2022-07-05,280.57,0.022309,0.05
2022-07-06,280.63,0.014247,0.05
2022-07-07,280.77,0.019889,0.05
2022-07-08,280.68,0.029479,0.05
2022-07-09,279.18,0.017605,0.05
2022-07-10,279.53,0.018264,0.05
2022-07-11,279.9,0.028101,0.05
2022-07-12,279.97,0.017318,0.05
2022-07-13,280.16,0.022482,0.05
2022-07-14,279.07,0.014968,0.05
2022-07-15,279.48,0.021867,0.05
2022-07-16,280.21,0.024363,0.05
2022-07-17,280.48,0.014634,0.05
2022-07-18,280.38,0.022366,0.05
2022-07-19,279.9,0.024068,0.05
2022-07-20,279.2,0.031331,0.05
2022-07-21,279.33,0.020802,0.05
2022-07-22,279.0,0.030663,0.05
2022-07-23,278.21,0.025752,0.05
2022-07-24,278.36,0.02047,0.05
2022-07-25,278.5,0.026422,0.05
2022-07-26,278.48,0.031096,0.05
2022-07-27,278.64,0.014892,0.05
2022-07-28,279.21,0.016646,0.05
2022-07-29,279.15,0.014614,0.05
2022-07-30,279.37,0.026801,0.05
2022-07-31,278.55,0.07287,0.05
2022-08-01,279.12,0.017534,0.05
2022-08-02,279.18,0.014354,0.05
2022-08-03,279.87,0.024657,0.05
2022-08-04,279.29,0.028508,0.05
2022-08-05,280.04,0.031038,0.05
2022-08-06,278.9,0.016192,0.05
2022-08-07,279.16,0.013535,0.05
2022-08-08,279.93,0.016122,0.05
2022-08-09,280.67,0.013295,0.05
2022-08-10,280.03,0.028907,0.05
2022-08-11,279.68,0.013703,0.05
2022-08-12,280.44,0.014479,0.05
2022-08-13,280.37,0.031033,0.05
2022-08-14,278.81,0.019525,0.05
2022-08-15,279.11,0.006399,0.05
2022-08-16,279.29,0.009499,0.05
2022-08-17,279.95,0.010209,0.05
2022-08-18,280.65,0.013109,0.05
2022-08-19,279.25,0.018016,0.05
2022-08-20,279.18,0.012147,0.05
2022-08-21,279.29,0.018844,0.05
2022-08-22,279.15,0.011115,0.05
2022-08-23,279.46,0.01473,0.05
2022-08-24,279.51,0.008242,0.05
2022-08-25,280.28,0.015457,0.05
2022-08-26,280.18,0.030279,0.05
2022-08-27,279.52,0.018845,0.05
2022-08-28,279.22,0.023033,0.05
2022-08-29,279.08,0.013843,0.05
2022-08-30,279.26,0.012737,0.05
2022-08-31,279.3,0.018001,0.05
2022-09-01,278.85,0.019322,0.05
2022-09-02,279.33,0.01964,0.05
2022-09-03,278.98,0.012042,0.05
2022-09-04,278.68,0.006196,0.05
2022-09-05,278.82,0.003855,0.05
2022-09-06,279.08,0.006827,0.05
2022-09-07,278.97,0.015243,0.05
2022-09-08,278.75,0.016907,0.05
2022-09-09,278.24,0.01855,0.05
2022-09-10,278.13,0.016451,0.05
2022-09-11,277.96,0.012888,0.05
2022-09-12,278.37,0.015582,0.05
2022-09-13,277.91,0.005715,0.05
2022-09-14,278.5,0.013336,0.05
2022-09-15,278.37,0.009933,0.05
2022-09-16,278.43,0.010402,0.05
2022-09-17,277.77,0.025543,0.05
2022-09-18,277.69,0.012882,0.05
2022-09-19,278.13,0.008606,0.05
2022-09-20,278.1,0.009451,0.05
2022-09-21,278.1,0.006904,0.05
2022-09-22,277.96,0.002172,0.05
2022-09-23,277.95,0.003903,0.05
2022-09-24,277.88,0.005849,0.05
2022-09-25,277.63,0.004157,0.05
2022-09-26,277.49,0.004726,0.05
2022-09-27,277.17,0.00428,0.05
2022-09-28,276.99,0.002329,0.05
2022-09-29,276.78,0.001746,0.05
2022-09-30,276.72,0.006195,0.05
2022-10-01,276.8,0.004953,0.05
2022-10-02,277.08,0.005848,0.05
2022-10-03,277.79,0.012258,0.05
2022-10-04,277.26,0.03428,0.05
2022-10-05,276.37,0.018576,0.05
2022-10-06,275.89,0.009132,0.05
2022-10-07,276.36,0.005316,0.05
2022-10-08,276.36,0.005963,0.05
2022-10-09,276.13,0.004854,0.05
2022-10-10,276.5,0.004794,0.05
2022-10-11,275.79,0.011112,0.05
2022-10-12,274.99,0.008257,0.05
2022-10-13,274.01,0.000812,0.05
2022-10-14,273.68,0.000365,0.05
2022-10-15,274.03,0.000319,0.05
2022-10-16,273.04,6.4e-05,0.05
2022-10-17,272.74,0.000113,0.05
2022-10-18,271.31,5.1e-05,0.05
2022-10-19,269.49,0.001219,0.05
2022-10-20,269.97,0.001564,0.05
2022-10-21,270.92,0.001277,0.05
2022-10-22,270.49,0.001017,0.05
2022-10-23,270.1,0.002196,0.05
2022-10-24,271.74,0.002736,0.05
2022-10-25,274.51,0.000671,0.05
2022-10-26,272.42,0.00074,0.05
2022-10-27,273.73,0.000569,0.05
2022-10-28,272.16,0.00146,0.05
2022-10-29,271.69,0.000936,0.05
2022-10-30,272.79,0.001074,0.05
2022-10-31,273.02,0.000783,0.05
2022-11-01,271.89,0.000493,0.05
2022-11-02,270.22,0.000483,0.05
2022-11-03,270.69,0.001093,0.05
2022-11-04,271.33,0.000149,0.05
2022-11-05,271.1,0.000892,0.05
2022-11-06,270.9,0.000134,0.05
2022-11-07,271.88,0.000531,0.05
2022-11-08,271.92,0.000251,0.05
2022-11-09,270.7,0.000501,0.05
2022-11-10,270.25,0.000534,0.05
2022-11-11,268.66,0.000394,0.05
2022-11-12,269.13,1.1e-05,0.05
2022-11-13,270.56,1e-05,0.05
2022-11-14,270.77,2.5e-05,0.05
2022-11-15,269.72,1.6e-05,0.05
2022-11-16,269.8,0.000811,0.05
2022-11-17,269.02,0.001768,0.05
2022-11-18,270.64,0.001285,0.05
2022-11-19,272.18,0.000104,0.05
2022-11-20,271.66,4.8e-05,0.05
2022-11-21,272.36,0.0,0.05
2022-11-22,272.21,0.0,0.05
2022-11-23,271.97,3e-06,0.05
2022-11-24,272.18,0.000859,0.05
2022-11-25,272.51,2e-06,0.05
2022-11-26,273.48,0.000124,0.05
2022-11-27,272.59,0.000162,0.05
2022-11-28,272.15,1e-06,0.05
2022-11-29,271.78,1e-06,0.05
2022-11-30,271.04,0.0,0.05
2022-12-01,269.68,1e-06,0.05
2022-12-02,271.54,1e-06,0.05
2022-12-03,270.15,0.0,0.05
2022-12-04,270.73,0.0,0.05
2022-12-05,270.06,7e-06,0.05
2022-12-06,270.03,1e-06,0.05
2022-12-07,270.13,2.1e-05,0.05
2022-12-08,269.62,5e-06,0.05
2022-12-09,270.74,4e-06,0.05
2022-12-10,270.62,2e-06,0.05
2022-12-11,272.16,1e-06,0.05
2022-12-12,272.95,2e-06,0.05
2022-12-13,271.82,-0.0,0.05
2022-12-14,271.64,1e-06,0.05
2022-12-15,271.33,6.4e-05,0.05
2022-12-16,270.31,3e-05,0.05
2022-12-17,270.02,0.000635,0.05
2022-12-18,269.13,0.000927,0.05
2022-12-19,269.75,0.000922,0.05
2022-12-20,271.57,0.000158,0.05
2022-12-21,270.55,4.5e-05,0.05
2022-12-22,268.01,3.6e-05,0.05
2022-12-23,268.96,8e-06,0.05
2022-12-24,265.48,0.000398,0.05
2022-12-25,265.31,1.3e-05,0.05
2022-12-26,264.13,0.000264,0.05
2022-12-27,264.64,0.000106,0.05
2022-12-28,267.6,0.000138,0.05
2022-12-29,268.86,0.000611,0.05
2022-12-30,267.3,0.001219,0.05
2022-12-31,266.61,0.001972,0.05
2023-01-01,266.88,0.000332,0.05
2023-01-02,265.88,2e-05,0.05
2023-01-03,266.26,1.9e-05,0.05
2023-01-04,264.76,0.000508,0.05
2023-01-05,264.82,0.000544,0.05
2023-01-06,265.29,0.000171,0.05
2023-01-07,266.83,2e-06,0.05
2023-01-08,266.94,0.0,0.05
2023-01-09,267.54,1e-06,0.05
2023-01-10,266.01,2.8e-05,0.05
2023-01-11,267.55,7e-06,0.05
2023-01-12,266.18,1.4e-05,0.05
2023-01-13,267.22,5.6e-05,0.05
2023-01-14,267.87,6.7e-05,0.05
2023-01-15,266.7,4.2e-05,0.05
2023-01-16,265.15,2.6e-05,0.05
2023-01-17,262.83,3.2e-05,0.05
2023-01-18,265.33,3.7e-05,0.05
2023-01-19,265.64,0.000547,0.05
2023-01-20,265.73,0.000316,0.05
2023-01-21,266.7,2e-06,0.05
2023-01-22,267.72,0.0,0.05
2023-01-23,268.78,1e-06,0.05
2023-01-24,269.02,0.0,0.05
2023-01-25,269.59,1.3e-05,0.05
2023-01-26,270.38,2.3e-05,0.05
2023-01-27,270.72,6e-06,0.05
2023-01-28,271.67,1e-06,0.05
2023-01-29,271.4,1.9e-05,0.05
2023-01-30,270.86,0.00012,0.05
2023-01-31,268.53,0.00052,0.05
2023-02-01,266.99,0.000699,0.05
2023-02-02,267.93,4.3e-05,0.05
2023-02-03,267.42,0.000113,0.05
2023-02-04,268.06,0.00091,0.05
2023-02-05,268.95,0.002073,0.05
2023-02-06,267.35,0.001006,0.05
2023-02-07,265.23,0.00377,0.05
2023-02-08,267.05,0.000713,0.05
2023-02-09,268.59,0.001005,0.05
2023-02-10,269.07,0.00034,0.05
2023-02-11,268.57,0.000123,0.05
2023-02-12,266.66,0.000124,0.05
2023-02-13,269.72,4e-06,0.05
2023-02-14,270.45,6e-06,0.05
2023-02-15,269.72,0.00072,0.05
2023-02-16,269.46,0.003385,0.05
2023-02-17,270.95,8.2e-05,0.05
2023-02-18,272.06,0.000145,0.05
2023-02-19,271.94,0.00046,0.05
2023-02-20,271.9,0.001186,0.05
2023-02-21,269.61,0.002188,0.05
2023-02-22,267.63,7.4e-05,0.05
2023-02-23,266.93,1.2e-05,0.05
2023-02-24,268.06,0.00055,0.05
2023-02-25,267.52,0.002253,0.05
2023-02-26,265.61,0.001708,0.05
2023-02-27,265.81,0.001214,0.05
2023-02-28,267.09,0.000271,0.05
2023-03-01,267.58,0.000704,0.05
2023-03-02,267.86,0.001196,0.05
2023-03-03,269.13,0.001507,0.05
2023-03-04,269.03,0.000688,0.05
2023-03-05,268.94,0.001396,0.05
2023-03-06,268.51,0.000668,0.05
2023-03-07,269.54,0.000297,0.05
2023-03-08,266.7,0.011816,0.05
2023-03-09,264.92,0.0008,0.05
2023-03-10,266.16,0.005296,0.05
2023-03-11,266.28,0.004458,0.05
2023-03-12,268.25,0.001347,0.05
2023-03-13,268.27,0.000824,0.05
2023-03-14,267.66,0.000935,0.05
2023-03-15,267.26,0.000584,0.05
2023-03-16,268.26,0.003675,0.05
2023-03-17,268.05,0.004401,0.05
2023-03-18,268.22,0.006981,0.05
2023-03-19,268.02,0.005887,0.05
2023-03-20,268.02,0.01339,0.05
2023-03-21,265.58,0.008387,0.05
2023-03-22,263.1,0.000773,0.05
2023-03-23,265.43,0.002854,0.05
2023-03-24,267.45,0.004169,0.05
2023-03-25,268.78,0.001854,0.05
2023-03-26,267.48,0.00033,0.05
2023-03-27,266.42,0.000826,0.05
2023-03-28,267.05,0.001368,0.05
2023-03-29,267.99,0.002777,0.05
2023-03-30,268.37,0.002301,0.05
2023-03-31,268.65,0.009903,0.05
2023-04-01,266.87,0.010753,0.05
2023-04-02,265.71,0.005021,0.05
2023-04-03,267.7,0.002162,0.05
2023-04-04,268.59,0.000989,0.05
2023-04-05,267.68,0.000105,0.05
2023-04-06,268.19,0.000171,0.05
2023-04-07,269.02,0.001529,0.05
2023-04-08,270.2,0.001816,0.05
2023-04-09,269.27,0.004403,0.05
2023-04-10,269.38,0.001096,0.05
2023-04-11,270.48,0.000362,0.05
2023-04-12,271.53,0.001295,0.05
2023-04-13,271.77,0.002093,0.05
2023-04-14,272.6,0.001572,0.05
2023-04-15,273.28,0.000878,0.05
2023-04-16,272.38,0.003583,0.05
2023-04-17,273.35,0.001145,0.05
2023-04-18,273.36,0.00155,0.05
2023-04-19,272.99,0.000348,0.05
2023-04-20,272.57,0.001425,0.05
2023-04-21,270.89,0.00185,0.05
2023-04-22,269.5,0.004923,0.05
2023-04-23,269.19,0.003735,0.05
2023-04-24,269.07,0.008646,0.05
2023-04-25,268.95,0.006521,0.05
2023-04-26,270.75,0.002652,0.05
2023-04-27,271.01,0.00539,0.05
2023-04-28,271.55,0.002654,0.05
2023-04-29,272.0,0.005107,0.05
2023-04-30,271.91,0.016336,0.05
2023-05-01,270.59,0.013413,0.05
2023-05-02,270.07,0.005836,0.05
2023-05-03,271.45,0.012726,0.05
2023-05-04,270.0,0.008778,0.05
2023-05-05,271.16,0.00032,0.05
2023-05-06,272.08,0.001421,0.05
2023-05-07,272.03,0.0017,0.05
2023-05-08,271.58,0.003067,0.05
2023-05-09,271.66,6.7e-05,0.05
2023-05-10,271.35,0.000381,0.05
2023-05-11,271.73,0.002042,0.05
2023-05-12,272.27,0.003278,0.05
2023-05-13,273.45,0.003149,0.05
2023-05-14,274.12,0.00871,0.05
2023-05-15,273.39,0.004462,0.05
2023-05-16,273.64,0.005747,0.05
2023-05-17,274.55,0.006192,0.05
2023-05-18,275.37,0.005861,0.05
2023-05-19,273.76,0.003643,0.05
2023-05-20,273.6,0.002284,0.05
2023-05-21,274.23,0.004024,0.05
2023-05-22,275.85,0.003165,0.05
2023-05-23,275.15,0.006506,0.05
2023-05-24,276.17,0.008033,0.05
2023-05-25,274.74,0.010102,0.05
2023-05-26,274.34,0.006998,0.05
2023-05-27,274.45,0.008273,0.05
2023-05-28,274.87,0.005266,0.05
2023-05-29,276.24,0.006198,0.05
2023-05-30,277.21,0.003119,0.05
2023-05-31,277.57,0.002015,0.05
2023-06-01,277.24,0.002569,0.05
2023-06-02,275.99,0.004839,0.05
2023-06-03,275.82,0.001759,0.05
2023-06-04,277.15,0.002501,0.05
2023-06-05,276.5,0.007082,0.05
2023-06-06,275.89,0.008061,0.05
2023-06-07,276.58,0.004786,0.05
2023-06-08,277.08,0.006635,0.05
2023-06-09,277.98,0.007151,0.05
2023-06-10,278.25,0.011224,0.05
2023-06-11,278.85,0.007233,0.05
2023-06-12,279.08,0.007051,0.05
2023-06-13,278.73,0.012715,0.05
2023-06-14,278.9,0.044244,0.05
2023-06-15,278.54,0.002177,0.05
2023-06-16,278.68,0.000674,0.05
2023-06-17,278.93,0.005289,0.05
2023-06-18,279.41,0.004741,0.05
2023-06-19,279.13,0.006805,0.05
2023-06-20,279.5,0.006269,0.05
2023-06-21,280.26,0.007144,0.05
2023-06-22,280.76,0.006062,0.05
2023-06-23,281.38,0.030097,0.05
2023-06-24,280.43,0.020991,0.05
2023-06-25,279.89,0.018421,0.05
2023-06-26,279.52,0.01816,0.05
2023-06-27,279.59,0.015156,0.05
2023-06-28,279.56,0.016969,0.05
2023-06-29,279.37,0.021551,0.05
2023-06-30,279.05,0.015115,0.05
2023-07-01,279.35,0.013396,0.05
2023-07-02,280.08,0.01062,0.05
2023-07-03,279.71,0.021677,0.05
2023-07-04,279.19,0.016323,0.05
2023-07-05,278.97,0.008763,0.05
2023-07-06,279.84,0.010141,0.05
2023-07-07,280.25,0.019179,0.05
2023-07-08,280.36,0.030854,0.05
2023-07-09,280.52,0.028505,0.05
2023-07-10,280.67,0.008954,0.05
2023-07-11,280.66,0.01155,0.05
2023-07-12,279.81,0.026314,0.05
2023-07-13,280.08,0.015757,0.05
2023-07-14,280.01,0.02117,0.05
2023-07-15,280.68,0.040409,0.05
2023-07-16,280.58,0.035775,0.05
2023-07-17,279.89,0.04387,0.05
2023-07-18,278.84,0.029741,0.05
2023-07-19,279.62,0.024572,0.05
2023-07-20,280.7,0.018289,0.05
2023-07-21,280.17,0.019253,0.05
2023-07-22,280.11,0.015089,0.05
2023-07-23,279.5,0.020747,0.05
2023-07-24,279.19,0.01071,0.05
2023-07-25,279.22,0.018895,0.05
2023-07-26,279.57,0.011151,0.05
2023-07-27,279.98,0.014292,0.05
2023-07-28,280.1,0.01687,0.05
2023-07-29,279.83,0.017236,0.05
2023-07-30,280.33,0.009047,0.05
2023-07-31,280.73,0.015898,0.05
2023-08-01,280.87,0.018022,0.05
2023-08-02,280.85,0.020114,0.05
2023-08-03,280.79,0.018575,0.05
2023-08-04,280.37,0.009046,0.05
2023-08-05,280.4,0.023193,0.05
2023-08-06,280.23,0.009928,0.05
2023-08-07,280.35,0.032706,0.05
2023-08-08,279.59,0.027738,0.05
2023-08-09,280.23,0.014232,0.05
2023-08-10,280.67,0.009183,0.05
2023-08-11,280.85,0.014075,0.05
2023-08-12,280.8,0.018593,0.05
2023-08-13,279.64,0.04082,0.05
2023-08-14,279.84,0.009361,0.05
2023-08-15,280.61,0.010149,0.05
2023-08-16,280.61,0.010737,0.05
2023-08-17,280.34,0.02434,0.05
2023-08-18,280.62,0.016681,0.05
2023-08-19,281.04,0.019029,0.05
2023-08-20,280.73,0.035085,0.05
2023-08-21,280.1,0.020878,0.05
2023-08-22,280.17,0.010672,0.05
2023-08-23,279.54,0.021142,0.05
2023-08-24,279.29,0.065783,0.05
2023-08-25,278.8,0.034789,0.05
2023-08-26,278.85,0.021345,0.05
2023-08-27,279.03,0.011773,0.05
2023-08-28,278.27,0.017868,0.05
2023-08-29,279.12,0.009751,0.05
2023-08-30,280.05,0.01348,0.05
2023-08-31,279.96,0.013417,0.05
2023-09-01,280.27,0.005673,0.05
2023-09-02,280.23,0.005519,0.05
2023-09-03,279.26,0.00683,0.05
2023-09-04,278.28,0.011132,0.05
2023-09-05,278.01,0.008994,0.05
2023-09-06,278.45,0.010559,0.05
2023-09-07,279.1,0.014801,0.05
2023-09-08,279.34,0.01063,0.05
2023-09-09,278.87,0.010223,0.05
2023-09-10,278.9,0.009473,0.05
2023-09-11,279.65,0.008885,0.05
2023-09-12,279.71,0.013004,0.05
2023-09-13,279.87,0.019977,0.05
2023-09-14,279.91,0.005722,0.05
2023-09-15,279.2,0.010399,0.05
2023-09-16,278.32,0.004462,0.05
2023-09-17,278.11,0.007791,0.05
2023-09-18,277.98,0.010841,0.05
2023-09-19,278.38,0.009853,0.05
2023-09-20,278.71,0.010807,0.05
2023-09-21,278.57,0.019245,0.05
2023-09-22,278.06,0.013344,0.05
2023-09-23,277.2,0.01717,0.05
2023-09-24,277.64,0.010099,0.05
2023-09-25,277.13,0.004614,0.05
2023-09-26,277.64,0.004045,0.05
2023-09-27,277.69,0.002276,0.05
2023-09-28,277.75,0.007491,0.05
2023-09-29,277.56,0.008636,0.05
2023-09-30,277.9,0.01499,0.05
2023-10-01,278.25,0.018732,0.05
2023-10-02,277.98,0.012502,0.05
2023-10-03,277.82,0.014645,0.05
2023-10-04,277.57,0.01875,0.05
2023-10-05,277.28,0.003719,0.05
2023-10-06,276.81,0.003517,0.05
2023-10-07,277.16,0.001622,0.05
2023-10-08,277.04,0.00238,0.05
2023-10-09,277.44,0.001702,0.05
2023-10-10,275.67,0.002561,0.05
2023-10-11,274.65,0.00074,0.05
2023-10-12,274.37,0.00512,0.05
2023-10-13,273.71,0.002071,0.05
2023-10-14,273.97,0.001501,0.05
2023-10-15,273.79,0.000942,0.05
2023-10-16,272.76,0.001269,0.05
2023-10-17,271.25,0.005504,0.05
2023-10-18,270.38,0.001662,0.05
2023-10-19,270.49,0.000892,0.05
2023-10-20,270.95,0.000633,0.05
2023-10-21,271.71,0.002487,0.05
2023-10-22,271.34,0.00214,0.05
2023-10-23,270.69,0.001292,0.05
2023-10-24,270.44,0.002175,0.05
2023-10-25,270.58,0.00137,0.05
2023-10-26,271.14,0.00381,0.05
2023-10-27,271.42,0.002101,0.05
2023-10-28,272.32,0.003379,0.05
2023-10-29,272.41,0.001156,0.05
2023-10-30,271.23,0.001294,0.05
2023-10-31,271.62,0.000663,0.05
2023-11-01,271.61,7.9e-05,0.05
2023-11-02,271.13,1.5e-05,0.05
2023-11-03,270.04,0.000139,0.05
2023-11-04,269.08,0.000424,0.05
2023-11-05,270.23,0.001126,0.05
2023-11-06,270.48,0.00054,0.05
2023-11-07,269.93,0.002835,0.05
2023-11-08,269.52,0.001237,0.05
2023-11-09,270.8,0.001028,0.05
2023-11-10,270.78,0.000371,0.05
2023-11-11,269.14,0.000808,0.05
2023-11-12,269.58,0.002659,0.05
2023-11-13,270.86,0.000333,0.05
2023-11-14,271.82,0.000902,0.05
2023-11-15,271.72,0.000897,0.05
2023-11-16,271.59,0.000792,0.05
2023-11-17,270.66,0.000586,0.05
2023-11-18,271.47,0.000179,0.05
2023-11-19,273.43,0.000157,0.05
2023-11-20,271.9,7.9e-05,0.05
2023-11-21,270.11,4.3e-05,0.05
2023-11-22,269.7,0.000344,0.05
2023-11-23,269.07,0.000708,0.05
2023-11-24,269.01,0.001222,0.05
2023-11-25,269.38,0.000458,0.05
2023-11-26,271.81,3e-06,0.05
2023-11-27,271.89,0.000507,0.05
2023-11-28,269.26,0.004049,0.05
2023-11-29,267.45,0.000569,0.05
2023-11-30,267.81,0.000123,0.05
2023-12-01,268.31,0.000582,0.05
2023-12-02,267.74,2.4e-05,0.05
2023-12-03,268.87,0.0,0.05
2023-12-04,269.22,0.002853,0.05
2023-12-05,269.62,0.000276,0.05
2023-12-06,271.12,0.00046,0.05
2023-12-07,269.84,0.003449,0.05
2023-12-08,268.57,0.000164,0.05
2023-12-09,269.08,2.5e-05,0.05
2023-12-10,268.99,0.000247,0.05
2023-12-11,268.18,0.000422,0.05
2023-12-12,265.13,0.00214,0.05
2023-12-13,263.99,0.000239,0.05
2023-12-14,269.14,1.6e-05,0.05
2023-12-15,272.68,2e-06,0.05
2023-12-16,271.83,5e-06,0.05
2023-12-17,269.2,2e-06,0.05
2023-12-18,268.64,2e-06,0.05
2023-12-19,270.38,0.000239,0.05
2023-12-20,270.84,3.8e-05,0.05
2023-12-21,270.44,2e-05,0.05
2023-12-22,272.01,7.2e-05,0.05
2023-12-23,269.24,0.001581,0.05
2023-12-24,267.53,0.003421,0.05
2023-12-25,267.93,0.000229,0.05
2023-12-26,269.11,8.4e-05,0.05
2023-12-27,267.57,0.001131,0.05
2023-12-28,267.73,0.002613,0.05
2023-12-29,266.55,0.000361,0.05
2023-12-30,265.93,0.000448,0.05
2023-12-31,265.03,0.000245,0.05
2024-01-01,264.02,3.4e-05,0.05
2024-01-02,264.0,0.000186,0.05
2024-01-03,263.53,4.9e-05,0.05
2024-01-04,263.51,0.000311,0.05
2024-01-05,264.31,0.00117,0.05
2024-01-06,264.18,0.001202,0.05
2024-01-07,265.09,0.001644,0.05
2024-01-08,266.94,0.000657,0.05
2024-01-09,267.66,8.2e-05,0.05
2024-01-10,267.94,4.7e-05,0.05
2024-01-11,268.1,3e-06,0.05
2024-01-12,268.0,2e-05,0.05
2024-01-13,269.55,0.000183,0.05
2024-01-14,267.55,0.000173,0.05
2024-01-15,264.73,0.007301,0.05
2024-01-16,263.03,0.003664,0.05
2024-01-17,261.91,0.000547,0.05
2024-01-18,262.04,5.9e-05,0.05
2024-01-19,265.21,0.000291,0.05
2024-01-20,265.29,0.000753,0.05
2024-01-21,264.35,0.002241,0.05
2024-01-22,266.61,0.000285,0.05
2024-01-23,262.84,0.002004,0.05
2024-01-24,260.91,0.001043,0.05
2024-01-25,260.52,0.00014,0.05
2024-01-26,260.7,0.002821,0.05
2024-01-27,262.44,0.001269,0.05
2024-01-28,264.54,0.00057,0.05
2024-01-29,263.91,0.001774,0.05
2024-01-30,263.88,0.0018,0.05
2024-01-31,264.04,0.000897,0.05
2024-02-01,262.88,0.002266,0.05
2024-02-02,261.82,0.000201,0.05
2024-02-03,264.4,5.9e-05,0.05
2024-02-04,265.35,0.002407,0.05
2024-02-05,264.68,0.000512,0.05
2024-02-06,264.32,0.000133,0.05
2024-02-07,265.95,0.000247,0.05
2024-02-08,266.04,0.000598,0.05
2024-02-09,265.51,0.00054,0.05
2024-02-10,264.51,0.00091,0.05
2024-02-11,263.54,0.000173,0.05
2024-02-12,265.06,7e-06,0.05
2024-02-13,265.78,0.000698,0.05
2024-02-14,264.95,0.003423,0.05
2024-02-15,264.76,0.00164,0.05
2024-02-16,266.25,0.00081,0.05
2024-02-17,267.54,0.0005,0.05
2024-02-18,268.16,0.001009,0.05
2024-02-19,267.95,0.00091,0.05
2024-02-20,266.04,0.00091,0.05
2024-02-21,264.41,0.00108,0.05
2024-02-22,262.78,0.004198,0.05
2024-02-23,260.91,0.001755,0.05
2024-02-24,261.08,0.000397,0.05
2024-02-25,263.92,5e-05,0.05
2024-02-26,267.63,3.3e-05,0.05
2024-02-27,266.87,0.000878,0.05
2024-02-28,266.72,0.000316,0.05
2024-02-29,267.49,0.000394,0.05
2024-03-01,269.6,0.000134,0.05
2024-03-02,268.88,0.002487,0.05
2024-03-03,267.48,0.01347,0.05
2024-03-04,264.28,0.000168,0.05
2024-03-05,264.45,3.2e-05,0.05
2024-03-06,265.29,0.000206,0.05
2024-03-07,264.46,0.000404,0.05
2024-03-08,265.18,0.000737,0.05
2024-03-09,266.14,0.000789,0.05
2024-03-10,269.44,0.000222,0.05
2024-03-11,269.75,0.000456,0.05
2024-03-12,268.67,3.5e-05,0.05
2024-03-13,267.88,0.002376,0.05
2024-03-14,267.39,2.6e-05,0.05
2024-03-15,267.49,0.001434,0.05
2024-03-16,266.92,0.000192,0.05
2024-03-17,267.49,0.000133,0.05
2024-03-18,267.19,0.000967,0.05
2024-03-19,266.52,0.007262,0.05
2024-03-20,267.46,0.011804,0.05
2024-03-21,267.59,0.009946,0.05
2024-03-22,268.61,0.003232,0.05
2024-03-23,266.5,0.006143,0.05
2024-03-24,269.53,0.001032,0.05
2024-03-25,267.97,0.001299,0.05
2024-03-26,269.21,0.001379,0.05
2024-03-27,271.16,0.005704,0.05
2024-03-28,272.53,0.006549,0.05
2024-03-29,273.12,0.004725,0.05
2024-03-30,272.61,0.002122,0.05
2024-03-31,271.0,7.8e-05,0.05
2024-04-01,271.69,0.000112,0.05
2024-04-02,272.14,0.00023,0.05
2024-04-03,271.36,0.000628,0.05
2024-04-04,271.57,0.000401,0.05
2024-04-05,271.25,0.000212,0.05
2024-04-06,270.39,0.001526,0.05
2024-04-07,270.25,0.002396,0.05
2024-04-08,268.81,0.006703,0.05
2024-04-09,268.44,0.000595,0.05
2024-04-10,268.55,0.001384,0.05
2024-04-11,269.19,0.001998,0.05
2024-04-12,270.37,0.002611,0.05
2024-04-13,271.16,0.003445,0.05
2024-04-14,272.17,0.00172,0.05
2024-04-15,274.12,0.002042,0.05
2024-04-16,273.86,0.005253,0.05
2024-04-17,274.31,0.000334,0.05
2024-04-18,274.96,0.005561,0.05
2024-04-19,274.89,0.002189,0.05
2024-04-20,273.73,0.000155,0.05
2024-04-21,274.12,0.0,0.05
2024-04-22,273.55,8.4e-05,0.05
2024-04-23,271.92,0.000256,0.05
2024-04-24,271.93,0.000809,0.05
2024-04-25,273.14,1.9e-05,0.05
2024-04-26,273.46,0.000438,0.05
2024-04-27,273.69,0.00014,0.05
2024-04-28,273.86,0.000189,0.05
2024-04-29,274.48,0.000253,0.05
2024-04-30,274.31,1e-06,0.05
2024-05-01,271.54,0.002004,0.05
2024-05-02,271.15,4.9e-05,0.05
2024-05-03,274.79,0.000109,0.05
2024-05-04,274.34,0.000592,0.05
2024-05-05,273.52,0.004406,0.05
2024-05-06,273.83,0.004049,0.05
2024-05-07,273.09,0.013853,0.05
2024-05-08,272.7,0.011291,0.05
2024-05-09,273.04,0.010874,0.05
2024-05-10,273.52,0.006194,0.05
2024-05-11,275.42,0.005517,0.05
2024-05-12,274.34,0.008039,0.05
2024-05-13,274.88,0.008408,0.05
2024-05-14,275.49,0.002754,0.05
2024-05-15,275.61,0.003357,0.05
2024-05-16,276.17,0.00196,0.05
2024-05-17,277.01,0.002976,0.05
2024-05-18,276.64,0.002088,0.05
2024-05-19,276.33,0.008507,0.05
2024-05-20,276.87,0.015414,0.05
2024-05-21,276.64,0.011935,0.05
2024-05-22,276.95,0.017165,0.05
2024-05-23,276.97,0.016227,0.05
2024-05-24,278.08,0.01053,0.05
2024-05-25,278.82,0.011744,0.05
2024-05-26,279.11,0.012331,0.05
2024-05-27,279.46,0.006851,0.05
2024-05-28,279.08,0.011087,0.05
2024-05-29,278.45,0.000128,0.05
2024-05-30,278.55,0.000303,0.05
2024-05-31,278.35,0.001968,0.05
2024-06-01,277.68,0.000295,0.05
2024-06-02,277.56,0.002145,0.05
2024-06-03,277.36,0.005813,0.05
2024-06-04,277.25,0.0041,0.05
2024-06-05,277.87,0.001392,0.05
2024-06-06,278.61,0.001735,0.05
2024-06-07,278.32,0.002782,0.05
2024-06-08,279.05,0.003011,0.05
2024-06-09,280.08,0.002182,0.05
2024-06-10,281.09,0.000744,0.05
2024-06-11,280.48,0.004838,0.05
2024-06-12,280.44,0.005845,0.05
2024-06-13,280.48,0.002565,0.05
2024-06-14,280.66,0.004065,0.05
2024-06-15,280.69,0.001438,0.05
2024-06-16,280.76,0.008074,0.05
2024-06-17,280.94,0.019027,0.05
2024-06-18,280.49,0.027271,0.05
2024-06-19,279.42,0.06834,0.05
2024-06-20,279.37,0.012563,0.05
2024-06-21,279.79,0.0097,0.05
2024-06-22,279.81,0.014183,0.05
2024-06-23,280.69,0.011965,0.05
2024-06-24,280.65,0.011801,0.05
2024-06-25,280.98,0.011247,0.05
2024-06-26,279.62,0.051941,0.05
2024-06-27,280.2,0.016167,0.05
2024-06-28,280.73,0.015275,0.05
2024-06-29,280.23,0.03501,0.05
2024-06-30,280.51,0.032604,0.05
2024-07-01,281.1,0.020376,0.05
2024-07-02,280.78,0.033654,0.05
2024-07-03,280.51,0.022329,0.05
2024-07-04,280.76,0.019251,0.05
2024-07-05,280.25,0.038117,0.05
2024-07-06,278.64,0.048068,0.05
2024-07-07,279.47,0.010622,0.05
2024-07-08,280.01,0.007522,0.05
2024-07-09,280.94,0.013502,0.05
2024-07-10,280.72,0.030163,0.05
2024-07-11,280.63,0.117381,0.05
2024-07-12,279.29,0.031888,0.05
2024-07-13,279.85,0.009711,0.05
2024-07-14,280.64,0.023356,0.05
2024-07-15,281.24,0.02976,0.05
2024-07-16,280.87,0.030038,0.05
2024-07-17,280.38,0.016185,0.05
2024-07-18,281.39,0.036004,0.05
2024-07-19,280.58,0.023697,0.05
2024-07-20,281.5,0.022607,0.05
2024-07-21,280.86,0.025204,0.05
2024-07-22,280.98,0.014055,0.05
2024-07-23,280.87,0.018893,0.05
2024-07-24,281.44,0.014719,0.05
2024-07-25,281.43,0.018582,0.05
2024-07-26,281.4,0.011364,0.05
2024-07-27,281.76,0.02281,0.05
2024-07-28,282.09,0.032379,0.05
2024-07-29,281.65,0.039585,0.05
2024-07-30,281.76,0.01278,0.05
2024-07-31,280.99,0.014384,0.05
2024-08-01,280.7,0.014031,0.05
2024-08-02,280.22,0.016868,0.05
2024-08-03,280.34,0.01659,0.05
2024-08-04,280.23,0.009204,0.05
2024-08-05,280.63,0.024609,0.05
2024-08-06,279.39,0.073838,0.05
2024-08-07,279.45,0.039781,0.05
2024-08-08,279.26,0.027583,0.05
2024-08-09,279.42,0.022304,0.05
2024-08-10,279.22,0.019316,0.05
2024-08-11,279.18,0.018617,0.05
2024-08-12,280.13,0.008629,0.05
2024-08-13,280.35,0.025478,0.05
2024-08-14,279.71,0.029339,0.05
2024-08-15,280.36,0.026004,0.05
2024-08-16,280.07,0.023689,0.05
2024-08-17,280.22,0.012363,0.05
2024-08-18,279.8,0.009235,0.05
2024-08-19,279.73,0.025131,0.05
2024-08-20,279.19,0.017497,0.05
2024-08-21,279.24,0.011948,0.05
2024-08-22,279.35,0.010803,0.05
2024-08-23,279.39,0.01845,0.05
2024-08-24,279.58,0.018221,0.05
2024-08-25,279.29,0.008926,0.05
2024-08-26,278.86,0.009651,0.05
2024-08-27,279.22,0.017035,0.05
2024-08-28,279.18,0.010506,0.05
2024-08-29,278.64,0.011016,0.05
2024-08-30,279.25,0.008748,0.05
2024-08-31,280.52,0.0162,0.05
2024-09-01,279.14,0.042908,0.05
2024-09-02,279.21,0.014526,0.05
2024-09-03,279.18,0.015328,0.05
2024-09-04,279.25,0.018038,0.05
2024-09-05,279.27,0.017219,0.05
2024-09-06,279.48,0.020827,0.05
2024-09-07,279.52,0.015594,0.05
2024-09-08,279.58,0.013452,0.05
2024-09-09,279.52,0.007881,0.05
2024-09-10,279.49,0.004466,0.05
2024-09-11,279.54,0.00858,0.05
2024-09-12,278.8,0.013851,0.05
2024-09-13,278.88,0.01029,0.05
2024-09-14,278.55,0.021212,0.05
2024-09-15,278.28,0.022121,0.05
2024-09-16,277.93,0.021006,0.05
2024-09-17,278.17,0.008487,0.05
2024-09-18,278.41,0.005547,0.05
2024-09-19,279.68,0.008043,0.05
2024-09-20,279.63,0.018742,0.05
2024-09-21,279.05,0.008764,0.05
2024-09-22,279.04,0.002764,0.05
2024-09-23,279.19,0.011802,0.05
2024-09-24,279.04,0.021482,0.05
2024-09-25,278.4,0.015589,0.05
2024-09-26,277.6,0.060021,0.05
2024-09-27,277.17,0.07075,0.05
2024-09-28,276.68,0.04058,0.05
2024-09-29,277.59,0.003793,0.05
2024-09-30,278.98,0.000987,0.05
2024-10-01,279.27,0.00248,0.05
2024-10-02,278.53,0.020207,0.05
2024-10-03,276.83,0.028119,0.05
2024-10-04,277.52,0.001614,0.05
2024-10-05,276.58,0.012132,0.05
2024-10-06,276.33,0.005025,0.05
2024-10-07,275.77,0.000706,0.05
2024-10-08,276.19,0.000316,0.05
2024-10-09,275.62,0.000352,0.05
2024-10-10,275.75,0.000289,0.05
2024-10-11,275.12,1.1e-05,0.05
2024-10-12,274.48,0.000339,0.05
2024-10-13,274.45,0.000376,0.05
2024-10-14,275.27,0.000966,0.05
2024-10-15,274.11,0.002901,0.05
2024-10-16,274.39,0.002511,0.05
2024-10-17,274.09,0.003585,0.05
2024-10-18,272.8,0.00057,0.05
2024-10-19,272.41,0.000856,0.05
2024-10-20,271.86,0.000903,0.05
2024-10-21,272.14,0.006416,0.05
2024-10-22,272.02,0.00139,0.05
2024-10-23,272.46,0.001261,0.05
2024-10-24,274.13,0.00098,0.05
2024-10-25,275.17,0.000732,0.05
2024-10-26,275.22,0.001058,0.05
2024-10-27,275.84,0.000461,0.05
2024-10-28,275.84,-0.0,0.05
2024-10-29,275.52,7.8e-05,0.05
2024-10-30,276.09,0.001396,0.05
