date,temperature_2m_k,total_precip_m_day,snow_depth_m_we
2016-01-01,250.58,0.000134,0.05
2016-01-02,245.49,0.000145,0.05
2016-01-03,245.07,0.000994,0.05
2016-01-04,254.69,0.009746,0.05
2016-01-05,249.68,0.001266,0.05
2016-01-06,248.33,0.000814,0.05
2016-01-07,251.26,0.002101,0.05
2016-01-08,250.71,0.001683,0.05
2016-01-09,248.88,1e-06,0.05
2016-01-10,249.65,1e-06,0.05
2016-01-11,250.32,0.000378,0.05
2016-01-12,250.69,0.001952,0.05
2016-01-13,243.02,0.000179,0.05
2016-01-14,250.21,0.002688,0.05
2016-01-15,248.47,0.000519,0.05
2016-01-16,248.09,0.0,0.05
2016-01-17,248.77,8.8e-05,0.05
2016-01-18,249.5,0.003447,0.05
2016-01-19,245.48,0.0,0.05
2016-01-20,245.43,0.0,0.05
2016-01-21,246.62,2e-06,0.05
2016-01-22,246.47,0.0,0.05
2016-01-23,245.64,2e-06,0.05
2016-01-24,246.62,1e-06,0.05
2016-01-25,248.08,0.0001,0.05
2016-01-26,250.69,0.001562,0.05
2016-01-27,253.76,0.003456,0.05
2016-01-28,256.36,0.00743,0.05
2016-01-29,259.17,0.010493,0.05
2016-01-30,257.77,0.003715,0.05
2016-01-31,249.46,0.000111,0.05
2016-02-01,245.06,0.000283,0.05
2016-02-02,246.02,1.9e-05,0.05
2016-02-03,244.75,4e-06,0.05
2016-02-04,249.33,0.000786,0.05
2016-02-05,249.7,0.001223,0.05
2016-02-06,253.27,0.002257,0.05
2016-02-07,250.17,2.9e-05,0.05
2016-02-08,250.58,1.1e-05,0.05
2016-02-09,253.07,0.002082,0.05
2016-02-10,255.72,0.00825,0.05
2016-02-11,255.5,0.005138,0.05
2016-02-12,252.05,0.001202,0.05
2016-02-13,250.28,0.000548,0.05
2016-02-14,253.24,0.003655,0.05
2016-02-15,252.5,0.000932,0.05
2016-02-16,246.55,1.4e-05,0.05
2016-02-17,245.54,0.000144,0.05
2016-02-18,247.34,0.000301,0.05
2016-02-19,253.05,0.010671,0.05
2016-02-20,256.12,0.003209,0.05
2016-02-21,251.52,0.000258,0.05
2016-02-22,248.37,2.7e-05,0.05
2016-02-23,251.66,0.0,0.05
2016-02-24,251.48,2e-06,0.05
2016-02-25,251.02,1e-06,0.05
2016-02-26,250.35,0.0,0.05
2016-02-27,251.09,1e-06,0.05
2016-02-28,250.56,3e-06,0.05
2016-02-29,251.62,1e-06,0.05
2016-03-01,251.6,2e-06,0.05
2016-03-02,254.73,4e-06,0.05
2016-03-03,255.78,0.00014,0.05
2016-03-04,250.77,6e-05,0.05
2016-03-05,252.47,4.2e-05,0.05
2016-03-06,256.98,0.000613,0.05
2016-03-07,251.87,0.000159,0.05
2016-03-08,252.02,9.8e-05,0.05
2016-03-09,252.17,6.5e-05,0.05
2016-03-10,258.75,0.000104,0.05
2016-03-11,263.04,0.007553,0.05
2016-03-12,263.83,0.011334,0.05
2016-03-13,263.61,0.011714,0.05
2016-03-14,262.18,0.008074,0.05
2016-03-15,257.85,0.000863,0.05
2016-03-16,257.03,0.004686,0.05
2016-03-17,261.3,0.010872,0.05
2016-03-18,262.96,0.013933,0.05
2016-03-19,261.99,0.007983,0.05
2016-03-20,261.3,0.009054,0.05
2016-03-21,258.94,0.001743,0.05
2016-03-22,255.11,4e-06,0.05
2016-03-23,257.39,7e-05,0.05
2016-03-24,259.72,0.011936,0.05
2016-03-25,264.0,0.021424,0.05
2016-03-26,263.64,0.012465,0.05
2016-03-27,255.96,0.00021,0.05
2016-03-28,257.16,0.000282,0.05
2016-03-29,255.47,0.000161,0.05
2016-03-30,254.17,7.7e-05,0.05
2016-03-31,260.53,0.00549,0.05
2016-04-01,264.68,0.005293,0.05
2016-04-02,268.33,0.02317,0.05
2016-04-03,268.18,0.031192,0.05
2016-04-04,265.33,0.002087,0.05
2016-04-05,264.02,0.001935,0.05
2016-04-06,263.66,0.004619,0.05
2016-04-07,256.21,0.000202,0.05
2016-04-08,257.95,0.000433,0.05
2016-04-09,263.18,0.007497,0.05
2016-04-10,264.35,0.001496,0.05
2016-04-11,264.74,0.002002,0.05
2016-04-12,262.98,0.001173,0.05
2016-04-13,258.28,0.001054,0.05
2016-04-14,259.12,1e-05,0.05
2016-04-15,263.46,0.001318,0.05
2016-04-16,261.33,0.001151,0.05
2016-04-17,264.77,0.008353,0.05
2016-04-18,264.14,0.000542,0.05
2016-04-19,263.42,0.000715,0.05
2016-04-20,264.19,0.000925,0.05
2016-04-21,263.74,0.004417,0.05
2016-04-22,263.78,0.004616,0.05
2016-04-23,263.14,0.001809,0.05
2016-04-24,262.33,0.000247,0.05
2016-04-25,255.8,9.4e-05,0.05
2016-04-26,261.21,0.000644,0.05
2016-04-27,261.58,0.001909,0.05
2016-04-28,257.13,0.000103,0.05
2016-04-29,262.01,0.0,0.05
2016-04-30,262.85,0.0,0.05
2016-05-01,262.51,1e-06,0.05
2016-05-02,262.85,2e-06,0.05
2016-05-03,265.4,0.000207,0.05
2016-05-04,266.69,0.004812,0.05
2016-05-05,264.48,0.003754,0.05
2016-05-06,260.72,6.2e-05,0.05
2016-05-07,264.86,6e-06,0.05
2016-05-08,268.07,0.0,0.05
2016-05-09,268.06,0.0,0.05
2016-05-10,268.43,4.7e-05,0.05
2016-05-11,267.92,0.0014,0.05
2016-05-12,267.83,0.005276,0.05
2016-05-13,266.94,0.000238,0.05
2016-05-14,268.75,0.005761,0.05
2016-05-15,268.98,0.000246,0.05
2016-05-16,267.07,0.000312,0.05
2016-05-17,263.31,0.00012,0.05
2016-05-18,264.96,8.1e-05,0.05
2016-05-19,267.54,0.000101,0.05
2016-05-20,265.25,0.00012,0.05
2016-05-21,263.34,3.3e-05,0.05
2016-05-22,264.55,2.4e-05,0.05
2016-05-23,269.15,0.0012,0.05
2016-05-24,271.68,0.014471,0.05
2016-05-25,270.67,0.003569,0.05
2016-05-26,267.75,6.5e-05,0.05
2016-05-27,265.88,0.000118,0.05
2016-05-28,266.66,5.7e-05,0.05
2016-05-29,265.82,9.3e-05,0.05
2016-05-30,264.62,7.4e-05,0.05
2016-05-31,263.0,9e-05,0.05
2016-06-01,265.82,8.9e-05,0.05
2016-06-02,271.39,0.001198,0.05
2016-06-03,270.69,0.004199,0.05
2016-06-04,268.59,9e-05,0.05
2016-06-05,266.0,8.4e-05,0.05
2016-06-06,267.82,4.3e-05,0.05
2016-06-07,269.77,2.8e-05,0.05
2016-06-08,268.79,0.000135,0.05
2016-06-09,272.11,8e-05,0.05
2016-06-10,271.33,0.000105,0.05
2016-06-11,272.59,0.000391,0.05
2016-06-12,274.24,0.000414,0.05
2016-06-13,272.71,0.000133,0.05
2016-06-14,271.74,3.6e-05,0.05
2016-06-15,273.58,0.000317,0.05
2016-06-16,275.65,0.003186,0.05
2016-06-17,275.03,0.000316,0.05
2016-06-18,270.83,0.000164,0.05
2016-06-19,270.67,5.8e-05,0.05
2016-06-20,272.47,3.5e-05,0.05
2016-06-21,275.4,0.001049,0.05
2016-06-22,274.39,0.008332,0.05
2016-06-23,274.03,0.001972,0.05
2016-06-24,271.68,8.4e-05,0.05
2016-06-25,273.63,2.9e-05,0.05
2016-06-26,273.86,7.7e-05,0.05
2016-06-27,274.52,0.000295,0.05
2016-06-28,276.73,0.000777,0.05
2016-06-29,276.07,0.000301,0.05
2016-06-30,273.46,0.000114,0.05
2016-07-01,274.28,4.5e-05,0.05
2016-07-02,276.7,0.00012,0.05
2016-07-03,277.36,0.003062,0.05
2016-07-04,276.98,0.001107,0.05
2016-07-05,277.26,0.003913,0.05
2016-07-06,276.59,0.011012,0.05
2016-07-07,275.51,0.004105,0.05
2016-07-08,275.48,0.000319,0.05
2016-07-09,277.94,0.000615,0.05
2016-07-10,278.11,0.000583,0.05
2016-07-11,280.05,0.001281,0.05
2016-07-12,279.77,0.002028,0.05
2016-07-13,282.66,0.001661,0.05
2016-07-14,283.29,0.009168,0.05
2016-07-15,281.41,0.022836,0.05
2016-07-16,279.92,0.00095,0.05
2016-07-17,279.55,0.00853,0.05
2016-07-18,277.71,0.015979,0.05
2016-07-19,274.01,0.010147,0.05
2016-07-20,271.12,0.000152,0.05
2016-07-21,276.74,0.000201,0.05
2016-07-22,280.46,0.00039,0.05
2016-07-23,280.59,0.000492,0.05
2016-07-24,282.57,0.000747,0.05
2016-07-25,282.33,0.000501,0.05
2016-07-26,281.38,0.000402,0.05
2016-07-27,281.81,0.003141,0.05
2016-07-28,281.08,0.004897,0.05
2016-07-29,281.55,0.001298,0.05
2016-07-30,281.89,0.004261,0.05
2016-07-31,281.14,0.004829,0.05
2016-08-01,281.15,0.003204,0.05
2016-08-02,280.87,0.005929,0.05
2016-08-03,281.76,0.003675,0.05
2016-08-04,281.29,0.001247,0.05
2016-08-05,281.56,0.001015,0.05
2016-08-06,283.83,0.004914,0.05
2016-08-07,283.8,0.010935,0.05
2016-08-08,282.48,0.00993,0.05
2016-08-09,282.29,0.005852,0.05
2016-08-10,281.61,0.01098,0.05
2016-08-11,279.92,0.009715,0.05
2016-08-12,279.91,0.007629,0.05
2016-08-13,278.82,0.005768,0.05
2016-08-14,278.56,0.003819,0.05
2016-08-15,278.36,0.012064,0.05
2016-08-16,276.76,0.006429,0.05
2016-08-17,275.89,0.006756,0.05
2016-08-18,277.09,0.005973,0.05
2016-08-19,278.55,0.002042,0.05
2016-08-20,278.28,0.005866,0.05
2016-08-21,277.74,0.006409,0.05
2016-08-22,277.79,0.006513,0.05
2016-08-23,278.5,0.002491,0.05
2016-08-24,278.31,0.001766,0.05
2016-08-25,280.8,0.000988,0.05
2016-08-26,280.67,0.00799,0.05
2016-08-27,279.28,0.01132,0.05
2016-08-28,278.84,0.005944,0.05
2016-08-29,277.96,0.00699,0.05
2016-08-30,276.69,0.009197,0.05
2016-08-31,276.06,0.007428,0.05
2016-09-01,275.33,0.008993,0.05
2016-09-02,273.91,0.004975,0.05
2016-09-03,273.73,0.000176,0.05
2016-09-04,275.44,0.000349,0.05
2016-09-05,277.61,0.000758,0.05
2016-09-06,277.37,0.003701,0.05
2016-09-07,277.96,0.000994,0.05
2016-09-08,278.13,0.000254,0.05
2016-09-09,276.76,0.000129,0.05
2016-09-10,279.33,0.000464,0.05
2016-09-11,279.16,0.001125,0.05
2016-09-12,276.99,0.009063,0.05
2016-09-13,274.88,0.005043,0.05
2016-09-14,272.98,0.004164,0.05
2016-09-15,271.06,0.003032,0.05
2016-09-16,270.22,0.000697,0.05
2016-09-17,269.46,0.000109,0.05
2016-09-18,270.24,4.4e-05,0.05
2016-09-19,273.27,2.4e-05,0.05
2016-09-20,275.93,0.000327,0.05
2016-09-21,274.52,0.004847,0.05
2016-09-22,273.61,0.002477,0.05
2016-09-23,272.27,0.000146,0.05
2016-09-24,272.94,0.00033,0.05
2016-09-25,272.41,0.000786,0.05
2016-09-26,274.5,0.000205,0.05
2016-09-27,276.56,0.000392,0.05
2016-09-28,276.77,0.00016,0.05
2016-09-29,276.68,3.5e-05,0.05
2016-09-30,275.45,0.001188,0.05
2016-10-01,274.21,0.000962,0.05
2016-10-02,275.03,0.002547,0.05
2016-10-03,274.35,0.001353,0.05
2016-10-04,272.79,0.000974,0.05
2016-10-05,271.54,0.004538,0.05
2016-10-06,270.34,0.010088,0.05
2016-10-07,265.28,0.004404,0.05
2016-10-08,262.23,0.003475,0.05
2016-10-09,260.49,0.001995,0.05
2016-10-10,254.57,0.000204,0.05
2016-10-11,251.4,6e-05,0.05
2016-10-12,254.69,4.5e-05,0.05
2016-10-13,258.18,0.000371,0.05
2016-10-14,261.8,0.000527,0.05
2016-10-15,255.6,0.000207,0.05
2016-10-16,256.17,0.00052,0.05
2016-10-17,256.29,0.000165,0.05
2016-10-18,258.12,0.000933,0.05
2016-10-19,265.57,0.004007,0.05
2016-10-20,264.64,0.008058,0.05
2016-10-21,261.89,0.001318,0.05
2016-10-22,260.65,0.003267,0.05
2016-10-23,261.03,0.002261,0.05
2016-10-24,260.07,0.001165,0.05
2016-10-25,259.79,0.001595,0.05
2016-10-26,256.8,0.000658,0.05
2016-10-27,249.05,0.000112,0.05
2016-10-28,249.7,3.3e-05,0.05
2016-10-29,253.08,1.5e-05,0.05
2016-10-30,255.73,1e-05,0.05
2016-10-31,251.61,0.000119,0.05
2016-11-01,249.22,9.2e-05,0.05
2016-11-02,253.32,9e-06,0.05
2016-11-03,254.73,0.00034,0.05
2016-11-04,259.04,0.004568,0.05
2016-11-05,249.99,0.000112,0.05
2016-11-06,251.27,0.000239,0.05
2016-11-07,246.01,3.8e-05,0.05
2016-11-08,249.36,1.9e-05,0.05
2016-11-09,253.43,1.2e-05,0.05
2016-11-10,254.09,0.000612,0.05
2016-11-11,255.23,0.003293,0.05
2016-11-12,249.17,0.000237,0.05
2016-11-13,248.89,1.9e-05,0.05
2016-11-14,249.58,8e-06,0.05
2016-11-15,245.03,8.7e-05,0.05
2016-11-16,246.8,0.000202,0.05
2016-11-17,250.2,0.000327,0.05
2016-11-18,249.09,0.000147,0.05
2016-11-19,251.28,0.001178,0.05
2016-11-20,262.34,0.012807,0.05
2016-11-21,263.52,0.015807,0.05
2016-11-22,263.2,0.00688,0.05
2016-11-23,261.05,0.016143,0.05
2016-11-24,261.2,0.004473,0.05
2016-11-25,261.36,0.006897,0.05
2016-11-26,263.48,0.007638,0.05
2016-11-27,254.69,0.000973,0.05
2016-11-28,250.73,0.000141,0.05
2016-11-29,255.19,0.003662,0.05
2016-11-30,259.54,0.00409,0.05
2016-12-01,250.74,0.000518,0.05
2016-12-02,250.04,5e-06,0.05
2016-12-03,254.55,4e-06,0.05
2016-12-04,255.27,0.000246,0.05
2016-12-05,245.08,5.5e-05,0.05
2016-12-06,246.88,1.3e-05,0.05
2016-12-07,253.4,5e-06,0.05
2016-12-08,254.07,0.000218,0.05
2016-12-09,254.29,0.002203,0.05
2016-12-10,257.98,0.011706,0.05
2016-12-11,254.43,0.001176,0.05
2016-12-12,252.73,0.003878,0.05
2016-12-13,252.46,0.002351,0.05
2016-12-14,246.76,2.2e-05,0.05
2016-12-15,252.05,7.7e-05,0.05
2016-12-16,250.62,4.8e-05,0.05
2016-12-17,245.73,3.1e-05,0.05
2016-12-18,244.93,0.000766,0.05
2016-12-19,255.03,0.002181,0.05
2016-12-20,247.66,0.000278,0.05
2016-12-21,251.12,3e-06,0.05
2016-12-22,252.73,1.2e-05,0.05
2016-12-23,251.69,0.003246,0.05
2016-12-24,249.56,0.000631,0.05
2016-12-25,244.7,9e-06,0.05
2016-12-26,249.21,3e-06,0.05
2016-12-27,251.59,0.000477,0.05
2016-12-28,246.63,0.000702,0.05
2016-12-29,253.39,0.002016,0.05
2016-12-30,244.58,0.0002,0.05
2016-12-31,242.83,4.3e-05,0.05
2017-01-01,240.98,2.7e-05,0.05
2017-01-02,244.76,0.000366,0.05
2017-01-03,252.08,0.007019,0.05
2017-01-04,254.82,0.00872,0.05
2017-01-05,253.52,0.002423,0.05
2017-01-06,255.13,0.006559,0.05
2017-01-07,254.27,0.003669,0.05
2017-01-08,252.71,0.002009,0.05
2017-01-09,246.49,0.000703,0.05
2017-01-10,243.94,0.0,0.05
2017-01-11,241.59,3e-06,0.05
2017-01-12,241.93,5.9e-05,0.05
2017-01-13,243.61,0.000939,0.05
2017-01-14,244.35,0.00083,0.05
2017-01-15,247.26,0.0004,0.05
2017-01-16,248.59,0.000976,0.05
2017-01-17,247.93,0.00038,0.05
2017-01-18,248.79,0.002152,0.05
2017-01-19,248.36,0.000786,0.05
2017-01-20,245.66,0.000394,0.05
2017-01-21,250.46,0.002082,0.05
2017-01-22,253.78,0.004155,0.05
2017-01-23,257.28,0.008965,0.05
2017-01-24,261.14,0.013551,0.05
2017-01-25,261.21,0.015917,0.05
2017-01-26,261.46,0.013701,0.05
2017-01-27,258.99,0.003278,0.05
2017-01-28,257.35,0.004473,0.05
2017-01-29,257.12,0.003927,0.05
2017-01-30,258.38,0.00503,0.05
2017-01-31,254.96,0.001308,0.05
2017-02-01,250.03,0.000395,0.05
2017-02-02,253.86,0.004738,0.05
2017-02-03,259.73,0.016893,0.05
2017-02-04,261.52,0.024707,0.05
2017-02-05,257.56,0.00444,0.05
2017-02-06,247.81,0.000494,0.05
2017-02-07,249.17,0.001107,0.05
2017-02-08,254.86,0.005931,0.05
2017-02-09,250.92,0.000858,0.05
2017-02-10,247.61,4.6e-05,0.05
2017-02-11,251.88,0.000663,0.05
2017-02-12,252.08,0.000577,0.05
2017-02-13,246.53,5.1e-05,0.05
2017-02-14,252.57,0.001706,0.05
2017-02-15,257.94,0.010468,0.05
2017-02-16,260.23,0.003453,0.05
2017-02-17,262.75,0.006038,0.05
2017-02-18,265.49,0.018045,0.05
2017-02-19,263.99,0.01659,0.05
2017-02-20,258.56,0.00336,0.05
2017-02-21,255.15,0.001835,0.05
2017-02-22,252.37,0.00059,0.05
2017-02-23,248.56,5.4e-05,0.05
2017-02-24,249.05,0.000604,0.05
2017-02-25,249.27,0.000513,0.05
2017-02-26,247.18,6e-06,0.05
2017-02-27,247.22,1.9e-05,0.05
2017-02-28,252.61,0.000728,0.05
2017-03-01,255.56,0.007375,0.05
2017-03-02,257.38,0.003969,0.05
2017-03-03,254.91,0.003332,0.05
2017-03-04,252.52,0.000655,0.05
2017-03-05,246.14,4.3e-05,0.05
2017-03-06,249.95,0.000211,0.05
2017-03-07,253.78,0.002996,0.05
2017-03-08,256.4,0.004326,0.05
2017-03-09,257.32,0.005284,0.05
2017-03-10,257.69,0.005146,0.05
2017-03-11,257.55,0.003459,0.05
2017-03-12,253.59,0.000607,0.05
2017-03-13,253.61,0.000778,0.05
2017-03-14,252.54,0.000873,0.05
2017-03-15,256.26,0.001766,0.05
2017-03-16,256.26,0.001325,0.05
2017-03-17,253.47,0.000308,0.05
2017-03-18,249.61,0.000246,0.05
2017-03-19,251.92,0.00039,0.05
2017-03-20,253.8,0.000469,0.05
2017-03-21,261.09,0.008158,0.05
2017-03-22,264.56,0.018722,0.05
2017-03-23,263.44,0.006601,0.05
2017-03-24,254.63,0.000137,0.05
2017-03-25,259.35,0.001184,0.05
2017-03-26,258.94,0.000436,0.05
2017-03-27,263.88,0.003617,0.05
2017-03-28,266.31,0.013904,0.05
2017-03-29,264.6,0.003395,0.05
2017-03-30,261.97,0.000708,0.05
2017-03-31,264.49,0.005919,0.05
2017-04-01,261.97,0.003226,0.05
2017-04-02,260.0,0.00307,0.05
2017-04-03,260.65,0.00545,0.05
2017-04-04,265.24,0.015123,0.05
2017-04-05,265.32,0.013348,0.05
2017-04-06,264.55,0.015441,0.05
2017-04-07,262.59,0.005797,0.05
2017-04-08,259.78,0.002275,0.05
2017-04-09,251.93,0.00017,0.05
2017-04-10,255.85,2e-06,0.05
2017-04-11,258.35,0.0,0.05
2017-04-12,259.12,2e-06,0.05
2017-04-13,260.89,0.00053,0.05
2017-04-14,256.07,2.5e-05,0.05
2017-04-15,261.77,2e-06,0.05
2017-04-16,264.59,0.0,0.05
2017-04-17,264.85,3e-06,0.05
2017-04-18,266.87,0.000135,0.05
2017-04-19,267.02,0.00554,0.05
2017-04-20,265.32,0.000843,0.05
2017-04-21,267.76,0.003621,0.05
2017-04-22,268.76,0.005958,0.05
2017-04-23,268.91,0.003886,0.05
2017-04-24,268.3,0.002534,0.05
2017-04-25,264.3,0.000124,0.05
2017-04-26,261.74,0.00015,0.05
2017-04-27,262.62,0.000344,0.05
2017-04-28,261.27,0.000952,0.05
2017-04-29,264.29,0.014872,0.05
2017-04-30,259.43,0.000218,0.05
2017-05-01,257.89,1e-05,0.05
2017-05-02,255.51,4.3e-05,0.05
2017-05-03,259.42,8.8e-05,0.05
2017-05-04,260.64,0.00025,0.05
2017-05-05,262.6,0.000434,0.05
2017-05-06,263.75,0.000157,0.05
2017-05-07,263.49,0.000153,0.05
2017-05-08,264.17,0.000172,0.05
2017-05-09,262.74,0.000156,0.05
2017-05-10,266.13,9.8e-05,0.05
2017-05-11,268.52,0.004559,0.05
2017-05-12,266.55,0.000109,0.05
2017-05-13,268.45,6.9e-05,0.05
2017-05-14,268.9,7.3e-05,0.05
2017-05-15,270.12,6.2e-05,0.05
2017-05-16,270.16,0.001101,0.05
2017-05-17,271.26,0.008875,0.05
2017-05-18,270.47,0.000118,0.05
2017-05-19,266.27,0.000145,0.05
2017-05-20,268.38,3.4e-05,0.05
2017-05-21,270.85,0.0,0.05
2017-05-22,272.41,8e-06,0.05
2017-05-23,269.99,2.3e-05,0.05
2017-05-24,269.81,1.3e-05,0.05
2017-05-25,266.36,5.3e-05,0.05
2017-05-26,267.19,4.8e-05,0.05
2017-05-27,266.63,3.3e-05,0.05
2017-05-28,267.36,3.5e-05,0.05
2017-05-29,270.41,2.1e-05,0.05
2017-05-30,269.81,0.000358,0.05
2017-05-31,271.64,0.004415,0.05
2017-06-01,270.55,0.000163,0.05
2017-06-02,268.92,2.9e-05,0.05
2017-06-03,267.86,3.5e-05,0.05
2017-06-04,272.3,5.1e-05,0.05
2017-06-05,274.26,0.00112,0.05
2017-06-06,273.23,0.006748,0.05
2017-06-07,270.73,4e-05,0.05
2017-06-08,272.72,9e-06,0.05
2017-06-09,273.39,1.4e-05,0.05
2017-06-10,273.51,6.5e-05,0.05
2017-06-11,273.49,4.1e-05,0.05
2017-06-12,272.16,3.1e-05,0.05
2017-06-13,271.57,3.6e-05,0.05
2017-06-14,273.27,0.000247,0.05
2017-06-15,273.32,0.000113,0.05
2017-06-16,273.08,3.2e-05,0.05
2017-06-17,275.63,5.7e-05,0.05
2017-06-18,274.67,0.000251,0.05
2017-06-19,276.84,0.000115,0.05
2017-06-20,276.36,0.00765,0.05
2017-06-21,274.99,0.012069,0.05
2017-06-22,275.67,0.001327,0.05
2017-06-23,274.88,3.7e-05,0.05
2017-06-24,279.22,0.000125,0.05
2017-06-25,280.36,0.002695,0.05
2017-06-26,281.21,0.00176,0.05
2017-06-27,280.22,0.006787,0.05
2017-06-28,279.0,0.010411,0.05
2017-06-29,277.04,0.008708,0.05
2017-06-30,278.21,0.003327,0.05
2017-07-01,277.6,0.001763,0.05
2017-07-02,278.32,0.006605,0.05
2017-07-03,277.87,0.006805,0.05
2017-07-04,278.49,0.00501,0.05
2017-07-05,276.92,0.008117,0.05
2017-07-06,279.15,0.002552,0.05
2017-07-07,281.17,0.002657,0.05
2017-07-08,282.04,0.00194,0.05
2017-07-09,281.57,0.001249,0.05
2017-07-10,279.47,4.1e-05,0.05
2017-07-11,282.53,0.001417,0.05
2017-07-12,282.08,0.009545,0.05
2017-07-13,281.17,0.004653,0.05
2017-07-14,282.14,0.00135,0.05
2017-07-15,281.65,0.005866,0.05
2017-07-16,282.31,0.003494,0.05
2017-07-17,282.63,0.008641,0.05
2017-07-18,282.1,0.010125,0.05
2017-07-19,281.79,0.006515,0.05
2017-07-20,282.15,0.002982,0.05
2017-07-21,283.32,0.001353,0.05
2017-07-22,282.86,0.003406,0.05
2017-07-23,282.0,0.008222,0.05
2017-07-24,281.46,0.007628,0.05
2017-07-25,282.47,0.002308,0.05
2017-07-26,283.07,0.000734,0.05
2017-07-27,284.68,0.00028,0.05
2017-07-28,284.36,0.001391,0.05
2017-07-29,284.55,0.006468,0.05
2017-07-30,285.31,0.001336,0.05
2017-07-31,282.69,8.2e-05,0.05
2017-08-01,283.68,0.000356,0.05
2017-08-02,284.06,0.00423,0.05
2017-08-03,283.88,0.010148,0.05
2017-08-04,282.08,0.007262,0.05
2017-08-05,283.16,0.001198,0.05
2017-08-06,284.41,0.000525,0.05
2017-08-07,284.64,0.001479,0.05
2017-08-08,284.08,0.004953,0.05
2017-08-09,283.58,0.00255,0.05
2017-08-10,282.55,0.005703,0.05
2017-08-11,280.22,0.010681,0.05
2017-08-12,281.43,0.000744,0.05
2017-08-13,279.95,0.004576,0.05
2017-08-14,275.96,0.019295,0.05
2017-08-15,274.24,0.003436,0.05
2017-08-16,274.0,0.001562,0.05
2017-08-17,276.31,0.000788,0.05
2017-08-18,278.06,0.001242,0.05
2017-08-19,278.2,0.0034,0.05
2017-08-20,279.07,0.004488,0.05
2017-08-21,280.45,0.001811,0.05
2017-08-22,281.4,0.00148,0.05
2017-08-23,281.56,0.001935,0.05
2017-08-24,279.38,0.013792,0.05
2017-08-25,276.56,0.011766,0.05
2017-08-26,274.72,0.009721,0.05
2017-08-27,273.45,0.00564,0.05
2017-08-28,272.12,0.00025,0.05
2017-08-29,275.85,0.000825,0.05
2017-08-30,277.68,0.001527,0.05
2017-08-31,278.46,0.005652,0.05
2017-09-01,277.5,0.005083,0.05
2017-09-02,276.87,0.002217,0.05
2017-09-03,274.85,0.001048,0.05
2017-09-04,274.92,0.00066,0.05
2017-09-05,275.99,0.00279,0.05
2017-09-06,275.87,0.004373,0.05
2017-09-07,275.24,0.000878,0.05
2017-09-08,276.53,0.000288,0.05
2017-09-09,279.55,0.0,0.05
2017-09-10,277.8,0.009801,0.05
2017-09-11,272.89,0.005763,0.05
2017-09-12,270.94,0.000537,0.05
2017-09-13,270.67,0.000836,0.05
2017-09-14,271.92,0.004159,0.05
2017-09-15,271.88,0.00252,0.05
2017-09-16,271.98,0.00365,0.05
2017-09-17,271.99,0.002516,0.05
2017-09-18,272.42,0.000218,0.05
2017-09-19,272.97,0.000518,0.05
2017-09-20,273.79,0.001516,0.05
2017-09-21,273.66,0.002834,0.05
2017-09-22,273.7,0.004225,0.05
2017-09-23,274.27,0.001621,0.05
2017-09-24,273.12,0.008276,0.05
2017-09-25,272.11,0.001624,0.05
2017-09-26,270.32,0.000193,0.05
2017-09-27,270.81,0.001758,0.05
2017-09-28,270.42,0.002099,0.05
2017-09-29,271.28,0.002056,0.05
2017-09-30,272.16,0.003606,0.05
2017-10-01,270.14,0.004305,0.05
2017-10-02,266.92,0.000274,0.05
2017-10-03,267.73,0.001467,0.05
2017-10-04,270.15,0.006599,0.05
2017-10-05,271.1,0.010216,0.05
2017-10-06,270.2,0.009766,0.05
2017-10-07,268.53,0.005222,0.05
2017-10-08,263.21,0.000266,0.05
2017-10-09,255.91,0.0001,0.05
2017-10-10,257.52,4.3e-05,0.05
2017-10-11,258.58,6.3e-05,0.05
2017-10-12,261.54,0.000328,0.05
2017-10-13,261.49,0.001072,0.05
2017-10-14,262.05,0.003686,0.05
2017-10-15,263.27,0.003794,0.05
2017-10-16,254.93,0.000158,0.05
2017-10-17,254.2,0.000133,0.05
2017-10-18,256.67,0.000247,0.05
2017-10-19,262.47,0.001512,0.05
2017-10-20,261.07,0.000629,0.05
2017-10-21,255.04,0.000158,0.05
2017-10-22,259.66,0.000771,0.05
2017-10-23,262.68,0.001824,0.05
2017-10-24,255.68,0.000614,0.05
2017-10-25,255.44,7e-06,0.05
2017-10-26,257.14,7e-06,0.05
2017-10-27,254.1,4.1e-05,0.05
2017-10-28,255.51,2.2e-05,0.05
2017-10-29,257.14,1e-05,0.05
2017-10-30,259.77,5e-06,0.05
2017-10-31,257.57,1.2e-05,0.05
2017-11-01,258.89,6e-06,0.05
2017-11-02,258.67,3e-06,0.05
2017-11-03,257.2,5e-06,0.05
2017-11-04,260.32,4e-06,0.05
2017-11-05,257.37,6.8e-05,0.05
2017-11-06,254.16,0.000102,0.05
2017-11-07,255.67,5.9e-05,0.05
2017-11-08,257.41,0.000451,0.05
2017-11-09,256.4,0.000229,0.05
2017-11-10,259.15,0.00107,0.05
2017-11-11,259.16,0.000399,0.05
2017-11-12,257.29,0.000328,0.05
2017-11-13,258.57,0.000298,0.05
2017-11-14,261.32,0.000905,0.05
2017-11-15,260.61,0.004433,0.05
2017-11-16,257.41,0.002455,0.05
2017-11-17,253.19,0.00143,0.05
2017-11-18,255.1,0.003147,0.05
2017-11-19,247.87,0.000352,0.05
2017-11-20,244.05,3.1e-05,0.05
2017-11-21,246.79,1e-06,0.05
2017-11-22,246.44,2e-06,0.05
2017-11-23,249.46,1e-06,0.05
2017-11-24,252.9,0.000275,0.05
2017-11-25,255.06,0.002061,0.05
2017-11-26,255.45,0.0014,0.05
2017-11-27,252.4,0.00125,0.05
2017-11-28,249.36,0.000384,0.05
2017-11-29,247.63,0.000525,0.05
2017-11-30,245.53,0.000172,0.05
2017-12-01,246.52,0.001196,0.05
2017-12-02,257.3,0.003449,0.05
2017-12-03,259.1,0.002655,0.05
2017-12-04,257.65,0.002072,0.05
2017-12-05,254.69,0.000815,0.05
2017-12-06,250.84,0.000543,0.05
2017-12-07,242.85,3.9e-05,0.05
2017-12-08,249.13,4.5e-05,0.05
2017-12-09,256.43,0.000101,0.05
2017-12-10,255.4,0.000933,0.05
2017-12-11,257.72,0.009121,0.05
2017-12-12,258.55,0.005458,0.05
2017-12-13,255.53,0.005468,0.05
2017-12-14,254.95,0.00478,0.05
2017-12-15,255.17,0.003364,0.05
2017-12-16,255.44,0.002088,0.05
2017-12-17,250.11,0.000813,0.05
2017-12-18,253.44,0.002969,0.05
2017-12-19,254.21,0.002735,0.05
2017-12-20,256.56,0.005253,0.05
2017-12-21,256.38,0.004773,0.05
2017-12-22,247.34,0.000197,0.05
2017-12-23,250.78,0.001804,0.05
2017-12-24,245.44,0.000156,0.05
2017-12-25,245.78,1e-05,0.05
2017-12-26,250.52,0.005109,0.05
2017-12-27,252.57,0.008588,0.05
2017-12-28,249.04,0.00025,0.05
2017-12-29,245.35,1e-06,0.05
2017-12-30,245.16,1e-06,0.05
2017-12-31,245.66,4e-05,0.05
2018-01-01,243.19,3e-06,0.05
2018-01-02,243.4,4e-06,0.05
2018-01-03,244.94,0.000145,0.05
2018-01-04,247.84,0.00195,0.05
2018-01-05,249.34,0.002581,0.05
2018-01-06,245.33,0.000134,0.05
2018-01-07,244.32,3e-06,0.05
2018-01-08,244.68,0.000123,0.05
2018-01-09,244.59,0.000346,0.05
2018-01-10,241.43,7.4e-05,0.05
2018-01-11,247.73,2e-06,0.05
2018-01-12,247.92,1e-06,0.05
2018-01-13,249.9,0.000235,0.05
2018-01-14,248.2,0.001543,0.05
2018-01-15,245.15,1.2e-05,0.05
2018-01-16,250.71,0.001136,0.05
2018-01-17,253.67,0.008547,0.05
2018-01-18,252.74,0.000983,0.05
2018-01-19,249.5,0.000869,0.05
2018-01-20,246.86,4e-06,0.05
2018-01-21,249.48,0.0,0.05
2018-01-22,248.98,2e-06,0.05
2018-01-23,248.31,0.000222,0.05
2018-01-24,245.74,4.6e-05,0.05
2018-01-25,246.54,5.6e-05,0.05
2018-01-26,245.32,0.000157,0.05
2018-01-27,248.18,0.001784,0.05
2018-01-28,253.67,0.00507,0.05
2018-01-29,257.84,0.008818,0.05
2018-01-30,258.22,0.002464,0.05
2018-01-31,256.17,0.008699,0.05
2018-02-01,255.68,0.00189,0.05
2018-02-02,250.99,0.001797,0.05
2018-02-03,253.35,0.001838,0.05
2018-02-04,246.55,6.1e-05,0.05
2018-02-05,246.44,5.5e-05,0.05
2018-02-06,243.69,0.00013,0.05
2018-02-07,244.68,0.000198,0.05
2018-02-08,243.04,7.4e-05,0.05
2018-02-09,244.07,6.1e-05,0.05
2018-02-10,249.03,0.001419,0.05
2018-02-11,252.02,0.002422,0.05
2018-02-12,255.15,0.007414,0.05
2018-02-13,254.75,0.001308,0.05
2018-02-14,253.34,0.001761,0.05
2018-02-15,256.85,0.005891,0.05
2018-02-16,255.83,0.00337,0.05
2018-02-17,250.62,8.1e-05,0.05
2018-02-18,248.28,0.000137,0.05
2018-02-19,249.99,3e-06,0.05
2018-02-20,252.4,0.000878,0.05
2018-02-21,254.42,0.00305,0.05
2018-02-22,251.17,0.000374,0.05
2018-02-23,251.36,0.000764,0.05
2018-02-24,258.04,0.005501,0.05
2018-02-25,256.62,0.000459,0.05
2018-02-26,255.85,0.003511,0.05
2018-02-27,260.38,0.006128,0.05
2018-02-28,260.18,0.002834,0.05
2018-03-01,262.11,0.005791,0.05
2018-03-02,263.72,0.014882,0.05
2018-03-03,261.9,0.004033,0.05
2018-03-04,255.79,0.000765,0.05
2018-03-05,251.57,0.000612,0.05
2018-03-06,251.52,2.3e-05,0.05
2018-03-07,253.06,0.0,0.05
2018-03-08,253.36,1.3e-05,0.05
2018-03-09,253.3,0.000721,0.05
2018-03-10,247.13,7.6e-05,0.05
2018-03-11,249.19,0.00011,0.05
2018-03-12,257.48,0.004053,0.05
2018-03-13,261.06,0.015134,0.05
2018-03-14,262.25,0.01893,0.05
2018-03-15,260.84,0.002664,0.05
2018-03-16,253.78,0.000346,0.05
2018-03-17,251.94,1.8e-05,0.05
2018-03-18,253.68,7e-06,0.05
2018-03-19,255.56,1.2e-05,0.05
2018-03-20,256.3,3e-06,0.05
2018-03-21,259.3,0.000324,0.05
2018-03-22,257.05,9.3e-05,0.05
2018-03-23,254.35,0.001425,0.05
2018-03-24,252.64,0.00031,0.05
2018-03-25,257.97,2e-06,0.05
2018-03-26,259.85,1e-06,0.05
2018-03-27,262.64,0.00461,0.05
2018-03-28,259.63,0.000358,0.05
2018-03-29,255.56,0.000176,0.05
2018-03-30,256.65,2e-05,0.05
2018-03-31,261.82,1e-06,0.05
2018-04-01,263.14,0.0,0.05
2018-04-02,265.26,1.7e-05,0.05
2018-04-03,263.06,0.001543,0.05
2018-04-04,258.39,0.000172,0.05
2018-04-05,259.66,2.5e-05,0.05
2018-04-06,258.2,4.9e-05,0.05
2018-04-07,263.15,9e-06,0.05
2018-04-08,265.94,0.002923,0.05
2018-04-09,266.87,0.007813,0.05
2018-04-10,266.52,0.010356,0.05
2018-04-11,264.11,0.007612,0.05
2018-04-12,261.78,0.001902,0.05
2018-04-13,253.59,6.6e-05,0.05
2018-04-14,257.37,3e-06,0.05
2018-04-15,260.92,6.3e-05,0.05
2018-04-16,262.42,0.004912,0.05
2018-04-17,264.22,0.004167,0.05
2018-04-18,265.02,0.006161,0.05
2018-04-19,265.56,0.008879,0.05
2018-04-20,266.0,0.017562,0.05
2018-04-21,265.07,0.001525,0.05
2018-04-22,257.41,0.000155,0.05
2018-04-23,255.91,2.3e-05,0.05
2018-04-24,261.57,1e-06,0.05
2018-04-25,262.44,2e-06,0.05
2018-04-26,262.41,2e-06,0.05
2018-04-27,263.12,2e-06,0.05
2018-04-28,261.71,9e-06,0.05
2018-04-29,254.63,8.1e-05,0.05
2018-04-30,261.37,0.0,0.05
2018-05-01,264.64,1e-06,0.05
2018-05-02,267.38,0.000139,0.05
2018-05-03,267.23,0.004762,0.05
2018-05-04,264.21,0.002128,0.05
2018-05-05,261.3,0.000373,0.05
2018-05-06,267.55,0.010239,0.05
2018-05-07,266.78,0.017471,0.05
2018-05-08,264.59,0.000804,0.05
2018-05-09,261.05,1.8e-05,0.05
2018-05-10,263.65,1e-06,0.05
2018-05-11,265.08,2e-06,0.05
2018-05-12,267.26,0.00086,0.05
2018-05-13,268.82,0.003631,0.05
2018-05-14,268.94,0.00887,0.05
2018-05-15,270.19,0.002378,0.05
2018-05-16,269.42,0.003286,0.05
2018-05-17,268.61,0.001762,0.05
2018-05-18,268.88,0.003434,0.05
2018-05-19,268.25,0.002168,0.05
2018-05-20,266.47,0.000717,0.05
2018-05-21,264.81,0.001047,0.05
2018-05-22,265.23,0.004714,0.05
2018-05-23,264.97,0.00108,0.05
2018-05-24,260.38,0.00013,0.05
2018-05-25,258.79,7.8e-05,0.05
2018-05-26,259.6,4.3e-05,0.05
2018-05-27,261.68,3.5e-05,0.05
2018-05-28,261.69,0.000138,0.05
2018-05-29,263.11,0.0001,0.05
2018-05-30,261.41,9.9e-05,0.05
2018-05-31,263.53,6.2e-05,0.05
2018-06-01,263.71,9.1e-05,0.05
2018-06-02,266.91,2.3e-05,0.05
2018-06-03,270.41,1e-06,0.05
2018-06-04,272.2,2e-06,0.05
2018-06-05,273.33,2e-06,0.05
2018-06-06,267.32,2.1e-05,0.05
2018-06-07,272.33,2e-06,0.05
2018-06-08,273.7,2e-06,0.05
2018-06-09,274.72,0.000356,0.05
2018-06-10,272.72,0.004135,0.05
2018-06-11,271.03,0.001264,0.05
2018-06-12,266.57,8.6e-05,0.05
2018-06-13,270.9,5e-06,0.05
2018-06-14,273.9,2e-06,0.05
2018-06-15,273.83,0.004277,0.05
2018-06-16,271.59,0.001124,0.05
2018-06-17,269.91,0.000138,0.05
2018-06-18,269.95,2.9e-05,0.05
2018-06-19,272.38,9e-06,0.05
2018-06-20,272.72,7.1e-05,0.05
2018-06-21,273.29,0.000831,0.05
2018-06-22,273.28,0.002621,0.05
2018-06-23,272.59,0.007159,0.05
2018-06-24,272.0,0.006566,0.05
2018-06-25,270.33,0.000106,0.05
2018-06-26,272.87,1.3e-05,0.05
2018-06-27,272.92,0.003232,0.05
2018-06-28,273.96,0.004725,0.05
2018-06-29,272.87,0.005625,0.05
2018-06-30,272.61,0.0003,0.05
2018-07-01,272.32,7.1e-05,0.05
2018-07-02,270.0,7.4e-05,0.05
2018-07-03,274.12,4e-06,0.05
2018-07-04,274.27,0.000217,0.05
2018-07-05,273.87,0.005399,0.05
2018-07-06,274.26,8.7e-05,0.05
2018-07-07,272.83,0.000153,0.05
2018-07-08,272.66,0.000141,0.05
2018-07-09,274.79,0.000249,0.05
2018-07-10,276.66,0.000335,0.05
2018-07-11,279.24,0.00015,0.05
2018-07-12,277.99,0.000918,0.05
2018-07-13,278.51,0.000884,0.05
2018-07-14,277.75,0.000361,0.05
2018-07-15,278.9,0.0002,0.05
2018-07-16,278.82,0.000525,0.05
2018-07-17,278.8,0.00071,0.05
2018-07-18,278.57,0.001168,0.05
2018-07-19,280.21,0.000535,0.05
2018-07-20,280.92,0.002222,0.05
2018-07-21,282.82,0.000559,0.05
2018-07-22,283.17,0.000482,0.05
2018-07-23,283.33,0.00388,0.05
2018-07-24,283.79,0.006034,0.05
2018-07-25,283.34,0.00191,0.05
2018-07-26,282.3,0.006249,0.05
2018-07-27,279.86,0.011141,0.05
2018-07-28,278.29,0.010864,0.05
2018-07-29,277.73,0.007333,0.05
2018-07-30,276.52,0.004451,0.05
2018-07-31,277.91,0.001655,0.05
2018-08-01,279.31,0.001393,0.05
2018-08-02,280.36,0.003828,0.05
2018-08-03,282.27,0.001251,0.05
2018-08-04,282.81,0.000228,0.05
2018-08-05,283.84,8.8e-05,0.05
2018-08-06,281.55,4.5e-05,0.05
2018-08-07,282.83,6e-05,0.05
2018-08-08,282.59,0.001475,0.05
2018-08-09,282.43,0.004232,0.05
2018-08-10,281.34,0.001256,0.05
2018-08-11,283.99,1.7e-05,0.05
2018-08-12,283.83,0.000925,0.05
2018-08-13,281.57,0.007322,0.05
2018-08-14,280.73,0.000584,0.05
2018-08-15,281.17,4.3e-05,0.05
2018-08-16,281.91,0.000174,0.05
2018-08-17,284.15,0.000612,0.05
2018-08-18,282.64,0.006657,0.05
2018-08-19,282.36,0.002253,0.05
2018-08-20,284.55,0.000155,0.05
2018-08-21,285.23,0.000107,0.05
2018-08-22,284.04,0.001267,0.05
2018-08-23,283.15,0.003827,0.05
2018-08-24,282.0,0.003536,0.05
2018-08-25,280.58,0.008127,0.05
2018-08-26,279.17,0.005897,0.05
2018-08-27,280.08,0.002154,0.05
2018-08-28,281.59,0.000454,0.05
2018-08-29,280.75,0.00232,0.05
2018-08-30,280.54,0.003515,0.05
2018-08-31,280.57,0.003701,0.05
2018-09-01,280.77,0.003763,0.05
2018-09-02,279.96,0.005394,0.05
2018-09-03,280.35,0.004022,0.05
2018-09-04,280.3,0.004114,0.05
2018-09-05,280.31,0.004216,0.05
2018-09-06,280.0,0.003418,0.05
2018-09-07,279.67,0.004486,0.05
2018-09-08,279.17,0.001599,0.05
2018-09-09,279.45,0.001809,0.05
2018-09-10,278.81,0.001579,0.05
2018-09-11,279.43,1e-05,0.05
2018-09-12,278.46,4e-05,0.05
2018-09-13,277.88,0.000438,0.05
2018-09-14,275.23,0.007829,0.05
2018-09-15,270.82,0.005793,0.05
2018-09-16,266.91,0.000978,0.05
2018-09-17,264.25,5.5e-05,0.05
2018-09-18,270.21,3e-06,0.05
2018-09-19,272.35,3e-06,0.05
2018-09-20,273.98,6.7e-05,0.05
2018-09-21,274.46,0.000641,0.05
2018-09-22,272.7,0.001958,0.05
2018-09-23,271.79,0.000935,0.05
2018-09-24,272.31,0.004145,0.05
2018-09-25,271.45,0.001287,0.05
2018-09-26,271.4,0.000795,0.05
2018-09-27,272.81,0.005425,0.05
2018-09-28,270.3,0.003643,0.05
2018-09-29,270.33,0.003648,0.05
2018-09-30,269.73,0.001684,0.05
2018-10-01,266.58,0.000149,0.05
2018-10-02,266.29,0.000129,0.05
2018-10-03,269.99,0.001228,0.05
2018-10-04,269.94,0.003054,0.05
2018-10-05,267.72,0.003843,0.05
2018-10-06,263.51,0.001075,0.05
2018-10-07,260.64,0.000146,0.05
2018-10-08,263.88,0.002296,0.05
2018-10-09,266.89,0.007641,0.05
2018-10-10,261.74,0.000882,0.05
2018-10-11,261.84,0.003162,0.05
2018-10-12,260.21,0.001775,0.05
2018-10-13,257.48,0.001043,0.05
2018-10-14,259.72,0.001208,0.05
2018-10-15,261.02,0.007469,0.05
2018-10-16,263.92,0.018006,0.05
2018-10-17,263.48,0.005332,0.05
2018-10-18,261.38,0.001041,0.05
2018-10-19,254.25,0.000855,0.05
2018-10-20,247.22,0.0001,0.05
2018-10-21,251.81,2e-06,0.05
2018-10-22,246.9,2.1e-05,0.05
2018-10-23,251.71,1e-06,0.05
2018-10-24,251.1,6e-06,0.05
2018-10-25,252.79,1e-06,0.05
2018-10-26,254.34,0.0,0.05
2018-10-27,254.63,3e-06,0.05
2018-10-28,251.89,1.8e-05,0.05
2018-10-29,256.84,4e-06,0.05
2018-10-30,259.19,2e-06,0.05
2018-10-31,262.56,0.00276,0.05
2018-11-01,263.32,0.021389,0.05
2018-11-02,261.09,0.00598,0.05
2018-11-03,260.1,0.004461,0.05
2018-11-04,248.95,0.000184,0.05
2018-11-05,246.24,0.000209,0.05
2018-11-06,248.93,1e-06,0.05
2018-11-07,253.01,0.000144,0.05
2018-11-08,254.97,0.003106,0.05
2018-11-09,256.12,0.001842,0.05
2018-11-10,259.33,0.005444,0.05
2018-11-11,258.82,0.002203,0.05
2018-11-12,259.76,0.005873,0.05
2018-11-13,260.05,0.002836,0.05
2018-11-14,259.05,0.007118,0.05
2018-11-15,252.99,0.00056,0.05
2018-11-16,247.2,1.1e-05,0.05
2018-11-17,249.08,0.000112,0.05
2018-11-18,250.89,0.000252,0.05
2018-11-19,250.7,0.000988,0.05
2018-11-20,249.08,0.001092,0.05
2018-11-21,248.26,0.000731,0.05
2018-11-22,253.93,0.003996,0.05
2018-11-23,246.5,0.00012,0.05
2018-11-24,251.42,0.000464,0.05
2018-11-25,253.85,0.000379,0.05
2018-11-26,245.4,6.9e-05,0.05
2018-11-27,254.04,0.004358,0.05
2018-11-28,257.87,0.006355,0.05
2018-11-29,251.63,0.000498,0.05
2018-11-30,247.82,9e-06,0.05
2018-12-01,247.42,3.4e-05,0.05
2018-12-02,245.11,8e-06,0.05
2018-12-03,246.65,0.0,0.05
2018-12-04,248.54,1e-06,0.05
2018-12-05,250.9,0.001981,0.05
2018-12-06,244.86,0.000714,0.05
2018-12-07,244.33,2.3e-05,0.05
2018-12-08,250.63,0.001891,0.05
2018-12-09,252.03,0.002243,0.05
2018-12-10,254.81,0.007198,0.05
2018-12-11,252.62,0.001855,0.05
2018-12-12,247.7,0.000546,0.05
2018-12-13,242.49,3.1e-05,0.05
2018-12-14,242.78,4e-06,0.05
2018-12-15,244.67,1e-06,0.05
2018-12-16,245.66,1e-06,0.05
2018-12-17,246.01,2e-06,0.05
2018-12-18,247.04,0.000433,0.05
2018-12-19,248.34,0.000844,0.05
2018-12-20,248.93,0.00085,0.05
2018-12-21,244.62,3.6e-05,0.05
2018-12-22,246.02,1e-06,0.05
2018-12-23,248.5,0.001418,0.05
2018-12-24,247.45,0.000732,0.05
2018-12-25,245.06,9.7e-05,0.05
2018-12-26,248.31,0.00053,0.05
2018-12-27,243.96,7.1e-05,0.05
2018-12-28,245.16,3e-06,0.05
2018-12-29,247.28,0.000219,0.05
2018-12-30,250.31,0.001798,0.05
2018-12-31,247.06,0.000361,0.05
2019-01-01,248.26,0.001592,0.05
2019-01-02,252.13,0.005083,0.05
2019-01-03,247.42,7e-05,0.05
2019-01-04,249.51,0.004616,0.05
2019-01-05,252.93,0.004355,0.05
2019-01-06,248.27,0.001042,0.05
2019-01-07,246.64,0.000258,0.05
2019-01-08,249.23,0.001899,0.05
2019-01-09,246.52,0.000169,0.05
2019-01-10,248.31,0.002994,0.05
2019-01-11,252.37,0.004906,0.05
2019-01-12,252.86,0.00479,0.05
2019-01-13,248.44,0.002342,0.05
2019-01-14,244.84,5e-06,0.05
2019-01-15,249.57,0.000494,0.05
2019-01-16,253.12,0.006867,0.05
2019-01-17,246.34,0.000116,0.05
2019-01-18,247.65,0.000387,0.05
2019-01-19,250.9,0.002563,0.05
2019-01-20,255.09,0.007847,0.05
2019-01-21,257.89,0.012137,0.05
2019-01-22,256.96,0.008612,0.05
2019-01-23,254.46,0.00432,0.05
2019-01-24,253.13,0.003079,0.05
2019-01-25,252.21,0.002729,0.05
2019-01-26,251.21,0.001547,0.05
2019-01-27,245.09,3.6e-05,0.05
2019-01-28,243.7,0.0,0.05
2019-01-29,246.17,5.4e-05,0.05
2019-01-30,249.29,0.000409,0.05
2019-01-31,250.45,0.002467,0.05
2019-02-01,250.47,0.001119,0.05
2019-02-02,249.16,0.000995,0.05
2019-02-03,247.0,0.000463,0.05
2019-02-04,253.07,0.00473,0.05
2019-02-05,256.55,0.010291,0.05
2019-02-06,257.33,0.008226,0.05
2019-02-07,257.36,0.00687,0.05
2019-02-08,253.7,0.002364,0.05
2019-02-09,250.53,0.000157,0.05
2019-02-10,250.44,0.000259,0.05
2019-02-11,252.07,0.00089,0.05
2019-02-12,253.48,0.002386,0.05
2019-02-13,256.99,0.005748,0.05
2019-02-14,260.12,0.009223,0.05
2019-02-15,257.88,0.002019,0.05
2019-02-16,250.68,0.000313,0.05
2019-02-17,252.59,0.004673,0.05
2019-02-18,255.21,0.005695,0.05
2019-02-19,253.31,0.00213,0.05
2019-02-20,257.01,0.010845,0.05
2019-02-21,259.34,0.014298,0.05
2019-02-22,256.2,0.001947,0.05
2019-02-23,252.68,0.000723,0.05
2019-02-24,255.31,0.003403,0.05
2019-02-25,254.66,0.003293,0.05
2019-02-26,254.57,0.002624,0.05
2019-02-27,251.61,0.000904,0.05
2019-02-28,249.51,0.000271,0.05
2019-03-01,253.0,0.001889,0.05
2019-03-02,257.07,0.007974,0.05
2019-03-03,257.85,0.003306,0.05
2019-03-04,257.04,0.002323,0.05
2019-03-05,252.29,0.000694,0.05
2019-03-06,250.23,6.8e-05,0.05
2019-03-07,253.22,0.001927,0.05
2019-03-08,251.54,0.000388,0.05
2019-03-09,246.83,0.000147,0.05
2019-03-10,247.61,0.000272,0.05
2019-03-11,255.73,0.007079,0.05
2019-03-12,253.4,0.001555,0.05
2019-03-13,254.18,0.002392,0.05
2019-03-14,257.27,0.0016,0.05
2019-03-15,249.2,0.000226,0.05
2019-03-16,251.77,1.5e-05,0.05
2019-03-17,255.59,1e-06,0.05
2019-03-18,254.47,0.000376,0.05
2019-03-19,256.87,0.006012,0.05
2019-03-20,260.3,0.008128,0.05
2019-03-21,257.16,0.000661,0.05
2019-03-22,251.51,0.000264,0.05
2019-03-23,257.46,0.00181,0.05
2019-03-24,256.61,0.001757,0.05
2019-03-25,251.61,0.000192,0.05
2019-03-26,257.45,3.1e-05,0.05
2019-03-27,262.02,0.000115,0.05
2019-03-28,261.96,0.001775,0.05
2019-03-29,261.15,0.005819,0.05
2019-03-30,263.02,0.005647,0.05
2019-03-31,257.95,8.5e-05,0.05
2019-04-01,255.58,4.7e-05,0.05
2019-04-02,260.41,2e-06,0.05
2019-04-03,261.76,1e-06,0.05
2019-04-04,263.41,1e-06,0.05
2019-04-05,263.54,5.6e-05,0.05
2019-04-06,257.41,0.000103,0.05
2019-04-07,259.28,0.000199,0.05
2019-04-08,262.88,2.7e-05,0.05
2019-04-09,259.52,7.7e-05,0.05
2019-04-10,263.18,0.002917,0.05
2019-04-11,266.05,0.009401,0.05
2019-04-12,267.52,0.006836,0.05
2019-04-13,266.92,0.002953,0.05
2019-04-14,266.76,0.000634,0.05
2019-04-15,265.97,0.000684,0.05
2019-04-16,268.41,0.010726,0.05
2019-04-17,268.32,0.007589,0.05
2019-04-18,266.93,0.00148,0.05
2019-04-19,259.65,0.000118,0.05
2019-04-20,263.57,8e-06,0.05
2019-04-21,264.66,2e-06,0.05
2019-04-22,260.15,5.6e-05,0.05
2019-04-23,262.96,0.003946,0.05
2019-04-24,266.49,0.007925,0.05
2019-04-25,267.23,0.005223,0.05
2019-04-26,266.94,0.002886,0.05
2019-04-27,266.94,0.003437,0.05
2019-04-28,264.83,0.000676,0.05
2019-04-29,264.38,0.002996,0.05
2019-04-30,266.91,0.010118,0.05
2019-05-01,263.57,0.001782,0.05
2019-05-02,265.07,0.004456,0.05
2019-05-03,263.46,0.007283,0.05
2019-05-04,255.72,0.00016,0.05
2019-05-05,258.11,1.3e-05,0.05
2019-05-06,260.15,1e-06,0.05
2019-05-07,260.62,0.0,0.05
2019-05-08,260.8,1e-06,0.05
2019-05-09,261.64,1e-06,0.05
2019-05-10,264.15,0.000182,0.05
2019-05-11,259.5,0.000139,0.05
2019-05-12,259.07,0.000125,0.05
2019-05-13,260.83,9.5e-05,0.05
2019-05-14,260.76,6.5e-05,0.05
2019-05-15,262.14,9.3e-05,0.05
2019-05-16,266.94,0.007929,0.05
2019-05-17,269.57,0.005987,0.05
2019-05-18,269.39,0.003493,0.05
2019-05-19,268.86,0.004195,0.05
2019-05-20,268.34,0.00236,0.05
2019-05-21,260.91,0.0001,0.05
2019-05-22,264.57,2.1e-05,0.05
2019-05-23,268.66,0.001442,0.05
2019-05-24,268.88,0.006547,0.05
2019-05-25,268.4,0.001647,0.05
2019-05-26,266.75,0.002549,0.05
2019-05-27,263.96,0.000256,0.05
2019-05-28,259.65,7e-05,0.05
2019-05-29,263.93,1e-05,0.05
2019-05-30,266.56,1e-06,0.05
2019-05-31,267.23,2e-06,0.05
2019-06-01,268.04,2e-06,0.05
2019-06-02,268.23,0.002206,0.05
2019-06-03,269.67,0.004371,0.05
2019-06-04,269.2,0.004976,0.05
2019-06-05,268.82,0.003299,0.05
2019-06-06,267.58,0.000189,0.05
2019-06-07,265.89,0.000493,0.05
2019-06-08,266.53,0.001166,0.05
2019-06-09,264.31,0.000112,0.05
2019-06-10,267.86,0.005291,0.05
2019-06-11,269.32,0.021848,0.05
2019-06-12,269.54,0.02373,0.05
2019-06-13,266.23,0.001527,0.05
2019-06-14,260.85,6.8e-05,0.05
2019-06-15,266.49,0.00191,0.05
2019-06-16,261.7,6.7e-05,0.05
2019-06-17,261.76,6.6e-05,0.05
2019-06-18,264.02,4.1e-05,0.05
2019-06-19,261.96,7.8e-05,0.05
2019-06-20,262.79,4e-05,0.05
2019-06-21,263.88,5.1e-05,0.05
2019-06-22,264.05,5.5e-05,0.05
2019-06-23,266.23,0.000294,0.05
2019-06-24,270.82,0.005327,0.05
2019-06-25,269.37,0.005641,0.05
2019-06-26,266.58,0.0001,0.05
2019-06-27,264.78,0.000108,0.05
2019-06-28,265.66,0.000125,0.05
2019-06-29,268.0,3.2e-05,0.05
2019-06-30,272.07,1.9e-05,0.05
2019-07-01,267.69,0.000441,0.05
2019-07-02,267.65,6e-05,0.05
2019-07-03,267.22,7.3e-05,0.05
2019-07-04,267.82,6.2e-05,0.05
2019-07-05,270.94,1.9e-05,0.05
2019-07-06,272.26,1.2e-05,0.05
2019-07-07,270.73,3e-05,0.05
2019-07-08,272.66,3.7e-05,0.05
2019-07-09,271.43,4e-05,0.05
2019-07-10,270.86,6.2e-05,0.05
2019-07-11,272.4,4.9e-05,0.05
2019-07-12,271.36,3.8e-05,0.05
2019-07-13,272.89,5.2e-05,0.05
2019-07-14,273.21,4.9e-05,0.05
2019-07-15,273.45,3.9e-05,0.05
2019-07-16,272.98,2e-05,0.05
2019-07-17,271.13,5.6e-05,0.05
2019-07-18,272.03,8.2e-05,0.05
2019-07-19,273.08,3.5e-05,0.05
2019-07-20,271.85,6.7e-05,0.05
2019-07-21,271.95,4.2e-05,0.05
2019-07-22,272.42,3.3e-05,0.05
2019-07-23,272.0,5e-05,0.05
2019-07-24,273.15,4.7e-05,0.05
2019-07-25,274.92,6.9e-05,0.05
2019-07-26,276.97,0.000316,0.05
2019-07-27,279.57,0.004332,0.05
2019-07-28,279.94,0.005409,0.05
2019-07-29,280.05,0.001037,0.05
2019-07-30,280.35,0.000496,0.05
2019-07-31,280.68,0.000596,0.05
2019-08-01,281.6,0.001184,0.05
2019-08-02,280.5,0.000472,0.05
2019-08-03,280.79,0.000645,0.05
2019-08-04,283.12,0.000315,0.05
2019-08-05,282.55,0.000801,0.05
2019-08-06,282.95,0.000458,0.05
2019-08-07,283.02,4e-06,0.05
2019-08-08,282.84,0.0,0.05
2019-08-09,283.43,0.000508,0.05
2019-08-10,283.27,0.001532,0.05
2019-08-11,283.49,0.006554,0.05
2019-08-12,282.78,0.000766,0.05
2019-08-13,283.63,0.001053,0.05
2019-08-14,282.81,0.009412,0.05
2019-08-15,280.54,0.003663,0.05
2019-08-16,281.62,0.001549,0.05
2019-08-17,278.88,0.009191,0.05
2019-08-18,277.76,0.006425,0.05
2019-08-19,276.12,0.007375,0.05
2019-08-20,273.98,0.004049,0.05
2019-08-21,274.03,0.000127,0.05
2019-08-22,277.31,0.000194,0.05
2019-08-23,280.89,0.000274,0.05
2019-08-24,278.98,0.006344,0.05
2019-08-25,280.35,0.00126,0.05
2019-08-26,280.49,0.00317,0.05
2019-08-27,280.93,0.004132,0.05
2019-08-28,281.96,0.002212,0.05
2019-08-29,281.56,0.003638,0.05
2019-08-30,280.38,0.006816,0.05
2019-08-31,280.03,0.007369,0.05
2019-09-01,280.55,0.002377,0.05
2019-09-02,280.86,0.003218,0.05
2019-09-03,281.82,0.001686,0.05
2019-09-04,281.35,0.001963,0.05
2019-09-05,281.4,0.001157,0.05
2019-09-06,279.87,0.003387,0.05
2019-09-07,278.06,0.00585,0.05
2019-09-08,277.67,0.00265,0.05
2019-09-09,277.49,0.000936,0.05
2019-09-10,278.08,0.001781,0.05
2019-09-11,277.96,0.00125,0.05
2019-09-12,276.74,0.002985,0.05
2019-09-13,276.04,0.003673,0.05
2019-09-14,275.55,0.004946,0.05
2019-09-15,275.48,0.002688,0.05
2019-09-16,273.56,0.002286,0.05
2019-09-17,271.34,0.000311,0.05
2019-09-18,272.72,1.9e-05,0.05
2019-09-19,276.85,2.4e-05,0.05
2019-09-20,274.87,0.000388,0.05
2019-09-21,273.39,0.000205,0.05
2019-09-22,274.71,0.000212,0.05
2019-09-23,276.42,3.1e-05,0.05
2019-09-24,277.54,1.8e-05,0.05
2019-09-25,279.3,0.000168,0.05
2019-09-26,277.18,0.000404,0.05
2019-09-27,275.86,7.6e-05,0.05
2019-09-28,277.4,4.9e-05,0.05
2019-09-29,277.57,0.001286,0.05
2019-09-30,275.83,0.001627,0.05
2019-10-01,273.24,0.00416,0.05
2019-10-02,271.92,0.002534,0.05
2019-10-03,270.81,0.007085,0.05
2019-10-04,267.8,0.008666,0.05
2019-10-05,264.95,0.001412,0.05
2019-10-06,264.67,0.005112,0.05
2019-10-07,266.47,0.003443,0.05
2019-10-08,258.96,0.000266,0.05
2019-10-09,254.41,9.9e-05,0.05
2019-10-10,253.04,6.2e-05,0.05
2019-10-11,257.82,1.5e-05,0.05
2019-10-12,258.21,4e-06,0.05
2019-10-13,259.55,1e-06,0.05
2019-10-14,260.22,0.0,0.05
2019-10-15,259.37,0.0,0.05
2019-10-16,259.9,1e-06,0.05
2019-10-17,263.39,0.000399,0.05
2019-10-18,265.21,0.004797,0.05
2019-10-19,262.59,0.002263,0.05
2019-10-20,255.6,0.00025,0.05
2019-10-21,253.43,0.00059,0.05
2019-10-22,260.34,0.008529,0.05
2019-10-23,263.55,0.007883,0.05
2019-10-24,258.21,0.003527,0.05
2019-10-25,249.24,0.000218,0.05
2019-10-26,247.24,6.5e-05,0.05
2019-10-27,251.92,0.000313,0.05
2019-10-28,257.29,0.000618,0.05
2019-10-29,259.94,0.000665,0.05
2019-10-30,256.82,0.000258,0.05
2019-10-31,253.49,0.00019,0.05
2019-11-01,256.63,0.000586,0.05
2019-11-02,258.62,0.002154,0.05
2019-11-03,256.42,0.00041,0.05
2019-11-04,248.61,0.000122,0.05
2019-11-05,255.65,0.004935,0.05
2019-11-06,261.28,0.013367,0.05
2019-11-07,262.16,0.010389,0.05
2019-11-08,259.09,0.005324,0.05
2019-11-09,246.58,0.000115,0.05
2019-11-10,244.93,1.4e-05,0.05
2019-11-11,248.45,1e-06,0.05
2019-11-12,252.41,0.001577,0.05
2019-11-13,257.92,0.006563,0.05
2019-11-14,262.08,0.012376,0.05
2019-11-15,262.58,0.009172,0.05
2019-11-16,261.46,0.003922,0.05
2019-11-17,254.65,0.000468,0.05
2019-11-18,248.51,0.000268,0.05
2019-11-19,250.72,0.000404,0.05
2019-11-20,254.56,0.004276,0.05
2019-11-21,259.46,0.012614,0.05
2019-11-22,262.59,0.01317,0.05
2019-11-23,258.48,0.001097,0.05
2019-11-24,256.7,0.004919,0.05
2019-11-25,259.36,0.004283,0.05
2019-11-26,260.26,0.005847,0.05
2019-11-27,260.0,0.005897,0.05
2019-11-28,255.35,0.001458,0.05
2019-11-29,246.66,0.000359,0.05
2019-11-30,245.64,1.2e-05,0.05
2019-12-01,245.43,5e-06,0.05
2019-12-02,245.42,2e-06,0.05
2019-12-03,246.2,2e-06,0.05
2019-12-04,247.85,-0.0,0.05
2019-12-05,247.96,0.0,0.05
2019-12-06,247.26,0.0,0.05
2019-12-07,246.52,0.0,0.05
2019-12-08,246.71,0.0,0.05
2019-12-09,249.56,6.9e-05,0.05
2019-12-10,249.68,0.001111,0.05
2019-12-11,251.2,0.004154,0.05
2019-12-12,252.97,0.002817,0.05
2019-12-13,255.06,0.004155,0.05
2019-12-14,255.05,0.001595,0.05
2019-12-15,250.47,0.000767,0.05
2019-12-16,244.07,3.3e-05,0.05
2019-12-17,243.35,3e-06,0.05
2019-12-18,247.82,0.001894,0.05
2019-12-19,251.99,0.004627,0.05
2019-12-20,247.36,0.000776,0.05
2019-12-21,245.42,0.000635,0.05
2019-12-22,246.21,0.000589,0.05
2019-12-23,244.63,0.000108,0.05
2019-12-24,247.56,0.000906,0.05
2019-12-25,244.85,2.3e-05,0.05
2019-12-26,244.19,1e-06,0.05
2019-12-27,246.33,0.0,0.05
2019-12-28,246.56,1e-06,0.05
2019-12-29,246.73,2e-06,0.05
2019-12-30,247.98,0.001133,0.05
2019-12-31,250.57,0.003859,0.05
2020-01-01,251.58,0.002072,0.05
2020-01-02,251.14,0.001989,0.05
2020-01-03,253.71,0.005114,0.05
2020-01-04,252.74,0.004632,0.05
2020-01-05,250.8,0.001464,0.05
2020-01-06,254.08,0.006823,0.05
2020-01-07,254.78,0.005245,0.05
2020-01-08,251.8,0.002499,0.05
2020-01-09,245.01,2.2e-05,0.05
2020-01-10,244.16,1e-05,0.05
2020-01-11,248.35,0.002535,0.05
2020-01-12,254.27,0.01288,0.05
2020-01-13,257.63,0.022519,0.05
2020-01-14,251.16,0.000926,0.05
2020-01-15,246.8,0.000314,0.05
2020-01-16,243.22,2.8e-05,0.05
2020-01-17,244.0,2.3e-05,0.05
2020-01-18,242.92,1.5e-05,0.05
2020-01-19,242.56,0.000179,0.05
2020-01-20,246.11,0.001107,0.05
2020-01-21,250.29,0.003782,0.05
2020-01-22,250.02,0.001394,0.05
2020-01-23,244.38,4.3e-05,0.05
2020-01-24,248.44,0.00341,0.05
2020-01-25,251.41,0.001939,0.05
2020-01-26,250.68,0.002388,0.05
2020-01-27,249.54,0.001458,0.05
2020-01-28,251.97,0.001154,0.05
2020-01-29,252.74,0.001426,0.05
2020-01-30,246.35,6.1e-05,0.05
2020-01-31,246.3,4.5e-05,0.05
2020-02-01,246.64,3e-06,0.05
2020-02-02,245.25,1e-06,0.05
2020-02-03,247.44,0.000199,0.05
2020-02-04,249.8,0.001431,0.05
2020-02-05,247.34,0.000227,0.05
2020-02-06,249.7,0.000242,0.05
2020-02-07,246.51,1.1e-05,0.05
2020-02-08,247.68,1e-06,0.05
2020-02-09,249.28,8e-06,0.05
2020-02-10,251.17,0.000702,0.05
2020-02-11,255.03,0.006533,0.05
2020-02-12,259.84,0.009389,0.05
2020-02-13,261.02,0.009735,0.05
2020-02-14,253.38,0.001505,0.05
2020-02-15,246.89,2.3e-05,0.05
2020-02-16,245.19,9e-06,0.05
2020-02-17,248.55,1e-06,0.05
2020-02-18,251.94,0.001651,0.05
2020-02-19,254.92,0.003031,0.05
2020-02-20,251.86,1e-05,0.05
2020-02-21,251.55,1e-06,0.05
2020-02-22,250.73,1e-06,0.05
2020-02-23,250.12,1e-06,0.05
2020-02-24,250.53,3e-06,0.05
2020-02-25,250.61,1e-06,0.05
2020-02-26,251.82,1e-06,0.05
2020-02-27,255.94,0.001543,0.05
2020-02-28,257.42,0.00516,0.05
2020-02-29,257.01,0.000936,0.05
2020-03-01,251.62,0.000279,0.05
2020-03-02,249.0,7.4e-05,0.05
2020-03-03,249.98,2.8e-05,0.05
2020-03-04,255.1,7.8e-05,0.05
2020-03-05,255.75,0.000959,0.05
2020-03-06,258.98,0.008332,0.05
2020-03-07,260.06,0.010771,0.05
2020-03-08,258.04,0.003358,0.05
2020-03-09,257.38,0.001875,0.05
2020-03-10,257.49,0.001498,0.05
2020-03-11,253.18,0.000151,0.05
2020-03-12,258.36,0.001875,0.05
2020-03-13,258.45,0.001809,0.05
2020-03-14,254.56,0.000868,0.05
2020-03-15,249.22,4.9e-05,0.05
2020-03-16,254.04,0.0,0.05
2020-03-17,257.91,1.1e-05,0.05
2020-03-18,257.29,2e-06,0.05
2020-03-19,256.3,2e-06,0.05
2020-03-20,256.41,1e-06,0.05
2020-03-21,257.47,0.00149,0.05
2020-03-22,252.47,0.000259,0.05
2020-03-23,257.36,0.000888,0.05
2020-03-24,261.39,0.005572,0.05
2020-03-25,261.3,0.002879,0.05
2020-03-26,262.66,0.001893,0.05
2020-03-27,264.04,0.010388,0.05
2020-03-28,264.09,0.009293,0.05
2020-03-29,261.13,0.001861,0.05
2020-03-30,260.41,0.001271,0.05
2020-03-31,262.78,0.007926,0.05
2020-04-01,263.46,0.008315,0.05
2020-04-02,261.87,0.003624,0.05
2020-04-03,254.1,8.8e-05,0.05
2020-04-04,256.54,3e-06,0.05
2020-04-05,258.16,2e-06,0.05
2020-04-06,258.79,5.1e-05,0.05
2020-04-07,254.88,3.7e-05,0.05
2020-04-08,252.69,0.000119,0.05
2020-04-09,259.57,0.005172,0.05
2020-04-10,259.55,0.000851,0.05
2020-04-11,256.27,7.8e-05,0.05
2020-04-12,258.07,2.5e-05,0.05
2020-04-13,262.39,0.001047,0.05
2020-04-14,265.78,0.011731,0.05
2020-04-15,266.05,0.012811,0.05
2020-04-16,265.04,0.003687,0.05
2020-04-17,266.94,0.007563,0.05
2020-04-18,267.0,0.00944,0.05
2020-04-19,265.55,0.002221,0.05
2020-04-20,262.73,0.001134,0.05
2020-04-21,259.69,0.000114,0.05
2020-04-22,255.64,0.000153,0.05
2020-04-23,257.99,1.1e-05,0.05
2020-04-24,260.37,3e-06,0.05
2020-04-25,261.24,1e-06,0.05
2020-04-26,262.62,3.3e-05,0.05
2020-04-27,261.31,0.00013,0.05
2020-04-28,259.54,0.000123,0.05
2020-04-29,260.47,6.3e-05,0.05
2020-04-30,262.15,4.1e-05,0.05
2020-05-01,266.61,0.004246,0.05
2020-05-02,269.38,0.006252,0.05
2020-05-03,269.45,0.006511,0.05
2020-05-04,267.11,0.002186,0.05
2020-05-05,265.51,0.004332,0.05
2020-05-06,267.02,0.002835,0.05
2020-05-07,261.88,7.7e-05,0.05
2020-05-08,263.34,0.000242,0.05
2020-05-09,267.32,9.9e-05,0.05
2020-05-10,261.85,0.00051,0.05
2020-05-11,260.51,0.000111,0.05
2020-05-12,262.22,8.5e-05,0.05
2020-05-13,266.93,0.000133,0.05
2020-05-14,268.54,0.004255,0.05
2020-05-15,269.81,0.003936,0.05
2020-05-16,268.27,0.001109,0.05
2020-05-17,267.72,0.003258,0.05
2020-05-18,266.63,0.004607,0.05
2020-05-19,264.43,0.000649,0.05
2020-05-20,261.16,0.000142,0.05
2020-05-21,265.29,2.1e-05,0.05
2020-05-22,268.09,1.5e-05,0.05
2020-05-23,269.28,0.002002,0.05
2020-05-24,268.19,0.001155,0.05
2020-05-25,266.01,5.8e-05,0.05
2020-05-26,266.47,4e-05,0.05
2020-05-27,265.25,3.6e-05,0.05
2020-05-28,263.84,6.9e-05,0.05
2020-05-29,265.82,0.000139,0.05
2020-05-30,269.19,0.002435,0.05
2020-05-31,272.1,0.003344,0.05
2020-06-01,271.85,0.001408,0.05
2020-06-02,271.36,0.000319,0.05
2020-06-03,271.93,0.001,0.05
2020-06-04,270.23,0.000132,0.05
2020-06-05,272.03,2.1e-05,0.05
2020-06-06,268.17,5e-05,0.05
2020-06-07,266.87,7e-05,0.05
2020-06-08,271.41,1e-05,0.05
2020-06-09,271.74,0.000817,0.05
2020-06-10,270.68,0.00136,0.05
2020-06-11,271.22,0.001038,0.05
2020-06-12,272.47,0.002307,0.05
2020-06-13,272.09,0.008315,0.05
2020-06-14,270.91,0.002498,0.05
2020-06-15,269.22,5.1e-05,0.05
2020-06-16,269.8,1.7e-05,0.05
2020-06-17,270.07,1.5e-05,0.05
2020-06-18,272.23,0.000832,0.05
2020-06-19,271.18,0.000346,0.05
2020-06-20,270.99,0.000391,0.05
2020-06-21,270.47,3.5e-05,0.05
2020-06-22,272.68,1e-06,0.05
2020-06-23,275.12,1e-05,0.05
2020-06-24,273.91,0.005614,0.05
2020-06-25,272.11,0.000554,0.05
2020-06-26,271.46,4.7e-05,0.05
2020-06-27,272.28,0.000171,0.05
2020-06-28,272.42,0.008772,0.05
2020-06-29,270.44,0.000122,0.05
2020-06-30,274.33,0.00019,0.05
2020-07-01,274.31,0.003184,0.05
2020-07-02,273.92,0.000344,0.05
2020-07-03,274.26,0.000201,0.05
2020-07-04,275.8,0.005735,0.05
2020-07-05,273.2,0.008541,0.05
2020-07-06,273.36,0.000303,0.05
2020-07-07,274.45,0.00043,0.05
2020-07-08,275.53,0.000541,0.05
2020-07-09,274.79,0.004742,0.05
2020-07-10,275.22,0.00073,0.05
2020-07-11,276.81,0.001326,0.05
2020-07-12,275.97,0.006662,0.05
2020-07-13,276.65,0.002812,0.05
2020-07-14,276.34,0.003715,0.05
2020-07-15,277.64,0.000556,0.05
2020-07-16,278.37,0.004565,0.05
2020-07-17,279.48,0.006524,0.05
2020-07-18,279.8,0.009416,0.05
2020-07-19,278.73,0.004018,0.05
2020-07-20,278.18,0.003633,0.05
2020-07-21,275.07,0.013114,0.05
2020-07-22,276.18,0.000381,0.05
2020-07-23,274.47,4e-05,0.05
2020-07-24,279.32,0.000162,0.05
2020-07-25,281.01,0.000613,0.05
2020-07-26,279.88,0.002471,0.05
2020-07-27,278.42,0.003167,0.05
2020-07-28,277.89,0.000496,0.05
2020-07-29,280.69,4.2e-05,0.05
2020-07-30,280.83,0.000179,0.05
2020-07-31,281.33,0.000236,0.05
2020-08-01,279.83,0.009751,0.05
2020-08-02,279.46,0.00195,0.05
2020-08-03,278.19,0.00246,0.05
2020-08-04,279.64,0.004423,0.05
2020-08-05,280.43,0.004838,0.05
2020-08-06,282.02,0.001876,0.05
2020-08-07,281.32,0.000389,0.05
2020-08-08,282.78,0.00157,0.05
2020-08-09,282.11,0.007655,0.05
2020-08-10,281.87,0.003339,0.05
2020-08-11,283.16,0.000644,0.05
2020-08-12,283.72,0.00102,0.05
2020-08-13,283.86,0.000779,0.05
2020-08-14,283.5,0.001387,0.05
2020-08-15,283.45,0.001642,0.05
2020-08-16,283.22,3.1e-05,0.05
2020-08-17,283.12,7.8e-05,0.05
2020-08-18,282.65,0.001289,0.05
2020-08-19,281.49,0.005324,0.05
2020-08-20,280.78,0.009473,0.05
2020-08-21,278.89,0.009572,0.05
2020-08-22,279.66,0.001077,0.05
2020-08-23,281.9,2e-06,0.05
2020-08-24,283.51,3.7e-05,0.05
2020-08-25,283.98,0.000629,0.05
2020-08-26,281.79,0.008524,0.05
2020-08-27,278.75,0.016029,0.05
2020-08-28,275.9,0.011441,0.05
2020-08-29,277.56,0.004833,0.05
2020-08-30,278.17,0.005618,0.05
2020-08-31,277.35,0.007197,0.05
2020-09-01,279.06,0.01159,0.05
2020-09-02,277.86,0.017762,0.05
2020-09-03,277.98,0.010496,0.05
2020-09-04,278.11,0.006974,0.05
2020-09-05,277.62,0.006079,0.05
2020-09-06,275.33,0.010127,0.05
2020-09-07,273.31,0.001045,0.05
2020-09-08,274.63,0.00068,0.05
2020-09-09,274.09,0.004559,0.05
2020-09-10,273.76,0.001547,0.05
2020-09-11,274.38,0.003567,0.05
2020-09-12,274.29,0.003294,0.05
2020-09-13,274.52,0.00226,0.05
2020-09-14,274.99,0.009124,0.05
2020-09-15,271.85,0.006855,0.05
2020-09-16,270.77,0.001259,0.05
2020-09-17,271.3,0.006724,0.05
2020-09-18,270.75,0.005326,0.05
2020-09-19,271.2,0.000391,0.05
2020-09-20,267.0,0.000194,0.05
2020-09-21,268.83,2.3e-05,0.05
2020-09-22,272.94,5.7e-05,0.05
2020-09-23,272.13,0.002178,0.05
2020-09-24,270.05,0.000249,0.05
2020-09-25,272.35,0.000177,0.05
2020-09-26,271.96,0.009694,0.05
2020-09-27,268.86,0.004531,0.05
2020-09-28,267.25,0.001373,0.05
2020-09-29,266.45,0.001864,0.05
2020-09-30,265.46,0.00296,0.05
2020-10-01,265.78,0.002637,0.05
2020-10-02,263.78,0.000485,0.05
2020-10-03,265.31,0.000508,0.05
2020-10-04,264.81,0.00161,0.05
2020-10-05,262.54,0.000168,0.05
2020-10-06,262.69,0.000441,0.05
2020-10-07,264.98,0.000903,0.05
2020-10-08,266.48,0.001138,0.05
2020-10-09,266.05,0.001822,0.05
2020-10-10,264.82,0.001072,0.05
2020-10-11,266.33,0.003434,0.05
2020-10-12,265.71,0.003952,0.05
2020-10-13,265.27,0.005807,0.05
2020-10-14,263.42,0.001562,0.05
2020-10-15,259.5,0.00068,0.05
2020-10-16,256.8,0.000229,0.05
2020-10-17,257.19,0.000408,0.05
2020-10-18,259.03,0.0004,0.05
2020-10-19,256.74,0.00013,0.05
2020-10-20,257.4,3.4e-05,0.05
2020-10-21,258.02,2.8e-05,0.05
2020-10-22,254.3,0.000101,0.05
2020-10-23,259.13,0.002281,0.05
2020-10-24,260.92,0.002765,0.05
2020-10-25,260.91,0.002598,0.05
2020-10-26,252.88,0.000272,0.05
2020-10-27,254.21,5e-06,0.05
2020-10-28,259.26,0.00357,0.05
2020-10-29,260.67,0.009902,0.05
2020-10-30,248.46,0.00026,0.05
2020-10-31,246.82,1.1e-05,0.05
2020-11-01,249.06,2e-06,0.05
2020-11-02,250.35,1e-06,0.05
2020-11-03,251.69,1e-06,0.05
2020-11-04,250.19,2e-06,0.05
2020-11-05,248.49,3e-06,0.05
2020-11-06,248.85,3e-06,0.05
2020-11-07,250.5,2e-06,0.05
2020-11-08,253.59,0.0,0.05
2020-11-09,255.59,5e-06,0.05
2020-11-10,256.63,0.00011,0.05
2020-11-11,252.23,0.000321,0.05
2020-11-12,253.92,0.000395,0.05
2020-11-13,260.68,0.007695,0.05
2020-11-14,264.96,0.019587,0.05
2020-11-15,264.27,0.022235,0.05
2020-11-16,260.12,0.004116,0.05
2020-11-17,251.57,0.000341,0.05
2020-11-18,250.4,0.003176,0.05
2020-11-19,256.01,0.006187,0.05
2020-11-20,252.0,0.000948,0.05
2020-11-21,248.44,0.000713,0.05
2020-11-22,249.61,0.002436,0.05
2020-11-23,255.28,0.005992,0.05
2020-11-24,256.92,0.004859,0.05
2020-11-25,258.4,0.007441,0.05
2020-11-26,250.6,0.000348,0.05
2020-11-27,245.78,1.6e-05,0.05
2020-11-28,251.17,0.0,0.05
2020-11-29,250.67,0.000189,0.05
2020-11-30,246.26,0.000188,0.05
2020-12-01,249.03,0.000632,0.05
2020-12-02,243.54,0.00016,0.05
2020-12-03,244.57,0.000304,0.05
2020-12-04,252.67,0.002654,0.05
2020-12-05,256.72,0.003664,0.05
2020-12-06,256.98,0.00181,0.05
2020-12-07,258.5,0.00882,0.05
2020-12-08,261.37,0.009905,0.05
2020-12-09,259.39,0.003314,0.05
2020-12-10,252.3,0.001066,0.05
2020-12-11,254.78,0.005176,0.05
2020-12-12,256.43,0.006412,0.05
2020-12-13,252.72,0.001344,0.05
2020-12-14,251.53,0.001523,0.05
2020-12-15,250.92,0.002639,0.05
2020-12-16,250.19,0.001856,0.05
2020-12-17,244.99,7e-05,0.05
2020-12-18,242.68,1e-06,0.05
2020-12-19,244.15,0.0,0.05
2020-12-20,246.6,0.001807,0.05
2020-12-21,251.48,0.005497,0.05
2020-12-22,248.2,0.000587,0.05
2020-12-23,245.86,7.9e-05,0.05
2020-12-24,245.98,0.000503,0.05
2020-12-25,247.77,0.002333,0.05
2020-12-26,252.81,0.004815,0.05
2020-12-27,251.54,0.001594,0.05
2020-12-28,250.55,0.00041,0.05
2020-12-29,246.2,2.6e-05,0.05
2020-12-30,243.38,1e-06,0.05
2020-12-31,242.69,1e-06,0.05
2021-01-01,244.27,1e-06,0.05
2021-01-02,244.29,0.0,0.05
2021-01-03,245.26,0.000104,0.05
2021-01-04,248.21,0.001035,0.05
2021-01-05,252.45,0.008505,0.05
2021-01-06,254.35,0.006214,0.05
2021-01-07,251.44,0.002747,0.05
2021-01-08,253.95,0.004985,0.05
2021-01-09,250.6,0.001386,0.05
2021-01-10,249.24,0.000665,0.05
2021-01-11,247.67,2.5e-05,0.05
2021-01-12,245.24,4e-06,0.05
2021-01-13,247.14,1e-06,0.05
2021-01-14,247.03,1e-06,0.05
2021-01-15,248.5,0.0,0.05
2021-01-16,248.82,0.0,0.05
2021-01-17,249.32,0.000112,0.05
2021-01-18,248.21,0.000162,0.05
2021-01-19,245.6,1.3e-05,0.05
2021-01-20,245.73,5e-06,0.05
2021-01-21,247.16,3.7e-05,0.05
2021-01-22,252.99,0.010197,0.05
2021-01-23,251.13,0.005652,0.05
2021-01-24,245.16,3e-06,0.05
2021-01-25,244.4,0.0,0.05
2021-01-26,243.14,1.5e-05,0.05
2021-01-27,242.08,1e-06,0.05
2021-01-28,242.72,1e-06,0.05
2021-01-29,242.86,1e-06,0.05
2021-01-30,243.8,2e-06,0.05
2021-01-31,247.95,0.000882,0.05
2021-02-01,247.47,0.000614,0.05
2021-02-02,250.28,0.000893,0.05
2021-02-03,250.83,0.000168,0.05
2021-02-04,248.76,1.9e-05,0.05
2021-02-05,248.36,5e-06,0.05
2021-02-06,250.69,3e-06,0.05
2021-02-07,251.89,2e-06,0.05
2021-02-08,255.12,0.001117,0.05
2021-02-09,252.94,0.000829,0.05
2021-02-10,248.26,4.9e-05,0.05
2021-02-11,246.69,3.8e-05,0.05
2021-02-12,250.86,4e-06,0.05
2021-02-13,254.66,0.001792,0.05
2021-02-14,248.21,0.00019,0.05
2021-02-15,249.95,8e-06,0.05
2021-02-16,252.07,2e-06,0.05
2021-02-17,252.79,2e-06,0.05
2021-02-18,253.01,0.0,0.05
2021-02-19,254.95,6e-05,0.05
2021-02-20,258.8,0.005012,0.05
2021-02-21,260.19,0.003857,0.05
2021-02-22,262.12,0.018325,0.05
2021-02-23,262.17,0.010381,0.05
2021-02-24,261.35,0.008769,0.05
2021-02-25,263.27,0.014929,0.05
2021-02-26,263.71,0.021144,0.05
2021-02-27,260.25,0.007002,0.05
2021-02-28,251.04,7.7e-05,0.05
2021-03-01,249.7,1.1e-05,0.05
2021-03-02,250.39,0.000728,0.05
2021-03-03,253.95,0.001321,0.05
2021-03-04,257.64,0.003597,0.05
2021-03-05,251.2,0.000576,0.05
2021-03-06,252.54,0.001819,0.05
2021-03-07,258.26,0.005738,0.05
2021-03-08,256.88,0.002034,0.05
2021-03-09,256.2,0.003498,0.05
2021-03-10,259.1,0.004971,0.05
2021-03-11,260.08,0.012748,0.05
2021-03-12,260.98,0.008594,0.05
2021-03-13,257.88,0.000928,0.05
2021-03-14,259.45,0.007635,0.05
2021-03-15,259.54,0.002646,0.05
2021-03-16,261.18,0.003876,0.05
2021-03-17,261.93,0.005057,0.05
2021-03-18,258.5,0.000247,0.05
2021-03-19,250.85,9.8e-05,0.05
2021-03-20,255.85,0.000211,0.05
2021-03-21,260.77,0.010122,0.05
2021-03-22,263.19,0.012759,0.05
2021-03-23,263.66,0.01184,0.05
2021-03-24,261.36,0.00471,0.05
2021-03-25,258.05,7.2e-05,0.05
2021-03-26,260.09,0.000388,0.05
2021-03-27,260.81,0.000124,0.05
2021-03-28,261.9,0.0122,0.05
2021-03-29,264.05,0.01011,0.05
2021-03-30,261.18,0.004323,0.05
2021-03-31,254.97,4.4e-05,0.05
2021-04-01,254.28,2e-06,0.05
2021-04-02,251.48,1e-06,0.05
2021-04-03,251.53,5.8e-05,0.05
2021-04-04,257.31,0.005038,0.05
2021-04-05,261.57,0.005406,0.05
2021-04-06,263.44,0.012351,0.05
2021-04-07,262.52,0.010751,0.05
2021-04-08,258.84,0.001458,0.05
2021-04-09,251.48,6.4e-05,0.05
2021-04-10,251.18,5.5e-05,0.05
2021-04-11,254.09,0.00043,0.05
2021-04-12,252.94,0.000196,0.05
2021-04-13,257.51,0.000744,0.05
2021-04-14,258.06,0.000116,0.05
2021-04-15,261.49,0.005571,0.05
2021-04-16,265.17,0.00697,0.05
2021-04-17,266.91,0.016319,0.05
2021-04-18,266.11,0.0094,0.05
2021-04-19,260.2,6.7e-05,0.05
2021-04-20,259.64,0.000152,0.05
2021-04-21,258.93,0.000117,0.05
2021-04-22,260.0,0.001377,0.05
2021-04-23,254.11,1.9e-05,0.05
2021-04-24,256.98,1e-06,0.05
2021-04-25,260.0,0.0,0.05
2021-04-26,259.32,0.0,0.05
2021-04-27,259.6,1e-06,0.05
2021-04-28,260.44,0.0,0.05
2021-04-29,261.75,1e-06,0.05
2021-04-30,262.59,0.0,0.05
2021-05-01,263.42,0.0,0.05
2021-05-02,264.69,0.0,0.05
2021-05-03,265.85,1e-06,0.05
2021-05-04,267.0,1e-06,0.05
2021-05-05,266.91,7.3e-05,0.05
2021-05-06,267.23,0.000181,0.05
2021-05-07,264.77,7.1e-05,0.05
2021-05-08,265.81,8.6e-05,0.05
2021-05-09,266.57,9.8e-05,0.05
2021-05-10,266.66,0.000106,0.05
2021-05-11,270.0,0.001453,0.05
2021-05-12,271.41,0.006779,0.05
2021-05-13,269.08,0.000923,0.05
2021-05-14,268.46,0.000543,0.05
2021-05-15,268.64,0.00028,0.05
2021-05-16,268.26,0.000158,0.05
2021-05-17,268.5,0.000347,0.05
2021-05-18,269.36,0.000431,0.05
2021-05-19,269.46,0.00233,0.05
2021-05-20,268.68,7e-05,0.05
2021-05-21,271.53,0.000194,0.05
2021-05-22,270.04,0.00276,0.05
2021-05-23,269.86,0.006868,0.05
2021-05-24,269.93,0.001167,0.05
2021-05-25,269.77,0.000369,0.05
2021-05-26,267.96,3.6e-05,0.05
2021-05-27,267.61,3.7e-05,0.05
2021-05-28,269.11,1.1e-05,0.05
2021-05-29,272.61,1e-06,0.05
2021-05-30,271.77,8e-06,0.05
2021-05-31,270.44,4.4e-05,0.05
2021-06-01,270.82,7.6e-05,0.05
2021-06-02,271.02,3.1e-05,0.05
2021-06-03,271.43,4.1e-05,0.05
2021-06-04,270.16,3e-05,0.05
2021-06-05,270.7,2.2e-05,0.05
2021-06-06,271.16,2.4e-05,0.05
2021-06-07,271.76,7.2e-05,0.05
2021-06-08,273.93,0.000357,0.05
2021-06-09,274.71,5.2e-05,0.05
2021-06-10,276.55,0.000137,0.05
2021-06-11,275.11,0.00036,0.05
2021-06-12,274.66,0.002615,0.05
2021-06-13,274.41,0.004587,0.05
2021-06-14,275.09,0.002819,0.05
2021-06-15,274.32,0.011669,0.05
2021-06-16,272.89,0.006584,0.05
2021-06-17,272.36,0.01492,0.05
2021-06-18,269.98,0.003246,0.05
2021-06-19,267.32,8.1e-05,0.05
2021-06-20,271.31,0.001835,0.05
2021-06-21,272.37,0.007262,0.05
2021-06-22,272.6,0.000703,0.05
2021-06-23,272.78,0.000727,0.05
2021-06-24,272.68,0.000687,0.05
2021-06-25,273.5,0.003067,0.05
2021-06-26,273.99,0.003807,0.05
2021-06-27,274.34,0.002714,0.05
2021-06-28,275.04,0.002398,0.05
2021-06-29,277.39,0.00118,0.05
2021-06-30,278.08,0.006254,0.05
2021-07-01,276.76,0.007314,0.05
2021-07-02,276.02,0.011498,0.05
2021-07-03,274.56,0.005487,0.05
2021-07-04,274.86,0.00159,0.05
2021-07-05,276.74,0.002532,0.05
2021-07-06,277.51,0.005451,0.05
2021-07-07,278.51,0.003351,0.05
2021-07-08,280.49,4.3e-05,0.05
2021-07-09,281.53,1.2e-05,0.05
2021-07-10,282.75,5e-06,0.05
2021-07-11,282.97,0.00046,0.05
2021-07-12,280.78,0.004857,0.05
2021-07-13,278.9,0.00903,0.05
2021-07-14,278.83,0.006742,0.05
2021-07-15,281.27,0.002047,0.05
2021-07-16,281.87,0.000916,0.05
2021-07-17,282.58,0.000851,0.05
2021-07-18,285.5,0.000164,0.05
2021-07-19,282.64,0.008476,0.05
2021-07-20,278.34,0.019062,0.05
2021-07-21,278.23,0.015811,0.05
2021-07-22,277.21,0.00681,0.05
2021-07-23,281.44,0.00061,0.05
2021-07-24,284.58,0.00019,0.05
2021-07-25,286.09,5.3e-05,0.05
2021-07-26,284.53,1.1e-05,0.05
2021-07-27,284.9,0.000102,0.05
2021-07-28,284.44,0.001616,0.05
2021-07-29,283.45,0.00428,0.05
2021-07-30,282.98,0.001528,0.05
2021-07-31,282.19,0.006528,0.05
2021-08-01,280.97,0.009669,0.05
2021-08-02,278.84,0.01028,0.05
2021-08-03,279.82,0.0026,0.05
2021-08-04,279.81,0.005567,0.05
2021-08-05,278.76,0.006381,0.05
2021-08-06,279.27,0.00449,0.05
2021-08-07,279.78,0.00609,0.05
2021-08-08,279.29,0.006203,0.05
2021-08-09,279.43,0.001114,0.05
2021-08-10,280.64,0.000571,0.05
2021-08-11,281.08,0.000448,0.05
2021-08-12,280.72,0.001856,0.05
2021-08-13,280.14,0.00346,0.05
2021-08-14,277.27,0.011322,0.05
2021-08-15,274.56,0.005465,0.05
2021-08-16,274.37,0.00195,0.05
2021-08-17,274.63,0.000436,0.05
2021-08-18,277.51,0.000404,0.05
2021-08-19,279.58,0.001594,0.05
2021-08-20,279.0,0.006318,0.05
2021-08-21,279.17,0.004271,0.05
2021-08-22,280.12,0.003483,0.05
2021-08-23,280.54,0.002521,0.05
2021-08-24,281.09,0.002425,0.05
2021-08-25,281.7,0.001921,0.05
2021-08-26,282.03,0.003424,0.05
2021-08-27,279.48,0.012373,0.05
2021-08-28,276.37,0.013003,0.05
2021-08-29,274.64,0.001452,0.05
2021-08-30,274.68,0.001307,0.05
2021-08-31,275.15,0.012059,0.05
2021-09-01,270.51,0.009345,0.05
2021-09-02,265.4,0.000192,0.05
2021-09-03,267.46,0.000162,0.05
2021-09-04,270.48,3.3e-05,0.05
2021-09-05,273.14,3e-06,0.05
2021-09-06,274.94,4.4e-05,0.05
2021-09-07,277.15,4.3e-05,0.05
2021-09-08,277.75,5.1e-05,0.05
2021-09-09,276.36,7.1e-05,0.05
2021-09-10,277.48,0.006729,0.05
2021-09-11,277.0,0.010388,0.05
2021-09-12,275.12,0.004229,0.05
2021-09-13,274.27,0.000971,0.05
2021-09-14,275.58,0.000494,0.05
2021-09-15,276.31,0.000626,0.05
2021-09-16,277.12,1.1e-05,0.05
2021-09-17,278.93,1e-06,0.05
2021-09-18,279.56,0.0,0.05
2021-09-19,280.11,1e-06,0.05
2021-09-20,278.06,0.007346,0.05
2021-09-21,275.16,0.00497,0.05
2021-09-22,273.54,0.003856,0.05
2021-09-23,273.12,0.000525,0.05
2021-09-24,271.89,0.000235,0.05
2021-09-25,272.57,2.8e-05,0.05
2021-09-26,275.53,0.0,0.05
2021-09-27,276.98,0.0,0.05
2021-09-28,277.7,0.000208,0.05
2021-09-29,277.3,1.4e-05,0.05
2021-09-30,275.7,0.000715,0.05
2021-10-01,275.6,0.006493,0.05
2021-10-02,275.14,0.007258,0.05
2021-10-03,273.72,0.003404,0.05
2021-10-04,271.93,0.001555,0.05
2021-10-05,270.28,0.003056,0.05
2021-10-06,270.37,0.000865,0.05
2021-10-07,268.4,0.000365,0.05
2021-10-08,268.68,0.002522,0.05
2021-10-09,269.5,0.001687,0.05
2021-10-10,267.38,0.010345,0.05
2021-10-11,266.36,0.006895,0.05
2021-10-12,262.27,0.000836,0.05
2021-10-13,255.65,0.000153,0.05
2021-10-14,255.9,7.3e-05,0.05
2021-10-15,257.45,2.5e-05,0.05
2021-10-16,260.76,0.00028,0.05
2021-10-17,262.23,0.005443,0.05
2021-10-18,260.86,0.000552,0.05
2021-10-19,257.07,0.000373,0.05
2021-10-20,253.89,0.000189,0.05
2021-10-21,258.48,0.001806,0.05
2021-10-22,264.81,0.022986,0.05
2021-10-23,262.3,0.004783,0.05
2021-10-24,257.79,0.001792,0.05
2021-10-25,255.03,0.000742,0.05
2021-10-26,249.06,0.000104,0.05
2021-10-27,251.6,9e-06,0.05
2021-10-28,251.47,0.0,0.05
2021-10-29,253.44,0.00021,0.05
2021-10-30,249.83,1.1e-05,0.05
2021-10-31,251.57,9.5e-05,0.05
2021-11-01,255.48,8.9e-05,0.05
2021-11-02,251.05,6e-06,0.05
2021-11-03,246.56,2.1e-05,0.05
2021-11-04,253.54,0.007151,0.05
2021-11-05,259.31,0.007808,0.05
2021-11-06,249.48,0.000308,0.05
2021-11-07,249.27,6e-06,0.05
2021-11-08,251.63,2e-06,0.05
2021-11-09,252.59,5.3e-05,0.05
2021-11-10,253.39,1.4e-05,0.05
2021-11-11,251.64,2e-06,0.05
2021-11-12,250.22,1e-06,0.05
2021-11-13,249.93,2e-06,0.05
2021-11-14,250.72,2e-06,0.05
2021-11-15,249.5,0.0,0.05
2021-11-16,248.77,1e-06,0.05
2021-11-17,254.68,0.001775,0.05
2021-11-18,258.52,0.005928,0.05
2021-11-19,249.26,0.000382,0.05
2021-11-20,244.34,3.1e-05,0.05
2021-11-21,249.62,0.0,0.05
2021-11-22,250.03,2e-06,0.05
2021-11-23,250.49,9.6e-05,0.05
2021-11-24,253.35,0.001371,0.05
2021-11-25,247.31,0.000264,0.05
2021-11-26,245.67,0.000192,0.05
2021-11-27,253.96,0.002734,0.05
2021-11-28,250.3,0.000524,0.05
2021-11-29,250.4,0.000497,0.05
2021-11-30,251.34,9.6e-05,0.05
2021-12-01,252.8,1.7e-05,0.05
2021-12-02,251.79,2e-06,0.05
2021-12-03,251.3,1e-06,0.05
2021-12-04,254.13,0.001677,0.05
2021-12-05,256.84,0.008244,0.05
2021-12-06,254.58,0.00178,0.05
2021-12-07,250.48,0.000456,0.05
2021-12-08,246.73,0.00029,0.05
2021-12-09,246.0,0.000481,0.05
2021-12-10,245.26,1e-06,0.05
2021-12-11,246.14,1e-06,0.05
2021-12-12,246.85,0.0,0.05
2021-12-13,247.53,0.000832,0.05
2021-12-14,250.78,0.003926,0.05
2021-12-15,247.98,0.001094,0.05
2021-12-16,245.22,0.000107,0.05
2021-12-17,243.54,1e-06,0.05
2021-12-18,242.25,0.0,0.05
2021-12-19,245.47,3e-06,0.05
2021-12-20,247.34,0.000264,0.05
2021-12-21,246.37,5e-05,0.05
2021-12-22,249.44,0.000411,0.05
2021-12-23,249.34,0.000913,0.05
2021-12-24,245.34,0.000277,0.05
2021-12-25,247.12,0.00046,0.05
2021-12-26,249.24,0.001985,0.05
2021-12-27,250.74,0.002794,0.05
2021-12-28,248.11,0.000745,0.05
2021-12-29,244.77,7e-06,0.05
2021-12-30,244.39,1.3e-05,0.05
2021-12-31,246.0,3e-05,0.05
2022-01-01,249.12,0.003233,0.05
2022-01-02,252.16,0.00187,0.05
2022-01-03,252.28,0.003696,0.05
2022-01-04,256.13,0.009062,0.05
2022-01-05,257.49,0.007425,0.05
2022-01-06,252.85,0.000828,0.05
2022-01-07,255.09,0.005367,0.05
2022-01-08,257.38,0.004446,0.05
2022-01-09,253.72,0.001317,0.05
2022-01-10,250.44,0.000929,0.05
2022-01-11,244.62,6e-05,0.05
2022-01-12,244.64,3.9e-05,0.05
2022-01-13,246.97,0.000617,0.05
2022-01-14,243.43,0.000108,0.05
2022-01-15,245.21,0.000194,0.05
2022-01-16,247.42,0.000256,0.05
2022-01-17,250.26,0.003653,0.05
2022-01-18,251.91,0.002134,0.05
2022-01-19,253.15,0.003146,0.05
2022-01-20,249.16,0.000728,0.05
2022-01-21,248.47,0.001251,0.05
2022-01-22,250.67,0.001188,0.05
2022-01-23,253.99,0.003459,0.05
2022-01-24,252.97,0.001281,0.05
2022-01-25,246.59,0.000407,0.05
2022-01-26,244.37,9.7e-05,0.05
2022-01-27,243.13,3e-06,0.05
2022-01-28,245.32,0.000655,0.05
2022-01-29,248.48,0.001509,0.05
2022-01-30,247.77,0.00144,0.05
2022-01-31,251.31,0.002134,0.05
2022-02-01,249.73,0.000866,0.05
2022-02-02,251.25,0.003645,0.05
2022-02-03,254.55,0.001299,0.05
2022-02-04,247.79,5.6e-05,0.05
2022-02-05,247.03,0.000478,0.05
2022-02-06,252.97,0.005875,0.05
2022-02-07,254.4,0.001895,0.05
2022-02-08,252.28,0.003723,0.05
2022-02-09,252.85,0.0012,0.05
2022-02-10,247.16,0.000269,0.05
2022-02-11,247.4,0.0,0.05
2022-02-12,248.58,9.2e-05,0.05
2022-02-13,250.42,0.000444,0.05
2022-02-14,253.1,0.002944,0.05
2022-02-15,255.39,0.002653,0.05
2022-02-16,253.51,0.002021,0.05
2022-02-17,252.66,0.000951,0.05
2022-02-18,251.41,0.000818,0.05
2022-02-19,249.46,0.000457,0.05
2022-02-20,249.27,1.2e-05,0.05
2022-02-21,248.51,5.8e-05,0.05
2022-02-22,252.76,0.001909,0.05
2022-02-23,256.07,0.006751,0.05
2022-02-24,256.1,0.00393,0.05
2022-02-25,256.64,0.003852,0.05
2022-02-26,256.91,0.003904,0.05
2022-02-27,251.32,0.00015,0.05
2022-02-28,251.8,0.000631,0.05
2022-03-01,256.13,0.002101,0.05
2022-03-02,251.95,0.00039,0.05
2022-03-03,253.23,0.001073,0.05
2022-03-04,248.18,7.9e-05,0.05
2022-03-05,253.44,0.001469,0.05
2022-03-06,260.06,0.016575,0.05
2022-03-07,260.93,0.012777,0.05
2022-03-08,259.79,0.001791,0.05
2022-03-09,260.39,0.00439,0.05
2022-03-10,255.05,0.000385,0.05
2022-03-11,254.85,9.7e-05,0.05
2022-03-12,258.53,0.000595,0.05
2022-03-13,256.81,0.001173,0.05
2022-03-14,261.9,0.002891,0.05
2022-03-15,262.57,0.00163,0.05
2022-03-16,256.19,0.000104,0.05
2022-03-17,259.02,2.5e-05,0.05
2022-03-18,263.81,0.010796,0.05
2022-03-19,264.96,0.011536,0.05
2022-03-20,263.99,0.007723,0.05
2022-03-21,259.88,0.001049,0.05
2022-03-22,256.64,0.000104,0.05
2022-03-23,260.24,0.004338,0.05
2022-03-24,260.26,0.001328,0.05
2022-03-25,252.94,0.000179,0.05
2022-03-26,256.87,0.0,0.05
2022-03-27,263.01,0.002431,0.05
2022-03-28,265.89,0.004905,0.05
2022-03-29,265.41,0.006325,0.05
2022-03-30,262.96,0.003133,0.05
2022-03-31,257.15,0.000601,0.05
2022-04-01,255.13,6.4e-05,0.05
2022-04-02,262.16,0.003299,0.05
2022-04-03,261.58,0.002593,0.05
2022-04-04,253.44,0.00012,0.05
2022-04-05,253.29,7.3e-05,0.05
2022-04-06,259.45,7e-06,0.05
2022-04-07,261.46,0.0,0.05
2022-04-08,261.88,0.0,0.05
2022-04-09,260.16,0.00238,0.05
2022-04-10,254.94,8.3e-05,0.05
2022-04-11,258.28,3.3e-05,0.05
2022-04-12,265.53,0.001324,0.05
2022-04-13,265.83,0.009517,0.05
2022-04-14,262.63,0.002401,0.05
2022-04-15,257.74,0.000114,0.05
2022-04-16,254.97,7.9e-05,0.05
2022-04-17,259.88,3e-06,0.05
2022-04-18,263.11,1e-06,0.05
2022-04-19,265.43,0.00049,0.05
2022-04-20,265.72,0.003272,0.05
2022-04-21,265.51,0.005188,0.05
2022-04-22,263.73,0.001221,0.05
2022-04-23,262.41,0.000177,0.05
2022-04-24,257.58,8.1e-05,0.05
2022-04-25,259.8,0.000405,0.05
2022-04-26,258.17,7.4e-05,0.05
2022-04-27,260.36,6.3e-05,0.05
2022-04-28,261.98,5.5e-05,0.05
2022-04-29,261.48,0.000104,0.05
2022-04-30,263.38,8.6e-05,0.05
2022-05-01,262.27,5.4e-05,0.05
2022-05-02,268.57,2e-06,0.05
2022-05-03,270.56,0.000193,0.05
2022-05-04,270.34,0.001611,0.05
2022-05-05,270.24,0.000558,0.05
2022-05-06,266.92,0.000175,0.05
2022-05-07,266.21,6.5e-05,0.05
2022-05-08,268.46,2.5e-05,0.05
2022-05-09,266.85,8.1e-05,0.05
2022-05-10,267.97,4.3e-05,0.05
2022-05-11,268.72,9.5e-05,0.05
2022-05-12,270.69,0.00045,0.05
2022-05-13,270.26,0.000196,0.05
2022-05-14,268.9,0.000134,0.05
2022-05-15,271.48,0.007157,0.05
2022-05-16,270.69,0.000441,0.05
2022-05-17,268.59,6.8e-05,0.05
2022-05-18,268.83,3.3e-05,0.05
2022-05-19,270.75,0.000272,0.05
2022-05-20,271.76,0.003512,0.05
2022-05-21,270.76,0.003551,0.05
2022-05-22,271.03,0.008406,0.05
2022-05-23,270.98,0.001587,0.05
2022-05-24,270.46,0.000229,0.05
2022-05-25,268.35,3.3e-05,0.05
2022-05-26,269.54,1.8e-05,0.05
2022-05-27,269.31,4.6e-05,0.05
2022-05-28,272.01,0.001528,0.05
2022-05-29,271.23,0.004387,0.05
2022-05-30,271.31,0.002847,0.05
2022-05-31,271.39,0.00675,0.05
2022-06-01,271.69,0.010371,0.05
2022-06-02,271.04,0.005977,0.05
2022-06-03,269.34,0.000275,0.05
2022-06-04,269.31,0.000876,0.05
2022-06-05,270.67,0.000165,0.05
2022-06-06,271.17,0.000111,0.05
2022-06-07,270.5,0.000205,0.05
2022-06-08,271.08,0.00028,0.05
2022-06-09,272.35,0.00201,0.05
2022-06-10,272.48,0.002594,0.05
2022-06-11,272.48,0.001568,0.05
2022-06-12,273.32,0.000645,0.05
2022-06-13,274.22,0.001928,0.05
2022-06-14,273.86,0.000145,0.05
2022-06-15,274.1,0.001266,0.05
2022-06-16,276.18,0.003059,0.05
2022-06-17,274.38,0.003028,0.05
2022-06-18,273.95,0.013114,0.05
2022-06-19,271.69,0.007385,0.05
2022-06-20,271.2,0.006835,0.05
2022-06-21,272.78,0.007271,0.05
2022-06-22,272.1,0.01059,0.05
2022-06-23,269.84,0.000137,0.05
2022-06-24,267.39,5.1e-05,0.05
2022-06-25,272.69,7e-06,0.05
2022-06-26,276.57,0.0,0.05
2022-06-27,278.7,2e-06,0.05
2022-06-28,280.1,2e-06,0.05
2022-06-29,279.08,7.8e-05,0.05
2022-06-30,278.92,3.3e-05,0.05
2022-07-01,279.59,7.1e-05,0.05
2022-07-02,277.85,3.6e-05,0.05
2022-07-03,279.82,7.7e-05,0.05
2022-07-04,278.72,5.3e-05,0.05
2022-07-05,280.1,0.001532,0.05
2022-07-06,281.9,0.002277,0.05
2022-07-07,282.75,0.001459,0.05
2022-07-08,282.73,0.001286,0.05
2022-07-09,283.64,0.001057,0.05
2022-07-10,282.83,0.003201,0.05
2022-07-11,281.52,0.005456,0.05
2022-07-12,281.57,0.005249,0.05
2022-07-13,280.0,0.014003,0.05
2022-07-14,278.2,0.012834,0.05
2022-07-15,279.01,0.004544,0.05
2022-07-16,279.92,0.006004,0.05
2022-07-17,282.03,0.000984,0.05
2022-07-18,282.95,0.000261,0.05
2022-07-19,283.55,0.000818,0.05
2022-07-20,283.58,1e-06,0.05
2022-07-21,283.28,3e-06,0.05
2022-07-22,285.01,4e-06,0.05
2022-07-23,285.48,1.1e-05,0.05
2022-07-24,283.48,0.010655,0.05
2022-07-25,282.49,0.006872,0.05
2022-07-26,283.85,0.001288,0.05
2022-07-27,285.39,0.000378,0.05
2022-07-28,283.83,0.002142,0.05
2022-07-29,282.17,0.004901,0.05
2022-07-30,280.98,0.00506,0.05
2022-07-31,278.16,0.012543,0.05
2022-08-01,278.07,0.007057,0.05
2022-08-02,279.33,0.002753,0.05
2022-08-03,279.31,0.00625,0.05
2022-08-04,280.13,0.003417,0.05
2022-08-05,281.18,0.003519,0.05
2022-08-06,281.95,0.002379,0.05
2022-08-07,281.74,0.001589,0.05
2022-08-08,282.03,0.003435,0.05
2022-08-09,282.43,0.006081,0.05
2022-08-10,282.99,0.003535,0.05
2022-08-11,283.18,0.000764,0.05
2022-08-12,282.85,0.003549,0.05
2022-08-13,282.74,0.005315,0.05
2022-08-14,283.54,0.003417,0.05
2022-08-15,283.33,0.006986,0.05
2022-08-16,281.39,0.017739,0.05
2022-08-17,278.56,0.018471,0.05
2022-08-18,280.87,0.008021,0.05
2022-08-19,282.5,0.001134,0.05
2022-08-20,280.95,0.009727,0.05
2022-08-21,279.72,0.011845,0.05
2022-08-22,279.27,0.006844,0.05
2022-08-23,279.99,0.008526,0.05
2022-08-24,280.77,0.00802,0.05
2022-08-25,281.15,0.010327,0.05
2022-08-26,280.13,0.01891,0.05
2022-08-27,277.52,0.023546,0.05
2022-08-28,277.13,0.007194,0.05
2022-08-29,277.58,0.005213,0.05
2022-08-30,277.57,0.003755,0.05
2022-08-31,277.38,0.008449,0.05
2022-09-01,275.99,0.007227,0.05
2022-09-02,276.41,3.6e-05,0.05
2022-09-03,277.23,2e-05,0.05
2022-09-04,276.79,2.1e-05,0.05
2022-09-05,277.7,0.000334,0.05
2022-09-06,278.23,0.001561,0.05
2022-09-07,277.69,0.000513,0.05
2022-09-08,278.59,0.000328,0.05
2022-09-09,280.33,0.000622,0.05
2022-09-10,278.4,0.001773,0.05
2022-09-11,275.86,0.014619,0.05
2022-09-12,273.5,0.007101,0.05
2022-09-13,272.06,0.001096,0.05
2022-09-14,270.98,0.000287,0.05
2022-09-15,271.67,0.000207,0.05
2022-09-16,274.36,0.000445,0.05
2022-09-17,273.33,0.008585,0.05
2022-09-18,270.62,0.000454,0.05
2022-09-19,270.46,9.7e-05,0.05
2022-09-20,274.04,0.000201,0.05
2022-09-21,275.04,0.001744,0.05
2022-09-22,273.82,0.0004,0.05
2022-09-23,275.47,0.000279,0.05
2022-09-24,274.93,0.007005,0.05
2022-09-25,273.12,0.006598,0.05
2022-09-26,269.41,0.000146,0.05
2022-09-27,270.15,1.1e-05,0.05
2022-09-28,273.13,0.000162,0.05
2022-09-29,271.53,0.000334,0.05
2022-09-30,272.05,0.000321,0.05
2022-10-01,270.86,0.00898,0.05
2022-10-02,268.47,0.002281,0.05
2022-10-03,268.04,0.00606,0.05
2022-10-04,266.58,0.00087,0.05
2022-10-05,265.01,0.00185,0.05
2022-10-06,266.39,0.004928,0.05
2022-10-07,267.35,0.002033,0.05
2022-10-08,260.29,0.000927,0.05
2022-10-09,258.65,3.6e-05,0.05
2022-10-10,262.68,0.000273,0.05
2022-10-11,260.78,0.000426,0.05
2022-10-12,257.65,5.8e-05,0.05
2022-10-13,255.32,8.4e-05,0.05
2022-10-14,257.58,5e-06,0.05
2022-10-15,259.91,0.0,0.05
2022-10-16,258.34,1.2e-05,0.05
2022-10-17,257.13,1.8e-05,0.05
2022-10-18,257.59,5.3e-05,0.05
2022-10-19,260.14,0.005523,0.05
2022-10-20,262.74,0.01019,0.05
2022-10-21,250.9,0.000101,0.05
2022-10-22,253.59,0.0,0.05
2022-10-23,255.69,0.0,0.05
2022-10-24,256.39,8e-06,0.05
2022-10-25,254.29,1.7e-05,0.05
2022-10-26,255.91,1.5e-05,0.05
2022-10-27,249.74,9.7e-05,0.05
2022-10-28,249.68,4.5e-05,0.05
2022-10-29,256.04,2e-06,0.05
2022-10-30,257.72,0.000161,0.05
2022-10-31,259.61,0.005152,0.05
2022-11-01,259.95,0.002312,0.05
2022-11-02,256.69,0.001115,0.05
2022-11-03,256.82,0.000861,0.05
2022-11-04,258.11,0.001205,0.05
2022-11-05,262.33,0.007996,0.05
2022-11-06,263.92,0.012795,0.05
2022-11-07,263.17,0.009606,0.05
2022-11-08,257.17,0.005317,0.05
2022-11-09,260.98,0.013569,0.05
2022-11-10,254.95,0.001345,0.05
2022-11-11,248.66,3.1e-05,0.05
2022-11-12,248.16,7e-06,0.05
2022-11-13,249.8,0.004012,0.05
2022-11-14,255.91,0.004809,0.05
2022-11-15,247.81,0.000156,0.05
2022-11-16,246.24,0.000361,0.05
2022-11-17,247.54,2.3e-05,0.05
2022-11-18,252.33,0.000706,0.05
2022-11-19,255.84,0.007445,0.05
2022-11-20,251.63,0.000432,0.05
2022-11-21,249.08,3e-06,0.05
2022-11-22,248.77,0.0,0.05
2022-11-23,249.96,2e-06,0.05
2022-11-24,249.99,1e-06,0.05
2022-11-25,252.37,2e-06,0.05
2022-11-26,253.99,7e-06,0.05
2022-11-27,251.72,0.0,0.05
2022-11-28,250.5,0.0,0.05
2022-11-29,252.03,2.5e-05,0.05
2022-11-30,251.25,1.3e-05,0.05
2022-12-01,252.31,0.0003,0.05
2022-12-02,256.27,0.004188,0.05
2022-12-03,255.85,0.002564,0.05
2022-12-04,248.73,0.00016,0.05
2022-12-05,250.3,0.00039,0.05
2022-12-06,251.43,0.002204,0.05
2022-12-07,249.77,0.000933,0.05
2022-12-08,255.95,0.004337,0.05
2022-12-09,259.65,0.007241,0.05
2022-12-10,257.62,0.002175,0.05
2022-12-11,254.34,0.003378,0.05
2022-12-12,255.94,0.005332,0.05
2022-12-13,250.98,0.001266,0.05
2022-12-14,249.59,1.3e-05,0.05
2022-12-15,250.58,0.0,0.05
2022-12-16,248.96,1e-06,0.05
2022-12-17,247.53,2e-06,0.05
2022-12-18,245.64,2.2e-05,0.05
2022-12-19,246.56,0.000248,0.05
2022-12-20,244.88,1.2e-05,0.05
2022-12-21,244.51,2e-06,0.05
2022-12-22,244.58,1e-06,0.05
2022-12-23,245.97,7e-06,0.05
2022-12-24,245.88,5e-06,0.05
2022-12-25,244.15,3e-05,0.05
2022-12-26,245.46,0.00012,0.05
2022-12-27,243.71,2.3e-05,0.05
2022-12-28,244.52,0.000169,0.05
2022-12-29,249.8,0.004744,0.05
2022-12-30,251.8,0.002727,0.05
2022-12-31,246.32,0.000473,0.05
2023-01-01,244.64,1.2e-05,0.05
2023-01-02,244.26,0.0,0.05
2023-01-03,243.69,2e-06,0.05
2023-01-04,243.78,2e-06,0.05
2023-01-05,244.63,2e-06,0.05
2023-01-06,248.06,0.000759,0.05
2023-01-07,252.16,0.004809,0.05
2023-01-08,256.32,0.012672,0.05
2023-01-09,257.85,0.006357,0.05
2023-01-10,258.01,0.00446,0.05
2023-01-11,258.67,0.012141,0.05
2023-01-12,257.41,0.005738,0.05
2023-01-13,255.48,0.004697,0.05
2023-01-14,250.11,0.000932,0.05
2023-01-15,246.29,0.000907,0.05
2023-01-16,242.29,0.000104,0.05
2023-01-17,241.12,1e-05,0.05
2023-01-18,242.79,0.000302,0.05
2023-01-19,246.59,0.000554,0.05
2023-01-20,248.42,0.000473,0.05
2023-01-21,250.05,0.001752,0.05
2023-01-22,252.56,0.003059,0.05
2023-01-23,254.15,0.004851,0.05
2023-01-24,255.54,0.004735,0.05
2023-01-25,256.09,0.003092,0.05
2023-01-26,249.45,0.000303,0.05
2023-01-27,247.35,0.000572,0.05
2023-01-28,253.3,0.006048,0.05
2023-01-29,258.1,0.009917,0.05
2023-01-30,258.69,0.010423,0.05
2023-01-31,253.95,0.001164,0.05
2023-02-01,251.14,0.000963,0.05
2023-02-02,254.23,0.001878,0.05
2023-02-03,256.81,0.005017,0.05
2023-02-04,255.23,0.00162,0.05
2023-02-05,252.02,0.002459,0.05
2023-02-06,256.44,0.005806,0.05
2023-02-07,250.18,0.000216,0.05
2023-02-08,247.98,0.001113,0.05
2023-02-09,253.91,0.009533,0.05
2023-02-10,256.49,0.010324,0.05
2023-02-11,254.95,0.002764,0.05
2023-02-12,249.27,0.000122,0.05
2023-02-13,248.85,0.000101,0.05
2023-02-14,252.81,0.002,0.05
2023-02-15,257.38,0.0037,0.05
2023-02-16,262.0,0.006825,0.05
2023-02-17,265.05,0.007446,0.05
2023-02-18,265.53,0.012427,0.05
2023-02-19,264.32,0.012339,0.05
2023-02-20,261.72,0.010728,0.05
2023-02-21,254.14,0.000616,0.05
2023-02-22,252.74,8.9e-05,0.05
2023-02-23,250.69,5e-06,0.05
2023-02-24,252.4,2e-06,0.05
2023-02-25,253.62,0.003095,0.05
2023-02-26,255.66,0.003455,0.05
2023-02-27,252.17,0.001695,0.05
2023-02-28,253.62,0.001462,0.05
2023-03-01,257.63,0.003767,0.05
2023-03-02,259.83,0.006123,0.05
2023-03-03,260.95,0.002139,0.05
2023-03-04,256.86,0.00079,0.05
2023-03-05,252.64,0.00033,0.05
2023-03-06,248.13,9e-05,0.05
2023-03-07,252.95,4e-06,0.05
2023-03-08,252.08,6e-06,0.05
2023-03-09,255.15,-0.0,0.05
2023-03-10,257.18,0.0,0.05
2023-03-11,257.49,1e-06,0.05
2023-03-12,257.64,0.000423,0.05
2023-03-13,252.17,9.1e-05,0.05
2023-03-14,254.17,1.4e-05,0.05
2023-03-15,257.71,2e-06,0.05
2023-03-16,257.53,5e-06,0.05
2023-03-17,257.63,1.8e-05,0.05
2023-03-18,255.59,0.000681,0.05
2023-03-19,257.57,0.001894,0.05
2023-03-20,256.99,0.00079,0.05
2023-03-21,255.39,0.000171,0.05
2023-03-22,255.57,0.000325,0.05
2023-03-23,259.39,0.001067,0.05
2023-03-24,259.76,0.000592,0.05
2023-03-25,263.32,0.003626,0.05
2023-03-26,260.37,0.000418,0.05
2023-03-27,256.37,0.00014,0.05
2023-03-28,256.78,6.7e-05,0.05
2023-03-29,262.36,0.000202,0.05
2023-03-30,262.78,0.000219,0.05
2023-03-31,264.38,0.001962,0.05
2023-04-01,264.98,0.007802,0.05
2023-04-02,264.97,0.002669,0.05
2023-04-03,264.08,0.004435,0.05
2023-04-04,264.75,0.005596,0.05
2023-04-05,262.72,0.001882,0.05
2023-04-06,262.22,0.003664,0.05
2023-04-07,255.03,0.000129,0.05
2023-04-08,256.89,1.2e-05,0.05
2023-04-09,259.11,1e-06,0.05
2023-04-10,259.62,1e-06,0.05
2023-04-11,260.06,5e-06,0.05
2023-04-12,260.34,-0.0,0.05
2023-04-13,260.95,0.0,0.05
2023-04-14,260.97,0.0,0.05
2023-04-15,262.15,0.000735,0.05
2023-04-16,262.48,0.011945,0.05
2023-04-17,265.38,0.007085,0.05
2023-04-18,266.49,0.020919,0.05
2023-04-19,267.49,0.014222,0.05
2023-04-20,266.32,0.012897,0.05
2023-04-21,264.63,0.005598,0.05
2023-04-22,261.95,0.000131,0.05
2023-04-23,260.72,0.0,0.05
2023-04-24,260.22,2e-06,0.05
2023-04-25,259.78,1e-06,0.05
2023-04-26,260.99,0.000518,0.05
2023-04-27,257.91,0.000558,0.05
2023-04-28,259.47,0.00077,0.05
2023-04-29,255.33,0.000152,0.05
2023-04-30,259.61,1.3e-05,0.05
2023-05-01,263.65,1e-06,0.05
2023-05-02,263.1,0.000135,0.05
2023-05-03,257.77,0.000122,0.05
2023-05-04,260.62,0.000194,0.05
2023-05-05,261.62,0.000995,0.05
2023-05-06,263.49,0.003477,0.05
2023-05-07,264.98,0.009247,0.05
2023-05-08,265.6,0.009533,0.05
2023-05-09,265.26,0.000587,0.05
2023-05-10,258.08,5.9e-05,0.05
2023-05-11,259.9,7e-06,0.05
2023-05-12,264.08,3e-06,0.05
2023-05-13,265.53,7.3e-05,0.05
2023-05-14,261.29,6.6e-05,0.05
2023-05-15,259.77,0.000103,0.05
2023-05-16,260.52,5.6e-05,0.05
2023-05-17,262.51,4.5e-05,0.05
2023-05-18,265.7,0.001129,0.05
2023-05-19,262.39,0.000112,0.05
2023-05-20,265.95,6e-06,0.05
2023-05-21,267.92,0.0,0.05
2023-05-22,269.08,9e-06,0.05
2023-05-23,269.92,0.007686,0.05
2023-05-24,270.06,0.001038,0.05
2023-05-25,266.45,0.003262,0.05
2023-05-26,267.17,0.007515,0.05
2023-05-27,267.54,0.000719,0.05
2023-05-28,262.27,6.9e-05,0.05
2023-05-29,265.48,0.000134,0.05
2023-05-30,269.03,0.003228,0.05
2023-05-31,270.93,0.008282,0.05
2023-06-01,271.23,0.016117,0.05
2023-06-02,271.23,0.000605,0.05
2023-06-03,268.47,0.0001,0.05
2023-06-04,262.19,8.3e-05,0.05
2023-06-05,261.17,6.7e-05,0.05
2023-06-06,267.05,0.000302,0.05
2023-06-07,269.47,0.00174,0.05
2023-06-08,267.72,4.5e-05,0.05
2023-06-09,266.09,3.7e-05,0.05
2023-06-10,265.69,4.6e-05,0.05
2023-06-11,263.04,6.5e-05,0.05
2023-06-12,264.43,5e-05,0.05
2023-06-13,265.98,4.2e-05,0.05
2023-06-14,268.21,0.000102,0.05
2023-06-15,267.23,0.000129,0.05
2023-06-16,266.51,7e-05,0.05
2023-06-17,267.57,6.3e-05,0.05
2023-06-18,267.34,5.7e-05,0.05
2023-06-19,271.39,8e-06,0.05
2023-06-20,268.8,3.7e-05,0.05
2023-06-21,267.35,3.6e-05,0.05
2023-06-22,269.72,4.2e-05,0.05
2023-06-23,272.9,1.4e-05,0.05
2023-06-24,271.14,3.5e-05,0.05
2023-06-25,276.22,2e-06,0.05
2023-06-26,275.67,0.002965,0.05
2023-06-27,274.02,0.000454,0.05
2023-06-28,274.22,0.006146,0.05
2023-06-29,273.91,0.004568,0.05
2023-06-30,272.6,9.9e-05,0.05
2023-07-01,273.07,0.000132,0.05
2023-07-02,272.02,3.2e-05,0.05
2023-07-03,271.2,7.5e-05,0.05
2023-07-04,273.98,0.00027,0.05
2023-07-05,274.98,0.006912,0.05
2023-07-06,274.29,0.00948,0.05
2023-07-07,274.16,0.015588,0.05
2023-07-08,275.06,0.006763,0.05
2023-07-09,275.1,0.008583,0.05
2023-07-10,274.71,0.008224,0.05
2023-07-11,272.81,0.001348,0.05
2023-07-12,272.42,9e-06,0.05
2023-07-13,272.29,2.2e-05,0.05
2023-07-14,273.23,7e-06,0.05
2023-07-15,274.75,4e-06,0.05
2023-07-16,278.17,0.000109,0.05
2023-07-17,277.1,0.000984,0.05
2023-07-18,276.68,4.2e-05,0.05
2023-07-19,277.74,7.6e-05,0.05
2023-07-20,279.88,0.000686,0.05
2023-07-21,280.58,0.005972,0.05
2023-07-22,281.16,0.008079,0.05
2023-07-23,279.35,0.004424,0.05
2023-07-24,278.19,0.001946,0.05
2023-07-25,280.02,0.000512,0.05
2023-07-26,281.13,0.000639,0.05
2023-07-27,281.28,0.002016,0.05
2023-07-28,279.05,0.020052,0.05
2023-07-29,275.6,0.011821,0.05
2023-07-30,278.0,0.000356,0.05
2023-07-31,280.59,0.000475,0.05
2023-08-01,281.27,0.000732,0.05
2023-08-02,280.99,0.000411,0.05
2023-08-03,281.7,0.000635,0.05
2023-08-04,282.88,0.000692,0.05
2023-08-05,282.27,0.003947,0.05
2023-08-06,281.59,0.00512,0.05
2023-08-07,278.43,0.015705,0.05
2023-08-08,279.22,0.000275,0.05
2023-08-09,281.09,0.000108,0.05
2023-08-10,282.44,0.000973,0.05
2023-08-11,281.1,0.00399,0.05
2023-08-12,282.24,0.001205,0.05
2023-08-13,283.31,0.000696,0.05
2023-08-14,280.53,0.008009,0.05
2023-08-15,279.82,0.00101,0.05
2023-08-16,280.27,0.001193,0.05
2023-08-17,280.77,0.002695,0.05
2023-08-18,280.76,0.001555,0.05
2023-08-19,281.83,0.002974,0.05
2023-08-20,282.52,0.000523,0.05
2023-08-21,284.6,0.000379,0.05
2023-08-22,284.96,0.001202,0.05
2023-08-23,281.74,0.009463,0.05
2023-08-24,278.59,0.012062,0.05
2023-08-25,277.87,0.006706,0.05
2023-08-26,277.69,0.007835,0.05
2023-08-27,276.34,0.01446,0.05
2023-08-28,274.75,0.007117,0.05
2023-08-29,272.56,0.001141,0.05
2023-08-30,274.04,4.6e-05,0.05
2023-08-31,277.41,0.00026,0.05
2023-09-01,277.65,0.000554,0.05
2023-09-02,275.63,0.006906,0.05
2023-09-03,275.45,0.004627,0.05
2023-09-04,276.29,0.003974,0.05
2023-09-05,274.94,0.00215,0.05
2023-09-06,275.08,0.001189,0.05
2023-09-07,275.91,0.00116,0.05
2023-09-08,276.06,0.001024,0.05
2023-09-09,277.13,0.000729,0.05
2023-09-10,279.0,0.000146,0.05
2023-09-11,280.83,0.0,0.05
2023-09-12,281.45,0.0,0.05
2023-09-13,281.71,6e-06,0.05
2023-09-14,281.76,0.0006,0.05
2023-09-15,280.32,0.001812,0.05
2023-09-16,280.42,0.000784,0.05
2023-09-17,278.58,0.008599,0.05
2023-09-18,276.65,0.006838,0.05
2023-09-19,276.84,0.000814,0.05
2023-09-20,275.97,0.001938,0.05
2023-09-21,275.46,0.004204,0.05
2023-09-22,273.48,0.005422,0.05
2023-09-23,271.65,0.00143,0.05
2023-09-24,271.07,0.008792,0.05
2023-09-25,268.49,0.003277,0.05
2023-09-26,266.23,0.000272,0.05
2023-09-27,263.86,0.000215,0.05
2023-09-28,266.32,0.001467,0.05
2023-09-29,268.15,0.009682,0.05
2023-09-30,265.39,0.001119,0.05
2023-10-01,261.35,0.0009,0.05
2023-10-02,264.41,0.00164,0.05
2023-10-03,263.02,0.001855,0.05
2023-10-04,263.19,0.000723,0.05
2023-10-05,260.36,5.3e-05,0.05
2023-10-06,264.94,0.003978,0.05
2023-10-07,266.86,0.002866,0.05
2023-10-08,264.65,0.003232,0.05
2023-10-09,265.31,0.005726,0.05
2023-10-10,261.1,0.000711,0.05
2023-10-11,257.16,3.9e-05,0.05
2023-10-12,260.87,1e-06,0.05
2023-10-13,263.07,0.001314,0.05
2023-10-14,263.61,0.004136,0.05
2023-10-15,259.89,0.003333,0.05
2023-10-16,264.44,0.005268,0.05
2023-10-17,264.18,0.003298,0.05
2023-10-18,255.24,0.000219,0.05
2023-10-19,251.14,0.000146,0.05
2023-10-20,254.06,2.6e-05,0.05
2023-10-21,250.53,3.5e-05,0.05
2023-10-22,254.75,0.000186,0.05
2023-10-23,249.41,0.000162,0.05
2023-10-24,248.91,7.4e-05,0.05
2023-10-25,251.73,1.4e-05,0.05
2023-10-26,254.91,7e-06,0.05
2023-10-27,256.09,4e-06,0.05
2023-10-28,254.21,6e-06,0.05
2023-10-29,258.03,1e-06,0.05
2023-10-30,255.21,1.5e-05,0.05
2023-10-31,256.32,7e-06,0.05
2023-11-01,261.14,0.00345,0.05
2023-11-02,258.0,0.002987,0.05
2023-11-03,250.63,3.1e-05,0.05
2023-11-04,251.96,3e-06,0.05
2023-11-05,252.05,2e-06,0.05
2023-11-06,253.35,2e-06,0.05
2023-11-07,253.99,0.0,0.05
2023-11-08,253.38,1e-05,0.05
2023-11-09,257.52,0.007979,0.05
2023-11-10,255.75,0.005187,0.05
2023-11-11,252.5,6e-06,0.05
2023-11-12,251.96,0.0,0.05
2023-11-13,250.49,2e-06,0.05
2023-11-14,249.74,0.0,0.05
2023-11-15,246.78,3e-06,0.05
2023-11-16,249.81,2e-06,0.05
2023-11-17,251.6,2e-06,0.05
2023-11-18,254.74,1.9e-05,0.05
2023-11-19,255.36,0.000624,0.05
2023-11-20,245.95,9.3e-05,0.05
2023-11-21,249.75,1e-06,0.05
2023-11-22,252.69,2e-06,0.05
2023-11-23,255.32,0.001234,0.05
2023-11-24,247.62,0.000142,0.05
2023-11-25,252.42,1.3e-05,0.05
2023-11-26,255.87,0.000799,0.05
2023-11-27,255.7,0.001311,0.05
2023-11-28,248.38,0.000149,0.05
2023-11-29,249.62,0.000101,0.05
2023-11-30,256.29,0.002967,0.05
2023-12-01,255.23,0.002752,0.05
2023-12-02,247.03,8.9e-05,0.05
2023-12-03,250.73,4e-06,0.05
2023-12-04,249.08,3e-06,0.05
2023-12-05,249.42,0.0,0.05
2023-12-06,249.11,0.0,0.05
2023-12-07,248.78,0.0,0.05
2023-12-08,251.47,4.6e-05,0.05
2023-12-09,247.04,5.4e-05,0.05
2023-12-10,245.45,7e-06,0.05
2023-12-11,248.8,0.000504,0.05
2023-12-12,248.64,0.000322,0.05
2023-12-13,250.68,0.000974,0.05
2023-12-14,245.77,0.000108,0.05
2023-12-15,245.49,0.000429,0.05
2023-12-16,253.0,0.005811,0.05
2023-12-17,252.37,0.002051,0.05
2023-12-18,247.22,6.7e-05,0.05
2023-12-19,247.8,0.0,0.05
2023-12-20,249.61,0.0,0.05
2023-12-21,249.23,0.0,0.05
2023-12-22,250.35,0.000211,0.05
2023-12-23,253.43,0.001447,0.05
2023-12-24,251.08,0.001313,0.05
2023-12-25,244.77,9.8e-05,0.05
2023-12-26,244.4,1.8e-05,0.05
2023-12-27,244.39,3.1e-05,0.05
2023-12-28,246.64,1e-06,0.05
2023-12-29,249.52,5.8e-05,0.05
2023-12-30,249.69,0.00043,0.05
2023-12-31,244.16,0.000125,0.05
2024-01-01,243.57,1.8e-05,0.05
2024-01-02,245.61,5e-06,0.05
2024-01-03,249.15,2.9e-05,0.05
2024-01-04,249.51,9e-05,0.05
2024-01-05,249.85,0.000844,0.05
2024-01-06,245.35,8.2e-05,0.05
2024-01-07,248.28,3e-06,0.05
2024-01-08,250.86,8.2e-05,0.05
2024-01-09,246.34,2.7e-05,0.05
2024-01-10,249.2,2e-06,0.05
2024-01-11,251.42,0.0,0.05
2024-01-12,254.22,0.001531,0.05
2024-01-13,256.48,0.004351,0.05
2024-01-14,250.73,0.000658,0.05
2024-01-15,246.99,0.000447,0.05
2024-01-16,246.66,6.9e-05,0.05
2024-01-17,245.05,6.6e-05,0.05
2024-01-18,244.66,1.3e-05,0.05
2024-01-19,246.98,6.8e-05,0.05
2024-01-20,248.9,1e-05,0.05
2024-01-21,247.45,0.0,0.05
2024-01-22,249.15,2e-06,0.05
2024-01-23,249.63,1e-06,0.05
2024-01-24,248.99,1e-06,0.05
2024-01-25,251.16,0.00034,0.05
2024-01-26,252.48,0.001794,0.05
2024-01-27,250.71,0.000392,0.05
2024-01-28,255.56,0.006171,0.05
2024-01-29,257.3,0.006394,0.05
2024-01-30,256.05,0.005299,0.05
2024-01-31,256.4,0.004677,0.05
2024-02-01,253.38,0.00105,0.05
2024-02-02,249.75,0.000394,0.05
2024-02-03,251.73,0.004854,0.05
2024-02-04,254.25,0.003723,0.05
2024-02-05,248.56,0.000906,0.05
2024-02-06,246.5,0.000458,0.05
2024-02-07,245.85,0.000176,0.05
2024-02-08,244.43,-0.0,0.05
2024-02-09,246.68,1e-06,0.05
2024-02-10,246.73,1e-06,0.05
2024-02-11,246.81,0.0,0.05
2024-02-12,248.73,7.8e-05,0.05
2024-02-13,248.83,-0.0,0.05
2024-02-14,248.99,2e-06,0.05
2024-02-15,251.42,1e-06,0.05
2024-02-16,254.0,0.000302,0.05
2024-02-17,258.85,0.005662,0.05
2024-02-18,261.6,0.015234,0.05
2024-02-19,261.34,0.019058,0.05
2024-02-20,255.41,0.000901,0.05
2024-02-21,251.39,0.000593,0.05
2024-02-22,250.82,0.001132,0.05
2024-02-23,245.94,3.6e-05,0.05
2024-02-24,247.91,0.001184,0.05
2024-02-25,249.65,0.000696,0.05
2024-02-26,252.48,0.003371,0.05
2024-02-27,253.61,0.001298,0.05
2024-02-28,253.31,0.000963,0.05
2024-02-29,255.0,0.002131,0.05
2024-03-01,258.97,0.012464,0.05
2024-03-02,260.33,0.016714,0.05
2024-03-03,258.02,0.005463,0.05
2024-03-04,253.7,0.001215,0.05
2024-03-05,251.27,0.000128,0.05
2024-03-06,252.67,0.001701,0.05
2024-03-07,256.57,0.003395,0.05
2024-03-08,256.16,0.003408,0.05
2024-03-09,250.89,3.2e-05,0.05
2024-03-10,254.91,0.001792,0.05
2024-03-11,257.17,0.002524,0.05
2024-03-12,254.13,0.001009,0.05
2024-03-13,258.61,0.010431,0.05
2024-03-14,258.69,0.002296,0.05
2024-03-15,254.9,0.000165,0.05
2024-03-16,253.6,1.6e-05,0.05
2024-03-17,253.29,1e-06,0.05
2024-03-18,254.47,1.5e-05,0.05
2024-03-19,255.29,3e-06,0.05
2024-03-20,257.77,7.8e-05,0.05
2024-03-21,260.51,0.007285,0.05
2024-03-22,260.33,0.005771,0.05
2024-03-23,258.19,0.001463,0.05
2024-03-24,256.37,0.000584,0.05
2024-03-25,251.24,6.7e-05,0.05
2024-03-26,259.8,0.000224,0.05
2024-03-27,262.47,0.003296,0.05
2024-03-28,264.4,0.00541,0.05
2024-03-29,265.6,0.009058,0.05
2024-03-30,265.71,0.011771,0.05
2024-03-31,262.75,0.006561,0.05
2024-04-01,254.58,0.000125,0.05
2024-04-02,256.01,0.000783,0.05
2024-04-03,261.19,0.006885,0.05
2024-04-04,260.62,0.001456,0.05
2024-04-05,256.62,0.001268,0.05
2024-04-06,254.49,7.4e-05,0.05
2024-04-07,251.59,7.2e-05,0.05
2024-04-08,255.68,1e-06,0.05
2024-04-09,258.35,2e-06,0.05
2024-04-10,260.06,0.000119,0.05
2024-04-11,259.94,0.000298,0.05
2024-04-12,257.87,0.000422,0.05
2024-04-13,264.77,0.007584,0.05
2024-04-14,266.11,0.008792,0.05
2024-04-15,267.21,0.00868,0.05
2024-04-16,265.27,0.001957,0.05
2024-04-17,261.9,0.000885,0.05
2024-04-18,266.55,0.002102,0.05
2024-04-19,267.05,0.001668,0.05
2024-04-20,266.52,0.00092,0.05
2024-04-21,262.92,0.000135,0.05
2024-04-22,259.07,0.000104,0.05
2024-04-23,258.23,0.000108,0.05
2024-04-24,260.74,4.2e-05,0.05
2024-04-25,261.74,1.7e-05,0.05
2024-04-26,265.36,0.000753,0.05
2024-04-27,266.38,0.009485,0.05
2024-04-28,266.69,0.011529,0.05
2024-04-29,266.54,0.014605,0.05
2024-04-30,265.88,0.00333,0.05
2024-05-01,263.26,1.3e-05,0.05
2024-05-02,257.96,5e-05,0.05
2024-05-03,263.36,0.003873,0.05
2024-05-04,265.17,0.000352,0.05
2024-05-05,262.5,0.000149,0.05
2024-05-06,261.11,0.000113,0.05
2024-05-07,259.2,8.4e-05,0.05
2024-05-08,265.02,3e-06,0.05
2024-05-09,267.06,1e-06,0.05
2024-05-10,268.05,7e-06,0.05
2024-05-11,268.17,0.000127,0.05
2024-05-12,267.87,0.004534,0.05
2024-05-13,264.96,0.000205,0.05
2024-05-14,263.74,1.2e-05,0.05
2024-05-15,268.05,1e-06,0.05
2024-05-16,267.94,3e-06,0.05
2024-05-17,268.49,-0.0,0.05
2024-05-18,270.08,4.9e-05,0.05
2024-05-19,270.31,0.000962,0.05
2024-05-20,267.9,0.000775,0.05
2024-05-21,266.62,0.000148,0.05
2024-05-22,265.58,5.3e-05,0.05
2024-05-23,268.59,7.8e-05,0.05
2024-05-24,269.87,7.8e-05,0.05
2024-05-25,270.41,7.4e-05,0.05
2024-05-26,269.95,0.000132,0.05
2024-05-27,268.95,8.3e-05,0.05
2024-05-28,270.77,1.9e-05,0.05
2024-05-29,272.46,0.000199,0.05
2024-05-30,270.74,0.000528,0.05
2024-05-31,271.0,0.000696,0.05
2024-06-01,270.96,0.000102,0.05
2024-06-02,269.35,3.7e-05,0.05
2024-06-03,269.2,5.7e-05,0.05
2024-06-04,271.16,0.002487,0.05
2024-06-05,271.63,0.004523,0.05
2024-06-06,271.37,0.003957,0.05
2024-06-07,271.7,0.011468,0.05
2024-06-08,270.78,0.004459,0.05
2024-06-09,268.62,0.000526,0.05
2024-06-10,267.81,6.3e-05,0.05
2024-06-11,267.61,5.8e-05,0.05
2024-06-12,269.15,6.5e-05,0.05
2024-06-13,269.54,8.8e-05,0.05
2024-06-14,270.32,0.000132,0.05
2024-06-15,269.52,0.000121,0.05
2024-06-16,269.81,6.3e-05,0.05
2024-06-17,272.69,0.002568,0.05
2024-06-18,272.89,0.00145,0.05
2024-06-19,273.36,0.000315,0.05
2024-06-20,273.83,0.002038,0.05
2024-06-21,274.78,0.003274,0.05
2024-06-22,275.36,0.003617,0.05
2024-06-23,274.6,0.002171,0.05
2024-06-24,274.07,0.002119,0.05
2024-06-25,274.33,0.000528,0.05
2024-06-26,276.42,0.003538,0.05
2024-06-27,278.43,0.003992,0.05
2024-06-28,280.95,0.000414,0.05
2024-06-29,281.37,0.002302,0.05
2024-06-30,282.87,0.000901,0.05
2024-07-01,283.1,0.000908,0.05
2024-07-02,283.5,0.000637,0.05
2024-07-03,284.01,0.000354,0.05
2024-07-04,282.95,0.003121,0.05
2024-07-05,280.84,0.006531,0.05
2024-07-06,280.48,0.001141,0.05
2024-07-07,278.78,0.008713,0.05
2024-07-08,278.04,0.005626,0.05
2024-07-09,279.76,0.002069,0.05
2024-07-10,280.04,0.005428,0.05
2024-07-11,278.79,0.003908,0.05
2024-07-12,279.35,0.002943,0.05
2024-07-13,278.93,0.008349,0.05
2024-07-14,278.09,0.008278,0.05
2024-07-15,279.02,0.005194,0.05
2024-07-16,280.97,0.002412,0.05
2024-07-17,281.26,0.002927,0.05
2024-07-18,280.15,0.008053,0.05
2024-07-19,280.47,0.004613,0.05
2024-07-20,281.11,0.007505,0.05
2024-07-21,281.29,0.007908,0.05
2024-07-22,282.67,0.001897,0.05
2024-07-23,282.96,0.003474,0.05
2024-07-24,280.82,0.008284,0.05
2024-07-25,282.29,0.001943,0.05
2024-07-26,284.22,1e-06,0.05
2024-07-27,283.64,1e-06,0.05
2024-07-28,284.78,1.5e-05,0.05
2024-07-29,286.05,1.7e-05,0.05
2024-07-30,285.69,0.004621,0.05
2024-07-31,284.32,0.004971,0.05
2024-08-01,285.47,0.001295,0.05
2024-08-02,285.4,0.00023,0.05
2024-08-03,286.05,0.002028,0.05
2024-08-04,283.94,0.006121,0.05
2024-08-05,284.6,0.003585,0.05
2024-08-06,282.59,0.004059,0.05
2024-08-07,282.48,0.001956,0.05
2024-08-08,282.44,7.6e-05,0.05
2024-08-09,283.83,3.4e-05,0.05
2024-08-10,284.02,0.000637,0.05
2024-08-11,284.37,0.001054,0.05
2024-08-12,284.76,0.000808,0.05
2024-08-13,286.63,9.7e-05,0.05
2024-08-14,286.66,5.9e-05,0.05
2024-08-15,286.36,0.000531,0.05
2024-08-16,284.78,0.001848,0.05
2024-08-17,284.18,0.002571,0.05
2024-08-18,283.82,0.003048,0.05
2024-08-19,281.5,0.008787,0.05
2024-08-20,279.8,0.007447,0.05
2024-08-21,279.56,0.007192,0.05
2024-08-22,278.84,0.007975,0.05
2024-08-23,278.62,0.003193,0.05
2024-08-24,279.47,0.001089,0.05
2024-08-25,279.35,0.002155,0.05
2024-08-26,279.6,0.003755,0.05
2024-08-27,280.47,0.003864,0.05
2024-08-28,278.66,0.011189,0.05
2024-08-29,276.11,0.017438,0.05
2024-08-30,276.54,0.011345,0.05
2024-08-31,278.73,0.006654,0.05
2024-09-01,280.13,0.005748,0.05
2024-09-02,278.91,0.006686,0.05
2024-09-03,277.71,0.011081,0.05
2024-09-04,275.65,0.004963,0.05
2024-09-05,274.02,1.9e-05,0.05
2024-09-06,276.86,0.001753,0.05
2024-09-07,276.07,0.003982,0.05
2024-09-08,276.62,0.000963,0.05
2024-09-09,275.71,0.006437,0.05
2024-09-10,275.49,0.004002,0.05
2024-09-11,274.0,0.003603,0.05
2024-09-12,273.77,0.000168,0.05
2024-09-13,276.08,0.000671,0.05
2024-09-14,275.47,0.006817,0.05
2024-09-15,273.9,0.00331,0.05
2024-09-16,273.73,0.000629,0.05
2024-09-17,273.27,0.003724,0.05
2024-09-18,273.72,0.000218,0.05
2024-09-19,275.24,0.000314,0.05
2024-09-20,277.84,0.000329,0.05
2024-09-21,277.36,0.000257,0.05
2024-09-22,274.92,3.1e-05,0.05
2024-09-23,278.78,1e-06,0.05
2024-09-24,279.69,1.9e-05,0.05
2024-09-25,279.92,7.9e-05,0.05
2024-09-26,277.9,0.004178,0.05
2024-09-27,274.0,0.020835,0.05
2024-09-28,271.34,0.003696,0.05
2024-09-29,269.71,0.000648,0.05
2024-09-30,266.63,0.000261,0.05
2024-10-01,265.65,0.000216,0.05
2024-10-02,266.25,0.000416,0.05
2024-10-03,265.84,0.000119,0.05
2024-10-04,268.09,5.3e-05,0.05
2024-10-05,271.72,0.001379,0.05
2024-10-06,269.23,0.00437,0.05
2024-10-07,268.69,0.003048,0.05
2024-10-08,269.56,0.009983,0.05
2024-10-09,264.99,0.00152,0.05
2024-10-10,259.51,0.000291,0.05
2024-10-11,255.73,0.000129,0.05
2024-10-12,258.13,1.4e-05,0.05
2024-10-13,260.99,5e-06,0.05
2024-10-14,257.2,0.00016,0.05
2024-10-15,255.9,0.000196,0.05
2024-10-16,261.3,0.001827,0.05
2024-10-17,267.07,0.00205,0.05
2024-10-18,263.82,0.000504,0.05
2024-10-19,257.7,5.7e-05,0.05
2024-10-20,258.76,6e-06,0.05
2024-10-21,259.41,8e-06,0.05
2024-10-22,259.34,6.2e-05,0.05
2024-10-23,264.14,0.006259,0.05
2024-10-24,262.17,0.005454,0.05
2024-10-25,257.99,0.000155,0.05
2024-10-26,255.32,0.00011,0.05
2024-10-27,259.5,0.002939,0.05
2024-10-28,265.93,0.009279,0.05
2024-10-29,265.43,0.007762,0.05
2024-10-30,260.21,0.001461,0.05
