date,temperature_2m_k,total_precip_m_day,snow_depth_m_we
2016-01-01,259.55,0.00013,0.05
2016-01-02,258.72,0.000224,0.05
2016-01-03,258.04,0.000365,0.05
2016-01-04,260.09,3.3e-05,0.05
2016-01-05,259.04,0.00101,0.05
2016-01-06,259.69,0.000582,0.05
2016-01-07,259.05,0.001375,0.05
2016-01-08,257.08,0.002971,0.05
2016-01-09,256.44,0.001354,0.05
2016-01-10,259.53,0.000107,0.05
2016-01-11,261.7,0.000129,0.05
2016-01-12,260.94,0.000601,0.05
2016-01-13,257.7,0.001067,0.05
2016-01-14,258.61,0.001022,0.05
2016-01-15,257.04,0.002552,0.05
2016-01-16,258.67,0.000475,0.05
2016-01-17,258.18,0.000777,0.05
2016-01-18,257.53,0.001195,0.05
2016-01-19,258.45,0.011945,0.05
2016-01-20,254.25,0.002397,0.05
2016-01-21,255.05,0.000547,0.05
2016-01-22,255.34,0.001208,0.05
2016-01-23,255.12,0.000812,0.05
2016-01-24,255.81,0.001051,0.05
2016-01-25,253.7,0.000365,0.05
2016-01-26,254.91,0.002274,0.05
2016-01-27,254.14,0.00112,0.05
2016-01-28,257.92,0.000568,0.05
2016-01-29,259.05,0.000644,0.05
2016-01-30,260.81,0.00071,0.05
2016-01-31,261.54,0.000908,0.05
2016-02-01,260.22,0.001086,0.05
2016-02-02,261.71,0.001188,0.05
2016-02-03,261.79,0.000497,0.05
2016-02-04,265.44,0.00031,0.05
2016-02-05,267.12,0.000148,0.05
2016-02-06,266.01,0.000435,0.05
2016-02-07,262.34,0.002933,0.05
2016-02-08,257.96,0.014495,0.05
2016-02-09,257.22,0.001151,0.05
2016-02-10,258.13,0.001944,0.05
2016-02-11,255.64,0.002585,0.05
2016-02-12,258.0,0.001539,0.05
2016-02-13,256.87,0.00199,0.05
2016-02-14,257.37,0.00114,0.05
2016-02-15,258.66,0.000889,0.05
2016-02-16,260.32,0.000608,0.05
2016-02-17,262.71,0.000454,0.05
2016-02-18,264.91,0.000443,0.05
2016-02-19,267.1,0.000362,0.05
2016-02-20,266.06,0.003562,0.05
2016-02-21,263.06,0.001252,0.05
2016-02-22,263.48,0.001722,0.05
2016-02-23,262.55,0.002167,0.05
2016-02-24,259.43,0.00219,0.05
2016-02-25,259.3,0.000664,0.05
2016-02-26,259.86,0.000925,0.05
2016-02-27,260.05,0.001952,0.05
2016-02-28,260.14,0.004731,0.05
2016-02-29,260.07,0.001983,0.05
2016-03-01,259.78,0.001047,0.05
2016-03-02,261.48,0.00086,0.05
2016-03-03,261.83,0.000658,0.05
2016-03-04,261.59,0.001221,0.05
2016-03-05,261.84,0.001513,0.05
2016-03-06,261.56,0.001316,0.05
2016-03-07,261.33,0.001067,0.05
2016-03-08,261.53,0.001801,0.05
2016-03-09,261.73,0.000685,0.05
2016-03-10,263.08,0.000761,0.05
2016-03-11,264.33,0.001091,0.05
2016-03-12,263.93,0.001773,0.05
2016-03-13,263.26,0.004271,0.05
2016-03-14,261.41,0.00381,0.05
2016-03-15,261.08,0.003509,0.05
2016-03-16,260.39,0.00139,0.05
2016-03-17,262.51,0.002331,0.05
2016-03-18,263.08,0.001658,0.05
2016-03-19,263.36,0.001573,0.05
2016-03-20,263.46,0.002578,0.05
2016-03-21,262.32,0.002854,0.05
2016-03-22,260.99,0.001204,0.05
2016-03-23,263.2,0.000529,0.05
2016-03-24,266.2,0.000274,0.05
2016-03-25,269.01,0.000257,0.05
2016-03-26,269.17,0.00065,0.05
2016-03-27,266.73,0.002211,0.05
2016-03-28,262.58,0.011851,0.05
2016-03-29,265.47,0.00079,0.05
2016-03-30,264.55,0.002359,0.05
2016-03-31,264.05,0.002044,0.05
2016-04-01,266.18,0.000698,0.05
2016-04-02,268.9,0.000685,0.05
2016-04-03,269.58,0.000926,0.05
2016-04-04,269.13,0.001314,0.05
2016-04-05,267.79,0.000608,0.05
2016-04-06,266.94,0.000658,0.05
2016-04-07,266.15,0.002442,0.05
2016-04-08,264.96,0.001226,0.05
2016-04-09,265.77,0.001453,0.05
2016-04-10,267.1,0.000665,0.05
2016-04-11,266.47,0.001192,0.05
2016-04-12,266.24,0.001754,0.05
2016-04-13,265.55,0.001591,0.05
2016-04-14,265.16,0.00433,0.05
2016-04-15,267.84,0.001812,0.05
2016-04-16,268.05,0.001926,0.05
2016-04-17,268.54,0.002566,0.05
2016-04-18,268.52,0.001578,0.05
2016-04-19,269.09,0.000832,0.05
2016-04-20,268.8,0.000471,0.05
2016-04-21,267.98,0.001139,0.05
2016-04-22,267.34,0.003216,0.05
2016-04-23,266.02,0.004788,0.05
2016-04-24,265.3,0.002043,0.05
2016-04-25,266.19,0.000564,0.05
2016-04-26,267.37,0.001199,0.05
2016-04-27,266.92,0.00165,0.05
2016-04-28,266.33,0.001962,0.05
2016-04-29,266.26,0.001774,0.05
2016-04-30,266.16,0.001167,0.05
2016-05-01,266.97,0.001416,0.05
2016-05-02,268.47,0.001475,0.05
2016-05-03,268.36,0.001364,0.05
2016-05-04,268.49,0.005378,0.05
2016-05-05,268.0,0.004679,0.05
2016-05-06,268.69,0.004613,0.05
2016-05-07,268.26,0.0053,0.05
2016-05-08,268.97,0.00328,0.05
2016-05-09,270.2,0.003147,0.05
2016-05-10,270.84,0.002719,0.05
2016-05-11,271.06,0.003572,0.05
2016-05-12,270.9,0.006055,0.05
2016-05-13,270.84,0.005315,0.05
2016-05-14,271.17,0.003968,0.05
2016-05-15,271.33,0.004187,0.05
2016-05-16,271.19,0.003552,0.05
2016-05-17,270.33,0.004246,0.05
2016-05-18,271.09,0.002973,0.05
2016-05-19,272.27,0.010649,0.05
2016-05-20,272.14,0.013888,0.05
2016-05-21,271.9,0.004679,0.05
2016-05-22,272.67,0.004023,0.05
2016-05-23,272.25,0.003768,0.05
2016-05-24,271.86,0.010087,0.05
2016-05-25,270.05,0.006412,0.05
2016-05-26,269.87,0.004399,0.05
2016-05-27,271.96,0.003201,0.05
2016-05-28,271.26,0.010491,0.05
2016-05-29,270.6,0.004583,0.05
2016-05-30,270.87,0.00301,0.05
2016-05-31,270.44,0.00406,0.05
2016-06-01,272.31,0.0017,0.05
2016-06-02,272.68,0.004756,0.05
2016-06-03,273.14,0.003614,0.05
2016-06-04,273.15,0.006498,0.05
2016-06-05,273.86,0.006086,0.05
2016-06-06,274.02,0.007282,0.05
2016-06-07,273.86,0.008302,0.05
2016-06-08,273.76,0.002498,0.05
2016-06-09,273.92,0.004702,0.05
2016-06-10,274.27,0.005639,0.05
2016-06-11,274.59,0.005979,0.05
2016-06-12,274.66,0.005664,0.05
2016-06-13,274.85,0.012599,0.05
2016-06-14,275.63,0.010796,0.05
2016-06-15,275.25,0.0137,0.05
2016-06-16,275.0,0.007741,0.05
2016-06-17,275.37,0.006509,0.05
2016-06-18,275.68,0.017207,0.05
2016-06-19,274.85,0.022699,0.05
2016-06-20,275.69,0.008209,0.05
2016-06-21,275.74,0.011079,0.05
2016-06-22,275.58,0.010872,0.05
2016-06-23,275.75,0.013081,0.05
2016-06-24,275.74,0.015621,0.05
2016-06-25,275.22,0.022024,0.05
2016-06-26,276.01,0.020044,0.05
2016-06-27,276.21,0.010358,0.05
2016-06-28,276.23,0.008816,0.05
2016-06-29,276.39,0.00733,0.05
2016-06-30,276.21,0.013313,0.05
2016-07-01,275.31,0.025998,0.05
2016-07-02,275.39,0.014878,0.05
2016-07-03,275.92,0.014929,0.05
2016-07-04,275.87,0.012501,0.05
2016-07-05,276.56,0.024069,0.05
2016-07-06,276.09,0.008202,0.05
2016-07-07,276.39,0.009417,0.05
2016-07-08,276.56,0.009002,0.05
2016-07-09,276.75,0.011129,0.05
2016-07-10,276.54,0.02163,0.05
2016-07-11,275.74,0.016219,0.05
2016-07-12,276.24,0.007521,0.05
2016-07-13,276.49,0.008868,0.05
2016-07-14,277.12,0.01777,0.05
2016-07-15,276.44,0.023751,0.05
2016-07-16,276.32,0.008624,0.05
2016-07-17,275.55,0.013046,0.05
2016-07-18,275.84,0.014128,0.05
2016-07-19,275.35,0.035135,0.05
2016-07-20,275.36,0.032959,0.05
2016-07-21,275.29,0.028091,0.05
2016-07-22,274.8,0.025177,0.05
2016-07-23,275.13,0.020002,0.05
2016-07-24,275.24,0.029726,0.05
2016-07-25,274.99,0.034578,0.05
2016-07-26,274.65,0.025684,0.05
2016-07-27,274.32,0.017623,0.05
2016-07-28,274.27,0.011879,0.05
2016-07-29,274.44,0.009356,0.05
2016-07-30,274.73,0.018573,0.05
2016-07-31,274.19,0.014303,0.05
2016-08-01,274.23,0.006051,0.05
2016-08-02,274.67,0.004622,0.05
2016-08-03,275.17,0.003506,0.05
2016-08-04,275.71,0.0028,0.05
2016-08-05,275.91,0.005314,0.05
2016-08-06,275.78,0.006307,0.05
2016-08-07,275.53,0.004993,0.05
2016-08-08,275.64,0.006224,0.05
2016-08-09,275.11,0.004235,0.05
2016-08-10,275.13,0.004707,0.05
2016-08-11,275.54,0.006057,0.05
2016-08-12,275.73,0.004634,0.05
2016-08-13,275.95,0.004574,0.05
2016-08-14,276.11,0.005433,0.05
2016-08-15,275.64,0.005584,0.05
2016-08-16,275.4,0.007365,0.05
2016-08-17,275.42,0.005248,0.05
2016-08-18,275.48,0.005137,0.05
2016-08-19,275.29,0.005185,0.05
2016-08-20,275.84,0.000615,0.05
2016-08-21,275.43,0.003962,0.05
2016-08-22,275.14,0.00482,0.05
2016-08-23,274.98,0.001445,0.05
2016-08-24,274.54,0.003857,0.05
2016-08-25,274.46,0.001826,0.05
2016-08-26,274.51,0.004033,0.05
2016-08-27,274.28,0.000926,0.05
2016-08-28,274.8,0.001813,0.05
2016-08-29,275.6,0.009859,0.05
2016-08-30,275.29,0.016477,0.05
2016-08-31,275.41,0.028305,0.05
2016-09-01,275.97,0.01492,0.05
2016-09-02,275.85,0.019245,0.05
2016-09-03,274.83,0.039882,0.05
2016-09-04,275.25,0.010867,0.05
2016-09-05,275.61,0.014605,0.05
2016-09-06,275.38,0.008573,0.05
2016-09-07,275.29,0.005541,0.05
2016-09-08,275.19,0.004631,0.05
2016-09-09,275.33,0.004709,0.05
2016-09-10,275.03,0.010601,0.05
2016-09-11,274.6,0.015704,0.05
2016-09-12,273.87,0.03561,0.05
2016-09-13,273.69,0.006436,0.05
2016-09-14,274.34,0.002279,0.05
2016-09-15,274.39,0.002504,0.05
2016-09-16,274.47,0.007208,0.05
2016-09-17,274.22,0.018292,0.05
2016-09-18,274.19,0.001686,0.05
2016-09-19,274.52,0.006164,0.05
2016-09-20,274.0,0.011702,0.05
2016-09-21,273.5,0.014483,0.05
2016-09-22,273.17,0.008411,0.05
2016-09-23,272.65,0.004251,0.05
2016-09-24,273.13,0.013224,0.05
2016-09-25,272.95,0.015753,0.05
2016-09-26,273.22,0.005097,0.05
2016-09-27,273.37,0.002682,0.05
2016-09-28,272.86,0.007869,0.05
2016-09-29,273.47,0.006284,0.05
2016-09-30,273.65,0.003816,0.05
2016-10-01,273.45,0.003226,0.05
2016-10-02,273.08,0.004302,0.05
2016-10-03,272.84,0.001546,0.05
2016-10-04,273.66,0.003156,0.05
2016-10-05,273.22,0.006656,0.05
2016-10-06,273.34,0.004446,0.05
2016-10-07,273.46,0.003948,0.05
2016-10-08,273.2,0.009586,0.05
2016-10-09,272.32,0.005489,0.05
2016-10-10,271.13,0.006928,0.05
2016-10-11,271.31,0.001408,0.05
2016-10-12,271.26,0.000977,0.05
2016-10-13,271.72,0.006339,0.05
2016-10-14,271.07,0.003997,0.05
2016-10-15,270.66,0.001142,0.05
2016-10-16,270.08,0.000813,0.05
2016-10-17,270.29,0.003577,0.05
2016-10-18,270.37,0.002263,0.05
2016-10-19,268.83,0.002515,0.05
2016-10-20,270.34,0.000316,0.05
2016-10-21,269.28,0.001208,0.05
2016-10-22,268.95,0.001958,0.05
2016-10-23,268.97,0.001536,0.05
2016-10-24,269.98,0.001044,0.05
2016-10-25,268.06,0.001581,0.05
2016-10-26,267.12,0.001023,0.05
2016-10-27,266.52,0.000238,0.05
2016-10-28,267.06,0.000776,0.05
2016-10-29,265.2,0.000693,0.05
2016-10-30,264.67,0.000393,0.05
2016-10-31,265.42,0.00022,0.05
2016-11-01,264.83,0.000618,0.05
2016-11-02,264.73,0.000565,0.05
2016-11-03,264.42,0.000446,0.05
2016-11-04,264.05,0.00023,0.05
2016-11-05,264.62,0.00062,0.05
2016-11-06,264.67,0.000311,0.05
2016-11-07,264.95,0.000389,0.05
2016-11-08,266.79,0.000484,0.05
2016-11-09,268.63,8e-06,0.05
2016-11-10,268.58,0.000301,0.05
2016-11-11,268.15,0.000755,0.05
2016-11-12,266.16,0.001153,0.05
2016-11-13,265.32,0.001467,0.05
2016-11-14,264.63,0.001706,0.05
2016-11-15,262.71,0.001568,0.05
2016-11-16,262.06,0.000256,0.05
2016-11-17,263.18,4.7e-05,0.05
2016-11-18,264.51,0.000208,0.05
2016-11-19,264.75,0.000265,0.05
2016-11-20,265.35,0.000393,0.05
2016-11-21,265.84,0.000128,0.05
2016-11-22,267.03,0.000198,0.05
2016-11-23,265.97,0.000311,0.05
2016-11-24,265.93,0.000242,0.05
2016-11-25,265.59,9.7e-05,0.05
2016-11-26,266.09,6.4e-05,0.05
2016-11-27,266.6,0.000595,0.05
2016-11-28,266.23,0.000423,0.05
2016-11-29,265.86,0.000307,0.05
2016-11-30,266.12,0.000591,0.05
2016-12-01,264.41,0.001058,0.05
2016-12-02,263.67,0.001146,0.05
2016-12-03,262.72,2e-06,0.05
2016-12-04,264.79,1e-06,0.05
2016-12-05,265.53,5.6e-05,0.05
2016-12-06,265.75,1e-06,0.05
2016-12-07,267.07,1e-06,0.05
2016-12-08,266.94,3e-06,0.05
2016-12-09,266.88,5e-06,0.05
2016-12-10,267.66,2.1e-05,0.05
2016-12-11,267.04,8e-05,0.05
2016-12-12,267.77,9.6e-05,0.05
2016-12-13,266.88,0.000364,0.05
2016-12-14,264.29,0.001114,0.05
2016-12-15,265.19,0.000131,0.05
2016-12-16,266.32,0.000198,0.05
2016-12-17,266.54,0.000537,0.05
2016-12-18,266.23,0.000383,0.05
2016-12-19,267.69,0.000356,0.05
2016-12-20,269.27,1.5e-05,0.05
2016-12-21,269.33,3e-06,0.05
2016-12-22,268.06,0.000237,0.05
2016-12-23,267.11,0.000837,0.05
2016-12-24,264.59,0.001757,0.05
2016-12-25,261.34,0.00395,0.05
2016-12-26,258.4,0.002166,0.05
2016-12-27,260.85,4.1e-05,0.05
2016-12-28,262.89,0.000248,0.05
2016-12-29,262.68,0.000326,0.05
2016-12-30,260.64,0.000903,0.05
2016-12-31,258.43,0.000908,0.05
2017-01-01,257.56,0.003677,0.05
2017-01-02,255.33,0.000907,0.05
2017-01-03,255.28,0.000375,0.05
2017-01-04,255.85,0.000423,0.05
2017-01-05,255.1,0.001031,0.05
2017-01-06,256.88,0.000623,0.05
2017-01-07,256.0,0.001303,0.05
2017-01-08,256.05,0.001372,0.05
2017-01-09,255.09,0.002247,0.05
2017-01-10,253.95,0.002301,0.05
2017-01-11,253.34,0.001492,0.05
2017-01-12,252.4,0.000595,0.05
2017-01-13,251.96,0.000678,0.05
2017-01-14,255.93,0.000467,0.05
2017-01-15,256.68,0.001199,0.05
2017-01-16,256.97,0.001959,0.05
2017-01-17,256.64,0.002038,0.05
2017-01-18,256.47,0.001745,0.05
2017-01-19,257.3,0.002066,0.05
2017-01-20,259.57,0.000973,0.05
2017-01-21,261.1,0.000504,0.05
2017-01-22,260.52,0.000785,0.05
2017-01-23,259.66,0.000847,0.05
2017-01-24,261.89,3e-05,0.05
2017-01-25,262.34,0.000342,0.05
2017-01-26,261.99,0.00303,0.05
2017-01-27,258.96,0.017764,0.05
2017-01-28,256.35,9.6e-05,0.05
2017-01-29,258.66,0.000489,0.05
2017-01-30,258.01,0.001165,0.05
2017-01-31,256.92,0.002004,0.05
2017-02-01,256.36,0.000466,0.05
2017-02-02,258.04,0.000357,0.05
2017-02-03,262.03,1e-06,0.05
2017-02-04,264.12,3e-06,0.05
2017-02-05,261.96,0.001125,0.05
2017-02-06,258.92,0.003834,0.05
2017-02-07,260.47,0.001206,0.05
2017-02-08,261.07,0.001479,0.05
2017-02-09,258.73,0.002769,0.05
2017-02-10,258.3,0.001466,0.05
2017-02-11,258.57,0.001087,0.05
2017-02-12,258.06,0.00186,0.05
2017-02-13,257.98,0.001257,0.05
2017-02-14,258.31,0.00014,0.05
2017-02-15,261.19,4.7e-05,0.05
2017-02-16,262.87,0.000194,0.05
2017-02-17,265.13,3.9e-05,0.05
2017-02-18,266.09,0.000129,0.05
2017-02-19,266.41,0.001795,0.05
2017-02-20,262.74,0.002749,0.05
2017-02-21,260.22,0.003041,0.05
2017-02-22,260.07,0.00434,0.05
2017-02-23,260.55,0.001846,0.05
2017-02-24,261.79,0.00101,0.05
2017-02-25,262.93,0.001707,0.05
2017-02-26,262.33,0.001309,0.05
2017-02-27,262.36,0.000987,0.05
2017-02-28,263.33,0.001335,0.05
2017-03-01,262.44,0.001829,0.05
2017-03-02,260.07,0.002099,0.05
2017-03-03,259.86,0.002593,0.05
2017-03-04,259.02,0.002148,0.05
2017-03-05,258.16,0.002156,0.05
2017-03-06,258.37,0.003218,0.05
2017-03-07,259.3,0.002746,0.05
2017-03-08,258.69,0.004133,0.05
2017-03-09,258.9,0.004842,0.05
2017-03-10,260.13,0.020758,0.05
2017-03-11,258.77,0.020807,0.05
2017-03-12,255.24,0.00202,0.05
2017-03-13,258.04,0.001435,0.05
2017-03-14,256.64,0.001617,0.05
2017-03-15,259.39,0.001067,0.05
2017-03-16,258.22,0.000937,0.05
2017-03-17,256.74,0.001662,0.05
2017-03-18,254.72,0.001614,0.05
2017-03-19,257.31,0.001918,0.05
2017-03-20,257.55,0.001272,0.05
2017-03-21,261.8,4.4e-05,0.05
2017-03-22,265.33,6.1e-05,0.05
2017-03-23,264.97,0.000351,0.05
2017-03-24,263.33,0.000542,0.05
2017-03-25,264.84,0.000729,0.05
2017-03-26,264.98,0.000633,0.05
2017-03-27,267.27,0.001819,0.05
2017-03-28,267.85,0.001634,0.05
2017-03-29,267.93,0.001574,0.05
2017-03-30,268.28,0.001368,0.05
2017-03-31,268.13,0.001043,0.05
2017-04-01,267.03,0.001224,0.05
2017-04-02,264.97,0.000626,0.05
2017-04-03,264.78,0.002421,0.05
2017-04-04,266.13,0.000714,0.05
2017-04-05,266.35,0.002973,0.05
2017-04-06,266.89,0.002062,0.05
2017-04-07,265.91,0.002202,0.05
2017-04-08,264.02,0.002344,0.05
2017-04-09,263.73,0.00094,0.05
2017-04-10,262.98,0.002018,0.05
2017-04-11,264.16,0.001578,0.05
2017-04-12,264.78,0.001324,0.05
2017-04-13,264.95,0.002407,0.05
2017-04-14,266.07,0.004378,0.05
2017-04-15,265.44,0.003233,0.05
2017-04-16,265.28,0.000406,0.05
2017-04-17,267.8,0.000802,0.05
2017-04-18,270.48,0.000756,0.05
2017-04-19,269.8,0.004348,0.05
2017-04-20,270.1,0.003256,0.05
2017-04-21,270.81,0.002853,0.05
2017-04-22,270.68,0.003541,0.05
2017-04-23,269.5,0.005235,0.05
2017-04-24,269.48,0.002199,0.05
2017-04-25,267.82,0.003917,0.05
2017-04-26,266.99,0.003472,0.05
2017-04-27,265.6,0.004046,0.05
2017-04-28,266.08,0.002604,0.05
2017-04-29,267.26,0.001815,0.05
2017-04-30,266.85,0.002836,0.05
2017-05-01,266.06,0.00518,0.05
2017-05-02,266.76,0.001965,0.05
2017-05-03,268.2,0.003276,0.05
2017-05-04,267.32,0.002552,0.05
2017-05-05,268.12,0.001758,0.05
2017-05-06,268.59,0.002923,0.05
2017-05-07,269.49,0.001755,0.05
2017-05-08,270.39,0.002611,0.05
2017-05-09,269.93,0.006664,0.05
2017-05-10,269.42,0.00543,0.05
2017-05-11,270.61,0.005457,0.05
2017-05-12,271.18,0.005085,0.05
2017-05-13,271.38,0.004266,0.05
2017-05-14,271.69,0.005917,0.05
2017-05-15,270.93,0.006909,0.05
2017-05-16,271.14,0.006249,0.05
2017-05-17,270.69,0.004678,0.05
2017-05-18,270.88,0.002311,0.05
2017-05-19,270.71,0.003896,0.05
2017-05-20,270.95,0.00384,0.05
2017-05-21,270.69,0.002898,0.05
2017-05-22,271.43,0.00345,0.05
2017-05-23,271.24,0.003623,0.05
2017-05-24,271.22,0.0035,0.05
2017-05-25,272.27,0.003756,0.05
2017-05-26,272.0,0.007495,0.05
2017-05-27,271.49,0.008702,0.05
2017-05-28,271.54,0.006612,0.05
2017-05-29,271.23,0.004768,0.05
2017-05-30,271.95,0.003838,0.05
2017-05-31,271.85,0.006079,0.05
2017-06-01,272.37,0.005376,0.05
2017-06-02,271.95,0.005933,0.05
2017-06-03,272.35,0.002307,0.05
2017-06-04,273.06,0.00078,0.05
2017-06-05,273.68,0.006573,0.05
2017-06-06,273.33,0.002099,0.05
2017-06-07,273.35,0.002956,0.05
2017-06-08,273.33,0.005064,0.05
2017-06-09,273.98,0.007367,0.05
2017-06-10,273.73,0.004561,0.05
2017-06-11,274.06,0.001779,0.05
2017-06-12,274.35,0.005383,0.05
2017-06-13,274.31,0.00702,0.05
2017-06-14,274.13,0.006096,0.05
2017-06-15,273.91,0.005757,0.05
2017-06-16,274.05,0.007225,0.05
2017-06-17,273.86,0.004118,0.05
2017-06-18,274.8,0.004123,0.05
2017-06-19,275.39,0.012938,0.05
2017-06-20,274.92,0.007207,0.05
2017-06-21,274.99,0.009235,0.05
2017-06-22,274.55,0.016517,0.05
2017-06-23,274.9,0.006933,0.05
2017-06-24,274.97,0.009929,0.05
2017-06-25,275.66,0.005457,0.05
2017-06-26,275.91,0.0077,0.05
2017-06-27,276.2,0.010306,0.05
2017-06-28,275.48,0.009815,0.05
2017-06-29,276.13,0.010399,0.05
2017-06-30,275.95,0.009904,0.05
2017-07-01,276.05,0.023871,0.05
2017-07-02,276.11,0.012988,0.05
2017-07-03,276.12,0.024448,0.05
2017-07-04,275.88,0.031255,0.05
2017-07-05,275.75,0.023193,0.05
2017-07-06,275.74,0.007306,0.05
2017-07-07,276.08,0.005817,0.05
2017-07-08,276.79,0.022397,0.05
2017-07-09,274.89,0.067243,0.05
2017-07-10,274.38,0.051304,0.05
2017-07-11,274.1,0.016462,0.05
2017-07-12,274.21,0.005503,0.05
2017-07-13,274.99,0.00355,0.05
2017-07-14,275.69,0.006439,0.05
2017-07-15,275.42,0.006154,0.05
2017-07-16,275.41,0.00683,0.05
2017-07-17,275.72,0.006224,0.05
2017-07-18,275.62,0.005389,0.05
2017-07-19,275.49,0.00514,0.05
2017-07-20,275.8,0.005136,0.05
2017-07-21,275.79,0.00812,0.05
2017-07-22,275.08,0.005963,0.05
2017-07-23,275.45,0.006302,0.05
2017-07-24,275.68,0.006742,0.05
2017-07-25,275.78,0.005654,0.05
2017-07-26,274.87,0.00572,0.05
2017-07-27,275.04,0.003734,0.05
2017-07-28,275.83,0.007561,0.05
2017-07-29,275.52,0.019777,0.05
2017-07-30,275.17,0.012019,0.05
2017-07-31,275.63,0.006733,0.05
2017-08-01,276.34,0.00696,0.05
2017-08-02,276.51,0.01868,0.05
2017-08-03,276.53,0.024174,0.05
2017-08-04,276.72,0.006108,0.05
2017-08-05,276.73,0.003918,0.05
2017-08-06,276.59,0.003606,0.05
2017-08-07,276.65,0.004883,0.05
2017-08-08,276.95,0.023149,0.05
2017-08-09,276.02,0.034857,0.05
2017-08-10,276.4,0.007911,0.05
2017-08-11,276.85,0.037302,0.05
2017-08-12,274.6,0.061145,0.05
2017-08-13,274.78,0.015707,0.05
2017-08-14,275.28,0.010018,0.05
2017-08-15,275.96,0.004643,0.05
2017-08-16,276.1,0.009315,0.05
2017-08-17,276.32,0.008544,0.05
2017-08-18,275.43,0.022021,0.05
2017-08-19,275.31,0.010737,0.05
2017-08-20,275.2,0.013598,0.05
2017-08-21,274.87,0.010485,0.05
2017-08-22,275.19,0.007946,0.05
2017-08-23,275.12,0.005214,0.05
2017-08-24,274.53,0.004371,0.05
2017-08-25,274.82,0.002585,0.05
2017-08-26,275.33,0.004162,0.05
2017-08-27,274.92,0.007265,0.05
2017-08-28,275.26,0.004518,0.05
2017-08-29,274.77,0.004192,0.05
2017-08-30,275.28,0.003842,0.05
2017-08-31,275.52,0.011053,0.05
2017-09-01,275.15,0.02913,0.05
2017-09-02,274.49,0.020715,0.05
2017-09-03,274.61,0.006301,0.05
2017-09-04,274.33,0.00227,0.05
2017-09-05,275.14,0.003695,0.05
2017-09-06,274.52,0.001074,0.05
2017-09-07,274.1,0.001351,0.05
2017-09-08,274.5,0.001144,0.05
2017-09-09,274.4,0.002448,0.05
2017-09-10,274.44,0.004426,0.05
2017-09-11,274.33,0.00875,0.05
2017-09-12,274.31,0.006388,0.05
2017-09-13,274.58,0.005038,0.05
2017-09-14,274.42,0.002974,0.05
2017-09-15,274.32,0.001578,0.05
2017-09-16,274.55,0.001721,0.05
2017-09-17,274.72,0.002575,0.05
2017-09-18,274.59,0.003522,0.05
2017-09-19,274.85,0.004555,0.05
2017-09-20,274.79,0.017923,0.05
2017-09-21,273.31,0.010405,0.05
2017-09-22,273.8,0.004211,0.05
2017-09-23,274.21,0.002204,0.05
2017-09-24,274.39,0.001799,0.05
2017-09-25,273.71,0.001718,0.05
2017-09-26,273.57,0.00128,0.05
2017-09-27,274.26,0.002607,0.05
2017-09-28,273.78,0.005186,0.05
2017-09-29,273.7,0.003503,0.05
2017-09-30,274.12,0.00295,0.05
2017-10-01,273.84,0.012081,0.05
2017-10-02,272.88,0.006117,0.05
2017-10-03,272.97,0.001136,0.05
2017-10-04,273.31,0.002033,0.05
2017-10-05,273.31,0.001307,0.05
2017-10-06,272.99,0.00321,0.05
2017-10-07,272.99,0.001936,0.05
2017-10-08,272.61,0.001693,0.05
2017-10-09,271.67,0.000573,0.05
2017-10-10,272.87,0.013611,0.05
2017-10-11,272.07,0.00783,0.05
2017-10-12,272.07,0.001034,0.05
2017-10-13,271.22,0.002124,0.05
2017-10-14,270.54,0.00352,0.05
2017-10-15,270.26,0.000757,0.05
2017-10-16,270.15,0.000264,0.05
2017-10-17,271.58,0.000198,0.05
2017-10-18,271.95,4.5e-05,0.05
2017-10-19,272.46,0.000103,0.05
2017-10-20,271.5,0.000432,0.05
2017-10-21,271.06,0.00328,0.05
2017-10-22,271.29,0.002468,0.05
2017-10-23,268.23,0.003813,0.05
2017-10-24,267.35,0.003506,0.05
2017-10-25,266.81,0.001462,0.05
2017-10-26,267.87,0.001045,0.05
2017-10-27,266.9,0.00068,0.05
2017-10-28,264.74,0.002343,0.05
2017-10-29,263.28,0.001087,0.05
2017-10-30,263.09,0.002514,0.05
2017-10-31,264.11,0.000384,0.05
2017-11-01,264.15,0.000633,0.05
2017-11-02,264.35,0.00075,0.05
2017-11-03,263.8,0.000602,0.05
2017-11-04,263.42,0.001332,0.05
2017-11-05,264.86,0.00048,0.05
2017-11-06,265.77,0.000193,0.05
2017-11-07,265.47,5.2e-05,0.05
2017-11-08,264.43,0.000729,0.05
2017-11-09,263.99,0.000826,0.05
2017-11-10,263.7,0.000245,0.05
2017-11-11,264.73,0.000106,0.05
2017-11-12,265.34,0.000314,0.05
2017-11-13,266.05,0.000616,0.05
2017-11-14,266.05,0.000583,0.05
2017-11-15,265.7,0.000515,0.05
2017-11-16,265.56,0.00081,0.05
2017-11-17,265.09,0.001019,0.05
2017-11-18,264.63,0.00106,0.05
2017-11-19,263.84,0.001009,0.05
2017-11-20,263.37,0.001608,0.05
2017-11-21,264.05,0.001364,0.05
2017-11-22,261.9,0.001882,0.05
2017-11-23,262.31,0.000747,0.05
2017-11-24,261.88,0.000681,0.05
2017-11-25,263.39,0.000567,0.05
2017-11-26,263.01,0.001084,0.05
2017-11-27,261.22,0.002701,0.05
2017-11-28,261.48,0.001508,0.05
2017-11-29,261.53,0.000818,0.05
2017-11-30,261.8,0.000783,0.05
2017-12-01,263.04,0.000502,0.05
2017-12-02,264.91,0.000299,0.05
2017-12-03,267.69,0.000146,0.05
2017-12-04,268.4,0.000218,0.05
2017-12-05,267.85,0.000522,0.05
2017-12-06,268.25,0.000592,0.05
2017-12-07,267.95,0.000686,0.05
2017-12-08,266.95,0.000989,0.05
2017-12-09,265.51,0.000256,0.05
2017-12-10,265.48,0.000242,0.05
2017-12-11,265.76,0.000504,0.05
2017-12-12,262.28,0.0015,0.05
2017-12-13,262.16,0.001722,0.05
2017-12-14,261.41,0.001271,0.05
2017-12-15,262.35,0.000943,0.05
2017-12-16,262.25,0.00128,0.05
2017-12-17,263.58,0.000925,0.05
2017-12-18,264.84,0.000372,0.05
2017-12-19,265.82,0.000183,0.05
2017-12-20,265.52,0.000629,0.05
2017-12-21,264.71,0.000681,0.05
2017-12-22,264.56,0.000866,0.05
2017-12-23,264.08,0.000733,0.05
2017-12-24,261.04,0.001703,0.05
2017-12-25,258.3,0.002833,0.05
2017-12-26,259.27,9.1e-05,0.05
2017-12-27,262.61,2e-06,0.05
2017-12-28,262.62,6e-06,0.05
2017-12-29,260.9,0.000565,0.05
2017-12-30,258.94,0.000931,0.05
2017-12-31,258.09,0.000975,0.05
2018-01-01,257.31,0.002527,0.05
2018-01-02,254.62,0.000659,0.05
2018-01-03,255.51,0.000258,0.05
2018-01-04,258.07,0.000529,0.05
2018-01-05,255.27,0.002485,0.05
2018-01-06,256.47,0.000911,0.05
2018-01-07,259.63,0.000358,0.05
2018-01-08,263.75,2.5e-05,0.05
2018-01-09,265.26,0.0,0.05
2018-01-10,267.09,1e-06,0.05
2018-01-11,268.16,0.0,0.05
2018-01-12,267.18,9.5e-05,0.05
2018-01-13,264.2,0.000686,0.05
2018-01-14,263.67,0.000505,0.05
2018-01-15,261.27,0.000288,0.05
2018-01-16,263.27,0.000183,0.05
2018-01-17,263.55,0.00042,0.05
2018-01-18,264.1,0.00049,0.05
2018-01-19,264.29,0.000472,0.05
2018-01-20,263.54,0.00034,0.05
2018-01-21,264.57,8.1e-05,0.05
2018-01-22,266.62,0.000217,0.05
2018-01-23,263.47,0.002188,0.05
2018-01-24,256.62,0.01077,0.05
2018-01-25,256.32,0.000915,0.05
2018-01-26,255.31,0.001623,0.05
2018-01-27,257.1,0.001146,0.05
2018-01-28,261.88,0.000192,0.05
2018-01-29,264.23,0.000114,0.05
2018-01-30,265.03,0.000146,0.05
2018-01-31,265.11,0.000178,0.05
2018-02-01,263.91,0.001041,0.05
2018-02-02,262.47,0.000855,0.05
2018-02-03,261.0,0.001435,0.05
2018-02-04,262.07,0.001152,0.05
2018-02-05,263.55,0.001859,0.05
2018-02-06,263.33,0.002898,0.05
2018-02-07,261.65,0.002904,0.05
2018-02-08,259.85,0.002339,0.05
2018-02-09,257.94,0.002524,0.05
2018-02-10,258.29,0.001144,0.05
2018-02-11,258.75,0.002022,0.05
2018-02-12,259.52,0.004701,0.05
2018-02-13,258.85,0.005231,0.05
2018-02-14,257.74,0.002473,0.05
2018-02-15,261.2,0.000135,0.05
2018-02-16,260.73,0.001506,0.05
2018-02-17,260.21,0.003893,0.05
2018-02-18,260.34,0.002004,0.05
2018-02-19,260.85,0.000757,0.05
2018-02-20,261.41,0.001055,0.05
2018-02-21,260.46,0.001822,0.05
2018-02-22,259.14,0.002794,0.05
2018-02-23,260.18,0.001747,0.05
2018-02-24,261.12,0.001218,0.05
2018-02-25,260.49,0.002301,0.05
2018-02-26,261.22,0.000447,0.05
2018-02-27,264.54,0.000321,0.05
2018-02-28,263.38,0.000635,0.05
2018-03-01,263.13,0.000827,0.05
2018-03-02,261.45,0.001291,0.05
2018-03-03,262.85,0.00133,0.05
2018-03-04,261.6,0.00225,0.05
2018-03-05,260.28,0.002488,0.05
2018-03-06,258.93,0.001273,0.05
2018-03-07,260.93,0.00177,0.05
2018-03-08,261.35,0.001525,0.05
2018-03-09,260.47,0.002941,0.05
2018-03-10,260.81,0.002454,0.05
2018-03-11,261.23,0.002473,0.05
2018-03-12,261.25,0.001925,0.05
2018-03-13,263.1,0.000507,0.05
2018-03-14,263.96,0.001657,0.05
2018-03-15,262.85,0.003387,0.05
2018-03-16,261.81,0.002254,0.05
2018-03-17,260.08,0.005337,0.05
2018-03-18,261.66,0.000793,0.05
2018-03-19,264.04,0.001414,0.05
2018-03-20,264.35,0.001117,0.05
2018-03-21,264.57,0.001281,0.05
2018-03-22,262.67,0.002359,0.05
2018-03-23,262.48,0.001713,0.05
2018-03-24,264.5,0.001139,0.05
2018-03-25,264.23,0.001991,0.05
2018-03-26,263.49,0.003935,0.05
2018-03-27,265.31,0.000662,0.05
2018-03-28,265.34,0.002195,0.05
2018-03-29,264.43,0.002396,0.05
2018-03-30,261.87,0.004286,0.05
2018-03-31,262.83,0.004978,0.05
2018-04-01,263.4,0.002912,0.05
2018-04-02,264.75,0.002642,0.05
2018-04-03,265.51,0.001576,0.05
2018-04-04,266.01,0.004792,0.05
2018-04-05,265.98,0.001325,0.05
2018-04-06,266.85,0.004252,0.05
2018-04-07,267.27,0.004849,0.05
2018-04-08,265.54,0.003476,0.05
2018-04-09,266.29,0.000814,0.05
2018-04-10,267.22,0.001396,0.05
2018-04-11,266.43,0.00309,0.05
2018-04-12,265.82,0.004994,0.05
2018-04-13,264.67,0.001783,0.05
2018-04-14,266.31,0.002423,0.05
2018-04-15,265.47,0.005007,0.05
2018-04-16,266.61,0.001801,0.05
2018-04-17,266.98,0.005615,0.05
2018-04-18,266.85,0.002127,0.05
2018-04-19,267.4,0.003372,0.05
2018-04-20,267.46,0.003805,0.05
2018-04-21,267.2,0.002864,0.05
2018-04-22,267.14,0.002495,0.05
2018-04-23,266.21,0.002042,0.05
2018-04-24,265.52,0.001712,0.05
2018-04-25,266.62,0.012197,0.05
2018-04-26,266.44,0.00445,0.05
2018-04-27,266.07,0.00487,0.05
2018-04-28,266.4,0.002622,0.05
2018-04-29,267.1,0.005895,0.05
2018-04-30,267.85,0.006905,0.05
2018-05-01,266.98,0.00567,0.05
2018-05-02,266.98,0.002929,0.05
2018-05-03,267.95,0.004521,0.05
2018-05-04,266.5,0.004532,0.05
2018-05-05,268.16,0.004447,0.05
2018-05-06,268.46,0.002105,0.05
2018-05-07,268.32,0.002193,0.05
2018-05-08,267.93,0.002626,0.05
2018-05-09,266.49,0.006807,0.05
2018-05-10,265.65,0.003295,0.05
2018-05-11,267.52,0.00285,0.05
2018-05-12,268.11,0.011561,0.05
2018-05-13,269.29,0.002131,0.05
2018-05-14,269.23,0.005889,0.05
2018-05-15,267.72,0.003846,0.05
2018-05-16,270.41,0.00148,0.05
2018-05-17,270.67,0.003117,0.05
2018-05-18,271.53,0.004689,0.05
2018-05-19,271.86,0.003734,0.05
2018-05-20,272.75,0.002524,0.05
2018-05-21,274.53,0.002521,0.05
2018-05-22,272.96,0.005493,0.05
2018-05-23,273.61,0.003962,0.05
2018-05-24,272.86,0.00547,0.05
2018-05-25,273.38,0.002297,0.05
2018-05-26,272.61,0.003776,0.05
2018-05-27,271.5,0.005009,0.05
2018-05-28,270.03,0.005301,0.05
2018-05-29,270.89,0.004746,0.05
2018-05-30,271.55,0.005114,0.05
2018-05-31,272.35,0.004901,0.05
2018-06-01,272.81,0.009478,0.05
2018-06-02,272.2,0.00405,0.05
2018-06-03,273.03,0.005753,0.05
2018-06-04,272.87,0.006751,0.05
2018-06-05,273.33,0.006675,0.05
2018-06-06,274.42,0.006449,0.05
2018-06-07,275.12,0.008606,0.05
2018-06-08,274.87,0.007487,0.05
2018-06-09,274.88,0.003619,0.05
2018-06-10,275.01,0.007497,0.05
2018-06-11,275.49,0.009698,0.05
2018-06-12,275.5,0.018247,0.05
2018-06-13,274.78,0.009135,0.05
2018-06-14,274.7,0.013701,0.05
2018-06-15,274.88,0.012561,0.05
2018-06-16,274.41,0.009778,0.05
2018-06-17,274.15,0.005547,0.05
2018-06-18,274.42,0.00364,0.05
2018-06-19,274.74,0.00237,0.05
2018-06-20,275.21,0.005826,0.05
2018-06-21,275.38,0.005663,0.05
2018-06-22,275.85,0.005593,0.05
2018-06-23,275.98,0.006993,0.05
2018-06-24,276.04,0.013792,0.05
2018-06-25,275.47,0.009336,0.05
2018-06-26,275.0,0.013655,0.05
2018-06-27,275.55,0.011697,0.05
2018-06-28,275.8,0.012994,0.05
2018-06-29,274.97,0.018424,0.05
2018-06-30,275.85,0.01233,0.05
2018-07-01,275.89,0.019253,0.05
2018-07-02,275.27,0.026745,0.05
2018-07-03,274.92,0.045688,0.05
2018-07-04,275.75,0.016765,0.05
2018-07-05,275.94,0.004702,0.05
2018-07-06,276.73,0.005232,0.05
2018-07-07,277.01,0.016153,0.05
2018-07-08,276.61,0.022405,0.05
2018-07-09,276.25,0.020452,0.05
2018-07-10,275.86,0.023428,0.05
2018-07-11,275.71,0.028144,0.05
2018-07-12,275.83,0.01829,0.05
2018-07-13,276.27,0.015032,0.05
2018-07-14,276.46,0.011464,0.05
2018-07-15,276.32,0.02235,0.05
2018-07-16,276.33,0.01326,0.05
2018-07-17,276.3,0.002915,0.05
2018-07-18,276.09,0.00575,0.05
2018-07-19,276.48,0.005563,0.05
2018-07-20,276.44,0.010915,0.05
2018-07-21,275.95,0.006473,0.05
2018-07-22,276.46,0.007647,0.05
2018-07-23,276.24,0.009164,0.05
2018-07-24,276.47,0.010417,0.05
2018-07-25,275.83,0.016121,0.05
2018-07-26,275.8,0.00734,0.05
2018-07-27,275.87,0.008321,0.05
2018-07-28,275.82,0.005123,0.05
2018-07-29,275.9,0.007707,0.05
2018-07-30,275.64,0.012338,0.05
2018-07-31,275.36,0.021904,0.05
2018-08-01,274.64,0.040188,0.05
2018-08-02,275.3,0.009465,0.05
2018-08-03,275.16,0.012138,0.05
2018-08-04,275.66,0.016155,0.05
2018-08-05,275.06,0.04539,0.05
2018-08-06,275.03,0.005731,0.05
2018-08-07,274.92,0.003391,0.05
2018-08-08,275.16,0.004117,0.05
2018-08-09,275.67,0.007216,0.05
2018-08-10,275.85,0.011866,0.05
2018-08-11,275.86,0.028171,0.05
2018-08-12,275.3,0.016216,0.05
2018-08-13,275.57,0.022809,0.05
2018-08-14,276.03,0.008672,0.05
2018-08-15,275.87,0.00634,0.05
2018-08-16,276.01,0.005902,0.05
2018-08-17,276.15,0.01079,0.05
2018-08-18,276.15,0.006939,0.05
2018-08-19,276.33,0.005025,0.05
2018-08-20,275.94,0.003715,0.05
2018-08-21,276.08,0.005781,0.05
2018-08-22,275.95,0.004923,0.05
2018-08-23,276.23,0.009588,0.05
2018-08-24,275.42,0.030081,0.05
2018-08-25,275.62,0.006663,0.05
2018-08-26,276.14,0.024622,0.05
2018-08-27,275.25,0.037859,0.05
2018-08-28,274.97,0.024101,0.05
2018-08-29,275.44,0.023011,0.05
2018-08-30,275.23,0.035131,0.05
2018-08-31,275.19,0.00927,0.05
2018-09-01,275.34,0.003732,0.05
2018-09-02,275.2,0.008626,0.05
2018-09-03,275.23,0.00564,0.05
2018-09-04,275.24,0.005613,0.05
2018-09-05,275.0,0.003365,0.05
2018-09-06,275.15,0.004949,0.05
2018-09-07,274.31,0.006664,0.05
2018-09-08,274.93,0.00194,0.05
2018-09-09,275.82,0.006792,0.05
2018-09-10,275.3,0.010671,0.05
2018-09-11,275.18,0.009994,0.05
2018-09-12,273.96,0.007855,0.05
2018-09-13,273.75,0.009013,0.05
2018-09-14,273.32,0.009176,0.05
2018-09-15,273.63,0.004222,0.05
2018-09-16,273.26,0.003611,0.05
2018-09-17,272.89,0.000979,0.05
2018-09-18,272.94,0.001276,0.05
2018-09-19,273.1,0.001554,0.05
2018-09-20,273.7,0.007079,0.05
2018-09-21,273.25,0.007292,0.05
2018-09-22,272.75,0.003323,0.05
2018-09-23,273.42,0.003215,0.05
2018-09-24,273.79,0.001541,0.05
2018-09-25,274.03,0.001413,0.05
2018-09-26,273.08,0.001813,0.05
2018-09-27,272.72,0.001928,0.05
2018-09-28,272.35,0.001402,0.05
2018-09-29,271.92,0.001226,0.05
2018-09-30,272.82,0.001553,0.05
2018-10-01,271.99,0.00149,0.05
2018-10-02,271.2,0.002716,0.05
2018-10-03,270.23,0.002984,0.05
2018-10-04,269.07,0.002438,0.05
2018-10-05,268.47,0.001534,0.05
2018-10-06,267.28,0.00176,0.05
2018-10-07,266.17,0.002427,0.05
2018-10-08,266.12,0.001276,0.05
2018-10-09,268.31,0.001578,0.05
2018-10-10,268.98,0.000845,0.05
2018-10-11,269.24,0.000895,0.05
2018-10-12,267.79,0.001334,0.05
2018-10-13,267.03,0.002065,0.05
2018-10-14,266.62,0.002284,0.05
2018-10-15,267.04,0.001809,0.05
2018-10-16,268.52,0.001607,0.05
2018-10-17,267.78,0.003151,0.05
2018-10-18,266.11,0.003439,0.05
2018-10-19,265.7,0.00284,0.05
2018-10-20,265.82,0.002157,0.05
2018-10-21,264.96,0.002102,0.05
2018-10-22,263.62,0.001998,0.05
2018-10-23,262.81,0.002347,0.05
2018-10-24,262.75,0.001178,0.05
2018-10-25,262.63,0.000338,0.05
2018-10-26,263.06,0.000271,0.05
2018-10-27,263.2,0.000447,0.05
2018-10-28,262.8,0.000183,0.05
2018-10-29,263.53,0.001549,0.05
2018-10-30,263.82,0.000426,0.05
2018-10-31,264.77,0.000628,0.05
2018-11-01,265.75,0.000578,0.05
2018-11-02,265.79,0.001194,0.05
2018-11-03,265.17,0.002354,0.05
2018-11-04,263.91,0.002268,0.05
2018-11-05,264.0,0.00172,0.05
2018-11-06,263.22,0.000913,0.05
2018-11-07,263.19,0.000199,0.05
2018-11-08,264.0,0.001059,0.05
2018-11-09,263.91,0.000341,0.05
2018-11-10,262.49,0.000976,0.05
2018-11-11,264.07,0.000661,0.05
2018-11-12,264.77,0.00088,0.05
2018-11-13,263.11,0.001726,0.05
2018-11-14,262.02,0.00218,0.05
2018-11-15,262.51,0.001231,0.05
2018-11-16,264.16,0.001272,0.05
2018-11-17,263.71,0.000932,0.05
2018-11-18,264.18,0.001055,0.05
2018-11-19,264.29,0.000985,0.05
2018-11-20,262.64,0.000883,0.05
2018-11-21,263.47,4.9e-05,0.05
2018-11-22,266.31,0.000314,0.05
2018-11-23,264.96,0.000358,0.05
2018-11-24,264.71,0.000109,0.05
2018-11-25,265.85,2.4e-05,0.05
2018-11-26,264.73,9.8e-05,0.05
2018-11-27,265.66,0.0,0.05
2018-11-28,266.46,2.1e-05,0.05
2018-11-29,264.66,0.000672,0.05
2018-11-30,263.37,0.001648,0.05
2018-12-01,262.45,0.000673,0.05
2018-12-02,262.22,0.000752,0.05
2018-12-03,263.51,0.000549,0.05
2018-12-04,265.1,0.000463,0.05
2018-12-05,262.5,0.001086,0.05
2018-12-06,260.1,0.001922,0.05
2018-12-07,258.26,0.001563,0.05
2018-12-08,259.54,0.000506,0.05
2018-12-09,259.19,0.000751,0.05
2018-12-10,258.02,0.001101,0.05
2018-12-11,256.45,0.001237,0.05
2018-12-12,256.57,0.000135,0.05
2018-12-13,257.02,0.001029,0.05
2018-12-14,256.29,0.000263,0.05
2018-12-15,258.25,0.000275,0.05
2018-12-16,260.79,0.000174,0.05
2018-12-17,262.98,0.00517,0.05
2018-12-18,261.73,0.004705,0.05
2018-12-19,261.89,3e-06,0.05
2018-12-20,261.4,0.00083,0.05
2018-12-21,259.65,0.00085,0.05
2018-12-22,260.55,0.000651,0.05
2018-12-23,262.32,0.000511,0.05
2018-12-24,260.88,0.001088,0.05
2018-12-25,259.26,0.001391,0.05
2018-12-26,259.36,0.00156,0.05
2018-12-27,254.35,0.002293,0.05
2018-12-28,252.04,0.001435,0.05
2018-12-29,253.51,2e-06,0.05
2018-12-30,256.8,2.2e-05,0.05
2018-12-31,257.12,5.9e-05,0.05
2019-01-01,257.85,0.000446,0.05
2019-01-02,254.65,0.000767,0.05
2019-01-03,253.01,0.001458,0.05
2019-01-04,257.5,0.000338,0.05
2019-01-05,257.23,0.00073,0.05
2019-01-06,254.73,0.001915,0.05
2019-01-07,254.16,0.012492,0.05
2019-01-08,253.19,0.00058,0.05
2019-01-09,253.13,0.002329,0.05
2019-01-10,255.23,0.000765,0.05
2019-01-11,255.41,0.000768,0.05
2019-01-12,255.45,0.001059,0.05
2019-01-13,254.07,0.000937,0.05
2019-01-14,253.13,0.001368,0.05
2019-01-15,254.72,0.0,0.05
2019-01-16,258.89,2.9e-05,0.05
2019-01-17,256.56,0.001338,0.05
2019-01-18,253.55,0.000166,0.05
2019-01-19,255.64,0.000338,0.05
2019-01-20,256.99,0.000588,0.05
2019-01-21,256.66,0.000603,0.05
2019-01-22,256.71,0.007226,0.05
2019-01-23,256.65,0.017579,0.05
2019-01-24,253.68,0.002903,0.05
2019-01-25,255.65,0.010149,0.05
2019-01-26,255.6,0.004881,0.05
2019-01-27,253.32,0.002803,0.05
2019-01-28,251.8,0.001696,0.05
2019-01-29,251.89,0.000396,0.05
2019-01-30,257.53,1e-06,0.05
2019-01-31,257.94,0.002486,0.05
2019-02-01,256.63,0.008951,0.05
2019-02-02,255.05,0.001057,0.05
2019-02-03,255.34,0.001407,0.05
2019-02-04,257.07,0.000344,0.05
2019-02-05,258.51,0.001164,0.05
2019-02-06,257.05,0.001614,0.05
2019-02-07,258.27,0.031513,0.05
2019-02-08,258.25,0.013691,0.05
2019-02-09,255.11,0.007789,0.05
2019-02-10,257.48,0.000279,0.05
2019-02-11,256.48,0.001193,0.05
2019-02-12,258.47,0.000179,0.05
2019-02-13,259.7,0.000156,0.05
2019-02-14,259.06,0.002476,0.05
2019-02-15,258.11,0.003726,0.05
2019-02-16,255.86,0.002742,0.05
2019-02-17,255.76,0.000328,0.05
2019-02-18,256.5,0.002096,0.05
2019-02-19,256.23,0.002045,0.05
2019-02-20,259.08,0.001041,0.05
2019-02-21,259.78,0.000537,0.05
2019-02-22,258.91,0.001533,0.05
2019-02-23,258.76,0.001593,0.05
2019-02-24,257.78,0.005621,0.05
2019-02-25,254.87,0.007263,0.05
2019-02-26,253.46,0.004191,0.05
2019-02-27,255.8,0.019537,0.05
2019-02-28,252.29,0.004068,0.05
2019-03-01,253.96,0.001331,0.05
2019-03-02,258.83,0.000327,0.05
2019-03-03,257.38,0.002552,0.05
2019-03-04,256.04,0.002553,0.05
2019-03-05,255.77,0.002352,0.05
2019-03-06,255.21,0.001909,0.05
2019-03-07,256.17,0.001871,0.05
2019-03-08,255.41,0.001583,0.05
2019-03-09,258.15,0.001724,0.05
2019-03-10,259.13,0.001223,0.05
2019-03-11,258.94,0.001267,0.05
2019-03-12,260.03,0.000954,0.05
2019-03-13,261.9,0.000701,0.05
2019-03-14,261.17,0.002779,0.05
2019-03-15,258.75,0.001947,0.05
2019-03-16,260.05,0.000632,0.05
2019-03-17,261.22,0.001899,0.05
2019-03-18,259.16,0.002625,0.05
2019-03-19,260.21,0.001553,0.05
2019-03-20,259.02,0.001347,0.05
2019-03-21,259.71,0.001384,0.05
2019-03-22,259.6,0.001217,0.05
2019-03-23,260.47,0.000583,0.05
2019-03-24,262.04,0.000517,0.05
2019-03-25,262.22,0.001762,0.05
2019-03-26,260.26,0.003528,0.05
2019-03-27,261.56,8e-06,0.05
2019-03-28,264.97,9e-05,0.05
2019-03-29,266.41,0.000187,0.05
2019-03-30,264.12,0.001151,0.05
2019-03-31,263.03,0.000493,0.05
2019-04-01,261.21,0.001014,0.05
2019-04-02,261.62,0.000511,0.05
2019-04-03,264.1,0.000659,0.05
2019-04-04,265.57,0.000799,0.05
2019-04-05,265.31,0.000847,0.05
2019-04-06,265.81,0.008621,0.05
2019-04-07,263.87,0.005797,0.05
2019-04-08,264.86,0.001282,0.05
2019-04-09,264.51,0.002433,0.05
2019-04-10,266.27,4.5e-05,0.05
2019-04-11,266.5,4.5e-05,0.05
2019-04-12,267.46,0.000251,0.05
2019-04-13,267.16,0.000938,0.05
2019-04-14,266.54,0.001547,0.05
2019-04-15,267.51,0.001118,0.05
2019-04-16,268.53,0.003396,0.05
2019-04-17,266.54,0.006952,0.05
2019-04-18,264.23,0.004613,0.05
2019-04-19,263.94,0.002822,0.05
2019-04-20,264.35,0.001467,0.05
2019-04-21,264.74,0.003736,0.05
2019-04-22,265.35,0.005567,0.05
2019-04-23,266.17,0.001629,0.05
2019-04-24,266.76,0.000369,0.05
2019-04-25,267.67,0.000618,0.05
2019-04-26,268.82,0.000912,0.05
2019-04-27,269.1,0.000945,0.05
2019-04-28,269.63,0.001085,0.05
2019-04-29,269.5,0.001499,0.05
2019-04-30,268.58,0.001782,0.05
2019-05-01,268.64,0.002527,0.05
2019-05-02,269.01,0.002847,0.05
2019-05-03,270.64,0.005188,0.05
2019-05-04,270.8,0.006608,0.05
2019-05-05,269.05,0.005812,0.05
2019-05-06,268.91,0.002052,0.05
2019-05-07,269.76,0.003851,0.05
2019-05-08,269.87,0.002638,0.05
2019-05-09,269.58,0.002364,0.05
2019-05-10,269.86,0.001604,0.05
2019-05-11,268.77,0.001979,0.05
2019-05-12,267.86,0.002305,0.05
2019-05-13,267.96,0.006992,0.05
2019-05-14,268.7,0.001951,0.05
2019-05-15,269.2,0.005136,0.05
2019-05-16,269.26,0.002496,0.05
2019-05-17,269.07,0.002287,0.05
2019-05-18,268.74,0.003971,0.05
2019-05-19,268.73,0.00447,0.05
2019-05-20,269.53,0.001765,0.05
2019-05-21,270.3,0.001879,0.05
2019-05-22,270.25,0.002637,0.05
2019-05-23,270.38,0.003753,0.05
2019-05-24,271.71,0.001241,0.05
2019-05-25,271.18,0.003413,0.05
2019-05-26,270.37,0.002271,0.05
2019-05-27,270.72,0.002107,0.05
2019-05-28,270.63,0.002967,0.05
2019-05-29,270.31,0.002429,0.05
2019-05-30,270.84,0.006314,0.05
2019-05-31,271.57,0.00619,0.05
2019-06-01,271.3,0.006557,0.05
2019-06-02,271.47,0.004791,0.05
2019-06-03,271.66,0.004103,0.05
2019-06-04,273.86,0.006721,0.05
2019-06-05,274.6,0.004391,0.05
2019-06-06,274.55,0.001948,0.05
2019-06-07,273.93,0.009039,0.05
2019-06-08,272.98,0.003667,0.05
2019-06-09,272.48,0.003938,0.05
2019-06-10,273.38,0.005534,0.05
2019-06-11,274.25,0.002874,0.05
2019-06-12,274.95,0.005083,0.05
2019-06-13,275.12,0.003418,0.05
2019-06-14,275.48,0.003604,0.05
2019-06-15,275.26,0.004204,0.05
2019-06-16,274.88,0.004966,0.05
2019-06-17,274.28,0.006572,0.05
2019-06-18,273.55,0.00688,0.05
2019-06-19,274.6,0.00802,0.05
2019-06-20,275.19,0.006866,0.05
2019-06-21,275.33,0.002422,0.05
2019-06-22,274.82,0.010358,0.05
2019-06-23,274.77,0.003776,0.05
2019-06-24,275.37,0.001681,0.05
2019-06-25,276.11,0.003497,0.05
2019-06-26,275.92,0.004285,0.05
2019-06-27,275.73,0.007388,0.05
2019-06-28,275.89,0.007182,0.05
2019-06-29,275.59,0.004563,0.05
2019-06-30,275.49,0.009337,0.05
2019-07-01,276.08,0.002638,0.05
2019-07-02,276.27,0.002004,0.05
2019-07-03,276.75,0.002479,0.05
2019-07-04,276.77,0.013957,0.05
2019-07-05,276.14,0.007264,0.05
2019-07-06,275.97,0.006864,0.05
2019-07-07,275.91,0.014597,0.05
2019-07-08,276.27,0.022131,0.05
2019-07-09,275.59,0.034695,0.05
2019-07-10,275.72,0.033319,0.05
2019-07-11,275.19,0.043807,0.05
2019-07-12,274.46,0.077134,0.05
2019-07-13,274.25,0.042586,0.05
2019-07-14,274.3,0.009388,0.05
2019-07-15,274.43,0.013835,0.05
2019-07-16,274.39,0.007353,0.05
2019-07-17,274.75,0.004045,0.05
2019-07-18,275.05,0.00164,0.05
2019-07-19,275.02,0.005013,0.05
2019-07-20,275.21,0.007847,0.05
2019-07-21,275.72,0.006122,0.05
2019-07-22,276.12,0.005976,0.05
2019-07-23,276.15,0.017532,0.05
2019-07-24,275.3,0.026251,0.05
2019-07-25,275.61,0.012278,0.05
2019-07-26,275.75,0.011857,0.05
2019-07-27,275.88,0.012272,0.05
2019-07-28,276.25,0.00562,0.05
2019-07-29,275.98,0.00701,0.05
2019-07-30,276.04,0.004251,0.05
2019-07-31,276.29,0.008049,0.05
2019-08-01,275.83,0.012048,0.05
2019-08-02,275.71,0.01715,0.05
2019-08-03,276.17,0.011448,0.05
2019-08-04,276.58,0.007496,0.05
2019-08-05,275.91,0.013897,0.05
2019-08-06,275.82,0.005196,0.05
2019-08-07,276.22,0.003545,0.05
2019-08-08,275.94,0.008503,0.05
2019-08-09,275.49,0.006363,0.05
2019-08-10,276.44,0.006652,0.05
2019-08-11,275.92,0.007055,0.05
2019-08-12,276.16,0.003175,0.05
2019-08-13,276.16,0.005878,0.05
2019-08-14,276.11,0.00482,0.05
2019-08-15,275.86,0.006636,0.05
2019-08-16,275.91,0.009852,0.05
2019-08-17,275.45,0.015836,0.05
2019-08-18,275.15,0.005015,0.05
2019-08-19,274.98,0.00236,0.05
2019-08-20,275.57,0.003314,0.05
2019-08-21,275.58,0.003221,0.05
2019-08-22,275.04,0.00154,0.05
2019-08-23,275.63,0.002758,0.05
2019-08-24,275.59,0.005545,0.05
2019-08-25,274.98,0.005507,0.05
2019-08-26,275.22,0.005453,0.05
2019-08-27,275.2,0.000799,0.05
2019-08-28,275.92,0.003767,0.05
2019-08-29,275.73,0.007284,0.05
2019-08-30,276.34,0.001684,0.05
2019-08-31,276.03,0.019956,0.05
2019-09-01,275.16,0.00698,0.05
2019-09-02,275.78,0.005338,0.05
2019-09-03,275.57,0.009808,0.05
2019-09-04,275.83,0.008711,0.05
2019-09-05,276.2,0.010365,0.05
2019-09-06,275.82,0.012609,0.05
2019-09-07,275.56,0.005565,0.05
2019-09-08,275.72,0.002208,0.05
2019-09-09,275.57,0.001897,0.05
2019-09-10,276.18,0.00338,0.05
2019-09-11,276.32,0.009095,0.05
2019-09-12,275.63,0.023473,0.05
2019-09-13,275.13,0.007868,0.05
2019-09-14,275.25,0.014069,0.05
2019-09-15,275.49,0.012976,0.05
2019-09-16,275.13,0.020596,0.05
2019-09-17,274.07,0.040381,0.05
2019-09-18,273.04,0.017798,0.05
2019-09-19,272.43,0.004412,0.05
2019-09-20,272.63,0.003853,0.05
2019-09-21,272.67,0.007395,0.05
2019-09-22,272.92,0.005359,0.05
2019-09-23,273.06,0.006001,0.05
2019-09-24,272.85,0.015542,0.05
2019-09-25,272.39,0.011366,0.05
2019-09-26,272.56,0.005,0.05
2019-09-27,272.18,0.00776,0.05
2019-09-28,271.09,0.027522,0.05
2019-09-29,271.28,0.016067,0.05
2019-09-30,271.68,0.004123,0.05
2019-10-01,272.0,0.005266,0.05
2019-10-02,272.06,0.002531,0.05
2019-10-03,272.01,0.002034,0.05
2019-10-04,272.35,0.001295,0.05
2019-10-05,271.94,0.001023,0.05
2019-10-06,272.3,0.001426,0.05
2019-10-07,272.16,0.002011,0.05
2019-10-08,270.85,0.003602,0.05
2019-10-09,269.47,0.002024,0.05
2019-10-10,269.35,0.0011,0.05
2019-10-11,269.63,0.001438,0.05
2019-10-12,269.19,0.001385,0.05
2019-10-13,270.0,0.000673,0.05
2019-10-14,269.66,0.000394,0.05
2019-10-15,269.54,0.000845,0.05
2019-10-16,268.68,0.0008,0.05
2019-10-17,268.59,0.000817,0.05
2019-10-18,268.46,0.001538,0.05
2019-10-19,268.84,0.001244,0.05
2019-10-20,269.36,0.004033,0.05
2019-10-21,268.41,0.002694,0.05
2019-10-22,268.36,0.001668,0.05
2019-10-23,268.32,0.00315,0.05
2019-10-24,267.67,0.001528,0.05
2019-10-25,268.15,0.002806,0.05
2019-10-26,267.16,0.001253,0.05
2019-10-27,267.66,0.000594,0.05
2019-10-28,268.0,0.000511,0.05
2019-10-29,267.87,0.000468,0.05
2019-10-30,267.53,0.001029,0.05
2019-10-31,266.26,0.001258,0.05
2019-11-01,266.08,0.000414,0.05
2019-11-02,266.74,0.000598,0.05
2019-11-03,265.99,0.001413,0.05
2019-11-04,264.86,0.001303,0.05
2019-11-05,266.24,0.001084,0.05
2019-11-06,267.24,0.000902,0.05
2019-11-07,266.6,0.000859,0.05
2019-11-08,266.42,0.000647,0.05
2019-11-09,266.71,0.000405,0.05
2019-11-10,267.04,0.00036,0.05
2019-11-11,266.94,0.000317,0.05
2019-11-12,267.46,0.000177,0.05
2019-11-13,268.14,0.000125,0.05
2019-11-14,267.14,0.000688,0.05
2019-11-15,266.67,0.001156,0.05
2019-11-16,266.75,0.001405,0.05
2019-11-17,265.51,0.001148,0.05
2019-11-18,265.84,0.001628,0.05
2019-11-19,264.96,0.001293,0.05
2019-11-20,265.35,0.000684,0.05
2019-11-21,266.19,0.000322,0.05
2019-11-22,267.88,0.000236,0.05
2019-11-23,267.38,0.000404,0.05
2019-11-24,266.38,0.000569,0.05
2019-11-25,264.51,0.001875,0.05
2019-11-26,262.81,0.001322,0.05
2019-11-27,262.02,0.001455,0.05
2019-11-28,261.31,0.002341,0.05
2019-11-29,260.05,0.002228,0.05
2019-11-30,259.85,0.001939,0.05
2019-12-01,261.02,0.001525,0.05
2019-12-02,260.27,0.001872,0.05
2019-12-03,259.33,0.00052,0.05
2019-12-04,260.87,0.00023,0.05
2019-12-05,263.6,0.000121,0.05
2019-12-06,263.55,0.000181,0.05
2019-12-07,263.36,6e-06,0.05
2019-12-08,262.02,1.3e-05,0.05
2019-12-09,263.52,1e-05,0.05
2019-12-10,262.89,0.000359,0.05
2019-12-11,261.61,0.001047,0.05
2019-12-12,261.9,0.005785,0.05
2019-12-13,259.68,0.023495,0.05
2019-12-14,257.47,0.003679,0.05
2019-12-15,254.98,0.005219,0.05
2019-12-16,255.13,0.001345,0.05
2019-12-17,254.8,0.001158,0.05
2019-12-18,257.27,0.000625,0.05
2019-12-19,258.58,0.000446,0.05
2019-12-20,259.33,0.000582,0.05
2019-12-21,258.04,0.001152,0.05
2019-12-22,255.98,0.001057,0.05
2019-12-23,255.8,0.001147,0.05
2019-12-24,254.45,0.001249,0.05
2019-12-25,254.56,0.001423,0.05
2019-12-26,253.37,0.001423,0.05
2019-12-27,251.68,8.8e-05,0.05
2019-12-28,254.53,1e-06,0.05
2019-12-29,254.96,2e-06,0.05
2019-12-30,255.74,2e-06,0.05
2019-12-31,252.83,1.1e-05,0.05
2020-01-01,253.04,0.000606,0.05
2020-01-02,254.04,0.003558,0.05
2020-01-03,255.83,0.018728,0.05
2020-01-04,254.13,0.001655,0.05
2020-01-05,252.36,0.000372,0.05
2020-01-06,257.23,2.4e-05,0.05
2020-01-07,257.6,0.004248,0.05
2020-01-08,257.49,0.009471,0.05
2020-01-09,254.67,0.001199,0.05
2020-01-10,252.51,4e-06,0.05
2020-01-11,255.63,3e-06,0.05
2020-01-12,260.75,1e-06,0.05
2020-01-13,260.22,6.8e-05,0.05
2020-01-14,256.76,0.000254,0.05
2020-01-15,257.2,0.000364,0.05
2020-01-16,258.92,0.014659,0.05
2020-01-17,259.63,0.032864,0.05
2020-01-18,254.45,0.001424,0.05
2020-01-19,252.56,0.001885,0.05
2020-01-20,252.88,0.000242,0.05
2020-01-21,253.6,0.000579,0.05
2020-01-22,252.52,0.000249,0.05
2020-01-23,250.63,0.000167,0.05
2020-01-24,251.36,1e-06,0.05
2020-01-25,252.81,2.8e-05,0.05
2020-01-26,251.35,4.9e-05,0.05
2020-01-27,252.96,4.2e-05,0.05
2020-01-28,253.28,0.000159,0.05
2020-01-29,253.23,0.000662,0.05
2020-01-30,253.49,0.000658,0.05
2020-01-31,253.73,0.000238,0.05
2020-02-01,252.47,0.001255,0.05
2020-02-02,252.67,5.8e-05,0.05
2020-02-03,253.45,3.4e-05,0.05
2020-02-04,253.73,0.000277,0.05
2020-02-05,253.2,0.000196,0.05
2020-02-06,254.28,0.000394,0.05
2020-02-07,253.25,0.0006,0.05
2020-02-08,251.97,0.001224,0.05
2020-02-09,253.96,1e-05,0.05
2020-02-10,256.29,1.3e-05,0.05
2020-02-11,259.61,1e-05,0.05
2020-02-12,262.17,1e-06,0.05
2020-02-13,263.61,2e-06,0.05
2020-02-14,262.68,4.2e-05,0.05
2020-02-15,262.18,9e-06,0.05
2020-02-16,262.31,3.5e-05,0.05
2020-02-17,260.47,0.000213,0.05
2020-02-18,259.71,0.000113,0.05
2020-02-19,260.38,0.000138,0.05
2020-02-20,260.58,0.000388,0.05
2020-02-21,261.4,0.007843,0.05
2020-02-22,259.76,0.001765,0.05
2020-02-23,257.81,0.000844,0.05
2020-02-24,257.25,0.001281,0.05
2020-02-25,258.03,0.004178,0.05
2020-02-26,258.17,0.008494,0.05
2020-02-27,257.88,1e-06,0.05
2020-02-28,258.58,8.4e-05,0.05
2020-02-29,258.44,0.000153,0.05
2020-03-01,257.99,0.000391,0.05
2020-03-02,257.84,0.000406,0.05
2020-03-03,257.38,0.000309,0.05
2020-03-04,257.35,0.000653,0.05
2020-03-05,256.92,0.000797,0.05
2020-03-06,257.13,0.002242,0.05
2020-03-07,257.93,0.006785,0.05
2020-03-08,258.25,4.9e-05,0.05
2020-03-09,259.33,7e-06,0.05
2020-03-10,259.46,0.000223,0.05
2020-03-11,258.89,0.00021,0.05
2020-03-12,259.57,5.7e-05,0.05
2020-03-13,260.9,0.008393,0.05
2020-03-14,260.9,0.011617,0.05
2020-03-15,256.67,0.001487,0.05
2020-03-16,259.27,3.1e-05,0.05
2020-03-17,260.84,0.000275,0.05
2020-03-18,260.27,0.000722,0.05
2020-03-19,259.64,0.000713,0.05
2020-03-20,258.69,0.000627,0.05
2020-03-21,259.96,0.000606,0.05
2020-03-22,261.45,0.004174,0.05
2020-03-23,261.11,0.003381,0.05
2020-03-24,262.91,0.000106,0.05
2020-03-25,262.84,0.000223,0.05
2020-03-26,265.59,8.5e-05,0.05
2020-03-27,267.35,0.001429,0.05
2020-03-28,264.84,0.00043,0.05
2020-03-29,262.84,0.001202,0.05
2020-03-30,264.13,0.000147,0.05
2020-03-31,263.78,0.000106,0.05
2020-04-01,262.22,0.00066,0.05
2020-04-02,261.28,0.000272,0.05
2020-04-03,261.3,0.000416,0.05
2020-04-04,261.16,0.001216,0.05
2020-04-05,261.56,0.000393,0.05
2020-04-06,262.29,0.000393,0.05
2020-04-07,263.04,0.000578,0.05
2020-04-08,263.36,0.000622,0.05
2020-04-09,261.79,0.001587,0.05
2020-04-10,263.66,0.002836,0.05
2020-04-11,263.56,0.001177,0.05
2020-04-12,265.82,0.001722,0.05
2020-04-13,267.46,0.001173,0.05
2020-04-14,267.17,0.005695,0.05
2020-04-15,267.7,0.002939,0.05
2020-04-16,266.24,0.003822,0.05
2020-04-17,268.63,0.001897,0.05
2020-04-18,266.71,0.000547,0.05
2020-04-19,266.2,0.001086,0.05
2020-04-20,265.59,0.002365,0.05
2020-04-21,264.29,0.004652,0.05
2020-04-22,262.68,0.00221,0.05
2020-04-23,264.48,0.001744,0.05
2020-04-24,264.15,0.00184,0.05
2020-04-25,265.26,0.002229,0.05
2020-04-26,266.45,0.005288,0.05
2020-04-27,265.96,0.004654,0.05
2020-04-28,266.24,0.001237,0.05
2020-04-29,266.32,0.002688,0.05
2020-04-30,267.95,0.004322,0.05
2020-05-01,268.64,0.006874,0.05
2020-05-02,268.56,0.004368,0.05
2020-05-03,269.22,0.003524,0.05
2020-05-04,268.21,0.004131,0.05
2020-05-05,267.76,0.006606,0.05
2020-05-06,266.27,0.004504,0.05
2020-05-07,265.97,0.003045,0.05
2020-05-08,266.4,0.000812,0.05
2020-05-09,267.25,0.00256,0.05
2020-05-10,267.22,0.004327,0.05
2020-05-11,267.55,0.001404,0.05
2020-05-12,267.04,0.003085,0.05
2020-05-13,268.67,0.001089,0.05
2020-05-14,269.85,0.002106,0.05
2020-05-15,269.78,0.001939,0.05
2020-05-16,270.17,0.001243,0.05
2020-05-17,270.84,0.001049,0.05
2020-05-18,269.96,0.002201,0.05
2020-05-19,270.71,0.008141,0.05
2020-05-20,272.46,0.020712,0.05
2020-05-21,273.37,0.00664,0.05
2020-05-22,273.67,0.009147,0.05
2020-05-23,272.81,0.004321,0.05
2020-05-24,272.48,0.00347,0.05
2020-05-25,271.87,0.005965,0.05
2020-05-26,270.71,0.004373,0.05
2020-05-27,269.2,0.003716,0.05
2020-05-28,269.1,0.006909,0.05
2020-05-29,269.36,0.007303,0.05
2020-05-30,270.72,0.00482,0.05
2020-05-31,271.3,0.004862,0.05
2020-06-01,271.28,0.002821,0.05
2020-06-02,271.59,0.001756,0.05
2020-06-03,271.87,0.002565,0.05
2020-06-04,272.63,0.010248,0.05
2020-06-05,272.53,0.014555,0.05
2020-06-06,272.61,0.013688,0.05
2020-06-07,273.06,0.006157,0.05
2020-06-08,273.43,0.003084,0.05
2020-06-09,274.63,0.008596,0.05
2020-06-10,274.6,0.007325,0.05
2020-06-11,274.87,0.015748,0.05
2020-06-12,274.76,0.006487,0.05
2020-06-13,275.8,0.005797,0.05
2020-06-14,275.74,0.012462,0.05
2020-06-15,275.59,0.016961,0.05
2020-06-16,275.09,0.024849,0.05
2020-06-17,276.18,0.00464,0.05
2020-06-18,275.77,0.017862,0.05
2020-06-19,276.03,0.019531,0.05
2020-06-20,275.64,0.016022,0.05
2020-06-21,275.54,0.00511,0.05
2020-06-22,275.27,0.005849,0.05
2020-06-23,275.57,0.00744,0.05
2020-06-24,276.01,0.006095,0.05
2020-06-25,275.43,0.01791,0.05
2020-06-26,275.75,0.024881,0.05
2020-06-27,275.47,0.012601,0.05
2020-06-28,275.37,0.021876,0.05
2020-06-29,274.84,0.012088,0.05
2020-06-30,275.49,0.002406,0.05
2020-07-01,276.48,0.006393,0.05
2020-07-02,276.4,0.013387,0.05
2020-07-03,275.66,0.012949,0.05
2020-07-04,275.66,0.010922,0.05
2020-07-05,275.93,0.006154,0.05
2020-07-06,276.32,0.005911,0.05
2020-07-07,276.26,0.00406,0.05
2020-07-08,277.11,0.020194,0.05
2020-07-09,277.2,0.02514,0.05
2020-07-10,275.47,0.061082,0.05
2020-07-11,275.38,0.035203,0.05
2020-07-12,275.85,0.018332,0.05
2020-07-13,275.36,0.041101,0.05
2020-07-14,276.59,0.006274,0.05
2020-07-15,276.06,0.005349,0.05
2020-07-16,276.48,0.01181,0.05
2020-07-17,276.52,0.022853,0.05
2020-07-18,275.97,0.01827,0.05
2020-07-19,276.29,0.014097,0.05
2020-07-20,274.42,0.063127,0.05
2020-07-21,274.83,0.01374,0.05
2020-07-22,275.31,0.006769,0.05
2020-07-23,275.81,0.030244,0.05
2020-07-24,275.82,0.009156,0.05
2020-07-25,276.26,0.006075,0.05
2020-07-26,276.38,0.007426,0.05
2020-07-27,276.56,0.024176,0.05
2020-07-28,275.28,0.04976,0.05
2020-07-29,275.49,0.030618,0.05
2020-07-30,275.98,0.009853,0.05
2020-07-31,276.23,0.014222,0.05
2020-08-01,276.21,0.025767,0.05
2020-08-02,276.93,0.0047,0.05
2020-08-03,276.13,0.018228,0.05
2020-08-04,276.67,0.004455,0.05
2020-08-05,277.44,0.008688,0.05
2020-08-06,277.02,0.00521,0.05
2020-08-07,277.56,0.003239,0.05
2020-08-08,277.75,0.021748,0.05
2020-08-09,276.81,0.026882,0.05
2020-08-10,276.19,0.017035,0.05
2020-08-11,276.91,0.01768,0.05
2020-08-12,276.79,0.014477,0.05
2020-08-13,276.61,0.00843,0.05
2020-08-14,276.62,0.025165,0.05
2020-08-15,276.69,0.015082,0.05
2020-08-16,277.1,0.007377,0.05
2020-08-17,276.68,0.006664,0.05
2020-08-18,276.33,0.012205,0.05
2020-08-19,275.81,0.008448,0.05
2020-08-20,275.53,0.005113,0.05
2020-08-21,275.35,0.005449,0.05
2020-08-22,275.77,0.005428,0.05
2020-08-23,275.87,0.00427,0.05
2020-08-24,276.58,0.006541,0.05
2020-08-25,276.24,0.011585,0.05
2020-08-26,275.92,0.007105,0.05
2020-08-27,275.29,0.005271,0.05
2020-08-28,275.04,0.003492,0.05
2020-08-29,275.05,0.002224,0.05
2020-08-30,276.02,0.000832,0.05
2020-08-31,276.79,0.009641,0.05
2020-09-01,276.26,0.004101,0.05
2020-09-02,276.02,0.004606,0.05
2020-09-03,275.4,0.0024,0.05
2020-09-04,275.71,0.002305,0.05
2020-09-05,276.32,0.003442,0.05
2020-09-06,276.14,0.006256,0.05
2020-09-07,275.77,0.010647,0.05
2020-09-08,275.78,0.010663,0.05
2020-09-09,276.06,0.00498,0.05
2020-09-10,275.9,0.010687,0.05
2020-09-11,275.81,0.010111,0.05
2020-09-12,275.09,0.024305,0.05
2020-09-13,275.7,0.00499,0.05
2020-09-14,275.66,0.008624,0.05
2020-09-15,275.6,0.01,0.05
2020-09-16,275.52,0.005638,0.05
2020-09-17,276.47,0.023324,0.05
2020-09-18,275.15,0.016402,0.05
2020-09-19,274.61,0.002202,0.05
2020-09-20,274.86,0.002104,0.05
2020-09-21,274.93,0.00234,0.05
2020-09-22,275.12,0.032446,0.05
2020-09-23,273.98,0.027256,0.05
2020-09-24,274.32,0.022071,0.05
2020-09-25,273.71,0.045612,0.05
2020-09-26,272.77,0.010257,0.05
2020-09-27,272.38,0.000809,0.05
2020-09-28,272.87,0.000507,0.05
2020-09-29,273.44,0.000475,0.05
2020-09-30,273.11,0.000981,0.05
2020-10-01,273.7,0.001233,0.05
2020-10-02,273.27,0.001326,0.05
2020-10-03,273.39,0.000754,0.05
2020-10-04,273.69,0.004004,0.05
2020-10-05,273.64,0.00343,0.05
2020-10-06,272.76,0.000622,0.05
2020-10-07,272.76,0.000814,0.05
2020-10-08,273.92,0.000386,0.05
2020-10-09,273.93,0.000392,0.05
2020-10-10,274.14,0.000145,0.05
2020-10-11,274.18,0.000646,0.05
2020-10-12,274.14,0.002109,0.05
2020-10-13,273.26,0.001055,0.05
2020-10-14,273.02,0.001385,0.05
2020-10-15,273.5,0.001249,0.05
2020-10-16,273.26,0.000715,0.05
2020-10-17,273.67,0.000281,0.05
2020-10-18,273.26,0.00184,0.05
2020-10-19,271.12,0.002692,0.05
2020-10-20,270.53,0.00074,0.05
2020-10-21,271.09,0.002603,0.05
2020-10-22,269.62,0.002041,0.05
2020-10-23,268.56,9.5e-05,0.05
2020-10-24,270.78,0.000536,0.05
2020-10-25,269.62,0.000495,0.05
2020-10-26,267.43,0.001919,0.05
2020-10-27,266.36,0.000234,0.05
2020-10-28,267.17,7e-06,0.05
2020-10-29,267.68,1e-06,0.05
2020-10-30,268.65,8.1e-05,0.05
2020-10-31,268.42,9.6e-05,0.05
2020-11-01,269.01,0.000219,0.05
2020-11-02,267.56,0.000317,0.05
2020-11-03,265.25,0.001888,0.05
2020-11-04,263.4,0.002771,0.05
2020-11-05,263.38,0.000164,0.05
2020-11-06,264.52,0.000203,0.05
2020-11-07,265.37,9.4e-05,0.05
2020-11-08,265.73,1e-06,0.05
2020-11-09,265.44,0.00055,0.05
2020-11-10,264.63,0.000401,0.05
2020-11-11,265.36,4.2e-05,0.05
2020-11-12,265.58,6e-06,0.05
2020-11-13,265.18,2e-06,0.05
2020-11-14,265.51,3e-06,0.05
2020-11-15,265.96,0.0002,0.05
2020-11-16,263.5,0.006623,0.05
2020-11-17,261.54,0.000174,0.05
2020-11-18,261.49,0.000204,0.05
2020-11-19,261.81,0.000394,0.05
2020-11-20,261.23,0.000622,0.05
2020-11-21,259.99,0.002005,0.05
2020-11-22,260.75,0.000134,0.05
2020-11-23,261.73,0.000247,0.05
2020-11-24,261.66,0.000307,0.05
2020-11-25,262.64,0.000286,0.05
2020-11-26,262.47,0.001043,0.05
2020-11-27,261.52,0.000969,0.05
2020-11-28,263.39,7e-06,0.05
2020-11-29,264.96,0.0,0.05
2020-11-30,263.74,1.1e-05,0.05
2020-12-01,264.39,3.2e-05,0.05
2020-12-02,263.88,0.000278,0.05
2020-12-03,262.51,0.000605,0.05
2020-12-04,262.15,0.001172,0.05
2020-12-05,261.81,0.000432,0.05
2020-12-06,262.59,0.001299,0.05
2020-12-07,263.18,1.5e-05,0.05
2020-12-08,264.94,5e-06,0.05
2020-12-09,264.57,5e-06,0.05
2020-12-10,263.79,2.5e-05,0.05
2020-12-11,265.15,0.001214,0.05
2020-12-12,262.89,0.001667,0.05
2020-12-13,260.54,0.000327,0.05
2020-12-14,260.54,0.000428,0.05
2020-12-15,260.62,0.000442,0.05
2020-12-16,259.39,0.000728,0.05
2020-12-17,258.86,0.000511,0.05
2020-12-18,258.71,0.000179,0.05
2020-12-19,260.69,2.1e-05,0.05
2020-12-20,263.47,1e-06,0.05
2020-12-21,264.11,2e-06,0.05
2020-12-22,262.96,3e-06,0.05
2020-12-23,261.71,0.000431,0.05
2020-12-24,259.62,0.002057,0.05
2020-12-25,258.38,0.000133,0.05
2020-12-26,262.17,5e-05,0.05
2020-12-27,261.71,0.000341,0.05
2020-12-28,259.21,0.00067,0.05
2020-12-29,260.0,0.00041,0.05
2020-12-30,259.54,0.000809,0.05
2020-12-31,261.01,0.00015,0.05
2021-01-01,262.04,0.000297,0.05
2021-01-02,262.05,8e-05,0.05
2021-01-03,262.85,0.00041,0.05
2021-01-04,263.94,0.002941,0.05
2021-01-05,265.04,0.005021,0.05
2021-01-06,263.53,0.00042,0.05
2021-01-07,263.2,4.3e-05,0.05
2021-01-08,264.43,0.000106,0.05
2021-01-09,265.59,5.5e-05,0.05
2021-01-10,266.09,3.4e-05,0.05
2021-01-11,266.39,0.000136,0.05
2021-01-12,266.47,0.000207,0.05
2021-01-13,268.0,3.1e-05,0.05
2021-01-14,268.17,3e-06,0.05
2021-01-15,267.08,1.5e-05,0.05
2021-01-16,264.73,2e-06,0.05
2021-01-17,263.7,2.3e-05,0.05
2021-01-18,262.13,0.001128,0.05
2021-01-19,262.57,0.001148,0.05
2021-01-20,260.94,0.001164,0.05
2021-01-21,262.6,3e-06,0.05
2021-01-22,264.58,2e-06,0.05
2021-01-23,262.92,0.000126,0.05
2021-01-24,260.54,0.000397,0.05
2021-01-25,260.12,0.00032,0.05
2021-01-26,258.7,0.000346,0.05
2021-01-27,259.4,0.000317,0.05
2021-01-28,258.64,0.000764,0.05
2021-01-29,255.19,0.003242,0.05
2021-01-30,255.27,7.3e-05,0.05
2021-01-31,258.28,6.5e-05,0.05
2021-02-01,259.63,7.5e-05,0.05
2021-02-02,259.73,0.000112,0.05
2021-02-03,258.04,0.000358,0.05
2021-02-04,257.79,0.000594,0.05
2021-02-05,257.45,0.005206,0.05
2021-02-06,255.06,0.00319,0.05
2021-02-07,256.75,4.6e-05,0.05
2021-02-08,259.61,1e-06,0.05
2021-02-09,261.41,4e-06,0.05
2021-02-10,260.9,0.002148,0.05
2021-02-11,260.91,5.4e-05,0.05
2021-02-12,261.82,7.5e-05,0.05
2021-02-13,261.46,7.1e-05,0.05
2021-02-14,260.2,0.000645,0.05
2021-02-15,259.14,0.000838,0.05
2021-02-16,258.25,0.001236,0.05
2021-02-17,258.87,0.003673,0.05
2021-02-18,257.21,0.001481,0.05
2021-02-19,257.36,0.000257,0.05
2021-02-20,260.6,0.000142,0.05
2021-02-21,263.82,8.2e-05,0.05
2021-02-22,264.13,8.9e-05,0.05
2021-02-23,263.5,0.000878,0.05
2021-02-24,263.47,0.001299,0.05
2021-02-25,266.29,0.001211,0.05
2021-02-26,268.32,0.002676,0.05
2021-02-27,268.4,0.002052,0.05
2021-02-28,267.55,0.001938,0.05
2021-03-01,265.9,0.002004,0.05
2021-03-02,265.98,0.001384,0.05
2021-03-03,265.63,0.001809,0.05
2021-03-04,263.75,0.003127,0.05
2021-03-05,261.87,0.003435,0.05
2021-03-06,262.09,0.001376,0.05
2021-03-07,263.18,0.001382,0.05
2021-03-08,262.78,0.000526,0.05
2021-03-09,262.46,0.000914,0.05
2021-03-10,262.69,0.000417,0.05
2021-03-11,262.92,0.001226,0.05
2021-03-12,264.11,0.000392,0.05
2021-03-13,264.34,0.004413,0.05
2021-03-14,264.41,0.001101,0.05
2021-03-15,263.56,0.00045,0.05
2021-03-16,263.34,0.000636,0.05
2021-03-17,263.72,0.00078,0.05
2021-03-18,263.89,0.000646,0.05
2021-03-19,264.5,0.000459,0.05
2021-03-20,263.44,0.002716,0.05
2021-03-21,263.47,0.001615,0.05
2021-03-22,264.01,0.000932,0.05
2021-03-23,265.01,0.00089,0.05
2021-03-24,263.69,0.004443,0.05
2021-03-25,262.52,0.001261,0.05
2021-03-26,263.99,0.000411,0.05
2021-03-27,264.57,0.001817,0.05
2021-03-28,263.51,0.002133,0.05
2021-03-29,265.76,0.007308,0.05
2021-03-30,265.64,0.002773,0.05
2021-03-31,267.01,0.003447,0.05
2021-04-01,264.35,0.002313,0.05
2021-04-02,262.05,0.002695,0.05
2021-04-03,260.56,0.001122,0.05
2021-04-04,261.02,0.000695,0.05
2021-04-05,265.03,0.000327,0.05
2021-04-06,265.94,0.002847,0.05
2021-04-07,265.38,0.002247,0.05
2021-04-08,264.95,0.000869,0.05
2021-04-09,264.31,0.000504,0.05
2021-04-10,263.81,0.000882,0.05
2021-04-11,264.03,0.000741,0.05
2021-04-12,263.66,0.00128,0.05
2021-04-13,263.45,0.002722,0.05
2021-04-14,264.71,0.002594,0.05
2021-04-15,265.7,0.000364,0.05
2021-04-16,265.49,0.00439,0.05
2021-04-17,266.29,0.003261,0.05
2021-04-18,264.88,0.001284,0.05
2021-04-19,265.29,0.001393,0.05
2021-04-20,266.43,0.000629,0.05
2021-04-21,266.66,0.007111,0.05
2021-04-22,263.36,0.007314,0.05
2021-04-23,263.89,0.000698,0.05
2021-04-24,263.75,0.000596,0.05
2021-04-25,263.79,0.000454,0.05
2021-04-26,264.86,0.000437,0.05
2021-04-27,264.58,0.001317,0.05
2021-04-28,265.97,0.002667,0.05
2021-04-29,266.45,0.004689,0.05
2021-04-30,267.01,0.003624,0.05
2021-05-01,267.13,0.004703,0.05
2021-05-02,268.09,0.00154,0.05
2021-05-03,268.84,0.005824,0.05
2021-05-04,269.24,0.003687,0.05
2021-05-05,269.53,0.007105,0.05
2021-05-06,267.66,0.005661,0.05
2021-05-07,269.0,0.002527,0.05
2021-05-08,267.71,0.003598,0.05
2021-05-09,267.66,0.003689,0.05
2021-05-10,267.91,0.00272,0.05
2021-05-11,268.38,0.002426,0.05
2021-05-12,268.26,0.008412,0.05
2021-05-13,268.27,0.003399,0.05
2021-05-14,267.47,0.002577,0.05
2021-05-15,268.99,0.001524,0.05
2021-05-16,270.69,0.002519,0.05
2021-05-17,272.83,0.003721,0.05
2021-05-18,273.28,0.005663,0.05
2021-05-19,273.07,0.010067,0.05
2021-05-20,272.53,0.02565,0.05
2021-05-21,272.82,0.002052,0.05
2021-05-22,272.37,0.000814,0.05
2021-05-23,273.61,0.000899,0.05
2021-05-24,272.89,0.001602,0.05
2021-05-25,273.7,0.011409,0.05
2021-05-26,274.34,0.018109,0.05
2021-05-27,274.21,0.03378,0.05
2021-05-28,273.26,0.056347,0.05
2021-05-29,273.52,0.004862,0.05
2021-05-30,273.47,0.002525,0.05
2021-05-31,273.23,0.005438,0.05
2021-06-01,273.01,0.005502,0.05
2021-06-02,272.67,0.003226,0.05
2021-06-03,273.69,0.00407,0.05
2021-06-04,273.81,0.005185,0.05
2021-06-05,273.99,0.003537,0.05
2021-06-06,274.1,0.004631,0.05
2021-06-07,274.34,0.002104,0.05
2021-06-08,274.02,0.006718,0.05
2021-06-09,274.8,0.005358,0.05
2021-06-10,274.71,0.004975,0.05
2021-06-11,275.03,0.009323,0.05
2021-06-12,274.4,0.027272,0.05
2021-06-13,274.93,0.016978,0.05
2021-06-14,275.81,0.009402,0.05
2021-06-15,274.85,0.013518,0.05
2021-06-16,275.06,0.003599,0.05
2021-06-17,274.89,0.004641,0.05
2021-06-18,274.88,0.012788,0.05
2021-06-19,274.61,0.015154,0.05
2021-06-20,274.69,0.012182,0.05
2021-06-21,274.79,0.006631,0.05
2021-06-22,275.32,0.006749,0.05
2021-06-23,275.12,0.003716,0.05
2021-06-24,274.86,0.006419,0.05
2021-06-25,275.2,0.003849,0.05
2021-06-26,274.85,0.004809,0.05
2021-06-27,275.45,0.002708,0.05
2021-06-28,276.18,0.005032,0.05
2021-06-29,276.55,0.015059,0.05
2021-06-30,276.83,0.015648,0.05
2021-07-01,275.79,0.036183,0.05
2021-07-02,274.52,0.02112,0.05
2021-07-03,275.52,0.006725,0.05
2021-07-04,275.64,0.007283,0.05
2021-07-05,275.95,0.004897,0.05
2021-07-06,276.95,0.006335,0.05
2021-07-07,276.86,0.007635,0.05
2021-07-08,275.72,0.025564,0.05
2021-07-09,276.33,0.007726,0.05
2021-07-10,276.2,0.012536,0.05
2021-07-11,275.74,0.020068,0.05
2021-07-12,275.66,0.013506,0.05
2021-07-13,275.55,0.011305,0.05
2021-07-14,276.24,0.016217,0.05
2021-07-15,275.26,0.032772,0.05
2021-07-16,276.12,0.010133,0.05
2021-07-17,276.69,0.009874,0.05
2021-07-18,276.72,0.019344,0.05
2021-07-19,276.26,0.020511,0.05
2021-07-20,275.88,0.012472,0.05
2021-07-21,276.05,0.011621,0.05
2021-07-22,276.25,0.006768,0.05
2021-07-23,277.08,0.006617,0.05
2021-07-24,277.26,0.004577,0.05
2021-07-25,277.55,0.020848,0.05
2021-07-26,276.3,0.026338,0.05
2021-07-27,276.41,0.02622,0.05
2021-07-28,276.1,0.011949,0.05
2021-07-29,276.46,0.00837,0.05
2021-07-30,276.51,0.008719,0.05
2021-07-31,276.19,0.005629,0.05
2021-08-01,276.63,0.004263,0.05
2021-08-02,276.38,0.005876,0.05
2021-08-03,276.09,0.015336,0.05
2021-08-04,275.11,0.027194,0.05
2021-08-05,275.73,0.002347,0.05
2021-08-06,275.45,0.010877,0.05
2021-08-07,275.59,0.006905,0.05
2021-08-08,275.96,0.013112,0.05
2021-08-09,276.32,0.007552,0.05
2021-08-10,276.88,0.005614,0.05
2021-08-11,276.74,0.006854,0.05
2021-08-12,276.56,0.010372,0.05
2021-08-13,276.58,0.012316,0.05
2021-08-14,276.98,0.015697,0.05
2021-08-15,276.46,0.034816,0.05
2021-08-16,276.29,0.023831,0.05
2021-08-17,276.64,0.007854,0.05
2021-08-18,276.35,0.005268,0.05
2021-08-19,276.17,0.009684,0.05
2021-08-20,275.88,0.008909,0.05
2021-08-21,276.07,0.007949,0.05
2021-08-22,276.23,0.009801,0.05
2021-08-23,276.29,0.008473,0.05
2021-08-24,276.75,0.009557,0.05
2021-08-25,276.38,0.018998,0.05
2021-08-26,276.6,0.0346,0.05
2021-08-27,274.89,0.040547,0.05
2021-08-28,274.55,0.037269,0.05
2021-08-29,273.97,0.030264,0.05
2021-08-30,274.02,0.007644,0.05
2021-08-31,274.29,0.00482,0.05
2021-09-01,274.96,0.006326,0.05
2021-09-02,274.9,0.009269,0.05
2021-09-03,274.27,0.027818,0.05
2021-09-04,275.46,0.003865,0.05
2021-09-05,275.72,0.004405,0.05
2021-09-06,275.36,0.011907,0.05
2021-09-07,274.88,0.011276,0.05
2021-09-08,274.41,0.00904,0.05
2021-09-09,274.31,0.011423,0.05
2021-09-10,273.84,0.004384,0.05
2021-09-11,274.45,0.002715,0.05
2021-09-12,275.04,0.00473,0.05
2021-09-13,274.47,0.003017,0.05
2021-09-14,274.48,0.010795,0.05
2021-09-15,273.8,0.021534,0.05
2021-09-16,273.45,0.007872,0.05
2021-09-17,273.69,0.00465,0.05
2021-09-18,274.27,0.005077,0.05
2021-09-19,274.21,0.002608,0.05
2021-09-20,274.01,0.007922,0.05
2021-09-21,273.54,0.004825,0.05
2021-09-22,273.34,0.00388,0.05
2021-09-23,273.59,0.004909,0.05
2021-09-24,274.3,0.005879,0.05
2021-09-25,274.03,0.00539,0.05
2021-09-26,273.49,0.003384,0.05
2021-09-27,273.57,0.004719,0.05
2021-09-28,273.82,0.005632,0.05
2021-09-29,273.7,0.004762,0.05
2021-09-30,273.75,0.005066,0.05
2021-10-01,273.61,0.004471,0.05
2021-10-02,273.35,0.006608,0.05
2021-10-03,273.23,0.010317,0.05
2021-10-04,272.82,0.003013,0.05
2021-10-05,273.0,0.000796,0.05
2021-10-06,273.14,0.001675,0.05
2021-10-07,273.57,0.000881,0.05
2021-10-08,273.9,0.002256,0.05
2021-10-09,273.23,0.002277,0.05
2021-10-10,272.3,0.000904,0.05
2021-10-11,272.54,0.000359,0.05
2021-10-12,272.55,1.3e-05,0.05
2021-10-13,272.03,3e-06,0.05
2021-10-14,272.0,5.1e-05,0.05
2021-10-15,272.3,0.000116,0.05
2021-10-16,272.94,0.000262,0.05
2021-10-17,273.43,0.002656,0.05
2021-10-18,273.18,0.029712,0.05
2021-10-19,273.54,0.064236,0.05
2021-10-20,271.88,0.011882,0.05
2021-10-21,270.61,0.002035,0.05
2021-10-22,270.56,0.00208,0.05
2021-10-23,270.34,0.000977,0.05
2021-10-24,268.36,0.001493,0.05
2021-10-25,266.43,0.002246,0.05
2021-10-26,266.86,0.000769,0.05
2021-10-27,266.6,0.002485,0.05
2021-10-28,266.12,0.000659,0.05
2021-10-29,267.16,8.3e-05,0.05
2021-10-30,266.99,0.000183,0.05
2021-10-31,265.66,0.001145,0.05
2021-11-01,264.56,0.00033,0.05
2021-11-02,263.04,0.000304,0.05
2021-11-03,262.67,0.000449,0.05
2021-11-04,262.51,0.000273,0.05
2021-11-05,264.43,0.000152,0.05
2021-11-06,266.02,6.5e-05,0.05
2021-11-07,267.74,0.000106,0.05
2021-11-08,267.56,4.9e-05,0.05
2021-11-09,267.89,2.8e-05,0.05
2021-11-10,269.28,2.7e-05,0.05
2021-11-11,269.75,6.3e-05,0.05
2021-11-12,269.36,5.2e-05,0.05
2021-11-13,267.61,5.1e-05,0.05
2021-11-14,266.85,9.6e-05,0.05
2021-11-15,264.94,0.000312,0.05
2021-11-16,265.92,2.8e-05,0.05
2021-11-17,268.27,1e-06,0.05
2021-11-18,268.31,9.4e-05,0.05
2021-11-19,267.82,0.000482,0.05
2021-11-20,267.95,0.000905,0.05
2021-11-21,267.01,0.000142,0.05
2021-11-22,265.51,0.000864,0.05
2021-11-23,263.76,0.000698,0.05
2021-11-24,264.59,0.000125,0.05
2021-11-25,263.77,0.000592,0.05
2021-11-26,262.53,0.000793,0.05
2021-11-27,262.99,6.2e-05,0.05
2021-11-28,264.92,3.2e-05,0.05
2021-11-29,265.39,4e-06,0.05
2021-11-30,266.31,2e-06,0.05
2021-12-01,267.71,1e-05,0.05
2021-12-02,268.42,0.000252,0.05
2021-12-03,268.82,0.00157,0.05
2021-12-04,267.64,0.000141,0.05
2021-12-05,265.74,0.000246,0.05
2021-12-06,263.22,0.002014,0.05
2021-12-07,263.31,0.000242,0.05
2021-12-08,263.42,0.000364,0.05
2021-12-09,261.77,0.00163,0.05
2021-12-10,259.63,0.000218,0.05
2021-12-11,259.71,0.00029,0.05
2021-12-12,261.19,6.2e-05,0.05
2021-12-13,261.66,7.3e-05,0.05
2021-12-14,259.82,0.000309,0.05
2021-12-15,259.53,0.000326,0.05
2021-12-16,260.36,0.000493,0.05
2021-12-17,260.01,0.001147,0.05
2021-12-18,258.72,0.001711,0.05
2021-12-19,257.32,5.9e-05,0.05
2021-12-20,257.99,4.3e-05,0.05
2021-12-21,258.2,0.002799,0.05
2021-12-22,255.08,0.002259,0.05
2021-12-23,256.13,0.000186,0.05
2021-12-24,255.66,0.000264,0.05
2021-12-25,254.58,0.000138,0.05
2021-12-26,256.69,0.000359,0.05
2021-12-27,257.08,0.000897,0.05
2021-12-28,258.75,0.013424,0.05
2021-12-29,257.58,0.023171,0.05
2021-12-30,254.64,0.000766,0.05
2021-12-31,255.23,5.9e-05,0.05
2022-01-01,255.16,3.6e-05,0.05
2022-01-02,254.68,5.7e-05,0.05
2022-01-03,254.58,1e-05,0.05
2022-01-04,257.45,5e-06,0.05
2022-01-05,258.62,4.9e-05,0.05
2022-01-06,258.19,0.001204,0.05
2022-01-07,259.31,0.001997,0.05
2022-01-08,259.33,0.002804,0.05
2022-01-09,258.29,0.001345,0.05
2022-01-10,256.52,0.001082,0.05
2022-01-11,255.19,0.000887,0.05
2022-01-12,252.91,0.001245,0.05
2022-01-13,254.18,0.000105,0.05
2022-01-14,254.58,0.000384,0.05
2022-01-15,253.09,0.000224,0.05
2022-01-16,253.33,1e-06,0.05
2022-01-17,256.71,8e-05,0.05
2022-01-18,256.02,0.001164,0.05
2022-01-19,255.62,0.000845,0.05
2022-01-20,254.17,0.000999,0.05
2022-01-21,255.46,0.000652,0.05
2022-01-22,255.95,0.000569,0.05
2022-01-23,254.32,0.00074,0.05
2022-01-24,253.96,0.000652,0.05
2022-01-25,254.41,0.000714,0.05
2022-01-26,252.32,0.00108,0.05
2022-01-27,251.06,0.000248,0.05
2022-01-28,253.26,2e-06,0.05
2022-01-29,256.1,1.5e-05,0.05
2022-01-30,256.57,3.4e-05,0.05
2022-01-31,256.72,0.00028,0.05
2022-02-01,253.5,0.000141,0.05
2022-02-02,256.65,0.000185,0.05
2022-02-03,256.6,0.010427,0.05
2022-02-04,255.6,0.016341,0.05
2022-02-05,251.95,0.001826,0.05
2022-02-06,254.99,6e-06,0.05
2022-02-07,255.16,9.5e-05,0.05
2022-02-08,254.95,9.9e-05,0.05
2022-02-09,253.96,0.000623,0.05
2022-02-10,253.18,0.000394,0.05
2022-02-11,252.68,0.000298,0.05
2022-02-12,252.91,2e-05,0.05
2022-02-13,255.36,7e-05,0.05
2022-02-14,256.39,9.2e-05,0.05
2022-02-15,255.35,0.00032,0.05
2022-02-16,254.02,0.000174,0.05
2022-02-17,256.27,0.000177,0.05
2022-02-18,257.04,0.000323,0.05
2022-02-19,254.27,0.000395,0.05
2022-02-20,252.81,0.002828,0.05
2022-02-21,251.9,6.3e-05,0.05
2022-02-22,256.53,2.5e-05,0.05
2022-02-23,257.32,7e-05,0.05
2022-02-24,257.0,0.000415,0.05
2022-02-25,256.32,0.001405,0.05
2022-02-26,256.24,0.000468,0.05
2022-02-27,257.02,0.000601,0.05
2022-02-28,257.22,2.6e-05,0.05
2022-03-01,257.69,0.000277,0.05
2022-03-02,258.51,0.000254,0.05
2022-03-03,259.65,0.000381,0.05
2022-03-04,259.25,0.000406,0.05
2022-03-05,260.42,9.6e-05,0.05
2022-03-06,262.75,5.7e-05,0.05
2022-03-07,261.62,0.000144,0.05
2022-03-08,261.5,6.2e-05,0.05
2022-03-09,261.96,0.000119,0.05
2022-03-10,261.65,0.000567,0.05
2022-03-11,261.28,0.000362,0.05
2022-03-12,262.5,0.000442,0.05
2022-03-13,264.62,0.001614,0.05
2022-03-14,266.06,0.00064,0.05
2022-03-15,265.35,0.002044,0.05
2022-03-16,266.53,0.001222,0.05
2022-03-17,268.38,0.000878,0.05
2022-03-18,269.34,0.003538,0.05
2022-03-19,270.16,0.000689,0.05
2022-03-20,269.53,0.001383,0.05
2022-03-21,268.13,0.002924,0.05
2022-03-22,268.44,0.002952,0.05
2022-03-23,268.13,0.004322,0.05
2022-03-24,267.0,0.005929,0.05
2022-03-25,267.81,0.000937,0.05
2022-03-26,268.51,0.001301,0.05
2022-03-27,270.82,0.000895,0.05
2022-03-28,271.96,0.001021,0.05
2022-03-29,272.8,0.001666,0.05
2022-03-30,272.27,0.002802,0.05
2022-03-31,271.15,0.003811,0.05
2022-04-01,271.4,0.001602,0.05
2022-04-02,270.68,0.005808,0.05
2022-04-03,269.87,0.002922,0.05
2022-04-04,269.97,0.002243,0.05
2022-04-05,270.36,0.0016,0.05
2022-04-06,270.13,0.000858,0.05
2022-04-07,269.32,0.003724,0.05
2022-04-08,268.69,0.0017,0.05
2022-04-09,268.93,0.00201,0.05
2022-04-10,268.9,0.001707,0.05
2022-04-11,269.95,0.001231,0.05
2022-04-12,270.46,0.000243,0.05
2022-04-13,270.14,0.000952,0.05
2022-04-14,267.56,0.001807,0.05
2022-04-15,266.48,0.001067,0.05
2022-04-16,265.82,0.001171,0.05
2022-04-17,266.21,0.000794,0.05
2022-04-18,268.01,0.000645,0.05
2022-04-19,269.28,0.001451,0.05
2022-04-20,269.11,0.007577,0.05
2022-04-21,269.54,0.002116,0.05
2022-04-22,268.54,0.002437,0.05
2022-04-23,268.41,0.00106,0.05
2022-04-24,267.44,0.001451,0.05
2022-04-25,267.83,0.000992,0.05
2022-04-26,267.62,0.001536,0.05
2022-04-27,268.43,0.003553,0.05
2022-04-28,269.44,0.00189,0.05
2022-04-29,269.62,0.001853,0.05
2022-04-30,269.71,0.007781,0.05
2022-05-01,268.56,0.007739,0.05
2022-05-02,269.2,0.005689,0.05
2022-05-03,270.01,0.002397,0.05
2022-05-04,269.93,0.002616,0.05
2022-05-05,271.15,0.00328,0.05
2022-05-06,270.53,0.005921,0.05
2022-05-07,270.77,0.009068,0.05
2022-05-08,271.04,0.008875,0.05
2022-05-09,271.7,0.007429,0.05
2022-05-10,272.01,0.004055,0.05
2022-05-11,272.44,0.004332,0.05
2022-05-12,273.22,0.012857,0.05
2022-05-13,273.56,0.004681,0.05
2022-05-14,274.09,0.00482,0.05
2022-05-15,274.75,0.019498,0.05
2022-05-16,273.0,0.007119,0.05
2022-05-17,271.84,0.001702,0.05
2022-05-18,270.8,0.001795,0.05
2022-05-19,271.93,0.002395,0.05
2022-05-20,271.72,0.00394,0.05
2022-05-21,271.07,0.005182,0.05
2022-05-22,270.19,0.007935,0.05
2022-05-23,269.94,0.005868,0.05
2022-05-24,271.14,0.00406,0.05
2022-05-25,270.48,0.00726,0.05
2022-05-26,269.97,0.003639,0.05
2022-05-27,271.25,0.007187,0.05
2022-05-28,272.94,0.004701,0.05
2022-05-29,273.54,0.006702,0.05
2022-05-30,273.54,0.004142,0.05
2022-05-31,274.02,0.008902,0.05
2022-06-01,274.51,0.009963,0.05
2022-06-02,274.38,0.004809,0.05
2022-06-03,274.4,0.005206,0.05
2022-06-04,274.69,0.003897,0.05
2022-06-05,274.95,0.006077,0.05
2022-06-06,275.05,0.007342,0.05
2022-06-07,274.78,0.010969,0.05
2022-06-08,275.17,0.004811,0.05
2022-06-09,275.3,0.012504,0.05
2022-06-10,275.26,0.011429,0.05
2022-06-11,274.84,0.004644,0.05
2022-06-12,274.72,0.004413,0.05
2022-06-13,275.69,0.004344,0.05
2022-06-14,275.51,0.005661,0.05
2022-06-15,275.69,0.02039,0.05
2022-06-16,274.86,0.009004,0.05
2022-06-17,274.69,0.008704,0.05
2022-06-18,274.58,0.00713,0.05
2022-06-19,274.46,0.005117,0.05
2022-06-20,274.69,0.010742,0.05
2022-06-21,274.4,0.006004,0.05
2022-06-22,274.82,0.00428,0.05
2022-06-23,276.08,0.00484,0.05
2022-06-24,276.45,0.027108,0.05
2022-06-25,275.29,0.048861,0.05
2022-06-26,275.04,0.019765,0.05
2022-06-27,274.86,0.030483,0.05
2022-06-28,275.44,0.013131,0.05
2022-06-29,275.43,0.012217,0.05
2022-06-30,275.48,0.006599,0.05
2022-07-01,276.21,0.010476,0.05
2022-07-02,275.84,0.021777,0.05
2022-07-03,275.86,0.004542,0.05
2022-07-04,276.52,0.002092,0.05
2022-07-05,276.84,0.002422,0.05
2022-07-06,276.68,0.005963,0.05
2022-07-07,276.69,0.006316,0.05
2022-07-08,277.06,0.009956,0.05
2022-07-09,276.07,0.007012,0.05
2022-07-10,275.84,0.003318,0.05
2022-07-11,276.4,0.002696,0.05
2022-07-12,276.55,0.006698,0.05
2022-07-13,276.04,0.003256,0.05
2022-07-14,275.21,0.001932,0.05
2022-07-15,275.29,0.000677,0.05
2022-07-16,276.24,0.001297,0.05
2022-07-17,276.86,0.004761,0.05
2022-07-18,277.23,0.014097,0.05
2022-07-19,276.73,0.009767,0.05
2022-07-20,275.9,0.037821,0.05
2022-07-21,276.23,0.015413,0.05
2022-07-22,275.74,0.025538,0.05
2022-07-23,274.95,0.02177,0.05
2022-07-24,275.32,0.014641,0.05
2022-07-25,275.0,0.011701,0.05
2022-07-26,275.42,0.015439,0.05
2022-07-27,275.66,0.010812,0.05
2022-07-28,275.79,0.006084,0.05
2022-07-29,275.83,0.009627,0.05
2022-07-30,276.34,0.016073,0.05
2022-07-31,275.55,0.054823,0.05
2022-08-01,275.93,0.017063,0.05
2022-08-02,276.19,0.013406,0.05
2022-08-03,276.57,0.009164,0.05
2022-08-04,276.08,0.014303,0.05
2022-08-05,277.07,0.009118,0.05
2022-08-06,275.33,0.022242,0.05
2022-08-07,275.78,0.003944,0.05
2022-08-08,276.25,0.006183,0.05
2022-08-09,277.35,0.002742,0.05
2022-08-10,276.39,0.013041,0.05
2022-08-11,275.77,0.004713,0.05
2022-08-12,276.55,0.000815,0.05
2022-08-13,276.77,0.008346,0.05
2022-08-14,275.01,0.01435,0.05
2022-08-15,274.96,0.004705,0.05
2022-08-16,275.74,0.001169,0.05
2022-08-17,275.86,0.005269,0.05
2022-08-18,276.48,0.008573,0.05
2022-08-19,275.82,0.011203,0.05
2022-08-20,275.24,0.00314,0.05
2022-08-21,275.25,0.004272,0.05
2022-08-22,275.23,0.004464,0.05
2022-08-23,275.71,0.004132,0.05
2022-08-24,275.77,0.003348,0.05
2022-08-25,276.53,0.001238,0.05
2022-08-26,276.75,0.004835,0.05
2022-08-27,276.6,0.017053,0.05
2022-08-28,275.77,0.009761,0.05
2022-08-29,276.08,0.006672,0.05
2022-08-30,276.1,0.004254,0.05
2022-08-31,276.11,0.01197,0.05
2022-09-01,275.56,0.018094,0.05
2022-09-02,275.85,0.010281,0.05
2022-09-03,275.45,0.010798,0.05
2022-09-04,274.57,0.006587,0.05
2022-09-05,274.63,0.009298,0.05
2022-09-06,275.27,0.01109,0.05
2022-09-07,274.64,0.020838,0.05
2022-09-08,274.98,0.005835,0.05
2022-09-09,274.81,0.008625,0.05
2022-09-10,274.23,0.006532,0.05
2022-09-11,274.14,0.005386,0.05
2022-09-12,274.32,0.012566,0.05
2022-09-13,273.99,0.005157,0.05
2022-09-14,274.88,0.007102,0.05
2022-09-15,274.67,0.004367,0.05
2022-09-16,274.42,0.004666,0.05
2022-09-17,274.33,0.020339,0.05
2022-09-18,274.1,0.004619,0.05
2022-09-19,273.91,0.003679,0.05
2022-09-20,274.24,0.004503,0.05
2022-09-21,274.1,0.001389,0.05
2022-09-22,274.01,0.001438,0.05
2022-09-23,273.77,0.002968,0.05
2022-09-24,273.95,0.005053,0.05
2022-09-25,273.48,0.004546,0.05
2022-09-26,273.41,0.008847,0.05
2022-09-27,272.93,0.001965,0.05
2022-09-28,272.56,0.001401,0.05
2022-09-29,272.2,0.000964,0.05
2022-09-30,272.6,0.002407,0.05
2022-10-01,272.59,0.001197,0.05
2022-10-02,272.91,0.001734,0.05
2022-10-03,273.63,0.003447,0.05
2022-10-04,273.32,0.023126,0.05
2022-10-05,272.93,0.016092,0.05
2022-10-06,272.17,0.008802,0.05
2022-10-07,272.15,0.002395,0.05
2022-10-08,272.23,0.00314,0.05
2022-10-09,271.83,0.002035,0.05
2022-10-10,272.41,0.003675,0.05
2022-10-11,272.34,0.011027,0.05
2022-10-12,271.38,0.009197,0.05
2022-10-13,269.98,0.002009,0.05
2022-10-14,268.82,0.00087,0.05
2022-10-15,268.6,0.000112,0.05
2022-10-16,267.75,9.3e-05,0.05
2022-10-17,267.21,0.001245,0.05
2022-10-18,265.89,0.001231,0.05
2022-10-19,264.63,0.001514,0.05
2022-10-20,265.19,0.001224,0.05
2022-10-21,264.94,0.000167,0.05
2022-10-22,264.05,6.7e-05,0.05
2022-10-23,263.68,0.000155,0.05
2022-10-24,265.68,5.9e-05,0.05
2022-10-25,267.99,0.000406,0.05
2022-10-26,266.3,0.001107,0.05
2022-10-27,267.82,0.000564,0.05
2022-10-28,266.31,0.000521,0.05
2022-10-29,266.31,0.000234,0.05
2022-10-30,267.29,0.000149,0.05
2022-10-31,267.51,8.3e-05,0.05
2022-11-01,265.81,0.000356,0.05
2022-11-02,264.15,0.000594,0.05
2022-11-03,264.43,8.1e-05,0.05
2022-11-04,264.87,0.000285,0.05
2022-11-05,265.31,0.001015,0.05
2022-11-06,264.64,0.001103,0.05
2022-11-07,265.43,0.000201,0.05
2022-11-08,265.09,0.000553,0.05
2022-11-09,264.55,0.001495,0.05
2022-11-10,264.01,0.000696,0.05
2022-11-11,262.57,0.00072,0.05
2022-11-12,262.36,0.000341,0.05
2022-11-13,263.62,0.000106,0.05
2022-11-14,263.87,0.000349,0.05
2022-11-15,263.41,0.000383,0.05
2022-11-16,263.24,0.000405,0.05
2022-11-17,262.52,0.000374,0.05
2022-11-18,264.0,3.2e-05,0.05
2022-11-19,265.43,6.8e-05,0.05
2022-11-20,264.72,0.000343,0.05
2022-11-21,265.14,3.7e-05,0.05
2022-11-22,265.81,0.00027,0.05
2022-11-23,266.49,0.000206,0.05
2022-11-24,265.4,3e-06,0.05
2022-11-25,266.1,5e-06,0.05
2022-11-26,266.82,2.1e-05,0.05
2022-11-27,266.69,4.5e-05,0.05
2022-11-28,265.45,8.4e-05,0.05
2022-11-29,264.95,8.6e-05,0.05
2022-11-30,264.41,0.00011,0.05
2022-12-01,263.49,3e-06,0.05
2022-12-02,264.71,3.1e-05,0.05
2022-12-03,263.48,0.000193,0.05
2022-12-04,263.72,6.8e-05,0.05
2022-12-05,262.92,0.000158,0.05
2022-12-06,262.81,7e-06,0.05
2022-12-07,262.67,2.1e-05,0.05
2022-12-08,262.44,2e-06,0.05
2022-12-09,263.04,3e-06,0.05
2022-12-10,262.98,2e-06,0.05
2022-12-11,264.61,1e-06,0.05
2022-12-12,266.08,2.5e-05,0.05
2022-12-13,265.19,1.3e-05,0.05
2022-12-14,265.18,5.1e-05,0.05
2022-12-15,264.64,5e-06,0.05
2022-12-16,263.58,4.1e-05,0.05
2022-12-17,262.94,1.8e-05,0.05
2022-12-18,262.95,4.5e-05,0.05
2022-12-19,263.94,0.000107,0.05
2022-12-20,266.1,5.1e-05,0.05
2022-12-21,263.94,7.6e-05,0.05
2022-12-22,260.84,9.2e-05,0.05
2022-12-23,261.48,0.000124,0.05
2022-12-24,259.51,0.001203,0.05
2022-12-25,259.46,0.000585,0.05
2022-12-26,257.23,0.001851,0.05
2022-12-27,257.91,4.4e-05,0.05
2022-12-28,260.82,1.4e-05,0.05
2022-12-29,262.72,4.2e-05,0.05
2022-12-30,261.71,0.002173,0.05
2022-12-31,260.69,0.000296,0.05
2023-01-01,260.42,0.000299,0.05
2023-01-02,258.92,0.000118,0.05
2023-01-03,259.24,0.000435,0.05
2023-01-04,257.85,0.001175,0.05
2023-01-05,257.66,8.6e-05,0.05
2023-01-06,257.89,0.000158,0.05
2023-01-07,260.14,2e-06,0.05
2023-01-08,260.28,0.0,0.05
2023-01-09,260.66,1e-06,0.05
2023-01-10,259.01,0.000407,0.05
2023-01-11,260.12,5e-05,0.05
2023-01-12,258.78,0.000836,0.05
2023-01-13,259.58,0.0003,0.05
2023-01-14,260.36,0.00019,0.05
2023-01-15,259.35,0.000251,0.05
2023-01-16,257.8,0.000656,0.05
2023-01-17,255.75,0.000914,0.05
2023-01-18,258.43,9.8e-05,0.05
2023-01-19,258.6,0.000156,0.05
2023-01-20,258.37,0.00038,0.05
2023-01-21,259.36,0.000374,0.05
2023-01-22,260.3,0.000317,0.05
2023-01-23,261.07,0.000108,0.05
2023-01-24,261.65,0.000401,0.05
2023-01-25,262.53,0.000434,0.05
2023-01-26,263.64,0.000251,0.05
2023-01-27,265.25,0.000193,0.05
2023-01-28,265.83,0.000104,0.05
2023-01-29,264.43,0.000174,0.05
2023-01-30,263.86,0.001282,0.05
2023-01-31,261.94,0.002084,0.05
2023-02-01,259.73,0.000969,0.05
2023-02-02,259.4,0.000135,0.05
2023-02-03,260.05,0.000474,0.05
2023-02-04,260.98,0.000632,0.05
2023-02-05,262.46,0.000674,0.05
2023-02-06,261.24,0.001396,0.05
2023-02-07,259.46,0.001293,0.05
2023-02-08,261.24,0.000345,0.05
2023-02-09,263.13,0.000278,0.05
2023-02-10,263.31,0.000164,0.05
2023-02-11,262.65,0.000362,0.05
2023-02-12,261.29,0.001036,0.05
2023-02-13,263.26,0.000106,0.05
2023-02-14,264.77,1.4e-05,0.05
2023-02-15,263.25,0.00079,0.05
2023-02-16,263.01,0.0045,0.05
2023-02-17,265.55,0.000713,0.05
2023-02-18,266.56,0.000154,0.05
2023-02-19,266.67,0.000606,0.05
2023-02-20,266.5,0.000464,0.05
2023-02-21,263.81,0.001124,0.05
2023-02-22,261.76,0.00049,0.05
2023-02-23,260.82,0.000829,0.05
2023-02-24,262.04,0.000388,0.05
2023-02-25,261.64,0.001574,0.05
2023-02-26,259.79,0.002955,0.05
2023-02-27,259.65,0.002243,0.05
2023-02-28,260.62,0.000245,0.05
2023-03-01,261.08,0.000572,0.05
2023-03-02,261.87,0.000349,0.05
2023-03-03,262.78,0.001018,0.05
2023-03-04,262.89,0.000664,0.05
2023-03-05,262.83,0.000868,0.05
2023-03-06,262.07,0.000739,0.05
2023-03-07,263.03,0.000622,0.05
2023-03-08,262.01,0.010932,0.05
2023-03-09,260.13,0.000278,0.05
2023-03-10,260.83,0.000905,0.05
2023-03-11,260.74,0.00013,0.05
2023-03-12,262.14,0.000808,0.05
2023-03-13,262.25,0.000294,0.05
2023-03-14,261.82,0.000769,0.05
2023-03-15,261.32,0.000651,0.05
2023-03-16,262.56,0.000726,0.05
2023-03-17,262.87,0.003281,0.05
2023-03-18,263.12,0.00397,0.05
2023-03-19,263.2,0.003843,0.05
2023-03-20,263.51,0.010179,0.05
2023-03-21,261.17,0.005033,0.05
2023-03-22,259.6,0.000225,0.05
2023-03-23,260.37,9.1e-05,0.05
2023-03-24,261.82,0.000284,0.05
2023-03-25,262.75,0.000253,0.05
2023-03-26,261.24,0.000647,0.05
2023-03-27,260.42,0.001006,0.05
2023-03-28,261.37,0.000607,0.05
2023-03-29,262.24,0.000825,0.05
2023-03-30,262.8,0.001065,0.05
2023-03-31,263.98,0.005927,0.05
2023-04-01,262.41,0.008026,0.05
2023-04-02,260.61,0.001063,0.05
2023-04-03,262.08,0.000254,0.05
2023-04-04,262.63,0.002261,0.05
2023-04-05,262.01,0.000313,0.05
2023-04-06,262.54,0.000118,0.05
2023-04-07,263.46,0.000307,0.05
2023-04-08,264.29,0.000478,0.05
2023-04-09,263.63,0.001885,0.05
2023-04-10,263.49,0.001401,0.05
2023-04-11,264.74,0.000588,0.05
2023-04-12,265.34,0.000713,0.05
2023-04-13,265.98,0.000901,0.05
2023-04-14,267.05,0.00065,0.05
2023-04-15,267.75,0.000711,0.05
2023-04-16,266.9,0.002822,0.05
2023-04-17,267.45,0.001727,0.05
2023-04-18,267.81,0.00201,0.05
2023-04-19,266.99,0.001146,0.05
2023-04-20,266.49,0.000886,0.05
2023-04-21,265.28,0.001691,0.05
2023-04-22,263.75,0.002941,0.05
2023-04-23,263.46,0.002133,0.05
2023-04-24,263.78,0.004611,0.05
2023-04-25,263.23,0.004687,0.05
2023-04-26,265.18,0.000346,0.05
2023-04-27,265.58,0.001403,0.05
2023-04-28,266.0,0.001047,0.05
2023-04-29,266.69,0.001536,0.05
2023-04-30,267.47,0.008442,0.05
2023-05-01,266.28,0.010812,0.05
2023-05-02,264.75,0.004269,0.05
2023-05-03,266.5,0.005054,0.05
2023-05-04,265.52,0.005643,0.05
2023-05-05,266.0,0.000383,0.05
2023-05-06,266.67,0.001296,0.05
2023-05-07,266.87,0.001811,0.05
2023-05-08,266.22,0.003848,0.05
2023-05-09,265.79,0.001111,0.05
2023-05-10,265.53,0.004282,0.05
2023-05-11,265.98,0.007511,0.05
2023-05-12,266.33,0.001517,0.05
2023-05-13,267.73,0.00104,0.05
2023-05-14,268.81,0.007285,0.05
2023-05-15,268.02,0.003115,0.05
2023-05-16,268.01,0.002349,0.05
2023-05-17,269.3,0.004721,0.05
2023-05-18,269.91,0.002433,0.05
2023-05-19,268.6,0.00162,0.05
2023-05-20,268.53,0.002894,0.05
2023-05-21,268.72,0.002997,0.05
2023-05-22,270.08,0.001581,0.05
2023-05-23,269.41,0.004315,0.05
2023-05-24,271.37,0.006167,0.05
2023-05-25,270.83,0.007679,0.05
2023-05-26,269.64,0.009098,0.05
2023-05-27,269.64,0.005825,0.05
2023-05-28,269.82,0.001203,0.05
2023-05-29,271.65,0.001332,0.05
2023-05-30,271.87,0.000561,0.05
2023-05-31,272.09,0.000884,0.05
2023-06-01,272.33,0.003471,0.05
2023-06-02,271.65,0.00349,0.05
2023-06-03,270.19,0.002708,0.05
2023-06-04,272.16,0.001043,0.05
2023-06-05,271.74,0.004155,0.05
2023-06-06,271.01,0.003911,0.05
2023-06-07,271.88,0.002591,0.05
2023-06-08,272.23,0.002107,0.05
2023-06-09,273.31,0.001402,0.05
2023-06-10,273.79,0.002282,0.05
2023-06-11,274.4,0.005665,0.05
2023-06-12,274.96,0.013391,0.05
2023-06-13,275.01,0.012575,0.05
2023-06-14,274.98,0.027048,0.05
2023-06-15,273.57,0.007311,0.05
2023-06-16,274.14,0.001574,0.05
2023-06-17,274.34,0.000801,0.05
2023-06-18,274.95,0.002475,0.05
2023-06-19,274.54,0.009196,0.05
2023-06-20,274.91,0.006805,0.05
2023-06-21,275.81,0.008058,0.05
2023-06-22,275.86,0.014637,0.05
2023-06-23,276.76,0.010931,0.05
2023-06-24,276.34,0.005192,0.05
2023-06-25,275.78,0.010478,0.05
2023-06-26,275.34,0.00322,0.05
2023-06-27,275.17,0.006359,0.05
2023-06-28,275.56,0.007788,0.05
2023-06-29,275.47,0.008894,0.05
2023-06-30,275.1,0.009894,0.05
2023-07-01,275.45,0.009847,0.05
2023-07-02,275.72,0.007845,0.05
2023-07-03,275.76,0.017782,0.05
2023-07-04,275.47,0.016599,0.05
2023-07-05,275.11,0.010202,0.05
2023-07-06,275.92,0.00719,0.05
2023-07-07,276.28,0.007745,0.05
2023-07-08,276.83,0.009878,0.05
2023-07-09,277.2,0.007873,0.05
2023-07-10,276.78,0.00721,0.05
2023-07-11,276.68,0.010702,0.05
2023-07-12,276.42,0.026336,0.05
2023-07-13,276.72,0.014497,0.05
2023-07-14,276.55,0.011733,0.05
2023-07-15,277.04,0.007792,0.05
2023-07-16,276.85,0.011462,0.05
2023-07-17,276.48,0.019027,0.05
2023-07-18,275.21,0.018256,0.05
2023-07-19,275.77,0.008661,0.05
2023-07-20,276.84,0.009213,0.05
2023-07-21,276.7,0.00829,0.05
2023-07-22,275.99,0.005526,0.05
2023-07-23,275.69,0.014874,0.05
2023-07-24,275.15,0.017666,0.05
2023-07-25,275.55,0.020382,0.05
2023-07-26,276.01,0.009008,0.05
2023-07-27,275.96,0.009429,0.05
2023-07-28,276.78,0.013183,0.05
2023-07-29,276.47,0.016011,0.05
2023-07-30,276.57,0.006201,0.05
2023-07-31,276.97,0.008877,0.05
2023-08-01,277.14,0.006851,0.05
2023-08-02,277.14,0.004414,0.05
2023-08-03,276.78,0.003776,0.05
2023-08-04,276.52,0.01426,0.05
2023-08-05,276.54,0.022439,0.05
2023-08-06,276.63,0.010073,0.05
2023-08-07,276.75,0.012065,0.05
2023-08-08,276.32,0.010803,0.05
2023-08-09,276.92,0.009571,0.05
2023-08-10,276.74,0.006682,0.05
2023-08-11,277.22,0.007668,0.05
2023-08-12,277.33,0.019201,0.05
2023-08-13,276.29,0.038393,0.05
2023-08-14,276.07,0.005718,0.05
2023-08-15,276.57,0.005523,0.05
2023-08-16,276.95,0.008742,0.05
2023-08-17,276.47,0.01515,0.05
2023-08-18,276.71,0.003874,0.05
2023-08-19,276.97,0.007201,0.05
2023-08-20,276.99,0.018141,0.05
2023-08-21,276.52,0.010406,0.05
2023-08-22,276.77,0.006844,0.05
2023-08-23,276.16,0.015532,0.05
2023-08-24,275.67,0.04878,0.05
2023-08-25,274.98,0.052887,0.05
2023-08-26,275.04,0.018038,0.05
2023-08-27,275.48,0.014048,0.05
2023-08-28,274.72,0.023659,0.05
2023-08-29,275.16,0.003696,0.05
2023-08-30,276.02,0.00228,0.05
2023-08-31,275.93,0.004203,0.05
2023-09-01,276.07,0.004355,0.05
2023-09-02,275.65,0.001936,0.05
2023-09-03,275.05,0.005693,0.05
2023-09-04,274.26,0.001988,0.05
2023-09-05,273.73,0.001979,0.05
2023-09-06,274.12,0.000574,0.05
2023-09-07,275.07,0.001106,0.05
2023-09-08,275.41,0.00721,0.05
2023-09-09,274.89,0.005428,0.05
2023-09-10,275.42,0.006933,0.05
2023-09-11,275.97,0.005775,0.05
2023-09-12,275.59,0.009776,0.05
2023-09-13,275.47,0.003444,0.05
2023-09-14,275.55,0.001384,0.05
2023-09-15,274.71,0.001016,0.05
2023-09-16,274.12,0.000278,0.05
2023-09-17,274.24,0.002773,0.05
2023-09-18,274.17,0.004127,0.05
2023-09-19,274.44,0.005296,0.05
2023-09-20,275.17,0.008144,0.05
2023-09-21,275.01,0.019802,0.05
2023-09-22,274.23,0.016927,0.05
2023-09-23,273.04,0.016958,0.05
2023-09-24,273.17,0.003523,0.05
2023-09-25,273.01,0.003008,0.05
2023-09-26,273.37,0.001549,0.05
2023-09-27,273.28,0.00088,0.05
2023-09-28,273.48,0.000897,0.05
2023-09-29,273.45,0.001667,0.05
2023-09-30,273.67,0.003376,0.05
2023-10-01,274.45,0.007592,0.05
2023-10-02,274.22,0.010984,0.05
2023-10-03,274.04,0.007093,0.05
2023-10-04,273.9,0.015226,0.05
2023-10-05,273.37,0.003356,0.05
2023-10-06,272.19,0.00289,0.05
2023-10-07,272.47,0.003902,0.05
2023-10-08,272.5,0.003474,0.05
2023-10-09,272.74,0.000699,0.05
2023-10-10,270.98,0.001818,0.05
2023-10-11,269.81,0.002136,0.05
2023-10-12,269.46,0.001805,0.05
2023-10-13,269.19,0.002082,0.05
2023-10-14,269.03,0.000877,0.05
2023-10-15,268.37,0.000625,0.05
2023-10-16,268.04,0.001176,0.05
2023-10-17,266.66,0.004736,0.05
2023-10-18,265.39,0.001941,0.05
2023-10-19,265.39,0.0009,0.05
2023-10-20,266.11,0.000934,0.05
2023-10-21,266.72,0.001327,0.05
2023-10-22,266.59,0.000736,0.05
2023-10-23,265.24,0.001026,0.05
2023-10-24,264.96,0.000624,0.05
2023-10-25,265.29,0.000716,0.05
2023-10-26,265.73,0.001165,0.05
2023-10-27,265.78,0.001216,0.05
2023-10-28,267.23,0.00028,0.05
2023-10-29,267.62,0.000814,0.05
2023-10-30,266.12,0.000849,0.05
2023-10-31,266.58,0.000528,0.05
2023-11-01,265.56,0.000559,0.05
2023-11-02,264.56,0.000855,0.05
2023-11-03,263.7,0.001315,0.05
2023-11-04,263.24,0.001061,0.05
2023-11-05,264.01,0.000624,0.05
2023-11-06,264.63,0.001008,0.05
2023-11-07,264.33,0.000686,0.05
2023-11-08,264.0,0.000754,0.05
2023-11-09,264.98,0.000253,0.05
2023-11-10,264.65,0.00065,0.05
2023-11-11,263.39,0.00074,0.05
2023-11-12,264.15,0.000153,0.05
2023-11-13,265.36,0.000103,0.05
2023-11-14,266.53,0.000113,0.05
2023-11-15,266.4,0.000263,0.05
2023-11-16,266.38,9.5e-05,0.05
2023-11-17,265.01,0.000468,0.05
2023-11-18,266.28,9.6e-05,0.05
2023-11-19,267.42,0.000555,0.05
2023-11-20,265.71,0.000948,0.05
2023-11-21,263.6,0.000642,0.05
2023-11-22,263.3,0.000395,0.05
2023-11-23,263.39,0.001745,0.05
2023-11-24,262.82,0.000881,0.05
2023-11-25,264.11,5e-06,0.05
2023-11-26,265.71,4e-06,0.05
2023-11-27,266.35,0.000281,0.05
2023-11-28,263.65,0.003645,0.05
2023-11-29,261.44,0.001253,0.05
2023-11-30,261.64,0.000661,0.05
2023-12-01,261.7,0.000473,0.05
2023-12-02,260.63,0.000179,0.05
2023-12-03,261.3,7.6e-05,0.05
2023-12-04,263.3,0.001301,0.05
2023-12-05,263.89,0.000384,0.05
2023-12-06,264.65,0.00022,0.05
2023-12-07,263.24,0.00353,0.05
2023-12-08,261.14,0.00017,0.05
2023-12-09,262.02,0.000312,0.05
2023-12-10,261.8,0.000191,0.05
2023-12-11,261.0,0.001365,0.05
2023-12-12,259.15,0.00607,0.05
2023-12-13,256.43,0.001731,0.05
2023-12-14,261.62,1.4e-05,0.05
2023-12-15,265.12,2e-06,0.05
2023-12-16,264.49,0.000181,0.05
2023-12-17,261.3,0.000457,0.05
2023-12-18,261.0,0.000222,0.05
2023-12-19,262.76,3e-06,0.05
2023-12-20,263.16,0.0,0.05
2023-12-21,263.36,0.0,0.05
2023-12-22,265.46,3e-06,0.05
2023-12-23,263.8,0.000295,0.05
2023-12-24,260.29,0.000601,0.05
2023-12-25,260.99,8e-06,0.05
2023-12-26,262.4,3e-06,0.05
2023-12-27,261.75,0.000152,0.05
2023-12-28,260.58,0.000176,0.05
2023-12-29,259.22,1.4e-05,0.05
2023-12-30,259.28,1.3e-05,0.05
2023-12-31,258.39,2.1e-05,0.05
2024-01-01,257.29,0.000146,0.05
2024-01-02,257.08,7.5e-05,0.05
2024-01-03,256.88,0.000222,0.05
2024-01-04,257.09,0.000211,0.05
2024-01-05,257.65,0.000154,0.05
2024-01-06,257.22,7.5e-05,0.05
2024-01-07,258.57,0.000107,0.05
2024-01-08,260.09,3.8e-05,0.05
2024-01-09,260.89,0.000138,0.05
2024-01-10,261.02,3.1e-05,0.05
2024-01-11,260.48,1e-06,0.05
2024-01-12,260.7,0.0,0.05
2024-01-13,262.55,1.1e-05,0.05
2024-01-14,260.94,6.3e-05,0.05
2024-01-15,259.33,0.001355,0.05
2024-01-16,258.87,0.003044,0.05
2024-01-17,256.74,0.000553,0.05
2024-01-18,256.66,0.000287,0.05
2024-01-19,259.01,5.8e-05,0.05
2024-01-20,258.43,0.000326,0.05
2024-01-21,257.76,2.7e-05,0.05
2024-01-22,261.01,0.000124,0.05
2024-01-23,257.95,0.001265,0.05
2024-01-24,256.37,0.001577,0.05
2024-01-25,256.21,0.000993,0.05
2024-01-26,255.89,0.001269,0.05
2024-01-27,257.48,0.000593,0.05
2024-01-28,258.99,7.3e-05,0.05
2024-01-29,258.63,0.001069,0.05
2024-01-30,258.46,0.001068,0.05
2024-01-31,258.45,0.000889,0.05
2024-02-01,257.78,0.00216,0.05
2024-02-02,256.94,0.000797,0.05
2024-02-03,258.74,2.1e-05,0.05
2024-02-04,259.72,0.00135,0.05
2024-02-05,258.75,0.0017,0.05
2024-02-06,258.34,0.000601,0.05
2024-02-07,259.62,0.000772,0.05
2024-02-08,260.0,0.000381,0.05
2024-02-09,259.22,0.00071,0.05
2024-02-10,258.82,0.000124,0.05
2024-02-11,257.95,0.000133,0.05
2024-02-12,259.56,0.00012,0.05
2024-02-13,260.54,0.001305,0.05
2024-02-14,260.66,0.004632,0.05
2024-02-15,259.45,0.000872,0.05
2024-02-16,260.53,0.000248,0.05
2024-02-17,262.44,0.000533,0.05
2024-02-18,263.28,0.001796,0.05
2024-02-19,262.08,0.000802,0.05
2024-02-20,259.59,0.000585,0.05
2024-02-21,258.51,0.003061,0.05
2024-02-22,257.37,0.00711,0.05
2024-02-23,255.37,0.002838,0.05
2024-02-24,254.94,0.002137,0.05
2024-02-25,258.17,0.000619,0.05
2024-02-26,262.35,0.000221,0.05
2024-02-27,261.41,0.000668,0.05
2024-02-28,260.95,0.001613,0.05
2024-02-29,262.44,0.000223,0.05
2024-03-01,264.65,9.9e-05,0.05
2024-03-02,263.56,0.001308,0.05
2024-03-03,262.63,0.00958,0.05
2024-03-04,258.65,0.000738,0.05
2024-03-05,258.94,0.000138,0.05
2024-03-06,258.94,0.000698,0.05
2024-03-07,258.68,0.000389,0.05
2024-03-08,260.12,0.00032,0.05
2024-03-09,261.47,0.000501,0.05
2024-03-10,264.94,8.5e-05,0.05
2024-03-11,264.06,0.001733,0.05
2024-03-12,263.18,0.000884,0.05
2024-03-13,262.33,0.00126,0.05
2024-03-14,261.58,0.000571,0.05
2024-03-15,262.1,0.001132,0.05
2024-03-16,261.65,0.000535,0.05
2024-03-17,261.84,0.001003,0.05
2024-03-18,261.52,0.00186,0.05
2024-03-19,261.7,0.002074,0.05
2024-03-20,263.06,0.013925,0.05
2024-03-21,263.24,0.006205,0.05
2024-03-22,263.61,0.001054,0.05
2024-03-23,261.52,0.00186,0.05
2024-03-24,263.33,0.000228,0.05
2024-03-25,261.88,0.000157,0.05
2024-03-26,262.62,0.000205,0.05
2024-03-27,265.36,0.001193,0.05
2024-03-28,267.56,0.003374,0.05
2024-03-29,268.35,0.002372,0.05
2024-03-30,267.12,0.000491,0.05
2024-03-31,264.94,0.000955,0.05
2024-04-01,266.2,0.000683,0.05
2024-04-02,266.89,0.001843,0.05
2024-04-03,266.47,0.001922,0.05
2024-04-04,266.46,0.002113,0.05
2024-04-05,266.2,0.003332,0.05
2024-04-06,265.13,0.00291,0.05
2024-04-07,264.78,0.003122,0.05
2024-04-08,263.73,0.005236,0.05
2024-04-09,262.64,0.001683,0.05
2024-04-10,262.63,0.001419,0.05
2024-04-11,263.73,0.00191,0.05
2024-04-12,265.58,0.001424,0.05
2024-04-13,266.71,0.001893,0.05
2024-04-14,267.57,0.001574,0.05
2024-04-15,270.18,0.00294,0.05
2024-04-16,268.93,0.004239,0.05
2024-04-17,269.87,0.000823,0.05
2024-04-18,270.17,0.003964,0.05
2024-04-19,269.65,0.001794,0.05
2024-04-20,268.48,0.001269,0.05
2024-04-21,268.46,0.000841,0.05
2024-04-22,267.91,0.002459,0.05
2024-04-23,266.53,0.002857,0.05
2024-04-24,266.44,0.00435,0.05
2024-04-25,267.26,0.002995,0.05
2024-04-26,267.61,0.001039,0.05
2024-04-27,268.08,0.001052,0.05
2024-04-28,268.4,0.001288,0.05
2024-04-29,268.88,0.003304,0.05
2024-04-30,268.46,0.001224,0.05
2024-05-01,266.05,0.005276,0.05
2024-05-02,264.91,0.00431,0.05
2024-05-03,269.32,0.001005,0.05
2024-05-04,269.33,0.002804,0.05
2024-05-05,268.24,0.005828,0.05
2024-05-06,268.83,0.005681,0.05
2024-05-07,268.62,0.009293,0.05
2024-05-08,268.7,0.007004,0.05
2024-05-09,268.77,0.00582,0.05
2024-05-10,268.45,0.004451,0.05
2024-05-11,270.8,0.009086,0.05
2024-05-12,268.85,0.018494,0.05
2024-05-13,269.97,0.001651,0.05
2024-05-14,270.8,0.000669,0.05
2024-05-15,270.87,0.003994,0.05
2024-05-16,271.38,0.003582,0.05
2024-05-17,272.43,0.002215,0.05
2024-05-18,272.27,0.003181,0.05
2024-05-19,272.18,0.006972,0.05
2024-05-20,272.52,0.006345,0.05
2024-05-21,272.81,0.005214,0.05
2024-05-22,272.97,0.00639,0.05
2024-05-23,273.19,0.005121,0.05
2024-05-24,274.02,0.004936,0.05
2024-05-25,275.1,0.008328,0.05
2024-05-26,275.24,0.012462,0.05
2024-05-27,275.73,0.019014,0.05
2024-05-28,275.52,0.025115,0.05
2024-05-29,274.04,0.006846,0.05
2024-05-30,273.99,0.004445,0.05
2024-05-31,274.11,0.003141,0.05
2024-06-01,273.55,0.003034,0.05
2024-06-02,273.56,0.006899,0.05
2024-06-03,273.15,0.006693,0.05
2024-06-04,273.03,0.004796,0.05
2024-06-05,273.51,0.002625,0.05
2024-06-06,274.47,0.006843,0.05
2024-06-07,274.8,0.006124,0.05
2024-06-08,275.16,0.003585,0.05
2024-06-09,276.1,0.002224,0.05
2024-06-10,276.64,0.001805,0.05
2024-06-11,276.43,0.006943,0.05
2024-06-12,275.92,0.006251,0.05
2024-06-13,276.48,0.002184,0.05
2024-06-14,276.5,0.002313,0.05
2024-06-15,276.56,0.00325,0.05
2024-06-16,277.02,0.008359,0.05
2024-06-17,277.44,0.007542,0.05
2024-06-18,277.45,0.014935,0.05
2024-06-19,276.42,0.059207,0.05
2024-06-20,276.01,0.015121,0.05
2024-06-21,276.05,0.012055,0.05
2024-06-22,276.15,0.005971,0.05
2024-06-23,276.99,0.006698,0.05
2024-06-24,277.7,0.009686,0.05
2024-06-25,277.79,0.018414,0.05
2024-06-26,275.58,0.047468,0.05
2024-06-27,276.11,0.007973,0.05
2024-06-28,276.77,0.01988,0.05
2024-06-29,276.77,0.021646,0.05
2024-06-30,277.18,0.034559,0.05
2024-07-01,277.68,0.01996,0.05
2024-07-02,276.91,0.014739,0.05
2024-07-03,276.89,0.02172,0.05
2024-07-04,276.8,0.014485,0.05
2024-07-05,276.39,0.030563,0.05
2024-07-06,275.29,0.060144,0.05
2024-07-07,275.88,0.008291,0.05
2024-07-08,276.64,0.005434,0.05
2024-07-09,277.41,0.012287,0.05
2024-07-10,277.38,0.012758,0.05
2024-07-11,277.3,0.072137,0.05
2024-07-12,275.49,0.038856,0.05
2024-07-13,276.29,0.00712,0.05
2024-07-14,277.12,0.014517,0.05
2024-07-15,277.63,0.005873,0.05
2024-07-16,277.22,0.014533,0.05
2024-07-17,276.95,0.01375,0.05
2024-07-18,277.73,0.029276,0.05
2024-07-19,277.22,0.020535,0.05
2024-07-20,277.74,0.008765,0.05
2024-07-21,277.29,0.019748,0.05
2024-07-22,277.5,0.008756,0.05
2024-07-23,277.23,0.011483,0.05
2024-07-24,277.71,0.007919,0.05
2024-07-25,278.07,0.009788,0.05
2024-07-26,277.93,0.006607,0.05
2024-07-27,278.2,0.005631,0.05
2024-07-28,278.45,0.011575,0.05
2024-07-29,277.93,0.01306,0.05
2024-07-30,277.94,0.01752,0.05
2024-07-31,276.93,0.012561,0.05
2024-08-01,277.01,0.00666,0.05
2024-08-02,276.93,0.02331,0.05
2024-08-03,276.39,0.014646,0.05
2024-08-04,276.59,0.004786,0.05
2024-08-05,276.9,0.019203,0.05
2024-08-06,275.27,0.046871,0.05
2024-08-07,275.87,0.012569,0.05
2024-08-08,275.9,0.011753,0.05
2024-08-09,276.06,0.010453,0.05
2024-08-10,275.71,0.012811,0.05
2024-08-11,275.12,0.021368,0.05
2024-08-12,276.53,0.008312,0.05
2024-08-13,276.24,0.014093,0.05
2024-08-14,276.41,0.00966,0.05
2024-08-15,276.54,0.015019,0.05
2024-08-16,276.5,0.004662,0.05
2024-08-17,276.67,0.008061,0.05
2024-08-18,276.42,0.013386,0.05
2024-08-19,275.97,0.010976,0.05
2024-08-20,275.96,0.014059,0.05
2024-08-21,275.91,0.009318,0.05
2024-08-22,276.11,0.006512,0.05
2024-08-23,275.84,0.007046,0.05
2024-08-24,275.61,0.003581,0.05
2024-08-25,275.55,0.003449,0.05
2024-08-26,275.1,0.004775,0.05
2024-08-27,275.3,0.005159,0.05
2024-08-28,275.12,0.004557,0.05
2024-08-29,274.78,0.004193,0.05
2024-08-30,275.34,0.001652,0.05
2024-08-31,276.77,0.004396,0.05
2024-09-01,275.79,0.027657,0.05
2024-09-02,275.65,0.005498,0.05
2024-09-03,275.63,0.006126,0.05
2024-09-04,275.83,0.013251,0.05
2024-09-05,275.53,0.016782,0.05
2024-09-06,275.69,0.006735,0.05
2024-09-07,276.08,0.005122,0.05
2024-09-08,276.16,0.003353,0.05
2024-09-09,276.13,0.005087,0.05
2024-09-10,275.86,0.00261,0.05
2024-09-11,275.68,0.004885,0.05
2024-09-12,275.27,0.007994,0.05
2024-09-13,275.11,0.005852,0.05
2024-09-14,274.99,0.005963,0.05
2024-09-15,274.72,0.009676,0.05
2024-09-16,273.85,0.007075,0.05
2024-09-17,274.07,0.000555,0.05
2024-09-18,274.63,0.001049,0.05
2024-09-19,275.62,0.002988,0.05
2024-09-20,275.99,0.008994,0.05
2024-09-21,275.36,0.003744,0.05
2024-09-22,274.79,0.001016,0.05
2024-09-23,275.36,0.001894,0.05
2024-09-24,275.26,0.015319,0.05
2024-09-25,274.57,0.016039,0.05
2024-09-26,273.93,0.058368,0.05
2024-09-27,273.65,0.051811,0.05
2024-09-28,273.16,0.026757,0.05
2024-09-29,273.46,0.003723,0.05
2024-09-30,273.97,0.00053,0.05
2024-10-01,274.68,0.001185,0.05
2024-10-02,274.27,0.009269,0.05
2024-10-03,273.29,0.027992,0.05
2024-10-04,272.91,0.006337,0.05
2024-10-05,272.85,0.013875,0.05
2024-10-06,272.25,0.002945,0.05
2024-10-07,270.93,0.000888,0.05
2024-10-08,271.14,0.000394,0.05
2024-10-09,271.13,0.000828,0.05
2024-10-10,270.68,0.001507,0.05
2024-10-11,270.06,0.000583,0.05
2024-10-12,269.57,0.000885,0.05
2024-10-13,269.38,0.000654,0.05
2024-10-14,269.83,0.001421,0.05
2024-10-15,269.52,0.001724,0.05
2024-10-16,269.87,0.002653,0.05
2024-10-17,269.24,0.00187,0.05
2024-10-18,267.56,0.00203,0.05
2024-10-19,266.79,0.000399,0.05
2024-10-20,266.63,0.000876,0.05
2024-10-21,266.81,0.002058,0.05
2024-10-22,266.66,0.000243,0.05
2024-10-23,267.06,0.001735,0.05
2024-10-24,269.3,0.000245,0.05
2024-10-25,270.3,0.001744,0.05
2024-10-26,269.77,0.000212,0.05
2024-10-27,270.5,0.001182,0.05
2024-10-28,270.95,0.00022,0.05
2024-10-29,270.4,0.000281,0.05
2024-10-30,271.43,0.001421,0.05
