date,temperature_2m_k,total_precip_m_day,snow_depth_m_we
2016-01-01,264.16,3.5e-05,0.05
2016-01-02,261.47,0.000676,0.05
2016-01-03,260.99,0.004654,0.05
2016-01-04,263.38,1.3e-05,0.05
2016-01-05,261.63,0.001314,0.05
2016-01-06,264.2,4.8e-05,0.05
2016-01-07,264.13,0.000447,0.05
2016-01-08,260.89,0.005608,0.05
2016-01-09,260.89,0.004832,0.05
2016-01-10,263.52,0.000465,0.05
2016-01-11,265.26,0.0,0.05
2016-01-12,265.12,1.6e-05,0.05
2016-01-13,261.97,0.000263,0.05
2016-01-14,263.22,0.000747,0.05
2016-01-15,258.84,0.002228,0.05
2016-01-16,262.05,0.000275,0.05
2016-01-17,262.17,8.9e-05,0.05
2016-01-18,261.68,0.000528,0.05
2016-01-19,261.95,0.013538,0.05
2016-01-20,258.72,0.001697,0.05
2016-01-21,258.54,0.001134,0.05
2016-01-22,259.4,3.2e-05,0.05
2016-01-23,259.27,6.1e-05,0.05
2016-01-24,260.17,0.000274,0.05
2016-01-25,257.91,0.001164,0.05
2016-01-26,259.39,0.011327,0.05
2016-01-27,259.8,0.008908,0.05
2016-01-28,262.84,0.002427,0.05
2016-01-29,264.11,0.00102,0.05
2016-01-30,263.75,0.002023,0.05
2016-01-31,265.9,0.003427,0.05
2016-02-01,263.59,0.001865,0.05
2016-02-02,265.68,0.000343,0.05
2016-02-03,266.38,2.6e-05,0.05
2016-02-04,269.19,1e-06,0.05
2016-02-05,270.47,0.0,0.05
2016-02-06,269.47,1e-06,0.05
2016-02-07,265.17,0.003184,0.05
2016-02-08,260.34,0.010845,0.05
2016-02-09,260.66,0.00266,0.05
2016-02-10,262.97,0.003128,0.05
2016-02-11,261.03,0.000994,0.05
2016-02-12,263.66,0.001205,0.05
2016-02-13,262.61,0.001953,0.05
2016-02-14,261.2,0.000218,0.05
2016-02-15,262.08,9e-06,0.05
2016-02-16,264.41,1.6e-05,0.05
2016-02-17,266.02,1e-06,0.05
2016-02-18,268.16,0.0,0.05
2016-02-19,270.44,0.000846,0.05
2016-02-20,269.32,0.007477,0.05
2016-02-21,266.15,0.000976,0.05
2016-02-22,267.36,0.002131,0.05
2016-02-23,266.06,0.002928,0.05
2016-02-24,263.68,0.00108,0.05
2016-02-25,263.94,0.000348,0.05
2016-02-26,263.12,0.002089,0.05
2016-02-27,262.77,0.003744,0.05
2016-02-28,263.23,0.003013,0.05
2016-02-29,264.27,0.002741,0.05
2016-03-01,263.61,0.002953,0.05
2016-03-02,265.0,0.003269,0.05
2016-03-03,263.15,0.003066,0.05
2016-03-04,264.73,0.002496,0.05
2016-03-05,265.49,0.001283,0.05
2016-03-06,264.44,0.000825,0.05
2016-03-07,264.08,0.000267,0.05
2016-03-08,264.54,0.000583,0.05
2016-03-09,264.59,0.000649,0.05
2016-03-10,265.52,0.000435,0.05
2016-03-11,267.11,0.0009,0.05
2016-03-12,267.75,0.003904,0.05
2016-03-13,266.66,0.010142,0.05
2016-03-14,265.16,0.006496,0.05
2016-03-15,264.72,0.001095,0.05
2016-03-16,264.32,0.000303,0.05
2016-03-17,266.55,0.00182,0.05
2016-03-18,266.83,0.005889,0.05
2016-03-19,267.05,0.002577,0.05
2016-03-20,267.09,0.002006,0.05
2016-03-21,265.94,0.003683,0.05
2016-03-22,263.45,0.001617,0.05
2016-03-23,266.8,0.00012,0.05
2016-03-24,269.1,0.00013,0.05
2016-03-25,271.61,0.00026,0.05
2016-03-26,271.71,0.001039,0.05
2016-03-27,270.16,0.006592,0.05
2016-03-28,264.48,0.014221,0.05
2016-03-29,267.7,0.000404,0.05
2016-03-30,267.71,0.003409,0.05
2016-03-31,266.16,0.004099,0.05
2016-04-01,268.58,0.005212,0.05
2016-04-02,271.83,0.00408,0.05
2016-04-03,272.12,0.005653,0.05
2016-04-04,271.92,0.001996,0.05
2016-04-05,269.99,0.002661,0.05
2016-04-06,270.31,0.000599,0.05
2016-04-07,269.64,0.001549,0.05
2016-04-08,268.36,0.000904,0.05
2016-04-09,268.29,0.00012,0.05
2016-04-10,270.54,0.001333,0.05
2016-04-11,270.02,0.001937,0.05
2016-04-12,269.49,0.00053,0.05
2016-04-13,269.32,0.003511,0.05
2016-04-14,268.4,0.009036,0.05
2016-04-15,270.48,0.005997,0.05
2016-04-16,269.4,0.005893,0.05
2016-04-17,271.59,0.003908,0.05
2016-04-18,271.21,0.003557,0.05
2016-04-19,271.21,0.003325,0.05
2016-04-20,271.78,0.004741,0.05
2016-04-21,271.58,0.004302,0.05
2016-04-22,271.26,0.004273,0.05
2016-04-23,269.34,0.003155,0.05
2016-04-24,268.74,0.00069,0.05
2016-04-25,268.89,0.000129,0.05
2016-04-26,270.02,0.000258,0.05
2016-04-27,269.68,0.000425,0.05
2016-04-28,268.48,0.000596,0.05
2016-04-29,268.55,0.000382,0.05
2016-04-30,268.77,5.6e-05,0.05
2016-05-01,269.82,0.000591,0.05
2016-05-02,270.75,0.000524,0.05
2016-05-03,271.04,0.000796,0.05
2016-05-04,270.67,0.003306,0.05
2016-05-05,270.29,0.002817,0.05
2016-05-06,270.77,0.004257,0.05
2016-05-07,270.51,0.002212,0.05
2016-05-08,271.82,0.006556,0.05
2016-05-09,273.28,0.004298,0.05
2016-05-10,273.16,0.002149,0.05
2016-05-11,273.5,0.001468,0.05
2016-05-12,273.21,0.00435,0.05
2016-05-13,273.37,0.0035,0.05
2016-05-14,274.1,0.005282,0.05
2016-05-15,273.83,0.001922,0.05
2016-05-16,273.8,0.006629,0.05
2016-05-17,272.94,0.004807,0.05
2016-05-18,274.25,0.002329,0.05
2016-05-19,274.73,0.004755,0.05
2016-05-20,274.34,0.00889,0.05
2016-05-21,274.45,0.00587,0.05
2016-05-22,275.83,0.002652,0.05
2016-05-23,275.05,0.000936,0.05
2016-05-24,274.37,0.007852,0.05
2016-05-25,272.65,0.003594,0.05
2016-05-26,272.45,0.003012,0.05
2016-05-27,274.24,0.002367,0.05
2016-05-28,273.76,0.01265,0.05
2016-05-29,273.01,0.005476,0.05
2016-05-30,273.67,0.002135,0.05
2016-05-31,272.84,0.003084,0.05
2016-06-01,274.7,0.002649,0.05
2016-06-02,275.52,0.003512,0.05
2016-06-03,276.46,0.000448,0.05
2016-06-04,276.21,0.003673,0.05
2016-06-05,276.52,0.00662,0.05
2016-06-06,276.58,0.005021,0.05
2016-06-07,276.33,0.001965,0.05
2016-06-08,276.25,0.000909,0.05
2016-06-09,276.16,0.001146,0.05
2016-06-10,276.37,0.00327,0.05
2016-06-11,276.97,0.005174,0.05
2016-06-12,277.23,0.005334,0.05
2016-06-13,277.06,0.003878,0.05
2016-06-14,277.79,0.006135,0.05
2016-06-15,277.93,0.009314,0.05
2016-06-16,277.51,0.007947,0.05
2016-06-17,277.87,0.007365,0.05
2016-06-18,278.51,0.007797,0.05
2016-06-19,278.43,0.008458,0.05
2016-06-20,278.45,0.012377,0.05
2016-06-21,278.36,0.013471,0.05
2016-06-22,278.38,0.009622,0.05
2016-06-23,278.71,0.01078,0.05
2016-06-24,278.66,0.00849,0.05
2016-06-25,278.59,0.013694,0.05
2016-06-26,278.97,0.018882,0.05
2016-06-27,278.98,0.014087,0.05
2016-06-28,279.44,0.007393,0.05
2016-06-29,279.57,0.012743,0.05
2016-06-30,279.61,0.030112,0.05
2016-07-01,278.3,0.027975,0.05
2016-07-02,278.21,0.009065,0.05
2016-07-03,279.29,0.006402,0.05
2016-07-04,279.42,0.012497,0.05
2016-07-05,279.35,0.017239,0.05
2016-07-06,279.32,0.012192,0.05
2016-07-07,279.74,0.025299,0.05
2016-07-08,279.11,0.017124,0.05
2016-07-09,279.78,0.013685,0.05
2016-07-10,279.85,0.032409,0.05
2016-07-11,278.37,0.027779,0.05
2016-07-12,279.44,0.012984,0.05
2016-07-13,279.65,0.028453,0.05
2016-07-14,280.14,0.024594,0.05
2016-07-15,280.1,0.046365,0.05
2016-07-16,279.21,0.014785,0.05
2016-07-17,278.83,0.021153,0.05
2016-07-18,279.31,0.007048,0.05
2016-07-19,279.45,0.005493,0.05
2016-07-20,279.94,0.014521,0.05
2016-07-21,278.9,0.039537,0.05
2016-07-22,277.83,0.023989,0.05
2016-07-23,278.26,0.012651,0.05
2016-07-24,278.66,0.016213,0.05
2016-07-25,279.11,0.041023,0.05
2016-07-26,278.1,0.021163,0.05
2016-07-27,277.15,0.023434,0.05
2016-07-28,277.07,0.024055,0.05
2016-07-29,277.2,0.015634,0.05
2016-07-30,277.47,0.024838,0.05
2016-07-31,276.54,0.027127,0.05
2016-08-01,276.94,0.013307,0.05
2016-08-02,277.43,0.009176,0.05
2016-08-03,278.26,0.004615,0.05
2016-08-04,279.24,0.009241,0.05
2016-08-05,279.22,0.015656,0.05
2016-08-06,279.29,0.012449,0.05
2016-08-07,279.08,0.00901,0.05
2016-08-08,278.9,0.00809,0.05
2016-08-09,278.43,0.009616,0.05
2016-08-10,278.51,0.007172,0.05
2016-08-11,278.77,0.009503,0.05
2016-08-12,279.34,0.011719,0.05
2016-08-13,279.31,0.010254,0.05
2016-08-14,279.38,0.01366,0.05
2016-08-15,278.94,0.012027,0.05
2016-08-16,278.69,0.012396,0.05
2016-08-17,278.88,0.008913,0.05
2016-08-18,279.22,0.007953,0.05
2016-08-19,279.23,0.007189,0.05
2016-08-20,279.1,0.001089,0.05
2016-08-21,279.3,0.005232,0.05
2016-08-22,278.72,0.00758,0.05
2016-08-23,278.79,0.006656,0.05
2016-08-24,278.27,0.010306,0.05
2016-08-25,278.5,0.005975,0.05
2016-08-26,278.08,0.007664,0.05
2016-08-27,277.83,0.006646,0.05
2016-08-28,278.1,0.003102,0.05
2016-08-29,278.68,0.006014,0.05
2016-08-30,278.47,0.005585,0.05
2016-08-31,278.57,0.007465,0.05
2016-09-01,278.87,0.008099,0.05
2016-09-02,279.11,0.019683,0.05
2016-09-03,278.85,0.025874,0.05
2016-09-04,278.02,0.016781,0.05
2016-09-05,278.04,0.012509,0.05
2016-09-06,278.14,0.006609,0.05
2016-09-07,278.36,0.006596,0.05
2016-09-08,277.94,0.007419,0.05
2016-09-09,278.17,0.014859,0.05
2016-09-10,278.55,0.009149,0.05
2016-09-11,277.75,0.01883,0.05
2016-09-12,277.21,0.017447,0.05
2016-09-13,276.84,0.008908,0.05
2016-09-14,276.71,0.004886,0.05
2016-09-15,277.39,0.005373,0.05
2016-09-16,277.45,0.005621,0.05
2016-09-17,277.13,0.005093,0.05
2016-09-18,277.07,0.003833,0.05
2016-09-19,277.59,0.008921,0.05
2016-09-20,277.35,0.008895,0.05
2016-09-21,276.23,0.018828,0.05
2016-09-22,275.83,0.005836,0.05
2016-09-23,275.52,0.001919,0.05
2016-09-24,275.51,0.00881,0.05
2016-09-25,275.42,0.012959,0.05
2016-09-26,275.65,0.002596,0.05
2016-09-27,275.81,0.001034,0.05
2016-09-28,275.58,0.008347,0.05
2016-09-29,275.86,0.007007,0.05
2016-09-30,275.94,0.008014,0.05
2016-10-01,276.31,0.008518,0.05
2016-10-02,276.4,0.005493,0.05
2016-10-03,276.14,0.002409,0.05
2016-10-04,276.11,0.005518,0.05
2016-10-05,276.03,0.005366,0.05
2016-10-06,275.9,0.006887,0.05
2016-10-07,276.02,0.005264,0.05
2016-10-08,275.99,0.007751,0.05
2016-10-09,275.15,0.006724,0.05
2016-10-10,273.77,0.005308,0.05
2016-10-11,273.03,0.000571,0.05
2016-10-12,273.62,0.001115,0.05
2016-10-13,273.97,0.00359,0.05
2016-10-14,273.02,0.002158,0.05
2016-10-15,272.59,0.002532,0.05
2016-10-16,272.11,0.00336,0.05
2016-10-17,272.33,0.00373,0.05
2016-10-18,271.86,0.004461,0.05
2016-10-19,270.82,0.004007,0.05
2016-10-20,272.51,0.002748,0.05
2016-10-21,271.94,0.001966,0.05
2016-10-22,270.67,0.002078,0.05
2016-10-23,271.48,0.000663,0.05
2016-10-24,273.49,0.003883,0.05
2016-10-25,271.41,0.001939,0.05
2016-10-26,269.83,0.000581,0.05
2016-10-27,268.52,9.3e-05,0.05
2016-10-28,268.89,0.001763,0.05
2016-10-29,268.57,0.000731,0.05
2016-10-30,267.9,2e-05,0.05
2016-10-31,268.37,0.000428,0.05
2016-11-01,267.5,0.000517,0.05
2016-11-02,267.64,3.8e-05,0.05
2016-11-03,266.85,8.6e-05,0.05
2016-11-04,267.87,1.7e-05,0.05
2016-11-05,267.97,9e-05,0.05
2016-11-06,268.11,6.1e-05,0.05
2016-11-07,267.68,7.1e-05,0.05
2016-11-08,269.49,0.00024,0.05
2016-11-09,270.12,3e-06,0.05
2016-11-10,271.18,7.2e-05,0.05
2016-11-11,271.3,0.000424,0.05
2016-11-12,270.75,0.000303,0.05
2016-11-13,269.59,2.8e-05,0.05
2016-11-14,268.83,1e-06,0.05
2016-11-15,266.95,4e-06,0.05
2016-11-16,266.57,3e-06,0.05
2016-11-17,268.02,0.0,0.05
2016-11-18,269.18,1e-06,0.05
2016-11-19,268.4,1e-05,0.05
2016-11-20,269.26,5.2e-05,0.05
2016-11-21,269.37,5.4e-05,0.05
2016-11-22,271.92,4.3e-05,0.05
2016-11-23,271.33,2e-06,0.05
2016-11-24,270.72,0.000245,0.05
2016-11-25,270.88,7.8e-05,0.05
2016-11-26,270.93,0.000136,0.05
2016-11-27,271.09,0.004198,0.05
2016-11-28,269.88,0.001914,0.05
2016-11-29,270.09,0.001363,0.05
2016-11-30,269.91,0.005424,0.05
2016-12-01,268.93,0.00374,0.05
2016-12-02,268.13,0.002375,0.05
2016-12-03,266.77,0.000188,0.05
2016-12-04,267.82,6e-06,0.05
2016-12-05,267.81,5e-06,0.05
2016-12-06,268.16,3.6e-05,0.05
2016-12-07,270.55,1e-06,0.05
2016-12-08,269.64,1.7e-05,0.05
2016-12-09,269.31,3e-06,0.05
2016-12-10,271.14,-0.0,0.05
2016-12-11,270.96,1.9e-05,0.05
2016-12-12,272.15,1e-06,0.05
2016-12-13,271.53,0.0,0.05
2016-12-14,268.56,2.1e-05,0.05
2016-12-15,270.37,1e-06,0.05
2016-12-16,271.22,3e-06,0.05
2016-12-17,271.37,0.000223,0.05
2016-12-18,271.05,0.000102,0.05
2016-12-19,272.33,1e-06,0.05
2016-12-20,273.64,0.0,0.05
2016-12-21,274.91,3e-06,0.05
2016-12-22,272.49,0.000111,0.05
2016-12-23,270.91,0.004434,0.05
2016-12-24,268.97,0.003657,0.05
2016-12-25,264.33,0.003379,0.05
2016-12-26,262.82,0.000691,0.05
2016-12-27,266.48,4e-06,0.05
2016-12-28,267.6,0.000909,0.05
2016-12-29,267.37,0.001604,0.05
2016-12-30,264.33,0.004366,0.05
2016-12-31,262.66,0.001512,0.05
2017-01-01,260.74,0.003499,0.05
2017-01-02,258.81,0.00033,0.05
2017-01-03,258.59,0.001494,0.05
2017-01-04,259.1,0.000998,0.05
2017-01-05,258.64,0.001676,0.05
2017-01-06,262.01,0.000771,0.05
2017-01-07,260.77,0.000987,0.05
2017-01-08,260.6,0.000998,0.05
2017-01-09,258.85,0.000632,0.05
2017-01-10,258.58,0.000319,0.05
2017-01-11,258.21,0.000411,0.05
2017-01-12,257.67,0.000234,0.05
2017-01-13,258.04,0.00017,0.05
2017-01-14,261.33,3e-06,0.05
2017-01-15,262.19,0.000602,0.05
2017-01-16,262.47,0.001202,0.05
2017-01-17,261.7,0.001293,0.05
2017-01-18,261.34,0.000874,0.05
2017-01-19,262.3,0.000275,0.05
2017-01-20,264.29,2.3e-05,0.05
2017-01-21,266.89,4.6e-05,0.05
2017-01-22,266.02,2e-05,0.05
2017-01-23,264.97,2.6e-05,0.05
2017-01-24,267.44,1e-06,0.05
2017-01-25,267.88,0.0,0.05
2017-01-26,267.56,0.002987,0.05
2017-01-27,262.64,0.018003,0.05
2017-01-28,260.8,0.00051,0.05
2017-01-29,263.71,0.000757,0.05
2017-01-30,263.05,0.00237,0.05
2017-01-31,261.31,0.00242,0.05
2017-02-01,260.09,0.001141,0.05
2017-02-02,262.56,0.001307,0.05
2017-02-03,264.97,0.000168,0.05
2017-02-04,268.79,1.3e-05,0.05
2017-02-05,268.51,0.000103,0.05
2017-02-06,263.4,0.002845,0.05
2017-02-07,263.62,0.00023,0.05
2017-02-08,266.19,0.001477,0.05
2017-02-09,265.05,0.001419,0.05
2017-02-10,263.34,0.000422,0.05
2017-02-11,263.71,5.3e-05,0.05
2017-02-12,261.6,8.8e-05,0.05
2017-02-13,260.42,0.00187,0.05
2017-02-14,263.9,0.000968,0.05
2017-02-15,263.92,0.000655,0.05
2017-02-16,266.15,0.002539,0.05
2017-02-17,268.33,0.001264,0.05
2017-02-18,268.0,0.00093,0.05
2017-02-19,269.33,0.005133,0.05
2017-02-20,267.15,0.012644,0.05
2017-02-21,264.67,0.003212,0.05
2017-02-22,264.02,0.004316,0.05
2017-02-23,264.19,0.002428,0.05
2017-02-24,264.06,0.00157,0.05
2017-02-25,266.46,0.00371,0.05
2017-02-26,266.06,0.004452,0.05
2017-02-27,263.45,0.003593,0.05
2017-02-28,264.34,0.000634,0.05
2017-03-01,265.67,0.003932,0.05
2017-03-02,264.12,0.00365,0.05
2017-03-03,263.7,0.002853,0.05
2017-03-04,263.4,0.000522,0.05
2017-03-05,261.59,0.000491,0.05
2017-03-06,261.81,0.000504,0.05
2017-03-07,263.13,0.000535,0.05
2017-03-08,263.04,0.002676,0.05
2017-03-09,263.49,0.011742,0.05
2017-03-10,263.58,0.040342,0.05
2017-03-11,262.19,0.028753,0.05
2017-03-12,259.06,0.002139,0.05
2017-03-13,263.58,0.000946,0.05
2017-03-14,261.62,0.002596,0.05
2017-03-15,263.94,0.000268,0.05
2017-03-16,262.49,0.004216,0.05
2017-03-17,261.98,0.006815,0.05
2017-03-18,260.04,0.001419,0.05
2017-03-19,261.61,0.000581,0.05
2017-03-20,262.45,0.002952,0.05
2017-03-21,266.38,0.001366,0.05
2017-03-22,268.79,0.000202,0.05
2017-03-23,268.89,0.000796,0.05
2017-03-24,267.11,0.003181,0.05
2017-03-25,267.92,0.002168,0.05
2017-03-26,268.02,0.010094,0.05
2017-03-27,269.78,0.004988,0.05
2017-03-28,269.33,0.010807,0.05
2017-03-29,270.01,0.007599,0.05
2017-03-30,270.79,0.004271,0.05
2017-03-31,271.37,0.000814,0.05
2017-04-01,269.95,0.002482,0.05
2017-04-02,268.21,0.002489,0.05
2017-04-03,268.48,0.004035,0.05
2017-04-04,269.34,0.002761,0.05
2017-04-05,269.28,0.004796,0.05
2017-04-06,269.98,0.001259,0.05
2017-04-07,269.37,0.001357,0.05
2017-04-08,267.88,0.001138,0.05
2017-04-09,267.66,4e-06,0.05
2017-04-10,265.82,0.000724,0.05
2017-04-11,266.37,0.000615,0.05
2017-04-12,265.58,0.003198,0.05
2017-04-13,267.39,0.002556,0.05
2017-04-14,268.79,0.019366,0.05
2017-04-15,268.11,0.008146,0.05
2017-04-16,269.58,0.001182,0.05
2017-04-17,270.08,0.008735,0.05
2017-04-18,271.72,0.002915,0.05
2017-04-19,271.31,0.005337,0.05
2017-04-20,271.1,0.00968,0.05
2017-04-21,272.43,0.002498,0.05
2017-04-22,272.85,0.004867,0.05
2017-04-23,272.26,0.010088,0.05
2017-04-24,272.28,0.004069,0.05
2017-04-25,270.56,0.001538,0.05
2017-04-26,269.86,0.001849,0.05
2017-04-27,268.34,0.000625,0.05
2017-04-28,268.8,0.002259,0.05
2017-04-29,269.55,0.002311,0.05
2017-04-30,270.04,0.002824,0.05
2017-05-01,268.7,0.004594,0.05
2017-05-02,269.23,0.003382,0.05
2017-05-03,270.92,0.005238,0.05
2017-05-04,270.17,0.006283,0.05
2017-05-05,270.48,0.00335,0.05
2017-05-06,270.71,0.002486,0.05
2017-05-07,271.36,0.002593,0.05
2017-05-08,272.56,0.000681,0.05
2017-05-09,272.46,0.00623,0.05
2017-05-10,272.05,0.00511,0.05
2017-05-11,272.81,0.004255,0.05
2017-05-12,273.53,0.006338,0.05
2017-05-13,273.27,0.005185,0.05
2017-05-14,273.79,0.0106,0.05
2017-05-15,273.65,0.009141,0.05
2017-05-16,273.94,0.007375,0.05
2017-05-17,272.97,0.013126,0.05
2017-05-18,273.06,0.000541,0.05
2017-05-19,272.91,0.000735,0.05
2017-05-20,272.94,0.003561,0.05
2017-05-21,273.27,0.001109,0.05
2017-05-22,273.49,0.003021,0.05
2017-05-23,273.47,0.000859,0.05
2017-05-24,273.72,0.000208,0.05
2017-05-25,274.51,0.002567,0.05
2017-05-26,274.15,0.00712,0.05
2017-05-27,273.6,0.018086,0.05
2017-05-28,273.96,0.005191,0.05
2017-05-29,274.43,0.004356,0.05
2017-05-30,274.67,0.005766,0.05
2017-05-31,274.68,0.002,0.05
2017-06-01,275.11,0.003836,0.05
2017-06-02,274.32,0.000344,0.05
2017-06-03,275.48,0.006628,0.05
2017-06-04,276.5,0.004787,0.05
2017-06-05,276.77,0.005567,0.05
2017-06-06,276.15,0.003045,0.05
2017-06-07,276.3,0.004322,0.05
2017-06-08,276.06,0.005257,0.05
2017-06-09,276.25,0.002239,0.05
2017-06-10,276.15,0.001673,0.05
2017-06-11,276.53,0.0006,0.05
2017-06-12,276.41,0.001079,0.05
2017-06-13,276.41,0.000701,0.05
2017-06-14,276.52,0.001545,0.05
2017-06-15,276.49,0.00245,0.05
2017-06-16,276.37,0.002018,0.05
2017-06-17,276.36,0.001245,0.05
2017-06-18,276.91,0.004922,0.05
2017-06-19,277.4,0.006603,0.05
2017-06-20,277.3,0.003309,0.05
2017-06-21,277.13,0.008734,0.05
2017-06-22,277.07,0.002156,0.05
2017-06-23,277.56,0.000753,0.05
2017-06-24,277.98,0.004514,0.05
2017-06-25,278.31,0.002555,0.05
2017-06-26,278.87,0.005455,0.05
2017-06-27,278.86,0.019902,0.05
2017-06-28,278.25,0.012892,0.05
2017-06-29,278.69,0.01142,0.05
2017-06-30,279.1,0.009909,0.05
2017-07-01,279.26,0.005848,0.05
2017-07-02,279.11,0.012161,0.05
2017-07-03,279.11,0.010678,0.05
2017-07-04,278.69,0.031334,0.05
2017-07-05,278.45,0.016402,0.05
2017-07-06,279.0,0.009674,0.05
2017-07-07,278.9,0.004669,0.05
2017-07-08,279.68,0.024569,0.05
2017-07-09,277.78,0.043995,0.05
2017-07-10,277.49,0.018368,0.05
2017-07-11,277.17,0.015812,0.05
2017-07-12,277.4,0.014319,0.05
2017-07-13,278.04,0.014116,0.05
2017-07-14,278.54,0.019797,0.05
2017-07-15,278.67,0.017372,0.05
2017-07-16,279.04,0.012346,0.05
2017-07-17,278.95,0.014052,0.05
2017-07-18,279.2,0.010817,0.05
2017-07-19,279.26,0.00834,0.05
2017-07-20,279.07,0.011297,0.05
2017-07-21,278.88,0.018631,0.05
2017-07-22,278.76,0.013573,0.05
2017-07-23,278.67,0.013698,0.05
2017-07-24,278.74,0.018031,0.05
2017-07-25,278.67,0.013041,0.05
2017-07-26,278.66,0.020987,0.05
2017-07-27,278.85,0.009236,0.05
2017-07-28,278.88,0.009556,0.05
2017-07-29,278.4,0.024763,0.05
2017-07-30,277.88,0.00908,0.05
2017-07-31,278.96,0.006807,0.05
2017-08-01,279.69,0.019446,0.05
2017-08-02,279.61,0.018245,0.05
2017-08-03,279.92,0.009821,0.05
2017-08-04,280.0,0.009608,0.05
2017-08-05,280.01,0.008929,0.05
2017-08-06,280.31,0.008873,0.05
2017-08-07,280.37,0.013004,0.05
2017-08-08,279.88,0.037073,0.05
2017-08-09,278.0,0.038144,0.05
2017-08-10,278.62,0.018532,0.05
2017-08-11,279.61,0.045713,0.05
2017-08-12,277.62,0.083975,0.05
2017-08-13,277.09,0.02155,0.05
2017-08-14,277.73,0.012159,0.05
2017-08-15,278.28,0.011696,0.05
2017-08-16,278.53,0.019824,0.05
2017-08-17,278.29,0.02003,0.05
2017-08-18,278.28,0.020591,0.05
2017-08-19,277.67,0.020809,0.05
2017-08-20,277.74,0.014888,0.05
2017-08-21,278.02,0.014911,0.05
2017-08-22,278.13,0.020943,0.05
2017-08-23,278.16,0.009731,0.05
2017-08-24,278.06,0.006082,0.05
2017-08-25,278.31,0.00571,0.05
2017-08-26,278.38,0.00574,0.05
2017-08-27,278.26,0.010255,0.05
2017-08-28,278.35,0.007787,0.05
2017-08-29,278.2,0.004514,0.05
2017-08-30,278.62,0.005528,0.05
2017-08-31,278.57,0.008676,0.05
2017-09-01,278.41,0.010206,0.05
2017-09-02,277.85,0.009294,0.05
2017-09-03,277.12,0.006395,0.05
2017-09-04,277.2,0.000961,0.05
2017-09-05,277.56,0.001994,0.05
2017-09-06,277.2,0.002714,0.05
2017-09-07,277.15,0.000912,0.05
2017-09-08,277.06,0.000943,0.05
2017-09-09,277.53,0.003695,0.05
2017-09-10,277.54,0.004154,0.05
2017-09-11,277.35,0.002052,0.05
2017-09-12,277.19,0.003471,0.05
2017-09-13,277.32,0.000973,0.05
2017-09-14,277.54,0.001063,0.05
2017-09-15,277.67,0.001739,0.05
2017-09-16,277.98,0.00315,0.05
2017-09-17,277.99,0.00683,0.05
2017-09-18,277.83,0.011206,0.05
2017-09-19,278.05,0.00673,0.05
2017-09-20,277.98,0.017167,0.05
2017-09-21,276.61,0.015819,0.05
2017-09-22,276.72,0.006521,0.05
2017-09-23,276.9,0.000751,0.05
2017-09-24,277.33,0.000768,0.05
2017-09-25,276.72,0.000392,0.05
2017-09-26,276.85,0.002648,0.05
2017-09-27,277.18,0.006719,0.05
2017-09-28,276.75,0.004729,0.05
2017-09-29,276.2,0.004215,0.05
2017-09-30,276.49,0.003417,0.05
2017-10-01,276.31,0.000743,0.05
2017-10-02,275.58,0.001792,0.05
2017-10-03,275.72,0.001316,0.05
2017-10-04,276.7,0.002572,0.05
2017-10-05,276.65,0.004684,0.05
2017-10-06,276.37,0.002269,0.05
2017-10-07,276.22,0.001271,0.05
2017-10-08,275.22,0.001019,0.05
2017-10-09,274.86,0.000748,0.05
2017-10-10,275.47,0.001565,0.05
2017-10-11,274.91,0.004916,0.05
2017-10-12,275.12,0.000469,0.05
2017-10-13,274.79,0.001469,0.05
2017-10-14,273.46,0.000521,0.05
2017-10-15,273.7,0.000475,0.05
2017-10-16,272.33,0.000871,0.05
2017-10-17,273.72,0.001749,0.05
2017-10-18,274.96,0.001265,0.05
2017-10-19,275.31,0.000333,0.05
2017-10-20,274.33,0.000819,0.05
2017-10-21,273.21,0.000779,0.05
2017-10-22,273.94,0.003589,0.05
2017-10-23,270.63,0.002546,0.05
2017-10-24,269.26,0.002027,0.05
2017-10-25,269.19,0.001808,0.05
2017-10-26,269.92,0.001273,0.05
2017-10-27,269.72,0.00103,0.05
2017-10-28,267.93,0.004106,0.05
2017-10-29,266.31,0.001575,0.05
2017-10-30,265.33,0.002146,0.05
2017-10-31,266.72,0.002653,0.05
2017-11-01,267.2,0.001654,0.05
2017-11-02,267.69,0.003887,0.05
2017-11-03,266.54,0.000631,0.05
2017-11-04,266.31,0.00094,0.05
2017-11-05,267.97,0.000483,0.05
2017-11-06,268.6,0.000364,0.05
2017-11-07,269.04,0.000246,0.05
2017-11-08,267.35,0.000954,0.05
2017-11-09,266.74,0.000923,0.05
2017-11-10,267.56,3.6e-05,0.05
2017-11-11,268.07,0.000455,0.05
2017-11-12,269.17,0.00011,0.05
2017-11-13,270.39,1.9e-05,0.05
2017-11-14,270.31,0.0,0.05
2017-11-15,269.63,2e-05,0.05
2017-11-16,269.69,0.002258,0.05
2017-11-17,268.89,0.000151,0.05
2017-11-18,268.67,0.000106,0.05
2017-11-19,267.77,0.000303,0.05
2017-11-20,267.32,0.000481,0.05
2017-11-21,268.76,0.000105,0.05
2017-11-22,266.52,0.000547,0.05
2017-11-23,266.19,0.000301,0.05
2017-11-24,266.45,0.000324,0.05
2017-11-25,267.59,0.002279,0.05
2017-11-26,265.76,0.004604,0.05
2017-11-27,263.9,0.007954,0.05
2017-11-28,264.79,0.002604,0.05
2017-11-29,263.73,0.001837,0.05
2017-11-30,263.43,8.6e-05,0.05
2017-12-01,266.72,4.7e-05,0.05
2017-12-02,268.27,3.1e-05,0.05
2017-12-03,270.89,6e-06,0.05
2017-12-04,272.1,2e-06,0.05
2017-12-05,272.01,0.000393,0.05
2017-12-06,271.45,0.001179,0.05
2017-12-07,270.75,1.3e-05,0.05
2017-12-08,270.14,1e-06,0.05
2017-12-09,269.4,0.0,0.05
2017-12-10,268.84,1e-06,0.05
2017-12-11,269.59,0.000107,0.05
2017-12-12,266.79,0.001923,0.05
2017-12-13,266.88,0.000749,0.05
2017-12-14,265.44,0.000878,0.05
2017-12-15,266.48,1.5e-05,0.05
2017-12-16,267.1,0.000187,0.05
2017-12-17,267.2,2e-06,0.05
2017-12-18,268.44,0.0,0.05
2017-12-19,270.68,0.0,0.05
2017-12-20,270.23,2.1e-05,0.05
2017-12-21,269.18,0.000207,0.05
2017-12-22,268.8,0.000569,0.05
2017-12-23,269.06,0.00017,0.05
2017-12-24,266.3,9.7e-05,0.05
2017-12-25,262.45,0.001482,0.05
2017-12-26,264.74,0.00034,0.05
2017-12-27,267.36,1e-05,0.05
2017-12-28,268.38,0.000186,0.05
2017-12-29,266.63,7.8e-05,0.05
2017-12-30,265.29,0.000133,0.05
2017-12-31,263.78,0.000216,0.05
2018-01-01,262.4,0.00131,0.05
2018-01-02,259.28,0.001288,0.05
2018-01-03,261.23,0.000116,0.05
2018-01-04,263.21,0.000187,0.05
2018-01-05,260.76,0.000985,0.05
2018-01-06,262.48,0.001995,0.05
2018-01-07,264.59,0.002081,0.05
2018-01-08,267.91,3.5e-05,0.05
2018-01-09,269.92,0.0,0.05
2018-01-10,271.59,1e-06,0.05
2018-01-11,273.09,0.0,0.05
2018-01-12,271.98,5e-05,0.05
2018-01-13,268.32,0.000453,0.05
2018-01-14,267.83,0.000196,0.05
2018-01-15,267.16,0.000331,0.05
2018-01-16,268.86,0.0,0.05
2018-01-17,268.73,7e-06,0.05
2018-01-18,269.14,2e-06,0.05
2018-01-19,269.82,8e-06,0.05
2018-01-20,268.88,0.0,0.05
2018-01-21,268.39,1e-06,0.05
2018-01-22,270.58,5e-06,0.05
2018-01-23,267.32,0.000828,0.05
2018-01-24,258.39,0.012724,0.05
2018-01-25,260.34,0.000621,0.05
2018-01-26,259.31,0.001509,0.05
2018-01-27,261.39,0.003678,0.05
2018-01-28,265.5,0.000152,0.05
2018-01-29,267.78,3e-06,0.05
2018-01-30,268.42,1e-06,0.05
2018-01-31,269.71,1e-06,0.05
2018-02-01,268.41,0.000316,0.05
2018-02-02,267.42,0.001315,0.05
2018-02-03,266.13,0.002252,0.05
2018-02-04,266.46,0.000845,0.05
2018-02-05,268.11,0.002244,0.05
2018-02-06,267.01,0.006747,0.05
2018-02-07,265.1,0.003566,0.05
2018-02-08,263.44,0.001409,0.05
2018-02-09,261.63,0.001947,0.05
2018-02-10,262.19,2.4e-05,0.05
2018-02-11,262.57,0.000648,0.05
2018-02-12,263.59,0.006186,0.05
2018-02-13,262.75,0.00837,0.05
2018-02-14,261.69,0.000279,0.05
2018-02-15,265.21,2e-06,0.05
2018-02-16,264.8,0.000359,0.05
2018-02-17,264.14,0.00752,0.05
2018-02-18,264.31,0.002902,0.05
2018-02-19,264.44,0.00177,0.05
2018-02-20,264.02,0.000594,0.05
2018-02-21,262.57,0.003263,0.05
2018-02-22,261.95,0.003918,0.05
2018-02-23,262.23,0.001912,0.05
2018-02-24,265.28,0.002195,0.05
2018-02-25,263.7,0.001404,0.05
2018-02-26,264.33,0.003485,0.05
2018-02-27,267.95,0.000126,0.05
2018-02-28,266.95,0.000403,0.05
2018-03-01,266.32,0.00085,0.05
2018-03-02,264.54,0.005638,0.05
2018-03-03,265.88,0.002664,0.05
2018-03-04,266.06,0.004253,0.05
2018-03-05,263.98,0.006932,0.05
2018-03-06,262.37,0.000945,0.05
2018-03-07,263.75,0.000312,0.05
2018-03-08,263.67,0.000463,0.05
2018-03-09,262.78,0.000625,0.05
2018-03-10,263.26,0.000972,0.05
2018-03-11,262.76,0.004506,0.05
2018-03-12,261.68,0.008279,0.05
2018-03-13,264.07,0.002494,0.05
2018-03-14,266.38,0.002642,0.05
2018-03-15,266.44,0.009953,0.05
2018-03-16,264.99,0.002876,0.05
2018-03-17,262.74,0.001396,0.05
2018-03-18,264.09,0.000681,0.05
2018-03-19,266.18,0.000506,0.05
2018-03-20,265.3,0.001233,0.05
2018-03-21,267.4,0.001916,0.05
2018-03-22,265.61,0.002559,0.05
2018-03-23,264.53,0.000578,0.05
2018-03-24,265.82,0.000848,0.05
2018-03-25,266.36,0.001067,0.05
2018-03-26,266.08,0.003584,0.05
2018-03-27,268.32,0.000939,0.05
2018-03-28,267.4,0.004949,0.05
2018-03-29,267.19,0.004715,0.05
2018-03-30,265.0,0.003058,0.05
2018-03-31,265.59,0.005222,0.05
2018-04-01,266.52,0.008473,0.05
2018-04-02,266.91,0.005504,0.05
2018-04-03,267.4,0.003237,0.05
2018-04-04,268.38,0.0037,0.05
2018-04-05,267.31,0.003529,0.05
2018-04-06,269.12,0.004207,0.05
2018-04-07,270.12,0.005642,0.05
2018-04-08,268.14,0.001021,0.05
2018-04-09,268.43,0.001789,0.05
2018-04-10,269.7,0.001874,0.05
2018-04-11,270.26,0.004989,0.05
2018-04-12,269.05,0.005963,0.05
2018-04-13,267.3,0.000776,0.05
2018-04-14,267.78,0.002644,0.05
2018-04-15,268.69,0.006169,0.05
2018-04-16,268.83,0.003806,0.05
2018-04-17,270.3,0.009154,0.05
2018-04-18,268.54,0.0043,0.05
2018-04-19,270.01,0.00498,0.05
2018-04-20,269.93,0.002606,0.05
2018-04-21,269.61,0.001202,0.05
2018-04-22,268.89,0.000791,0.05
2018-04-23,268.58,0.000914,0.05
2018-04-24,268.46,0.002086,0.05
2018-04-25,269.42,0.006748,0.05
2018-04-26,269.46,0.005864,0.05
2018-04-27,269.29,0.006493,0.05
2018-04-28,269.54,0.004435,0.05
2018-04-29,269.94,0.01284,0.05
2018-04-30,268.86,0.010983,0.05
2018-05-01,269.41,0.004772,0.05
2018-05-02,270.51,0.003467,0.05
2018-05-03,270.69,0.003262,0.05
2018-05-04,269.97,0.006611,0.05
2018-05-05,271.28,0.006285,0.05
2018-05-06,272.26,0.005376,0.05
2018-05-07,272.0,0.004107,0.05
2018-05-08,271.63,0.003344,0.05
2018-05-09,270.2,0.003653,0.05
2018-05-10,269.2,0.004608,0.05
2018-05-11,271.78,0.001828,0.05
2018-05-12,271.88,0.014934,0.05
2018-05-13,272.79,0.00662,0.05
2018-05-14,272.02,0.005618,0.05
2018-05-15,270.94,0.002569,0.05
2018-05-16,272.87,0.004171,0.05
2018-05-17,272.95,0.006029,0.05
2018-05-18,273.55,0.004713,0.05
2018-05-19,273.64,0.005526,0.05
2018-05-20,274.09,0.005271,0.05
2018-05-21,274.9,0.009428,0.05
2018-05-22,275.22,0.011308,0.05
2018-05-23,275.89,0.003972,0.05
2018-05-24,275.4,0.007483,0.05
2018-05-25,275.42,0.000589,0.05
2018-05-26,275.19,0.001595,0.05
2018-05-27,274.26,0.000979,0.05
2018-05-28,272.86,0.002275,0.05
2018-05-29,273.57,0.001439,0.05
2018-05-30,273.87,0.003819,0.05
2018-05-31,274.59,0.005229,0.05
2018-06-01,274.74,0.004346,0.05
2018-06-02,274.76,0.006516,0.05
2018-06-03,275.84,0.013628,0.05
2018-06-04,275.87,0.01435,0.05
2018-06-05,276.9,0.007666,0.05
2018-06-06,277.22,0.003522,0.05
2018-06-07,277.58,0.007752,0.05
2018-06-08,277.49,0.011823,0.05
2018-06-09,277.58,0.007047,0.05
2018-06-10,277.6,0.005659,0.05
2018-06-11,277.78,0.003669,0.05
2018-06-12,277.87,0.015747,0.05
2018-06-13,277.11,0.005157,0.05
2018-06-14,276.92,0.007747,0.05
2018-06-15,277.34,0.009817,0.05
2018-06-16,277.18,0.016056,0.05
2018-06-17,276.42,0.021485,0.05
2018-06-18,276.75,0.005041,0.05
2018-06-19,276.91,0.000811,0.05
2018-06-20,277.43,0.001277,0.05
2018-06-21,277.81,0.000847,0.05
2018-06-22,277.92,0.000878,0.05
2018-06-23,278.25,0.003777,0.05
2018-06-24,278.72,0.007125,0.05
2018-06-25,277.47,0.025024,0.05
2018-06-26,278.32,0.005126,0.05
2018-06-27,278.89,0.0153,0.05
2018-06-28,278.41,0.021113,0.05
2018-06-29,277.91,0.017303,0.05
2018-06-30,278.57,0.016443,0.05
2018-07-01,278.64,0.019712,0.05
2018-07-02,277.65,0.044225,0.05
2018-07-03,277.48,0.025321,0.05
2018-07-04,278.0,0.003564,0.05
2018-07-05,278.3,0.001071,0.05
2018-07-06,279.33,0.006066,0.05
2018-07-07,279.72,0.026613,0.05
2018-07-08,279.73,0.020751,0.05
2018-07-09,279.04,0.025017,0.05
2018-07-10,278.34,0.023893,0.05
2018-07-11,279.07,0.021172,0.05
2018-07-12,278.84,0.021486,0.05
2018-07-13,279.02,0.019609,0.05
2018-07-14,279.37,0.019435,0.05
2018-07-15,279.52,0.023652,0.05
2018-07-16,279.46,0.017335,0.05
2018-07-17,279.58,0.011032,0.05
2018-07-18,279.39,0.016896,0.05
2018-07-19,279.76,0.007739,0.05
2018-07-20,279.72,0.00852,0.05
2018-07-21,279.14,0.015023,0.05
2018-07-22,279.29,0.012908,0.05
2018-07-23,279.75,0.015588,0.05
2018-07-24,279.32,0.021976,0.05
2018-07-25,279.47,0.015558,0.05
2018-07-26,279.17,0.016045,0.05
2018-07-27,278.77,0.014152,0.05
2018-07-28,279.04,0.007862,0.05
2018-07-29,279.29,0.012398,0.05
2018-07-30,279.0,0.020531,0.05
2018-07-31,278.73,0.011738,0.05
2018-08-01,278.39,0.027451,0.05
2018-08-02,278.16,0.02085,0.05
2018-08-03,278.33,0.012993,0.05
2018-08-04,278.83,0.024557,0.05
2018-08-05,278.51,0.009666,0.05
2018-08-06,278.55,0.015619,0.05
2018-08-07,278.44,0.013789,0.05
2018-08-08,278.91,0.013561,0.05
2018-08-09,278.35,0.030964,0.05
2018-08-10,278.8,0.0162,0.05
2018-08-11,279.25,0.014677,0.05
2018-08-12,279.23,0.019691,0.05
2018-08-13,278.79,0.011398,0.05
2018-08-14,279.14,0.009217,0.05
2018-08-15,279.27,0.009761,0.05
2018-08-16,279.5,0.012803,0.05
2018-08-17,279.5,0.017236,0.05
2018-08-18,278.98,0.015025,0.05
2018-08-19,279.34,0.009086,0.05
2018-08-20,279.39,0.011713,0.05
2018-08-21,279.49,0.013732,0.05
2018-08-22,279.03,0.017643,0.05
2018-08-23,279.23,0.015916,0.05
2018-08-24,278.83,0.035285,0.05
2018-08-25,278.68,0.011762,0.05
2018-08-26,279.2,0.012017,0.05
2018-08-27,279.08,0.022917,0.05
2018-08-28,278.06,0.023793,0.05
2018-08-29,278.63,0.015652,0.05
2018-08-30,278.43,0.025096,0.05
2018-08-31,278.18,0.018808,0.05
2018-09-01,278.83,0.013857,0.05
2018-09-02,278.46,0.018471,0.05
2018-09-03,278.58,0.015321,0.05
2018-09-04,278.36,0.010336,0.05
2018-09-05,278.67,0.003753,0.05
2018-09-06,278.89,0.009778,0.05
2018-09-07,278.13,0.019455,0.05
2018-09-08,277.99,0.004585,0.05
2018-09-09,278.58,0.007209,0.05
2018-09-10,278.45,0.013951,0.05
2018-09-11,277.59,0.014013,0.05
2018-09-12,276.79,0.007382,0.05
2018-09-13,276.37,0.002366,0.05
2018-09-14,276.44,0.004573,0.05
2018-09-15,276.44,0.003922,0.05
2018-09-16,275.88,0.004086,0.05
2018-09-17,275.73,0.000144,0.05
2018-09-18,276.01,6.6e-05,0.05
2018-09-19,276.21,0.001126,0.05
2018-09-20,276.54,0.009362,0.05
2018-09-21,276.42,0.011307,0.05
2018-09-22,275.99,0.004353,0.05
2018-09-23,276.3,0.002293,0.05
2018-09-24,276.41,0.002573,0.05
2018-09-25,276.51,0.000766,0.05
2018-09-26,276.05,0.002268,0.05
2018-09-27,275.92,0.0016,0.05
2018-09-28,275.61,0.000969,0.05
2018-09-29,275.27,0.001318,0.05
2018-09-30,275.09,0.005146,0.05
2018-10-01,275.11,0.000245,0.05
2018-10-02,274.43,0.000682,0.05
2018-10-03,273.21,0.000878,0.05
2018-10-04,272.11,0.00119,0.05
2018-10-05,271.85,0.000464,0.05
2018-10-06,270.98,0.001961,0.05
2018-10-07,269.93,0.000434,0.05
2018-10-08,269.39,0.001994,0.05
2018-10-09,270.98,0.00257,0.05
2018-10-10,271.69,0.000762,0.05
2018-10-11,272.24,0.001295,0.05
2018-10-12,271.26,0.000298,0.05
2018-10-13,271.15,0.000679,0.05
2018-10-14,271.1,0.000695,0.05
2018-10-15,270.18,0.000322,0.05
2018-10-16,272.15,0.000456,0.05
2018-10-17,271.47,0.001358,0.05
2018-10-18,269.98,0.000745,0.05
2018-10-19,269.97,0.00068,0.05
2018-10-20,269.48,0.000882,0.05
2018-10-21,269.11,0.000316,0.05
2018-10-22,267.81,0.000325,0.05
2018-10-23,267.35,0.000534,0.05
2018-10-24,266.33,0.000172,0.05
2018-10-25,266.55,0.00175,0.05
2018-10-26,267.08,0.000294,0.05
2018-10-27,267.18,0.000295,0.05
2018-10-28,267.2,0.000377,0.05
2018-10-29,268.52,0.002819,0.05
2018-10-30,268.26,0.001096,0.05
2018-10-31,268.25,1.1e-05,0.05
2018-11-01,268.61,0.00014,0.05
2018-11-02,269.19,0.001373,0.05
2018-11-03,268.74,0.001268,0.05
2018-11-04,267.87,0.001398,0.05
2018-11-05,268.11,0.000731,0.05
2018-11-06,267.51,0.000121,0.05
2018-11-07,267.4,2.4e-05,0.05
2018-11-08,267.27,0.00018,0.05
2018-11-09,267.98,0.002185,0.05
2018-11-10,265.94,0.004413,0.05
2018-11-11,268.06,0.001564,0.05
2018-11-12,269.01,0.003674,0.05
2018-11-13,267.14,0.0076,0.05
2018-11-14,265.83,0.00212,0.05
2018-11-15,265.44,0.001243,0.05
2018-11-16,267.81,0.002328,0.05
2018-11-17,266.65,0.001949,0.05
2018-11-18,267.37,0.00384,0.05
2018-11-19,267.89,0.002583,0.05
2018-11-20,264.16,0.000808,0.05
2018-11-21,266.37,1e-06,0.05
2018-11-22,270.33,8e-06,0.05
2018-11-23,267.05,7.8e-05,0.05
2018-11-24,268.43,0.000119,0.05
2018-11-25,269.67,0.000132,0.05
2018-11-26,268.9,0.002603,0.05
2018-11-27,268.91,0.0,0.05
2018-11-28,270.38,1.1e-05,0.05
2018-11-29,268.88,8.1e-05,0.05
2018-11-30,268.39,0.001062,0.05
2018-12-01,267.14,0.001846,0.05
2018-12-02,266.96,0.001837,0.05
2018-12-03,267.46,0.000823,0.05
2018-12-04,269.07,4.4e-05,0.05
2018-12-05,267.04,0.000474,0.05
2018-12-06,264.39,0.000714,0.05
2018-12-07,262.96,0.000607,0.05
2018-12-08,264.67,0.001026,0.05
2018-12-09,263.94,0.001573,0.05
2018-12-10,262.32,0.000312,0.05
2018-12-11,260.87,0.001064,0.05
2018-12-12,262.15,0.001334,0.05
2018-12-13,261.15,0.004768,0.05
2018-12-14,260.63,0.001283,0.05
2018-12-15,262.44,3e-06,0.05
2018-12-16,265.06,1e-06,0.05
2018-12-17,266.04,0.007624,0.05
2018-12-18,262.24,0.006767,0.05
2018-12-19,266.66,2e-06,0.05
2018-12-20,265.09,2e-06,0.05
2018-12-21,263.93,0.000109,0.05
2018-12-22,266.0,1.6e-05,0.05
2018-12-23,267.18,2e-06,0.05
2018-12-24,265.55,7.3e-05,0.05
2018-12-25,264.51,0.00011,0.05
2018-12-26,264.51,0.000998,0.05
2018-12-27,259.26,0.005467,0.05
2018-12-28,257.4,0.000774,0.05
2018-12-29,259.64,4e-06,0.05
2018-12-30,260.64,0.000117,0.05
2018-12-31,260.21,0.001722,0.05
2019-01-01,262.55,0.000234,0.05
2019-01-02,259.37,0.00353,0.05
2019-01-03,256.66,0.002621,0.05
2019-01-04,262.11,0.000212,0.05
2019-01-05,261.4,0.000583,0.05
2019-01-06,259.87,0.003815,0.05
2019-01-07,257.69,0.01109,0.05
2019-01-08,256.83,0.001207,0.05
2019-01-09,258.11,0.004335,0.05
2019-01-10,260.82,0.001234,0.05
2019-01-11,260.95,0.00123,0.05
2019-01-12,261.2,0.000173,0.05
2019-01-13,259.56,0.000673,0.05
2019-01-14,254.49,0.000255,0.05
2019-01-15,260.62,-0.0,0.05
2019-01-16,263.41,5.8e-05,0.05
2019-01-17,260.43,0.002925,0.05
2019-01-18,257.93,0.000129,0.05
2019-01-19,258.4,0.0012,0.05
2019-01-20,261.55,8.5e-05,0.05
2019-01-21,261.6,0.000117,0.05
2019-01-22,261.55,0.015027,0.05
2019-01-23,261.37,0.018745,0.05
2019-01-24,258.47,0.000189,0.05
2019-01-25,258.92,0.016625,0.05
2019-01-26,260.36,0.005344,0.05
2019-01-27,258.97,0.001914,0.05
2019-01-28,256.71,0.001495,0.05
2019-01-29,256.17,0.000396,0.05
2019-01-30,262.53,5e-06,0.05
2019-01-31,262.8,0.00476,0.05
2019-02-01,262.06,0.00657,0.05
2019-02-02,260.97,5e-06,0.05
2019-02-03,261.6,1e-06,0.05
2019-02-04,262.75,2e-06,0.05
2019-02-05,264.18,1e-06,0.05
2019-02-06,263.23,0.002052,0.05
2019-02-07,263.17,0.047279,0.05
2019-02-08,262.11,0.015064,0.05
2019-02-09,259.35,0.005064,0.05
2019-02-10,263.32,7.6e-05,0.05
2019-02-11,261.7,0.000431,0.05
2019-02-12,263.19,7.7e-05,0.05
2019-02-13,265.36,0.000169,0.05
2019-02-14,264.87,0.003291,0.05
2019-02-15,262.79,0.002767,0.05
2019-02-16,258.67,0.00139,0.05
2019-02-17,260.0,0.001113,0.05
2019-02-18,262.75,0.011916,0.05
2019-02-19,262.11,0.008356,0.05
2019-02-20,265.03,0.000628,0.05
2019-02-21,263.44,0.001138,0.05
2019-02-22,263.6,0.002154,0.05
2019-02-23,263.77,0.001433,0.05
2019-02-24,262.85,0.007959,0.05
2019-02-25,259.98,0.007415,0.05
2019-02-26,259.39,0.004984,0.05
2019-02-27,260.04,0.029214,0.05
2019-02-28,256.25,0.004276,0.05
2019-03-01,259.55,7e-06,0.05
2019-03-02,264.32,0.000426,0.05
2019-03-03,263.57,0.012491,0.05
2019-03-04,262.11,0.004225,0.05
2019-03-05,261.37,0.001921,0.05
2019-03-06,262.52,0.002654,0.05
2019-03-07,262.65,0.003104,0.05
2019-03-08,262.62,0.001851,0.05
2019-03-09,264.13,0.00561,0.05
2019-03-10,265.08,0.002992,0.05
2019-03-11,264.63,0.001089,0.05
2019-03-12,264.63,5.2e-05,0.05
2019-03-13,267.23,0.000542,0.05
2019-03-14,266.4,0.003689,0.05
2019-03-15,263.84,0.000733,0.05
2019-03-16,264.3,4e-06,0.05
2019-03-17,265.58,0.001297,0.05
2019-03-18,262.93,0.002364,0.05
2019-03-19,264.17,0.003547,0.05
2019-03-20,262.51,0.002111,0.05
2019-03-21,263.72,0.00043,0.05
2019-03-22,263.95,0.000826,0.05
2019-03-23,265.12,0.000221,0.05
2019-03-24,265.48,0.000134,0.05
2019-03-25,266.41,0.003498,0.05
2019-03-26,263.41,0.005655,0.05
2019-03-27,265.37,0.000426,0.05
2019-03-28,267.17,0.000426,0.05
2019-03-29,268.73,0.004598,0.05
2019-03-30,266.98,0.003208,0.05
2019-03-31,266.6,0.001581,0.05
2019-04-01,265.68,0.001556,0.05
2019-04-02,266.32,0.003459,0.05
2019-04-03,267.35,0.008505,0.05
2019-04-04,268.4,0.002101,0.05
2019-04-05,268.66,0.002665,0.05
2019-04-06,268.41,0.005907,0.05
2019-04-07,266.8,0.003995,0.05
2019-04-08,267.73,0.003223,0.05
2019-04-09,267.97,0.001846,0.05
2019-04-10,269.98,0.001024,0.05
2019-04-11,268.85,0.003561,0.05
2019-04-12,270.24,0.000803,0.05
2019-04-13,269.43,0.001596,0.05
2019-04-14,268.11,0.001983,0.05
2019-04-15,268.8,0.001639,0.05
2019-04-16,270.84,0.008516,0.05
2019-04-17,269.81,0.008248,0.05
2019-04-18,266.4,0.000678,0.05
2019-04-19,266.23,0.000705,0.05
2019-04-20,265.51,0.003108,0.05
2019-04-21,267.58,0.003781,0.05
2019-04-22,267.5,0.004543,0.05
2019-04-23,268.22,0.002522,0.05
2019-04-24,270.16,0.002146,0.05
2019-04-25,270.84,0.001098,0.05
2019-04-26,272.67,0.01003,0.05
2019-04-27,272.5,0.005667,0.05
2019-04-28,272.08,0.005529,0.05
2019-04-29,272.24,0.00351,0.05
2019-04-30,271.9,0.002845,0.05
2019-05-01,271.56,0.000684,0.05
2019-05-02,271.58,0.00081,0.05
2019-05-03,272.84,0.000619,0.05
2019-05-04,273.47,0.00197,0.05
2019-05-05,271.15,0.001682,0.05
2019-05-06,270.64,0.001195,0.05
2019-05-07,272.29,0.001685,0.05
2019-05-08,272.29,0.001708,0.05
2019-05-09,272.11,0.001602,0.05
2019-05-10,273.06,0.001452,0.05
2019-05-11,272.29,0.002114,0.05
2019-05-12,271.54,0.001222,0.05
2019-05-13,270.88,0.002333,0.05
2019-05-14,271.3,0.003646,0.05
2019-05-15,271.59,0.003899,0.05
2019-05-16,271.76,0.00578,0.05
2019-05-17,272.55,0.001543,0.05
2019-05-18,272.07,0.001397,0.05
2019-05-19,271.93,0.000871,0.05
2019-05-20,272.65,0.003466,0.05
2019-05-21,273.16,0.003604,0.05
2019-05-22,273.33,0.003573,0.05
2019-05-23,273.44,0.00468,0.05
2019-05-24,274.62,0.002713,0.05
2019-05-25,273.48,0.002452,0.05
2019-05-26,272.43,0.00176,0.05
2019-05-27,273.28,0.001496,0.05
2019-05-28,273.29,0.001664,0.05
2019-05-29,273.33,0.001941,0.05
2019-05-30,273.88,0.008802,0.05
2019-05-31,274.26,0.006975,0.05
2019-06-01,274.39,0.003764,0.05
2019-06-02,274.4,0.004902,0.05
2019-06-03,274.39,0.005314,0.05
2019-06-04,275.63,0.006204,0.05
2019-06-05,276.23,0.007247,0.05
2019-06-06,276.68,0.009276,0.05
2019-06-07,276.25,0.004724,0.05
2019-06-08,275.77,0.000387,0.05
2019-06-09,275.14,0.000744,0.05
2019-06-10,275.83,0.00086,0.05
2019-06-11,276.97,0.004197,0.05
2019-06-12,276.93,0.004567,0.05
2019-06-13,277.66,0.003502,0.05
2019-06-14,277.73,0.006056,0.05
2019-06-15,277.46,0.002931,0.05
2019-06-16,277.52,0.005751,0.05
2019-06-17,276.38,0.003277,0.05
2019-06-18,276.13,0.00337,0.05
2019-06-19,276.9,0.005291,0.05
2019-06-20,276.95,0.001245,0.05
2019-06-21,277.83,0.0008,0.05
2019-06-22,278.0,0.010449,0.05
2019-06-23,277.28,0.008205,0.05
2019-06-24,277.93,0.00029,0.05
2019-06-25,278.34,0.001594,0.05
2019-06-26,278.09,0.003907,0.05
2019-06-27,277.89,0.005574,0.05
2019-06-28,277.85,0.016127,0.05
2019-06-29,278.25,0.008322,0.05
2019-06-30,278.12,0.00251,0.05
2019-07-01,278.41,0.003419,0.05
2019-07-02,279.16,0.002969,0.05
2019-07-03,279.57,0.008987,0.05
2019-07-04,279.49,0.012602,0.05
2019-07-05,279.14,0.01302,0.05
2019-07-06,278.37,0.014732,0.05
2019-07-07,278.78,0.009828,0.05
2019-07-08,279.19,0.015362,0.05
2019-07-09,278.18,0.0229,0.05
2019-07-10,278.37,0.013034,0.05
2019-07-11,278.43,0.027926,0.05
2019-07-12,277.28,0.062778,0.05
2019-07-13,277.28,0.035153,0.05
2019-07-14,276.73,0.029173,0.05
2019-07-15,276.13,0.02074,0.05
2019-07-16,276.38,0.007141,0.05
2019-07-17,277.15,0.001797,0.05
2019-07-18,277.49,0.001017,0.05
2019-07-19,277.65,0.004806,0.05
2019-07-20,277.88,0.006455,0.05
2019-07-21,278.16,0.004761,0.05
2019-07-22,278.46,0.005079,0.05
2019-07-23,278.97,0.028085,0.05
2019-07-24,278.74,0.036344,0.05
2019-07-25,278.25,0.018554,0.05
2019-07-26,278.63,0.010642,0.05
2019-07-27,278.65,0.015727,0.05
2019-07-28,279.36,0.021906,0.05
2019-07-29,279.0,0.019172,0.05
2019-07-30,278.87,0.011116,0.05
2019-07-31,278.99,0.005809,0.05
2019-08-01,278.57,0.011986,0.05
2019-08-02,278.49,0.019776,0.05
2019-08-03,279.17,0.013291,0.05
2019-08-04,279.65,0.01228,0.05
2019-08-05,279.45,0.019329,0.05
2019-08-06,278.92,0.009864,0.05
2019-08-07,279.63,0.006868,0.05
2019-08-08,279.77,0.019006,0.05
2019-08-09,278.49,0.019889,0.05
2019-08-10,279.3,0.005247,0.05
2019-08-11,278.95,0.018317,0.05
2019-08-12,279.06,0.007569,0.05
2019-08-13,279.12,0.0116,0.05
2019-08-14,279.45,0.013523,0.05
2019-08-15,279.02,0.0145,0.05
2019-08-16,279.03,0.004703,0.05
2019-08-17,278.94,0.005696,0.05
2019-08-18,278.54,0.004343,0.05
2019-08-19,278.28,0.004162,0.05
2019-08-20,278.59,0.002021,0.05
2019-08-21,278.73,0.003612,0.05
2019-08-22,278.62,0.003747,0.05
2019-08-23,279.14,0.009713,0.05
2019-08-24,278.56,0.020152,0.05
2019-08-25,278.07,0.010716,0.05
2019-08-26,278.49,0.01064,0.05
2019-08-27,278.54,0.006727,0.05
2019-08-28,279.14,0.009904,0.05
2019-08-29,279.15,0.011648,0.05
2019-08-30,279.67,0.014397,0.05
2019-08-31,279.13,0.027319,0.05
2019-09-01,278.18,0.01092,0.05
2019-09-02,278.88,0.008005,0.05
2019-09-03,279.07,0.021114,0.05
2019-09-04,278.79,0.01522,0.05
2019-09-05,279.01,0.017933,0.05
2019-09-06,278.8,0.018147,0.05
2019-09-07,278.86,0.010098,0.05
2019-09-08,279.26,0.005523,0.05
2019-09-09,279.33,0.005354,0.05
2019-09-10,279.52,0.00893,0.05
2019-09-11,279.54,0.014856,0.05
2019-09-12,277.88,0.034436,0.05
2019-09-13,277.61,0.009922,0.05
2019-09-14,278.1,0.005806,0.05
2019-09-15,278.35,0.007662,0.05
2019-09-16,277.72,0.007998,0.05
2019-09-17,276.74,0.018593,0.05
2019-09-18,274.93,0.032769,0.05
2019-09-19,274.0,0.006663,0.05
2019-09-20,274.77,0.002622,0.05
2019-09-21,275.18,0.003264,0.05
2019-09-22,275.23,0.005918,0.05
2019-09-23,275.52,0.020515,0.05
2019-09-24,275.27,0.030867,0.05
2019-09-25,275.13,0.020143,0.05
2019-09-26,275.29,0.006434,0.05
2019-09-27,274.88,0.008849,0.05
2019-09-28,274.33,0.026163,0.05
2019-09-29,274.09,0.016538,0.05
2019-09-30,273.85,0.002478,0.05
2019-10-01,274.57,0.004904,0.05
2019-10-02,274.48,0.00193,0.05
2019-10-03,274.39,0.00152,0.05
2019-10-04,273.79,0.000125,0.05
2019-10-05,273.32,0.000226,0.05
2019-10-06,274.03,0.000234,0.05
2019-10-07,274.23,0.0007,0.05
2019-10-08,273.27,0.00214,0.05
2019-10-09,272.15,0.000673,0.05
2019-10-10,270.86,0.000174,0.05
2019-10-11,271.9,0.000488,0.05
2019-10-12,271.65,0.000189,0.05
2019-10-13,272.42,0.000366,0.05
2019-10-14,273.12,0.001629,0.05
2019-10-15,272.79,0.000864,0.05
2019-10-16,272.06,0.000648,0.05
2019-10-17,272.23,0.000438,0.05
2019-10-18,272.35,0.000485,0.05
2019-10-19,272.57,0.000476,0.05
2019-10-20,271.98,0.005043,0.05
2019-10-21,270.46,0.000913,0.05
2019-10-22,271.84,0.000153,0.05
2019-10-23,271.3,0.000738,0.05
2019-10-24,270.47,0.000311,0.05
2019-10-25,270.92,0.001086,0.05
2019-10-26,269.61,0.000125,0.05
2019-10-27,271.3,4.5e-05,0.05
2019-10-28,271.94,7.8e-05,0.05
2019-10-29,271.61,0.000976,0.05
2019-10-30,271.33,0.004255,0.05
2019-10-31,269.94,0.000643,0.05
2019-11-01,269.97,0.00043,0.05
2019-11-02,270.26,0.00025,0.05
2019-11-03,269.79,0.001766,0.05
2019-11-04,268.75,0.002996,0.05
2019-11-05,269.01,0.001158,0.05
2019-11-06,271.35,0.000125,0.05
2019-11-07,270.44,0.000484,0.05
2019-11-08,269.46,0.001384,0.05
2019-11-09,268.82,7.5e-05,0.05
2019-11-10,269.38,0.000353,0.05
2019-11-11,269.72,0.000177,0.05
2019-11-12,271.41,1.4e-05,0.05
2019-11-13,272.57,0.0,0.05
2019-11-14,271.47,2e-06,0.05
2019-11-15,271.22,2.2e-05,0.05
2019-11-16,271.1,0.000108,0.05
2019-11-17,270.04,2e-06,0.05
2019-11-18,270.54,0.000282,0.05
2019-11-19,269.68,0.000848,0.05
2019-11-20,269.98,0.000251,0.05
2019-11-21,270.52,9.4e-05,0.05
2019-11-22,272.13,1.4e-05,0.05
2019-11-23,271.92,0.000477,0.05
2019-11-24,270.83,0.000434,0.05
2019-11-25,269.11,0.000448,0.05
2019-11-26,267.51,0.00035,0.05
2019-11-27,267.38,0.000764,0.05
2019-11-28,266.16,0.000287,0.05
2019-11-29,265.17,0.00244,0.05
2019-11-30,265.15,7.2e-05,0.05
2019-12-01,266.1,0.00026,0.05
2019-12-02,264.61,0.001138,0.05
2019-12-03,265.22,0.000176,0.05
2019-12-04,267.32,0.000857,0.05
2019-12-05,268.36,0.001432,0.05
2019-12-06,267.35,0.002331,0.05
2019-12-07,267.44,0.000239,0.05
2019-12-08,266.08,0.001195,0.05
2019-12-09,267.26,0.000139,0.05
2019-12-10,267.17,0.002286,0.05
2019-12-11,265.87,0.006441,0.05
2019-12-12,265.29,0.005164,0.05
2019-12-13,263.08,0.032638,0.05
2019-12-14,261.47,0.002538,0.05
2019-12-15,259.97,0.003648,0.05
2019-12-16,260.55,2e-06,0.05
2019-12-17,259.93,4e-06,0.05
2019-12-18,264.97,7e-06,0.05
2019-12-19,265.36,9.6e-05,0.05
2019-12-20,265.73,6.9e-05,0.05
2019-12-21,264.47,0.001906,0.05
2019-12-22,263.01,0.000932,0.05
2019-12-23,262.73,2.9e-05,0.05
2019-12-24,261.14,8e-06,0.05
2019-12-25,260.76,8.8e-05,0.05
2019-12-26,258.69,0.000564,0.05
2019-12-27,257.99,2e-05,0.05
2019-12-28,260.61,1e-06,0.05
2019-12-29,260.66,7.4e-05,0.05
2019-12-30,260.86,5.2e-05,0.05
2019-12-31,259.69,0.000127,0.05
2020-01-01,260.56,0.000589,0.05
2020-01-02,260.7,0.00451,0.05
2020-01-03,260.5,0.013244,0.05
2020-01-04,258.61,0.001193,0.05
2020-01-05,258.09,0.001028,0.05
2020-01-06,263.87,8e-06,0.05
2020-01-07,263.75,0.008627,0.05
2020-01-08,262.44,0.012859,0.05
2020-01-09,260.84,0.001658,0.05
2020-01-10,260.28,0.000549,0.05
2020-01-11,263.85,7.2e-05,0.05
2020-01-12,267.8,1e-06,0.05
2020-01-13,267.13,3.3e-05,0.05
2020-01-14,263.3,0.000552,0.05
2020-01-15,263.74,4.8e-05,0.05
2020-01-16,263.52,0.027043,0.05
2020-01-17,264.03,0.048187,0.05
2020-01-18,259.87,0.000727,0.05
2020-01-19,257.21,0.000208,0.05
2020-01-20,260.27,0.00029,0.05
2020-01-21,260.89,0.003439,0.05
2020-01-22,261.05,0.001258,0.05
2020-01-23,258.94,0.006059,0.05
2020-01-24,260.92,0.0,0.05
2020-01-25,261.73,0.004294,0.05
2020-01-26,260.48,0.010191,0.05
2020-01-27,262.69,0.003468,0.05
2020-01-28,262.08,0.002553,0.05
2020-01-29,261.16,0.005046,0.05
2020-01-30,260.42,0.000339,0.05
2020-01-31,262.0,0.000152,0.05
2020-02-01,259.18,0.00345,0.05
2020-02-02,261.23,0.000244,0.05
2020-02-03,262.34,0.000445,0.05
2020-02-04,261.78,0.000407,0.05
2020-02-05,261.21,0.000707,0.05
2020-02-06,261.03,0.000691,0.05
2020-02-07,259.94,0.00028,0.05
2020-02-08,257.45,0.000884,0.05
2020-02-09,260.15,0.000291,0.05
2020-02-10,261.4,0.002645,0.05
2020-02-11,266.22,0.000519,0.05
2020-02-12,267.15,0.000334,0.05
2020-02-13,269.66,0.000349,0.05
2020-02-14,267.57,0.002341,0.05
2020-02-15,266.66,0.000239,0.05
2020-02-16,268.98,8e-06,0.05
2020-02-17,266.32,0.001389,0.05
2020-02-18,265.87,7.3e-05,0.05
2020-02-19,266.69,0.000816,0.05
2020-02-20,266.11,0.00016,0.05
2020-02-21,265.61,0.008326,0.05
2020-02-22,263.51,0.000386,0.05
2020-02-23,262.9,2.7e-05,0.05
2020-02-24,260.94,4.7e-05,0.05
2020-02-25,262.17,0.00157,0.05
2020-02-26,261.29,0.00473,0.05
2020-02-27,263.39,0.000967,0.05
2020-02-28,264.24,0.000115,0.05
2020-02-29,263.18,0.000104,0.05
2020-03-01,263.31,0.000653,0.05
2020-03-02,262.01,0.000374,0.05
2020-03-03,262.05,0.003853,0.05
2020-03-04,262.16,0.001188,0.05
2020-03-05,262.18,0.0002,0.05
2020-03-06,263.42,0.00413,0.05
2020-03-07,263.1,0.012421,0.05
2020-03-08,263.71,5e-06,0.05
2020-03-09,265.54,0.00038,0.05
2020-03-10,265.79,0.001302,0.05
2020-03-11,265.1,0.001257,0.05
2020-03-12,264.06,3.4e-05,0.05
2020-03-13,265.4,0.008916,0.05
2020-03-14,264.83,0.007965,0.05
2020-03-15,261.65,0.001327,0.05
2020-03-16,263.44,8.5e-05,0.05
2020-03-17,263.73,0.000359,0.05
2020-03-18,263.83,0.000776,0.05
2020-03-19,263.98,0.000895,0.05
2020-03-20,261.66,0.000771,0.05
2020-03-21,261.35,0.002787,0.05
2020-03-22,264.18,0.002251,0.05
2020-03-23,265.2,0.00376,0.05
2020-03-24,267.88,0.001289,0.05
2020-03-25,266.48,0.004,0.05
2020-03-26,269.39,0.000888,0.05
2020-03-27,271.31,0.006269,0.05
2020-03-28,269.67,0.000359,0.05
2020-03-29,268.3,0.000582,0.05
2020-03-30,268.8,0.000732,0.05
2020-03-31,267.84,0.000196,0.05
2020-04-01,267.41,0.006006,0.05
2020-04-02,266.72,0.001202,0.05
2020-04-03,265.39,0.000684,0.05
2020-04-04,266.16,0.000869,0.05
2020-04-05,265.24,0.001727,0.05
2020-04-06,267.39,0.002989,0.05
2020-04-07,266.93,0.002099,0.05
2020-04-08,267.36,0.002559,0.05
2020-04-09,264.01,0.002764,0.05
2020-04-10,267.86,0.001399,0.05
2020-04-11,267.35,0.004164,0.05
2020-04-12,269.64,0.004662,0.05
2020-04-13,270.41,0.007497,0.05
2020-04-14,270.22,0.002098,0.05
2020-04-15,270.91,0.008041,0.05
2020-04-16,269.74,0.008302,0.05
2020-04-17,271.95,0.009578,0.05
2020-04-18,270.49,0.005296,0.05
2020-04-19,270.35,0.001813,0.05
2020-04-20,270.03,0.002482,0.05
2020-04-21,268.35,0.010016,0.05
2020-04-22,266.41,0.003985,0.05
2020-04-23,268.71,0.005955,0.05
2020-04-24,266.9,0.006568,0.05
2020-04-25,267.91,0.007399,0.05
2020-04-26,269.66,0.006287,0.05
2020-04-27,270.35,0.004422,0.05
2020-04-28,269.19,0.002044,0.05
2020-04-29,268.99,0.006282,0.05
2020-04-30,270.72,0.008213,0.05
2020-05-01,271.51,0.007069,0.05
2020-05-02,271.06,0.006829,0.05
2020-05-03,272.47,0.005631,0.05
2020-05-04,271.98,0.006354,0.05
2020-05-05,271.35,0.008275,0.05
2020-05-06,270.41,0.006187,0.05
2020-05-07,268.69,0.003548,0.05
2020-05-08,269.6,0.005486,0.05
2020-05-09,270.5,0.005243,0.05
2020-05-10,270.79,0.003075,0.05
2020-05-11,271.41,0.00346,0.05
2020-05-12,271.23,0.005203,0.05
2020-05-13,271.24,0.004883,0.05
2020-05-14,272.34,0.004377,0.05
2020-05-15,273.34,0.006355,0.05
2020-05-16,273.03,0.003102,0.05
2020-05-17,274.65,0.001502,0.05
2020-05-18,273.67,0.002007,0.05
2020-05-19,273.56,0.001144,0.05
2020-05-20,275.21,0.012016,0.05
2020-05-21,276.72,0.014555,0.05
2020-05-22,276.58,0.009529,0.05
2020-05-23,276.35,0.019213,0.05
2020-05-24,276.32,0.011618,0.05
2020-05-25,275.71,0.005099,0.05
2020-05-26,274.49,0.010607,0.05
2020-05-27,273.33,0.011018,0.05
2020-05-28,273.5,0.008838,0.05
2020-05-29,273.44,0.007128,0.05
2020-05-30,274.24,0.005319,0.05
2020-05-31,274.51,0.006732,0.05
2020-06-01,274.19,0.005219,0.05
2020-06-02,274.66,0.001199,0.05
2020-06-03,275.02,0.001164,0.05
2020-06-04,275.4,0.010886,0.05
2020-06-05,275.55,0.024057,0.05
2020-06-06,275.38,0.018707,0.05
2020-06-07,275.96,0.002554,0.05
2020-06-08,276.65,0.018177,0.05
2020-06-09,277.63,0.015867,0.05
2020-06-10,277.95,0.002258,0.05
2020-06-11,277.91,0.011594,0.05
2020-06-12,278.12,0.004056,0.05
2020-06-13,278.76,0.008769,0.05
2020-06-14,278.75,0.014383,0.05
2020-06-15,278.94,0.027353,0.05
2020-06-16,278.12,0.042684,0.05
2020-06-17,279.16,0.008391,0.05
2020-06-18,278.93,0.021514,0.05
2020-06-19,278.97,0.028731,0.05
2020-06-20,278.88,0.01703,0.05
2020-06-21,279.0,0.011274,0.05
2020-06-22,278.69,0.018833,0.05
2020-06-23,278.8,0.00934,0.05
2020-06-24,279.08,0.006907,0.05
2020-06-25,278.91,0.016446,0.05
2020-06-26,278.5,0.022565,0.05
2020-06-27,278.59,0.006734,0.05
2020-06-28,278.84,0.006427,0.05
2020-06-29,278.25,0.027604,0.05
2020-06-30,278.65,0.009382,0.05
2020-07-01,279.25,0.013471,0.05
2020-07-02,279.36,0.011728,0.05
2020-07-03,279.17,0.012171,0.05
2020-07-04,278.52,0.017196,0.05
2020-07-05,278.92,0.010914,0.05
2020-07-06,279.21,0.01881,0.05
2020-07-07,279.49,0.004147,0.05
2020-07-08,279.8,0.002101,0.05
2020-07-09,279.61,0.014628,0.05
2020-07-10,278.82,0.030206,0.05
2020-07-11,278.86,0.023222,0.05
2020-07-12,279.02,0.016828,0.05
2020-07-13,278.59,0.020834,0.05
2020-07-14,279.04,0.01136,0.05
2020-07-15,279.27,0.009318,0.05
2020-07-16,279.53,0.008103,0.05
2020-07-17,279.68,0.021338,0.05
2020-07-18,278.89,0.024882,0.05
2020-07-19,278.89,0.023836,0.05
2020-07-20,277.45,0.078834,0.05
2020-07-21,277.74,0.014218,0.05
2020-07-22,278.11,0.005469,0.05
2020-07-23,278.64,0.038758,0.05
2020-07-24,278.3,0.022016,0.05
2020-07-25,278.48,0.016144,0.05
2020-07-26,279.1,0.01004,0.05
2020-07-27,279.57,0.013846,0.05
2020-07-28,278.84,0.026095,0.05
2020-07-29,278.75,0.008085,0.05
2020-07-30,278.91,0.010016,0.05
2020-07-31,279.3,0.017968,0.05
2020-08-01,279.53,0.014378,0.05
2020-08-02,280.01,0.008355,0.05
2020-08-03,279.71,0.009606,0.05
2020-08-04,279.99,0.006365,0.05
2020-08-05,280.77,0.020741,0.05
2020-08-06,280.39,0.029361,0.05
2020-08-07,280.76,0.030952,0.05
2020-08-08,280.54,0.043867,0.05
2020-08-09,279.73,0.016403,0.05
2020-08-10,279.31,0.02115,0.05
2020-08-11,280.46,0.024796,0.05
2020-08-12,280.48,0.026243,0.05
2020-08-13,280.17,0.028682,0.05
2020-08-14,280.0,0.02092,0.05
2020-08-15,279.5,0.019985,0.05
2020-08-16,280.48,0.020371,0.05
2020-08-17,280.74,0.038292,0.05
2020-08-18,280.59,0.026949,0.05
2020-08-19,279.66,0.018387,0.05
2020-08-20,279.27,0.008464,0.05
2020-08-21,279.18,0.009492,0.05
2020-08-22,279.15,0.010373,0.05
2020-08-23,279.45,0.016494,0.05
2020-08-24,279.86,0.017131,0.05
2020-08-25,279.81,0.017875,0.05
2020-08-26,279.5,0.015937,0.05
2020-08-27,278.98,0.010397,0.05
2020-08-28,278.47,0.004682,0.05
2020-08-29,278.4,0.003534,0.05
2020-08-30,279.2,0.003868,0.05
2020-08-31,279.83,0.021568,0.05
2020-09-01,279.84,0.01119,0.05
2020-09-02,279.82,0.01194,0.05
2020-09-03,278.99,0.007531,0.05
2020-09-04,279.12,0.003915,0.05
2020-09-05,279.28,0.00436,0.05
2020-09-06,279.31,0.006037,0.05
2020-09-07,279.08,0.007659,0.05
2020-09-08,279.13,0.009914,0.05
2020-09-09,279.34,0.009606,0.05
2020-09-10,279.24,0.008181,0.05
2020-09-11,279.05,0.00746,0.05
2020-09-12,279.13,0.004884,0.05
2020-09-13,279.15,0.01053,0.05
2020-09-14,279.0,0.011418,0.05
2020-09-15,278.71,0.010232,0.05
2020-09-16,278.94,0.011286,0.05
2020-09-17,279.16,0.006097,0.05
2020-09-18,278.99,0.010712,0.05
2020-09-19,278.91,0.007289,0.05
2020-09-20,278.7,0.00221,0.05
2020-09-21,278.79,0.003938,0.05
2020-09-22,278.74,0.01923,0.05
2020-09-23,277.34,0.038638,0.05
2020-09-24,276.97,0.037318,0.05
2020-09-25,277.01,0.008997,0.05
2020-09-26,276.49,0.000729,0.05
2020-09-27,276.18,0.000487,0.05
2020-09-28,276.01,0.000178,0.05
2020-09-29,276.61,0.00031,0.05
2020-09-30,276.45,0.000335,0.05
2020-10-01,276.38,0.000426,0.05
2020-10-02,276.52,0.000334,0.05
2020-10-03,276.86,0.0002,0.05
2020-10-04,276.88,0.000359,0.05
2020-10-05,276.61,0.000315,0.05
2020-10-06,276.09,0.000163,0.05
2020-10-07,276.38,7.2e-05,0.05
2020-10-08,276.79,0.000179,0.05
2020-10-09,277.48,7.2e-05,0.05
2020-10-10,277.9,0.001244,0.05
2020-10-11,277.57,0.003536,0.05
2020-10-12,277.06,0.003796,0.05
2020-10-13,276.43,0.001559,0.05
2020-10-14,276.15,0.003254,0.05
2020-10-15,276.57,0.002505,0.05
2020-10-16,276.29,0.002513,0.05
2020-10-17,276.4,0.000654,0.05
2020-10-18,276.17,0.003077,0.05
2020-10-19,274.5,0.002525,0.05
2020-10-20,273.77,0.000497,0.05
2020-10-21,274.05,0.002213,0.05
2020-10-22,272.75,0.002524,0.05
2020-10-23,272.42,0.000342,0.05
2020-10-24,273.93,0.000142,0.05
2020-10-25,273.55,0.000154,0.05
2020-10-26,271.55,3.1e-05,0.05
2020-10-27,270.53,0.0,0.05
2020-10-28,271.6,1e-06,0.05
2020-10-29,271.76,3e-06,0.05
2020-10-30,272.71,6e-05,0.05
2020-10-31,272.74,0.000368,0.05
2020-11-01,272.9,0.000293,0.05
2020-11-02,272.21,0.000704,0.05
2020-11-03,269.95,0.002987,0.05
2020-11-04,267.27,0.000736,0.05
2020-11-05,267.81,1.9e-05,0.05
2020-11-06,269.37,4.7e-05,0.05
2020-11-07,269.56,7.6e-05,0.05
2020-11-08,270.09,2e-05,0.05
2020-11-09,270.06,0.000583,0.05
2020-11-10,268.56,0.000312,0.05
2020-11-11,269.34,1.4e-05,0.05
2020-11-12,270.02,2e-06,0.05
2020-11-13,270.16,3e-06,0.05
2020-11-14,270.67,0.0,0.05
2020-11-15,271.06,0.000107,0.05
2020-11-16,266.94,0.004917,0.05
2020-11-17,264.6,0.000129,0.05
2020-11-18,265.72,0.000208,0.05
2020-11-19,266.57,0.001378,0.05
2020-11-20,266.13,0.00118,0.05
2020-11-21,264.56,0.000661,0.05
2020-11-22,265.84,0.000235,0.05
2020-11-23,266.95,0.000992,0.05
2020-11-24,266.86,0.000568,0.05
2020-11-25,268.59,0.000169,0.05
2020-11-26,268.36,0.000115,0.05
2020-11-27,266.88,0.000459,0.05
2020-11-28,268.37,6e-06,0.05
2020-11-29,268.84,1.2e-05,0.05
2020-11-30,267.21,0.000706,0.05
2020-12-01,268.78,0.000232,0.05
2020-12-02,267.53,0.004372,0.05
2020-12-03,264.98,0.006027,0.05
2020-12-04,266.2,0.01113,0.05
2020-12-05,265.07,0.007243,0.05
2020-12-06,264.16,0.000291,0.05
2020-12-07,266.7,1.7e-05,0.05
2020-12-08,269.29,0.0,0.05
2020-12-09,268.76,3e-06,0.05
2020-12-10,268.0,5.4e-05,0.05
2020-12-11,269.03,0.00209,0.05
2020-12-12,266.34,0.003038,0.05
2020-12-13,264.86,0.000249,0.05
2020-12-14,265.41,5.1e-05,0.05
2020-12-15,265.81,5.3e-05,0.05
2020-12-16,264.33,0.000283,0.05
2020-12-17,264.08,0.000282,0.05
2020-12-18,264.58,0.001344,0.05
2020-12-19,266.23,0.000133,0.05
2020-12-20,269.2,1e-06,0.05
2020-12-21,270.04,5e-06,0.05
2020-12-22,269.0,6e-05,0.05
2020-12-23,268.5,0.000186,0.05
2020-12-24,265.83,0.00091,0.05
2020-12-25,263.83,6.8e-05,0.05
2020-12-26,267.5,5e-06,0.05
2020-12-27,267.8,0.000255,0.05
2020-12-28,265.9,0.000621,0.05
2020-12-29,266.29,1.7e-05,0.05
2020-12-30,265.79,0.000205,0.05
2020-12-31,267.33,1.8e-05,0.05
2021-01-01,268.25,4e-06,0.05
2021-01-02,268.42,3.5e-05,0.05
2021-01-03,269.51,0.000442,0.05
2021-01-04,269.03,0.00402,0.05
2021-01-05,268.71,0.005566,0.05
2021-01-06,267.35,0.000619,0.05
2021-01-07,266.37,4.6e-05,0.05
2021-01-08,268.28,2.5e-05,0.05
2021-01-09,269.2,1.6e-05,0.05
2021-01-10,269.85,8.3e-05,0.05
2021-01-11,270.37,0.000713,0.05
2021-01-12,269.69,0.001844,0.05
2021-01-13,271.34,0.000857,0.05
2021-01-14,271.23,0.000181,0.05
2021-01-15,271.4,7e-06,0.05
2021-01-16,268.85,7e-06,0.05
2021-01-17,268.11,8.3e-05,0.05
2021-01-18,267.28,0.005712,0.05
2021-01-19,266.37,0.012884,0.05
2021-01-20,264.54,0.012579,0.05
2021-01-21,265.65,0.000351,0.05
2021-01-22,267.44,3.4e-05,0.05
2021-01-23,266.59,0.000177,0.05
2021-01-24,264.78,0.004036,0.05
2021-01-25,263.85,0.000296,0.05
2021-01-26,263.13,0.000148,0.05
2021-01-27,263.39,1.1e-05,0.05
2021-01-28,263.0,0.000353,0.05
2021-01-29,258.32,0.003087,0.05
2021-01-30,258.98,0.001204,0.05
2021-01-31,262.26,0.002579,0.05
2021-02-01,261.87,0.000951,0.05
2021-02-02,263.28,1.4e-05,0.05
2021-02-03,262.91,0.000103,0.05
2021-02-04,261.83,3.8e-05,0.05
2021-02-05,261.35,0.01172,0.05
2021-02-06,258.51,0.000684,0.05
2021-02-07,262.3,0.002097,0.05
2021-02-08,263.96,8.8e-05,0.05
2021-02-09,265.38,0.000294,0.05
2021-02-10,264.92,0.001733,0.05
2021-02-11,263.23,2.4e-05,0.05
2021-02-12,264.23,3.7e-05,0.05
2021-02-13,264.27,7.8e-05,0.05
2021-02-14,264.41,0.00033,0.05
2021-02-15,262.89,0.000652,0.05
2021-02-16,261.44,0.000468,0.05
2021-02-17,261.33,9.5e-05,0.05
2021-02-18,260.64,0.00077,0.05
2021-02-19,261.21,0.000293,0.05
2021-02-20,265.1,0.000761,0.05
2021-02-21,268.15,0.000432,0.05
2021-02-22,267.97,6.1e-05,0.05
2021-02-23,266.71,0.002836,0.05
2021-02-24,265.93,0.004955,0.05
2021-02-25,266.41,0.006191,0.05
2021-02-26,268.82,0.006591,0.05
2021-02-27,270.48,0.007746,0.05
2021-02-28,270.0,0.008268,0.05
2021-03-01,268.06,0.004803,0.05
2021-03-02,266.1,0.001097,0.05
2021-03-03,268.11,0.003566,0.05
2021-03-04,266.66,0.014233,0.05
2021-03-05,264.72,0.006145,0.05
2021-03-06,264.97,0.003466,0.05
2021-03-07,265.63,0.005799,0.05
2021-03-08,265.75,0.002749,0.05
2021-03-09,264.54,0.002309,0.05
2021-03-10,264.86,0.001846,0.05
2021-03-11,264.63,0.000879,0.05
2021-03-12,266.94,0.000616,0.05
2021-03-13,267.12,0.003232,0.05
2021-03-14,267.4,0.002135,0.05
2021-03-15,266.48,0.000798,0.05
2021-03-16,266.21,0.000617,0.05
2021-03-17,267.01,0.001286,0.05
2021-03-18,266.56,0.000965,0.05
2021-03-19,268.49,0.000717,0.05
2021-03-20,267.28,0.001263,0.05
2021-03-21,266.44,0.000924,0.05
2021-03-22,267.23,0.001182,0.05
2021-03-23,269.12,0.000731,0.05
2021-03-24,267.96,0.004284,0.05
2021-03-25,265.97,0.000381,0.05
2021-03-26,266.97,7.6e-05,0.05
2021-03-27,267.58,0.000218,0.05
2021-03-28,267.87,0.00068,0.05
2021-03-29,269.22,0.011533,0.05
2021-03-30,269.74,0.011577,0.05
2021-03-31,269.5,0.011917,0.05
2021-04-01,267.3,0.004258,0.05
2021-04-02,266.0,0.003767,0.05
2021-04-03,264.4,0.000358,0.05
2021-04-04,264.86,0.000266,0.05
2021-04-05,267.69,0.000307,0.05
2021-04-06,268.84,0.003164,0.05
2021-04-07,269.11,0.003075,0.05
2021-04-08,268.9,0.00205,0.05
2021-04-09,268.11,0.000218,0.05
2021-04-10,267.32,0.000386,0.05
2021-04-11,268.36,0.000266,0.05
2021-04-12,267.44,0.00051,0.05
2021-04-13,267.08,0.001822,0.05
2021-04-14,268.41,0.001293,0.05
2021-04-15,269.1,0.001737,0.05
2021-04-16,269.31,0.003529,0.05
2021-04-17,270.0,0.004975,0.05
2021-04-18,268.21,0.001248,0.05
2021-04-19,269.28,0.003683,0.05
2021-04-20,270.77,0.001829,0.05
2021-04-21,270.41,0.011302,0.05
2021-04-22,267.53,0.006166,0.05
2021-04-23,268.74,0.000606,0.05
2021-04-24,268.01,0.002354,0.05
2021-04-25,267.53,0.000804,0.05
2021-04-26,268.56,0.000761,0.05
2021-04-27,269.19,0.002228,0.05
2021-04-28,269.48,0.002105,0.05
2021-04-29,269.69,0.004378,0.05
2021-04-30,270.59,0.004132,0.05
2021-05-01,271.08,0.005025,0.05
2021-05-02,271.31,0.004139,0.05
2021-05-03,272.04,0.005856,0.05
2021-05-04,272.45,0.009211,0.05
2021-05-05,272.54,0.008996,0.05
2021-05-06,271.53,0.00654,0.05
2021-05-07,271.68,0.003739,0.05
2021-05-08,271.07,0.003068,0.05
2021-05-09,271.07,0.002931,0.05
2021-05-10,270.81,0.004307,0.05
2021-05-11,271.63,0.003773,0.05
2021-05-12,271.14,0.01652,0.05
2021-05-13,271.21,0.005792,0.05
2021-05-14,270.92,0.003517,0.05
2021-05-15,272.12,0.001371,0.05
2021-05-16,273.5,0.001446,0.05
2021-05-17,275.55,0.006018,0.05
2021-05-18,276.45,0.004694,0.05
2021-05-19,275.7,0.021591,0.05
2021-05-20,275.1,0.019021,0.05
2021-05-21,275.72,0.000399,0.05
2021-05-22,276.06,0.000462,0.05
2021-05-23,276.87,0.000812,0.05
2021-05-24,276.68,0.003039,0.05
2021-05-25,277.03,0.01168,0.05
2021-05-26,277.27,0.017231,0.05
2021-05-27,278.04,0.018775,0.05
2021-05-28,276.61,0.049693,0.05
2021-05-29,276.02,0.003842,0.05
2021-05-30,276.87,0.002262,0.05
2021-05-31,276.63,0.006313,0.05
2021-06-01,276.1,0.001796,0.05
2021-06-02,275.58,0.00121,0.05
2021-06-03,276.54,0.000622,0.05
2021-06-04,276.78,0.005464,0.05
2021-06-05,277.19,0.002289,0.05
2021-06-06,277.56,0.005127,0.05
2021-06-07,277.09,0.004264,0.05
2021-06-08,277.36,0.019033,0.05
2021-06-09,278.33,0.027023,0.05
2021-06-10,277.78,0.004797,0.05
2021-06-11,277.75,0.007865,0.05
2021-06-12,277.64,0.023742,0.05
2021-06-13,278.26,0.011152,0.05
2021-06-14,279.03,0.013733,0.05
2021-06-15,278.38,0.017699,0.05
2021-06-16,278.83,0.010591,0.05
2021-06-17,278.85,0.009357,0.05
2021-06-18,278.56,0.0147,0.05
2021-06-19,278.04,0.013239,0.05
2021-06-20,277.93,0.020205,0.05
2021-06-21,278.66,0.0071,0.05
2021-06-22,278.68,0.015822,0.05
2021-06-23,278.34,0.010974,0.05
2021-06-24,277.99,0.003249,0.05
2021-06-25,278.05,0.002358,0.05
2021-06-26,278.0,0.013924,0.05
2021-06-27,278.54,0.008837,0.05
2021-06-28,278.82,0.008077,0.05
2021-06-29,279.4,0.020883,0.05
2021-06-30,279.8,0.03965,0.05
2021-07-01,277.77,0.070368,0.05
2021-07-02,277.23,0.052437,0.05
2021-07-03,277.58,0.013109,0.05
2021-07-04,278.39,0.007672,0.05
2021-07-05,279.05,0.00834,0.05
2021-07-06,279.71,0.006424,0.05
2021-07-07,279.75,0.011274,0.05
2021-07-08,278.83,0.024138,0.05
2021-07-09,279.17,0.017818,0.05
2021-07-10,279.23,0.029034,0.05
2021-07-11,278.62,0.019381,0.05
2021-07-12,278.52,0.012643,0.05
2021-07-13,278.6,0.012783,0.05
2021-07-14,278.93,0.008218,0.05
2021-07-15,278.76,0.021095,0.05
2021-07-16,278.51,0.029778,0.05
2021-07-17,279.22,0.020995,0.05
2021-07-18,278.8,0.02131,0.05
2021-07-19,279.43,0.028197,0.05
2021-07-20,279.25,0.029811,0.05
2021-07-21,279.4,0.017024,0.05
2021-07-22,279.11,0.013675,0.05
2021-07-23,280.2,0.009789,0.05
2021-07-24,280.47,0.016419,0.05
2021-07-25,280.56,0.02736,0.05
2021-07-26,279.04,0.047465,0.05
2021-07-27,279.16,0.021477,0.05
2021-07-28,279.25,0.020031,0.05
2021-07-29,279.4,0.015211,0.05
2021-07-30,279.72,0.014559,0.05
2021-07-31,279.91,0.007775,0.05
2021-08-01,279.88,0.011323,0.05
2021-08-02,280.0,0.018013,0.05
2021-08-03,279.71,0.014728,0.05
2021-08-04,278.97,0.024749,0.05
2021-08-05,278.67,0.010787,0.05
2021-08-06,278.5,0.011012,0.05
2021-08-07,279.11,0.007,0.05
2021-08-08,279.56,0.016413,0.05
2021-08-09,279.79,0.012915,0.05
2021-08-10,280.26,0.006749,0.05
2021-08-11,280.58,0.009563,0.05
2021-08-12,280.35,0.01194,0.05
2021-08-13,279.99,0.024173,0.05
2021-08-14,279.79,0.047923,0.05
2021-08-15,279.29,0.018886,0.05
2021-08-16,279.52,0.006729,0.05
2021-08-17,279.79,0.005884,0.05
2021-08-18,279.91,0.018142,0.05
2021-08-19,279.73,0.032805,0.05
2021-08-20,279.32,0.020085,0.05
2021-08-21,279.17,0.020164,0.05
2021-08-22,279.15,0.021745,0.05
2021-08-23,279.44,0.014028,0.05
2021-08-24,279.96,0.012863,0.05
2021-08-25,279.51,0.043128,0.05
2021-08-26,279.84,0.037201,0.05
2021-08-27,278.0,0.031197,0.05
2021-08-28,277.81,0.029407,0.05
2021-08-29,276.61,0.028007,0.05
2021-08-30,277.07,0.005178,0.05
2021-08-31,277.54,0.00461,0.05
2021-09-01,278.03,0.00439,0.05
2021-09-02,278.06,0.007295,0.05
2021-09-03,278.18,0.01577,0.05
2021-09-04,279.04,0.007242,0.05
2021-09-05,279.47,0.017162,0.05
2021-09-06,278.68,0.028866,0.05
2021-09-07,278.24,0.027029,0.05
2021-09-08,277.47,0.014903,0.05
2021-09-09,277.79,0.018299,0.05
2021-09-10,277.53,0.006558,0.05
2021-09-11,277.95,0.005224,0.05
2021-09-12,278.29,0.006396,0.05
2021-09-13,278.22,0.006029,0.05
2021-09-14,278.33,0.009855,0.05
2021-09-15,277.15,0.024374,0.05
2021-09-16,276.62,0.013613,0.05
2021-09-17,276.01,0.017256,0.05
2021-09-18,276.66,0.010887,0.05
2021-09-19,276.54,0.033253,0.05
2021-09-20,276.7,0.041402,0.05
2021-09-21,276.71,0.006973,0.05
2021-09-22,276.6,0.006753,0.05
2021-09-23,277.04,0.006588,0.05
2021-09-24,277.33,0.004425,0.05
2021-09-25,277.38,0.006606,0.05
2021-09-26,276.93,0.005255,0.05
2021-09-27,277.28,0.010107,0.05
2021-09-28,277.16,0.008972,0.05
2021-09-29,277.17,0.016224,0.05
2021-09-30,276.68,0.0072,0.05
2021-10-01,276.91,0.010116,0.05
2021-10-02,276.47,0.006053,0.05
2021-10-03,276.24,0.005293,0.05
2021-10-04,276.22,0.001975,0.05
2021-10-05,276.44,0.00057,0.05
2021-10-06,276.48,0.004101,0.05
2021-10-07,276.45,0.004025,0.05
2021-10-08,276.7,0.005845,0.05
2021-10-09,276.44,0.00432,0.05
2021-10-10,276.29,0.000928,0.05
2021-10-11,276.48,0.000161,0.05
2021-10-12,275.96,2.4e-05,0.05
2021-10-13,276.58,6.2e-05,0.05
2021-10-14,275.99,0.000163,0.05
2021-10-15,276.37,5.7e-05,0.05
2021-10-16,276.88,0.000838,0.05
2021-10-17,276.9,0.003893,0.05
2021-10-18,276.76,0.02296,0.05
2021-10-19,275.86,0.040952,0.05
2021-10-20,274.43,0.018467,0.05
2021-10-21,272.72,0.002724,0.05
2021-10-22,273.51,0.013937,0.05
2021-10-23,272.61,0.00388,0.05
2021-10-24,270.9,0.000512,0.05
2021-10-25,269.02,0.000454,0.05
2021-10-26,269.99,0.00039,0.05
2021-10-27,269.35,0.001071,0.05
2021-10-28,268.8,0.000251,0.05
2021-10-29,271.39,0.000198,0.05
2021-10-30,271.69,0.003885,0.05
2021-10-31,270.84,0.003811,0.05
2021-11-01,269.45,0.002003,0.05
2021-11-02,268.54,0.00043,0.05
2021-11-03,268.17,0.000154,0.05
2021-11-04,267.52,2.5e-05,0.05
2021-11-05,270.1,0.000129,0.05
2021-11-06,270.78,5.6e-05,0.05
2021-11-07,272.64,0.000257,0.05
2021-11-08,271.91,0.000224,0.05
2021-11-09,271.58,0.000257,0.05
2021-11-10,272.91,0.000964,0.05
2021-11-11,273.09,0.000329,0.05
2021-11-12,272.07,8.5e-05,0.05
2021-11-13,270.7,2.7e-05,0.05
2021-11-14,271.13,2.2e-05,0.05
2021-11-15,269.71,0.000342,0.05
2021-11-16,270.39,1.5e-05,0.05
2021-11-17,272.24,1e-06,0.05
2021-11-18,273.03,0.000121,0.05
2021-11-19,272.28,0.001238,0.05
2021-11-20,272.4,0.001724,0.05
2021-11-21,270.52,0.00088,0.05
2021-11-22,268.11,0.003645,0.05
2021-11-23,266.6,0.004875,0.05
2021-11-24,268.04,0.007673,0.05
2021-11-25,267.29,0.00962,0.05
2021-11-26,265.56,0.005582,0.05
2021-11-27,265.34,0.003158,0.05
2021-11-28,268.4,0.000299,0.05
2021-11-29,269.24,5e-06,0.05
2021-11-30,270.79,2e-06,0.05
2021-12-01,272.42,2.9e-05,0.05
2021-12-02,273.18,0.001177,0.05
2021-12-03,272.52,0.009001,0.05
2021-12-04,269.13,0.000304,0.05
2021-12-05,269.82,0.000171,0.05
2021-12-06,267.39,0.002363,0.05
2021-12-07,265.94,0.000113,0.05
2021-12-08,268.02,1.8e-05,0.05
2021-12-09,265.99,0.000142,0.05
2021-12-10,262.7,0.000403,0.05
2021-12-11,263.97,0.000224,0.05
2021-12-12,267.37,0.000713,0.05
2021-12-13,267.67,0.000207,0.05
2021-12-14,266.02,0.000295,0.05
2021-12-15,265.8,3e-05,0.05
2021-12-16,266.58,5.6e-05,0.05
2021-12-17,265.66,0.000243,0.05
2021-12-18,263.68,0.000157,0.05
2021-12-19,262.77,5.2e-05,0.05
2021-12-20,262.9,0.000331,0.05
2021-12-21,263.01,0.001772,0.05
2021-12-22,260.14,0.010384,0.05
2021-12-23,261.46,0.00175,0.05
2021-12-24,261.2,0.004704,0.05
2021-12-25,259.64,0.013343,0.05
2021-12-26,260.78,0.005734,0.05
2021-12-27,260.58,0.003097,0.05
2021-12-28,262.2,0.013033,0.05
2021-12-29,261.79,0.027321,0.05
2021-12-30,259.86,8.9e-05,0.05
2021-12-31,261.16,2.3e-05,0.05
2022-01-01,261.13,6.1e-05,0.05
2022-01-02,261.46,6e-05,0.05
2022-01-03,260.64,0.001018,0.05
2022-01-04,264.24,1.9e-05,0.05
2022-01-05,265.02,0.000125,0.05
2022-01-06,264.02,0.002543,0.05
2022-01-07,264.9,0.001528,0.05
2022-01-08,265.34,0.003721,0.05
2022-01-09,263.59,0.000621,0.05
2022-01-10,262.12,0.000379,0.05
2022-01-11,261.07,2.7e-05,0.05
2022-01-12,258.98,0.000881,0.05
2022-01-13,260.03,3.8e-05,0.05
2022-01-14,261.45,1.1e-05,0.05
2022-01-15,259.39,0.000159,0.05
2022-01-16,260.48,3.8e-05,0.05
2022-01-17,262.65,0.006263,0.05
2022-01-18,262.0,0.009885,0.05
2022-01-19,260.79,0.008527,0.05
2022-01-20,259.75,0.01144,0.05
2022-01-21,260.24,0.008837,0.05
2022-01-22,261.41,0.007154,0.05
2022-01-23,260.69,0.001319,0.05
2022-01-24,260.03,0.001472,0.05
2022-01-25,260.06,0.000501,0.05
2022-01-26,258.23,0.001246,0.05
2022-01-27,256.7,0.001693,0.05
2022-01-28,260.44,0.000548,0.05
2022-01-29,264.01,0.000991,0.05
2022-01-30,263.67,0.001421,0.05
2022-01-31,263.4,0.010315,0.05
2022-02-01,261.32,0.01184,0.05
2022-02-02,263.64,0.004963,0.05
2022-02-03,261.42,0.018763,0.05
2022-02-04,259.87,0.027221,0.05
2022-02-05,259.44,0.006446,0.05
2022-02-06,264.38,3.2e-05,0.05
2022-02-07,263.79,0.001628,0.05
2022-02-08,262.87,0.001379,0.05
2022-02-09,261.35,0.005611,0.05
2022-02-10,260.5,0.002074,0.05
2022-02-11,259.37,0.000804,0.05
2022-02-12,261.26,0.0,0.05
2022-02-13,263.54,0.000281,0.05
2022-02-14,263.84,1.8e-05,0.05
2022-02-15,261.21,0.000452,0.05
2022-02-16,260.28,0.000454,0.05
2022-02-17,262.55,0.001262,0.05
2022-02-18,264.13,0.001556,0.05
2022-02-19,260.17,0.002452,0.05
2022-02-20,258.76,0.006423,0.05
2022-02-21,259.83,0.017316,0.05
2022-02-22,264.13,0.001184,0.05
2022-02-23,263.89,0.000503,0.05
2022-02-24,262.85,0.000134,0.05
2022-02-25,260.8,0.000648,0.05
2022-02-26,261.21,8.1e-05,0.05
2022-02-27,261.91,0.000636,0.05
2022-02-28,262.94,0.0006,0.05
2022-03-01,263.35,5.4e-05,0.05
2022-03-02,263.0,2.5e-05,0.05
2022-03-03,263.29,0.000535,0.05
2022-03-04,263.79,0.001163,0.05
2022-03-05,264.74,4.5e-05,0.05
2022-03-06,267.64,4e-06,0.05
2022-03-07,266.02,8e-06,0.05
2022-03-08,266.78,0.0,0.05
2022-03-09,266.89,3e-06,0.05
2022-03-10,266.11,0.001286,0.05
2022-03-11,263.57,9e-05,0.05
2022-03-12,265.88,0.002327,0.05
2022-03-13,268.12,0.00015,0.05
2022-03-14,269.48,2e-06,0.05
2022-03-15,267.45,0.000394,0.05
2022-03-16,268.13,0.003056,0.05
2022-03-17,270.84,0.003139,0.05
2022-03-18,271.56,0.0024,0.05
2022-03-19,272.0,6e-06,0.05
2022-03-20,270.69,8.6e-05,0.05
2022-03-21,268.94,7.9e-05,0.05
2022-03-22,269.31,0.002576,0.05
2022-03-23,270.17,0.002465,0.05
2022-03-24,269.37,0.004537,0.05
2022-03-25,269.43,0.001922,0.05
2022-03-26,270.4,0.002198,0.05
2022-03-27,271.82,0.002512,0.05
2022-03-28,273.35,0.00115,0.05
2022-03-29,274.0,0.001063,0.05
2022-03-30,273.79,0.009611,0.05
2022-03-31,273.31,0.015615,0.05
2022-04-01,274.26,0.012559,0.05
2022-04-02,273.84,0.015823,0.05
2022-04-03,272.08,0.007273,0.05
2022-04-04,272.16,0.005887,0.05
2022-04-05,272.35,0.004516,0.05
2022-04-06,272.44,0.004348,0.05
2022-04-07,272.15,0.005526,0.05
2022-04-08,271.3,0.004248,0.05
2022-04-09,271.63,0.004411,0.05
2022-04-10,271.91,0.003733,0.05
2022-04-11,274.35,0.001828,0.05
2022-04-12,274.34,0.000238,0.05
2022-04-13,274.13,0.002081,0.05
2022-04-14,271.67,0.000486,0.05
2022-04-15,270.64,0.000945,0.05
2022-04-16,269.85,0.000424,0.05
2022-04-17,270.24,0.001235,0.05
2022-04-18,271.7,0.00059,0.05
2022-04-19,271.41,0.003338,0.05
2022-04-20,272.31,0.009907,0.05
2022-04-21,272.79,0.002573,0.05
2022-04-22,271.82,0.003251,0.05
2022-04-23,272.14,0.00093,0.05
2022-04-24,271.06,0.00029,0.05
2022-04-25,271.63,0.001088,0.05
2022-04-26,271.25,0.001307,0.05
2022-04-27,272.03,0.000783,0.05
2022-04-28,273.25,0.0012,0.05
2022-04-29,272.81,0.005573,0.05
2022-04-30,273.16,0.012259,0.05
2022-05-01,272.31,0.008218,0.05
2022-05-02,271.86,0.003992,0.05
2022-05-03,273.14,0.01027,0.05
2022-05-04,273.29,0.004211,0.05
2022-05-05,273.75,0.003928,0.05
2022-05-06,273.74,0.00734,0.05
2022-05-07,273.92,0.004237,0.05
2022-05-08,274.0,0.004243,0.05
2022-05-09,274.91,0.003834,0.05
2022-05-10,275.32,0.004465,0.05
2022-05-11,275.56,0.005698,0.05
2022-05-12,275.75,0.002905,0.05
2022-05-13,276.48,0.006308,0.05
2022-05-14,277.07,0.003258,0.05
2022-05-15,277.43,0.005629,0.05
2022-05-16,276.41,0.00845,0.05
2022-05-17,274.46,0.000693,0.05
2022-05-18,274.3,0.001181,0.05
2022-05-19,274.71,0.003893,0.05
2022-05-20,274.53,0.005967,0.05
2022-05-21,274.45,0.010018,0.05
2022-05-22,273.3,0.007584,0.05
2022-05-23,273.36,0.004423,0.05
2022-05-24,274.31,0.006882,0.05
2022-05-25,273.74,0.013283,0.05
2022-05-26,273.2,0.004767,0.05
2022-05-27,274.31,0.006592,0.05
2022-05-28,275.71,0.010326,0.05
2022-05-29,276.77,0.006103,0.05
2022-05-30,276.74,0.008013,0.05
2022-05-31,276.84,0.005497,0.05
2022-06-01,277.24,0.004418,0.05
2022-06-02,276.85,0.001276,0.05
2022-06-03,277.1,0.001677,0.05
2022-06-04,277.3,0.002762,0.05
2022-06-05,277.73,0.005621,0.05
2022-06-06,278.66,0.007396,0.05
2022-06-07,278.63,0.011337,0.05
2022-06-08,278.52,0.007733,0.05
2022-06-09,278.58,0.013728,0.05
2022-06-10,278.24,0.003359,0.05
2022-06-11,278.07,0.004292,0.05
2022-06-12,277.81,0.001378,0.05
2022-06-13,278.71,0.005546,0.05
2022-06-14,278.93,0.012889,0.05
2022-06-15,278.47,0.034278,0.05
2022-06-16,277.18,0.049005,0.05
2022-06-17,276.55,0.017408,0.05
2022-06-18,276.96,0.013901,0.05
2022-06-19,277.39,0.009283,0.05
2022-06-20,277.17,0.006077,0.05
2022-06-21,277.57,0.003975,0.05
2022-06-22,278.32,0.002075,0.05
2022-06-23,279.19,0.007867,0.05
2022-06-24,279.51,0.022715,0.05
2022-06-25,279.04,0.03704,0.05
2022-06-26,278.56,0.025004,0.05
2022-06-27,278.62,0.014611,0.05
2022-06-28,279.4,0.032423,0.05
2022-06-29,279.05,0.027574,0.05
2022-06-30,279.28,0.010243,0.05
2022-07-01,279.93,0.01772,0.05
2022-07-02,279.43,0.015709,0.05
2022-07-03,279.76,0.012761,0.05
2022-07-04,280.45,0.016475,0.05
2022-07-05,281.15,0.019178,0.05
2022-07-06,280.72,0.00615,0.05
2022-07-07,280.73,0.013889,0.05
2022-07-08,280.49,0.022105,0.05
2022-07-09,279.38,0.01549,0.05
2022-07-10,279.68,0.009862,0.05
2022-07-11,280.0,0.006536,0.05
2022-07-12,280.31,0.012407,0.05
2022-07-13,280.07,0.010346,0.05
2022-07-14,279.6,0.008045,0.05
2022-07-15,279.75,0.007095,0.05
2022-07-16,280.29,0.00603,0.05
2022-07-17,280.32,0.007143,0.05
2022-07-18,280.32,0.022267,0.05
2022-07-19,280.05,0.024843,0.05
2022-07-20,279.58,0.014883,0.05
2022-07-21,279.14,0.021504,0.05
2022-07-22,279.09,0.027872,0.05
2022-07-23,277.99,0.029937,0.05
2022-07-24,277.64,0.024526,0.05
2022-07-25,278.18,0.020041,0.05
2022-07-26,278.36,0.024987,0.05
2022-07-27,278.61,0.016748,0.05
2022-07-28,279.15,0.020417,0.05
2022-07-29,279.21,0.012112,0.05
2022-07-30,279.46,0.018954,0.05
2022-07-31,278.95,0.018818,0.05
2022-08-01,279.84,0.01493,0.05
2022-08-02,279.78,0.017923,0.05
2022-08-03,279.86,0.019183,0.05
2022-08-04,279.45,0.02089,0.05
2022-08-05,279.99,0.01871,0.05
2022-08-06,279.46,0.011347,0.05
2022-08-07,279.92,0.008222,0.05
2022-08-08,280.55,0.009947,0.05
2022-08-09,280.86,0.020696,0.05
2022-08-10,280.27,0.032045,0.05
2022-08-11,279.73,0.013014,0.05
2022-08-12,280.45,0.00519,0.05
2022-08-13,280.66,0.021801,0.05
2022-08-14,278.82,0.01479,0.05
2022-08-15,279.2,0.007787,0.05
2022-08-16,278.65,0.007146,0.05
2022-08-17,279.7,0.011968,0.05
2022-08-18,280.48,0.006853,0.05
2022-08-19,279.53,0.021586,0.05
2022-08-20,279.46,0.008521,0.05
2022-08-21,279.25,0.004647,0.05
2022-08-22,279.5,0.004932,0.05
2022-08-23,279.67,0.008026,0.05
2022-08-24,279.69,0.007296,0.05
2022-08-25,280.29,0.01286,0.05
2022-08-26,279.9,0.019834,0.05
2022-08-27,279.63,0.021478,0.05
2022-08-28,279.11,0.01436,0.05
2022-08-29,279.07,0.019421,0.05
2022-08-30,279.43,0.009627,0.05
2022-08-31,279.5,0.014855,0.05
2022-09-01,279.05,0.028424,0.05
2022-09-02,279.17,0.014479,0.05
2022-09-03,278.8,0.012105,0.05
2022-09-04,278.15,0.003371,0.05
2022-09-05,278.19,0.003063,0.05
2022-09-06,278.47,0.002545,0.05
2022-09-07,278.69,0.011623,0.05
2022-09-08,278.78,0.01517,0.05
2022-09-09,278.31,0.016909,0.05
2022-09-10,278.19,0.017752,0.05
2022-09-11,277.94,0.008005,0.05
2022-09-12,277.99,0.012563,0.05
2022-09-13,277.62,0.008923,0.05
2022-09-14,278.25,0.015054,0.05
2022-09-15,277.94,0.008348,0.05
2022-09-16,277.91,0.00552,0.05
2022-09-17,277.07,0.02239,0.05
2022-09-18,277.31,0.003217,0.05
2022-09-19,277.68,0.003032,0.05
2022-09-20,278.11,0.005734,0.05
2022-09-21,277.84,0.002554,0.05
2022-09-22,277.65,0.001096,0.05
2022-09-23,277.44,0.001739,0.05
2022-09-24,277.31,0.001948,0.05
2022-09-25,277.2,0.005343,0.05
2022-09-26,276.75,0.003599,0.05
2022-09-27,276.6,0.001299,0.05
2022-09-28,276.29,0.000378,0.05
2022-09-29,276.36,0.000638,0.05
2022-09-30,276.18,0.00151,0.05
2022-10-01,276.63,0.001059,0.05
2022-10-02,276.8,0.000755,0.05
2022-10-03,277.42,0.000642,0.05
2022-10-04,277.17,0.026697,0.05
2022-10-05,275.42,0.021023,0.05
2022-10-06,274.92,0.01384,0.05
2022-10-07,275.57,0.005472,0.05
2022-10-08,275.77,0.006605,0.05
2022-10-09,275.71,0.006402,0.05
2022-10-10,275.63,0.007577,0.05
2022-10-11,274.97,0.011119,0.05
2022-10-12,273.77,0.004321,0.05
2022-10-13,272.34,9.2e-05,0.05
2022-10-14,271.54,3.1e-05,0.05
2022-10-15,271.48,1.3e-05,0.05
2022-10-16,270.53,4e-06,0.05
2022-10-17,270.76,2.3e-05,0.05
2022-10-18,269.38,7.2e-05,0.05
2022-10-19,267.66,0.001058,0.05
2022-10-20,267.54,0.000562,0.05
2022-10-21,268.94,0.000522,0.05
2022-10-22,269.02,0.000949,0.05
2022-10-23,267.39,0.00038,0.05
2022-10-24,269.42,0.000608,0.05
2022-10-25,272.53,2.4e-05,0.05
2022-10-26,270.35,0.000129,0.05
2022-10-27,271.67,0.000554,0.05
2022-10-28,269.96,0.001193,0.05
2022-10-29,269.65,0.000969,0.05
2022-10-30,270.28,0.000611,0.05
2022-10-31,271.6,0.000121,0.05
2022-11-01,270.31,0.000356,0.05
2022-11-02,268.11,0.000114,0.05
2022-11-03,268.57,0.000789,0.05
2022-11-04,269.4,0.000621,0.05
2022-11-05,269.45,0.000752,0.05
2022-11-06,268.53,0.000506,0.05
2022-11-07,270.85,0.000232,0.05
2022-11-08,270.81,1.7e-05,0.05
2022-11-09,269.48,0.000109,0.05
2022-11-10,268.78,0.000338,0.05
2022-11-11,267.32,0.000238,0.05
2022-11-12,267.56,0.000353,0.05
2022-11-13,269.19,0.000151,0.05
2022-11-14,269.77,0.000271,0.05
2022-11-15,267.98,0.000813,0.05
2022-11-16,268.13,0.000779,0.05
2022-11-17,266.15,0.000203,0.05
2022-11-18,268.97,0.000417,0.05
2022-11-19,271.08,0.000103,0.05
2022-11-20,270.68,0.000225,0.05
2022-11-21,271.13,1.7e-05,0.05
2022-11-22,270.74,0.000198,0.05
2022-11-23,270.38,3.5e-05,0.05
2022-11-24,270.9,5e-06,0.05
2022-11-25,271.18,2e-06,0.05
2022-11-26,271.64,0.000507,0.05
2022-11-27,270.8,0.000127,0.05
2022-11-28,270.81,1.8e-05,0.05
2022-11-29,270.67,7e-06,0.05
2022-11-30,269.72,1.2e-05,0.05
2022-12-01,268.4,1.2e-05,0.05
2022-12-02,270.16,1.1e-05,0.05
2022-12-03,269.16,1.4e-05,0.05
2022-12-04,269.56,0.0,0.05
2022-12-05,268.94,6e-06,0.05
2022-12-06,268.9,1.1e-05,0.05
2022-12-07,269.03,1.2e-05,0.05
2022-12-08,269.02,6e-06,0.05
2022-12-09,270.0,0.000136,0.05
2022-12-10,269.67,5e-06,0.05
2022-12-11,270.96,2e-06,0.05
2022-12-12,271.55,2e-06,0.05
2022-12-13,270.54,-0.0,0.05
2022-12-14,270.47,2e-06,0.05
2022-12-15,270.31,3e-06,0.05
2022-12-16,269.08,6.9e-05,0.05
2022-12-17,268.84,0.00099,0.05
2022-12-18,268.51,0.003134,0.05
2022-12-19,268.37,0.004957,0.05
2022-12-20,270.37,5.9e-05,0.05
2022-12-21,269.25,0.000305,0.05
2022-12-22,266.45,0.00017,0.05
2022-12-23,267.85,2.8e-05,0.05
2022-12-24,264.34,0.001607,0.05
2022-12-25,264.53,5.3e-05,0.05
2022-12-26,263.54,0.001851,0.05
2022-12-27,263.77,0.000871,0.05
2022-12-28,266.5,0.002863,0.05
2022-12-29,267.61,0.003042,0.05
2022-12-30,265.13,0.009763,0.05
2022-12-31,264.53,0.0082,0.05
2023-01-01,265.22,0.002488,0.05
2023-01-02,263.57,0.000273,0.05
2023-01-03,263.69,4.8e-05,0.05
2023-01-04,261.18,0.000162,0.05
2023-01-05,261.95,2e-06,0.05
2023-01-06,261.51,0.000202,0.05
2023-01-07,263.44,3e-06,0.05
2023-01-08,264.19,0.0,0.05
2023-01-09,265.13,1e-06,0.05
2023-01-10,261.22,0.000185,0.05
2023-01-11,264.46,0.00015,0.05
2023-01-12,264.61,0.001003,0.05
2023-01-13,265.11,0.002476,0.05
2023-01-14,265.61,0.001509,0.05
2023-01-15,265.25,0.000733,0.05
2023-01-16,263.58,0.00083,0.05
2023-01-17,261.58,0.000979,0.05
2023-01-18,263.9,0.000459,0.05
2023-01-19,264.17,0.001352,0.05
2023-01-20,263.84,0.003229,0.05
2023-01-21,264.44,0.000115,0.05
2023-01-22,265.17,3.8e-05,0.05
2023-01-23,266.36,2e-06,0.05
2023-01-24,267.2,6.8e-05,0.05
2023-01-25,267.59,0.001142,0.05
2023-01-26,268.35,0.000757,0.05
2023-01-27,268.12,3.2e-05,0.05
2023-01-28,269.44,3e-06,0.05
2023-01-29,269.2,2e-05,0.05
2023-01-30,269.14,0.000374,0.05
2023-01-31,266.77,0.002256,0.05
2023-02-01,264.36,0.000568,0.05
2023-02-02,266.23,2.3e-05,0.05
2023-02-03,264.89,0.002109,0.05
2023-02-04,265.52,0.004776,0.05
2023-02-05,267.35,0.004708,0.05
2023-02-06,265.84,0.00752,0.05
2023-02-07,263.69,0.010673,0.05
2023-02-08,264.68,0.006789,0.05
2023-02-09,266.22,0.005195,0.05
2023-02-10,266.06,0.00318,0.05
2023-02-11,266.05,0.002624,0.05
2023-02-12,263.55,0.001537,0.05
2023-02-13,266.83,4e-06,0.05
2023-02-14,266.92,5e-06,0.05
2023-02-15,266.17,0.007052,0.05
2023-02-16,265.64,0.003293,0.05
2023-02-17,267.74,3.2e-05,0.05
2023-02-18,269.01,3e-06,0.05
2023-02-19,268.09,0.001325,0.05
2023-02-20,269.61,0.004156,0.05
2023-02-21,267.91,0.009107,0.05
2023-02-22,265.21,0.001144,0.05
2023-02-23,263.63,0.000729,0.05
2023-02-24,264.96,0.001868,0.05
2023-02-25,266.01,0.004528,0.05
2023-02-26,263.53,0.002268,0.05
2023-02-27,262.99,0.003939,0.05
2023-02-28,264.3,0.002245,0.05
2023-03-01,265.17,0.000339,0.05
2023-03-02,263.77,0.001861,0.05
2023-03-03,266.08,0.001579,0.05
2023-03-04,266.22,0.001998,0.05
2023-03-05,266.63,0.000811,0.05
2023-03-06,266.24,0.000504,0.05
2023-03-07,267.12,0.000222,0.05
2023-03-08,265.95,0.009906,0.05
2023-03-09,263.44,0.000523,0.05
2023-03-10,263.89,0.000556,0.05
2023-03-11,264.89,0.004907,0.05
2023-03-12,266.61,0.002054,0.05
2023-03-13,267.17,0.000944,0.05
2023-03-14,266.56,0.003344,0.05
2023-03-15,265.7,0.000486,0.05
2023-03-16,266.96,0.002406,0.05
2023-03-17,267.08,0.003255,0.05
2023-03-18,267.29,0.003696,0.05
2023-03-19,267.1,0.003906,0.05
2023-03-20,266.81,0.006988,0.05
2023-03-21,265.66,0.007712,0.05
2023-03-22,262.4,0.000976,0.05
2023-03-23,264.02,0.002351,0.05
2023-03-24,266.32,0.002871,0.05
2023-03-25,267.82,0.003947,0.05
2023-03-26,266.63,0.001012,0.05
2023-03-27,265.56,0.00067,0.05
2023-03-28,265.97,0.001556,0.05
2023-03-29,267.15,0.001999,0.05
2023-03-30,267.68,0.002144,0.05
2023-03-31,267.67,0.00782,0.05
2023-04-01,266.5,0.007293,0.05
2023-04-02,264.79,0.006154,0.05
2023-04-03,266.58,0.004925,0.05
2023-04-04,267.8,0.002577,0.05
2023-04-05,266.08,0.000742,0.05
2023-04-06,266.31,0.001078,0.05
2023-04-07,266.78,0.001363,0.05
2023-04-08,269.02,0.000865,0.05
2023-04-09,268.52,0.001787,0.05
2023-04-10,268.42,0.001011,0.05
2023-04-11,268.98,0.000299,0.05
2023-04-12,270.23,0.001392,0.05
2023-04-13,270.36,0.001232,0.05
2023-04-14,270.87,0.001016,0.05
2023-04-15,272.14,0.001267,0.05
2023-04-16,270.93,0.000728,0.05
2023-04-17,271.93,0.00082,0.05
2023-04-18,271.19,0.001161,0.05
2023-04-19,271.03,0.001141,0.05
2023-04-20,271.17,0.000712,0.05
2023-04-21,269.64,0.001458,0.05
2023-04-22,268.63,0.001679,0.05
2023-04-23,267.67,0.001555,0.05
2023-04-24,267.92,0.004198,0.05
2023-04-25,266.78,0.002544,0.05
2023-04-26,268.9,0.001024,0.05
2023-04-27,269.81,0.001471,0.05
2023-04-28,270.28,0.00397,0.05
2023-04-29,270.81,0.004644,0.05
2023-04-30,270.77,0.010504,0.05
2023-05-01,270.03,0.011022,0.05
2023-05-02,269.84,0.005388,0.05
2023-05-03,270.81,0.013429,0.05
2023-05-04,269.2,0.008396,0.05
2023-05-05,269.45,0.001292,0.05
2023-05-06,271.56,0.001977,0.05
2023-05-07,271.04,0.002142,0.05
2023-05-08,270.94,0.003037,0.05
2023-05-09,271.02,0.001536,0.05
2023-05-10,270.71,0.000994,0.05
2023-05-11,270.14,0.000914,0.05
2023-05-12,270.95,0.001635,0.05
2023-05-13,271.4,0.000825,0.05
2023-05-14,272.28,0.00288,0.05
2023-05-15,271.61,0.005049,0.05
2023-05-16,271.39,0.004785,0.05
2023-05-17,272.45,0.004879,0.05
2023-05-18,273.88,0.00491,0.05
2023-05-19,272.78,0.005325,0.05
2023-05-20,272.36,0.002965,0.05
2023-05-21,272.23,0.002636,0.05
2023-05-22,273.82,0.003226,0.05
2023-05-23,273.37,0.002275,0.05
2023-05-24,274.8,0.008593,0.05
2023-05-25,273.89,0.010027,0.05
2023-05-26,273.48,0.004937,0.05
2023-05-27,273.14,0.005279,0.05
2023-05-28,273.15,0.003283,0.05
2023-05-29,274.28,0.000771,0.05
2023-05-30,275.48,0.000265,0.05
2023-05-31,275.81,0.000836,0.05
2023-06-01,275.3,0.000593,0.05
2023-06-02,274.49,0.001311,0.05
2023-06-03,273.44,0.000385,0.05
2023-06-04,275.28,0.001767,0.05
2023-06-05,275.48,0.003913,0.05
2023-06-06,274.92,0.00207,0.05
2023-06-07,275.57,0.000648,0.05
2023-06-08,276.16,0.000703,0.05
2023-06-09,277.1,0.000965,0.05
2023-06-10,277.15,0.002158,0.05
2023-06-11,277.95,0.004027,0.05
2023-06-12,277.58,0.004937,0.05
2023-06-13,278.02,0.017969,0.05
2023-06-14,277.28,0.041491,0.05
2023-06-15,277.36,0.007815,0.05
2023-06-16,277.71,0.002743,0.05
2023-06-17,278.22,0.008804,0.05
2023-06-18,278.42,0.006297,0.05
2023-06-19,278.22,0.009043,0.05
2023-06-20,278.41,0.00631,0.05
2023-06-21,278.95,0.01324,0.05
2023-06-22,279.57,0.014224,0.05
2023-06-23,279.64,0.038876,0.05
2023-06-24,279.51,0.028973,0.05
2023-06-25,279.24,0.009203,0.05
2023-06-26,278.93,0.005557,0.05
2023-06-27,278.94,0.008275,0.05
2023-06-28,279.07,0.017813,0.05
2023-06-29,278.94,0.018167,0.05
2023-06-30,278.78,0.01033,0.05
2023-07-01,279.01,0.016277,0.05
2023-07-02,279.54,0.006096,0.05
2023-07-03,279.53,0.021543,0.05
2023-07-04,279.08,0.013183,0.05
2023-07-05,278.8,0.007936,0.05
2023-07-06,279.69,0.005998,0.05
2023-07-07,279.94,0.00939,0.05
2023-07-08,279.92,0.014395,0.05
2023-07-09,280.17,0.015905,0.05
2023-07-10,280.18,0.004457,0.05
2023-07-11,280.35,0.009468,0.05
2023-07-12,279.85,0.016232,0.05
2023-07-13,280.1,0.0114,0.05
2023-07-14,280.15,0.021726,0.05
2023-07-15,280.32,0.016578,0.05
2023-07-16,280.62,0.023915,0.05
2023-07-17,280.0,0.034238,0.05
2023-07-18,278.95,0.021844,0.05
2023-07-19,279.72,0.015107,0.05
2023-07-20,280.54,0.011238,0.05
2023-07-21,280.21,0.022196,0.05
2023-07-22,280.04,0.009319,0.05
2023-07-23,279.68,0.021919,0.05
2023-07-24,279.26,0.016077,0.05
2023-07-25,279.57,0.018546,0.05
2023-07-26,279.57,0.012726,0.05
2023-07-27,279.93,0.011674,0.05
2023-07-28,280.08,0.028236,0.05
2023-07-29,279.92,0.024232,0.05
2023-07-30,280.45,0.007936,0.05
2023-07-31,280.93,0.010674,0.05
2023-08-01,281.18,0.008356,0.05
2023-08-02,280.85,0.007366,0.05
2023-08-03,281.13,0.010589,0.05
2023-08-04,280.27,0.015019,0.05
2023-08-05,280.1,0.025347,0.05
2023-08-06,280.17,0.013575,0.05
2023-08-07,280.15,0.034608,0.05
2023-08-08,278.72,0.034346,0.05
2023-08-09,279.35,0.011494,0.05
2023-08-10,279.67,0.005219,0.05
2023-08-11,280.44,0.015955,0.05
2023-08-12,280.49,0.025288,0.05
2023-08-13,279.66,0.025337,0.05
2023-08-14,279.65,0.006436,0.05
2023-08-15,280.26,0.007146,0.05
2023-08-16,280.54,0.008099,0.05
2023-08-17,280.5,0.008236,0.05
2023-08-18,280.69,0.01007,0.05
2023-08-19,280.71,0.013964,0.05
2023-08-20,280.67,0.026328,0.05
2023-08-21,280.27,0.025751,0.05
2023-08-22,280.2,0.01462,0.05
2023-08-23,279.53,0.031873,0.05
2023-08-24,278.85,0.053312,0.05
2023-08-25,278.18,0.019661,0.05
2023-08-26,278.37,0.010447,0.05
2023-08-27,278.49,0.005521,0.05
2023-08-28,277.69,0.010435,0.05
2023-08-29,278.32,0.00304,0.05
2023-08-30,279.36,0.004643,0.05
2023-08-31,279.78,0.01,0.05
2023-09-01,280.36,0.009118,0.05
2023-09-02,280.01,0.003314,0.05
2023-09-03,279.24,0.001183,0.05
2023-09-04,278.53,0.004149,0.05
2023-09-05,278.45,0.005159,0.05
2023-09-06,278.54,0.003223,0.05
2023-09-07,279.04,0.006041,0.05
2023-09-08,279.21,0.011988,0.05
2023-09-09,278.6,0.016826,0.05
2023-09-10,278.6,0.005871,0.05
2023-09-11,279.19,0.015903,0.05
2023-09-12,279.28,0.013878,0.05
2023-09-13,279.68,0.016141,0.05
2023-09-14,279.93,0.003918,0.05
2023-09-15,279.3,0.006283,0.05
2023-09-16,278.27,0.002125,0.05
2023-09-17,277.98,0.003124,0.05
2023-09-18,277.9,0.004391,0.05
2023-09-19,278.18,0.004932,0.05
2023-09-20,278.5,0.008842,0.05
2023-09-21,278.31,0.009421,0.05
2023-09-22,278.18,0.018957,0.05
2023-09-23,277.11,0.015117,0.05
2023-09-24,276.98,0.005269,0.05
2023-09-25,276.71,0.003049,0.05
2023-09-26,276.95,0.001733,0.05
2023-09-27,277.34,0.001057,0.05
2023-09-28,277.18,0.00081,0.05
2023-09-29,277.33,0.001182,0.05
2023-09-30,277.32,0.000558,0.05
2023-10-01,278.15,0.008237,0.05
2023-10-02,277.64,0.014151,0.05
2023-10-03,277.33,0.012409,0.05
2023-10-04,276.58,0.025522,0.05
2023-10-05,275.69,0.002647,0.05
2023-10-06,274.52,0.002146,0.05
2023-10-07,275.79,0.002411,0.05
2023-10-08,275.02,0.003369,0.05
2023-10-09,275.7,0.002278,0.05
2023-10-10,274.49,0.00281,0.05
2023-10-11,273.37,0.000476,0.05
2023-10-12,272.87,0.002469,0.05
2023-10-13,271.79,0.002758,0.05
2023-10-14,272.44,0.001854,0.05
2023-10-15,272.32,0.001008,0.05
2023-10-16,272.04,0.000529,0.05
2023-10-17,270.91,0.003602,0.05
2023-10-18,268.73,0.002584,0.05
2023-10-19,268.67,0.000122,0.05
2023-10-20,268.34,5.1e-05,0.05
2023-10-21,269.73,0.000246,0.05
2023-10-22,269.61,0.001097,0.05
2023-10-23,269.17,0.000913,0.05
2023-10-24,268.93,0.000739,0.05
2023-10-25,268.73,0.000727,0.05
2023-10-26,268.56,0.000301,0.05
2023-10-27,268.98,0.00066,0.05
2023-10-28,270.19,0.001814,0.05
2023-10-29,271.03,0.001057,0.05
2023-10-30,269.56,0.000661,0.05
2023-10-31,269.6,0.000201,0.05
2023-11-01,269.74,0.000118,0.05
2023-11-02,269.7,1.3e-05,0.05
2023-11-03,268.53,0.00013,0.05
2023-11-04,267.43,0.000329,0.05
2023-11-05,268.23,0.000437,0.05
2023-11-06,268.63,9.3e-05,0.05
2023-11-07,268.09,0.000835,0.05
2023-11-08,267.64,0.001162,0.05
2023-11-09,269.37,0.000458,0.05
2023-11-10,269.17,0.000417,0.05
2023-11-11,267.82,0.001641,0.05
2023-11-12,267.92,3.1e-05,0.05
2023-11-13,269.47,0.000181,0.05
2023-11-14,270.61,6.9e-05,0.05
2023-11-15,269.93,0.000315,0.05
2023-11-16,269.57,6.7e-05,0.05
2023-11-17,268.62,0.000452,0.05
2023-11-18,269.91,0.00016,0.05
2023-11-19,272.2,3e-06,0.05
2023-11-20,270.56,0.000165,0.05
2023-11-21,268.07,7e-06,0.05
2023-11-22,268.41,0.000598,0.05
2023-11-23,267.74,0.000212,0.05
2023-11-24,267.45,0.000416,0.05
2023-11-25,267.71,0.000243,0.05
2023-11-26,269.98,3e-06,0.05
2023-11-27,270.89,0.000587,0.05
2023-11-28,268.23,0.004975,0.05
2023-11-29,265.77,0.000266,0.05
2023-11-30,266.92,0.000133,0.05
2023-12-01,267.27,0.000458,0.05
2023-12-02,266.64,4e-06,0.05
2023-12-03,267.92,1.1e-05,0.05
2023-12-04,268.21,0.008109,0.05
2023-12-05,268.3,0.001541,0.05
2023-12-06,269.04,2e-06,0.05
2023-12-07,268.15,0.004094,0.05
2023-12-08,266.96,0.000168,0.05
2023-12-09,268.1,0.000181,0.05
2023-12-10,268.13,0.001481,0.05
2023-12-11,266.96,0.000865,0.05
2023-12-12,263.87,0.004495,0.05
2023-12-13,262.43,0.003008,0.05
2023-12-14,267.34,7.7e-05,0.05
2023-12-15,270.88,2e-06,0.05
2023-12-16,270.05,4e-06,0.05
2023-12-17,267.46,4.3e-05,0.05
2023-12-18,267.14,1.2e-05,0.05
2023-12-19,267.66,0.0,0.05
2023-12-20,268.47,2e-06,0.05
2023-12-21,268.18,2.9e-05,0.05
2023-12-22,270.03,5.4e-05,0.05
2023-12-23,268.9,0.000769,0.05
2023-12-24,266.25,0.003666,0.05
2023-12-25,266.1,0.000117,0.05
2023-12-26,267.72,0.000128,0.05
2023-12-27,265.31,0.001571,0.05
2023-12-28,264.83,0.00138,0.05
2023-12-29,263.82,0.000637,0.05
2023-12-30,264.13,0.000906,0.05
2023-12-31,263.1,0.000516,0.05
2024-01-01,262.19,0.000338,0.05
2024-01-02,262.37,0.000181,0.05
2024-01-03,261.77,0.000268,0.05
2024-01-04,262.06,0.000245,0.05
2024-01-05,263.64,0.000523,0.05
2024-01-06,263.35,0.000253,0.05
2024-01-07,264.33,0.000198,0.05
2024-01-08,266.31,2.8e-05,0.05
2024-01-09,266.26,0.001136,0.05
2024-01-10,266.6,0.000292,0.05
2024-01-11,266.28,2.3e-05,0.05
2024-01-12,265.82,0.000102,0.05
2024-01-13,268.78,0.000659,0.05
2024-01-14,266.06,0.001574,0.05
2024-01-15,262.16,0.011981,0.05
2024-01-16,261.28,0.010293,0.05
2024-01-17,261.15,0.002457,0.05
2024-01-18,260.17,3.6e-05,0.05
2024-01-19,263.05,2.1e-05,0.05
2024-01-20,263.34,0.00014,0.05
2024-01-21,262.21,0.001162,0.05
2024-01-22,264.22,0.000982,0.05
2024-01-23,260.51,0.00195,0.05
2024-01-24,258.17,0.000128,0.05
2024-01-25,256.2,5.2e-05,0.05
2024-01-26,257.86,0.006462,0.05
2024-01-27,259.01,0.004646,0.05
2024-01-28,262.36,0.003549,0.05
2024-01-29,262.36,0.006842,0.05
2024-01-30,262.48,0.007078,0.05
2024-01-31,262.31,0.006599,0.05
2024-02-01,261.76,0.009485,0.05
2024-02-02,259.29,0.003825,0.05
2024-02-03,261.98,0.001727,0.05
2024-02-04,263.66,0.010272,0.05
2024-02-05,263.07,0.011777,0.05
2024-02-06,262.21,0.003109,0.05
2024-02-07,263.59,0.003914,0.05
2024-02-08,262.96,0.000403,0.05
2024-02-09,262.74,3e-06,0.05
2024-02-10,262.3,2e-06,0.05
2024-02-11,260.7,0.0,0.05
2024-02-12,262.24,2.4e-05,0.05
2024-02-13,262.87,0.000108,0.05
2024-02-14,262.96,0.00168,0.05
2024-02-15,262.38,6.5e-05,0.05
2024-02-16,263.26,0.000162,0.05
2024-02-17,264.59,0.003435,0.05
2024-02-18,266.47,0.003498,0.05
2024-02-19,266.25,0.005954,0.05
2024-02-20,264.53,0.003903,0.05
2024-02-21,262.65,0.005743,0.05
2024-02-22,261.08,0.006542,0.05
2024-02-23,259.42,0.000286,0.05
2024-02-24,259.7,0.000974,0.05
2024-02-25,261.68,6.5e-05,0.05
2024-02-26,265.13,5.2e-05,0.05
2024-02-27,264.91,0.002362,0.05
2024-02-28,264.37,0.001433,0.05
2024-02-29,263.33,0.000216,0.05
2024-03-01,267.14,3e-06,0.05
2024-03-02,267.13,0.004265,0.05
2024-03-03,266.14,0.016363,0.05
2024-03-04,262.86,0.001395,0.05
2024-03-05,262.76,0.000169,0.05
2024-03-06,263.79,0.001908,0.05
2024-03-07,262.9,0.000628,0.05
2024-03-08,262.05,6.3e-05,0.05
2024-03-09,262.63,0.000899,0.05
2024-03-10,267.21,9.9e-05,0.05
2024-03-11,268.03,0.002967,0.05
2024-03-12,266.32,0.001392,0.05
2024-03-13,266.6,0.001479,0.05
2024-03-14,265.07,0.000873,0.05
2024-03-15,265.68,0.001375,0.05
2024-03-16,264.83,0.000151,0.05
2024-03-17,265.35,0.000469,0.05
2024-03-18,265.46,0.000184,0.05
2024-03-19,264.36,0.000628,0.05
2024-03-20,266.54,0.00697,0.05
2024-03-21,266.8,0.013361,0.05
2024-03-22,267.33,0.005622,0.05
2024-03-23,265.09,0.008509,0.05
2024-03-24,268.73,0.002909,0.05
2024-03-25,266.14,0.003637,0.05
2024-03-26,267.45,0.006225,0.05
2024-03-27,268.55,0.010455,0.05
2024-03-28,270.65,0.018435,0.05
2024-03-29,270.42,0.003757,0.05
2024-03-30,271.04,0.0024,0.05
2024-03-31,269.43,0.001139,0.05
2024-04-01,269.93,0.001136,0.05
2024-04-02,271.08,0.001045,0.05
2024-04-03,270.74,0.001268,0.05
2024-04-04,270.58,0.001515,0.05
2024-04-05,270.44,0.001269,0.05
2024-04-06,269.76,0.002809,0.05
2024-04-07,268.94,0.002631,0.05
2024-04-08,267.79,0.002315,0.05
2024-04-09,266.02,0.000777,0.05
2024-04-10,265.76,0.000886,0.05
2024-04-11,266.92,0.000869,0.05
2024-04-12,266.8,0.00251,0.05
2024-04-13,268.49,0.003501,0.05
2024-04-14,269.19,0.003744,0.05
2024-04-15,271.82,0.003007,0.05
2024-04-16,272.41,0.007349,0.05
2024-04-17,271.92,0.00182,0.05
2024-04-18,272.91,0.005838,0.05
2024-04-19,272.26,0.004334,0.05
2024-04-20,272.09,0.002511,0.05
2024-04-21,271.63,0.000186,0.05
2024-04-22,271.52,0.000536,0.05
2024-04-23,269.93,0.000511,0.05
2024-04-24,269.59,0.001042,0.05
2024-04-25,270.55,0.000535,0.05
2024-04-26,270.75,0.000963,0.05
2024-04-27,271.61,0.000366,0.05
2024-04-28,271.79,0.000746,0.05
2024-04-29,272.42,0.000834,0.05
2024-04-30,272.4,0.000171,0.05
2024-05-01,270.35,0.001649,0.05
2024-05-02,269.38,0.000452,0.05
2024-05-03,272.34,1.6e-05,0.05
2024-05-04,272.61,0.001588,0.05
2024-05-05,271.9,0.00617,0.05
2024-05-06,271.7,0.006053,0.05
2024-05-07,272.06,0.009555,0.05
2024-05-08,271.8,0.007403,0.05
2024-05-09,271.93,0.007391,0.05
2024-05-10,272.82,0.006714,0.05
2024-05-11,273.86,0.004493,0.05
2024-05-12,273.53,0.003748,0.05
2024-05-13,273.65,0.002304,0.05
2024-05-14,273.82,0.000485,0.05
2024-05-15,274.54,0.001146,0.05
2024-05-16,273.85,0.001155,0.05
2024-05-17,275.3,0.002797,0.05
2024-05-18,275.32,0.002407,0.05
2024-05-19,275.61,0.00407,0.05
2024-05-20,276.06,0.007634,0.05
2024-05-21,276.41,0.005385,0.05
2024-05-22,276.52,0.004124,0.05
2024-05-23,276.53,0.007308,0.05
2024-05-24,277.24,0.00359,0.05
2024-05-25,278.33,0.00433,0.05
2024-05-26,278.1,0.002354,0.05
2024-05-27,278.59,0.001715,0.05
2024-05-28,278.06,0.011441,0.05
2024-05-29,277.32,0.000368,0.05
2024-05-30,277.54,0.001876,0.05
2024-05-31,276.79,0.001512,0.05
2024-06-01,275.95,0.001022,0.05
2024-06-02,276.29,0.003021,0.05
2024-06-03,275.99,0.002431,0.05
2024-06-04,275.98,0.003422,0.05
2024-06-05,276.13,0.00075,0.05
2024-06-06,277.09,0.000868,0.05
2024-06-07,277.37,0.00178,0.05
2024-06-08,277.81,0.00232,0.05
2024-06-09,278.49,0.003954,0.05
2024-06-10,278.91,0.002124,0.05
2024-06-11,279.36,0.00309,0.05
2024-06-12,279.14,0.005988,0.05
2024-06-13,279.42,0.007998,0.05
2024-06-14,279.51,0.005976,0.05
2024-06-15,279.73,0.002228,0.05
2024-06-16,279.78,0.008501,0.05
2024-06-17,280.3,0.019434,0.05
2024-06-18,280.31,0.039648,0.05
2024-06-19,278.29,0.031635,0.05
2024-06-20,277.95,0.022411,0.05
2024-06-21,278.98,0.005983,0.05
2024-06-22,279.18,0.003898,0.05
2024-06-23,279.91,0.007294,0.05
2024-06-24,280.05,0.008392,0.05
2024-06-25,280.61,0.010046,0.05
2024-06-26,280.0,0.022432,0.05
2024-06-27,280.09,0.009212,0.05
2024-06-28,280.5,0.019061,0.05
2024-06-29,280.08,0.024361,0.05
2024-06-30,280.47,0.039213,0.05
2024-07-01,280.22,0.01148,0.05
2024-07-02,280.72,0.017597,0.05
2024-07-03,280.19,0.016423,0.05
2024-07-04,280.41,0.016851,0.05
2024-07-05,280.13,0.029848,0.05
2024-07-06,278.21,0.03073,0.05
2024-07-07,278.63,0.0056,0.05
2024-07-08,279.61,0.006562,0.05
2024-07-09,280.61,0.018328,0.05
2024-07-10,280.63,0.043339,0.05
2024-07-11,280.07,0.062301,0.05
2024-07-12,279.22,0.016628,0.05
2024-07-13,280.18,0.010619,0.05
2024-07-14,280.99,0.006405,0.05
2024-07-15,280.95,0.019676,0.05
2024-07-16,280.98,0.029006,0.05
2024-07-17,280.33,0.018903,0.05
2024-07-18,281.11,0.023051,0.05
2024-07-19,280.47,0.027737,0.05
2024-07-20,281.21,0.021604,0.05
2024-07-21,280.21,0.034951,0.05
2024-07-22,280.45,0.01371,0.05
2024-07-23,280.68,0.016349,0.05
2024-07-24,281.16,0.01077,0.05
2024-07-25,281.37,0.01332,0.05
2024-07-26,281.26,0.013913,0.05
2024-07-27,281.55,0.020588,0.05
2024-07-28,281.6,0.053296,0.05
2024-07-29,281.62,0.021431,0.05
2024-07-30,281.92,0.018949,0.05
2024-07-31,281.08,0.012235,0.05
2024-08-01,280.36,0.010211,0.05
2024-08-02,280.25,0.014676,0.05
2024-08-03,279.96,0.016641,0.05
2024-08-04,280.22,0.009329,0.05
2024-08-05,280.35,0.031131,0.05
2024-08-06,278.67,0.045273,0.05
2024-08-07,278.49,0.037275,0.05
2024-08-08,278.86,0.024791,0.05
2024-08-09,279.05,0.01912,0.05
2024-08-10,279.25,0.03208,0.05
2024-08-11,279.37,0.015588,0.05
2024-08-12,279.96,0.006147,0.05
2024-08-13,280.06,0.019152,0.05
2024-08-14,279.97,0.01549,0.05
2024-08-15,280.53,0.023014,0.05
2024-08-16,280.19,0.023759,0.05
2024-08-17,279.73,0.017918,0.05
2024-08-18,279.84,0.010401,0.05
2024-08-19,279.61,0.023564,0.05
2024-08-20,278.82,0.013507,0.05
2024-08-21,279.18,0.015993,0.05
2024-08-22,279.18,0.012725,0.05
2024-08-23,279.34,0.007278,0.05
2024-08-24,279.6,0.011902,0.05
2024-08-25,279.18,0.008775,0.05
2024-08-26,278.78,0.007958,0.05
2024-08-27,279.28,0.005828,0.05
2024-08-28,279.31,0.005956,0.05
2024-08-29,278.87,0.007906,0.05
2024-08-30,279.67,0.004243,0.05
2024-08-31,280.32,0.010135,0.05
2024-09-01,279.3,0.030153,0.05
2024-09-02,279.08,0.007403,0.05
2024-09-03,279.11,0.007273,0.05
2024-09-04,279.3,0.009724,0.05
2024-09-05,279.18,0.016535,0.05
2024-09-06,279.15,0.012629,0.05
2024-09-07,279.26,0.006441,0.05
2024-09-08,279.53,0.004165,0.05
2024-09-09,279.5,0.004263,0.05
2024-09-10,279.44,0.001248,0.05
2024-09-11,279.47,0.004077,0.05
2024-09-12,278.86,0.004161,0.05
2024-09-13,278.56,0.003756,0.05
2024-09-14,278.42,0.009266,0.05
2024-09-15,278.47,0.018662,0.05
2024-09-16,278.06,0.00953,0.05
2024-09-17,277.84,0.004487,0.05
2024-09-18,278.38,0.000592,0.05
2024-09-19,279.79,0.008464,0.05
2024-09-20,279.54,0.015851,0.05
2024-09-21,278.79,0.009084,0.05
2024-09-22,278.81,0.003039,0.05
2024-09-23,278.97,0.002801,0.05
2024-09-24,278.78,0.0252,0.05
2024-09-25,277.52,0.018398,0.05
2024-09-26,277.3,0.046596,0.05
2024-09-27,276.1,0.082158,0.05
2024-09-28,276.06,0.053719,0.05
2024-09-29,275.9,0.004529,0.05
2024-09-30,276.59,0.001033,0.05
2024-10-01,277.8,0.01005,0.05
2024-10-02,277.49,0.002602,0.05
2024-10-03,275.69,0.011904,0.05
2024-10-04,275.8,0.000327,0.05
2024-10-05,275.13,0.000449,0.05
2024-10-06,275.24,0.00264,0.05
2024-10-07,274.71,4.6e-05,0.05
2024-10-08,274.63,0.00021,0.05
2024-10-09,274.64,0.000294,0.05
2024-10-10,275.01,0.000219,0.05
2024-10-11,273.65,0.00016,0.05
2024-10-12,273.29,0.000459,0.05
2024-10-13,273.38,0.000487,0.05
2024-10-14,274.24,0.00386,0.05
2024-10-15,272.01,0.005964,0.05
2024-10-16,272.68,0.003682,0.05
2024-10-17,273.52,0.004558,0.05
2024-10-18,271.54,0.001103,0.05
2024-10-19,271.18,0.000892,0.05
2024-10-20,270.37,0.000663,0.05
2024-10-21,271.4,0.000649,0.05
2024-10-22,271.79,0.000983,0.05
2024-10-23,271.79,0.001369,0.05
2024-10-24,272.03,2.5e-05,0.05
2024-10-25,273.01,0.000434,0.05
2024-10-26,273.26,0.000117,0.05
2024-10-27,273.78,0.001667,0.05
2024-10-28,273.55,3e-05,0.05
2024-10-29,273.65,0.000374,0.05
2024-10-30,274.42,0.003535,0.05
