date,temperature_2m_k,total_precip_m_day,snow_depth_m_we
2016-01-01,261.55,2e-06,0.05
2016-01-02,261.63,0.0,0.05
2016-01-03,263.07,0.000925,0.05
2016-01-04,264.01,0.02305,0.05
2016-01-05,262.7,0.000222,0.05
2016-01-06,260.98,0.001634,0.05
2016-01-07,262.68,0.004628,0.05
2016-01-08,261.58,0.005282,0.05
2016-01-09,260.49,0.0,0.05
2016-01-10,261.95,1e-06,0.05
2016-01-11,260.56,5e-06,0.05
2016-01-12,261.57,0.000669,0.05
2016-01-13,261.1,1e-06,0.05
2016-01-14,260.59,0.002758,0.05
2016-01-15,260.72,5.2e-05,0.05
2016-01-16,259.14,0.0,0.05
2016-01-17,259.31,1e-06,0.05
2016-01-18,259.41,0.002531,0.05
2016-01-19,258.67,0.000693,0.05
2016-01-20,257.52,0.0,0.05
2016-01-21,259.4,2e-06,0.05
2016-01-22,259.43,0.0,0.05
2016-01-23,258.36,2e-06,0.05
2016-01-24,258.69,1e-06,0.05
2016-01-25,259.34,0.000127,0.05
2016-01-26,261.2,0.005112,0.05
2016-01-27,262.45,0.002725,0.05
2016-01-28,263.57,0.0082,0.05
2016-01-29,265.63,0.023527,0.05
2016-01-30,263.96,0.014205,0.05
2016-01-31,262.04,0.004118,0.05
2016-02-01,258.61,2e-06,0.05
2016-02-02,258.14,7e-06,0.05
2016-02-03,258.85,3e-06,0.05
2016-02-04,261.37,1.1e-05,0.05
2016-02-05,262.8,1e-06,0.05
2016-02-06,264.43,0.002386,0.05
2016-02-07,264.97,0.000219,0.05
2016-02-08,262.96,1e-06,0.05
2016-02-09,263.62,0.00012,0.05
2016-02-10,263.26,0.014068,0.05
2016-02-11,262.28,0.020814,0.05
2016-02-12,261.0,0.000354,0.05
2016-02-13,260.43,0.000974,0.05
2016-02-14,260.06,0.004404,0.05
2016-02-15,261.12,0.0005,0.05
2016-02-16,260.62,2.6e-05,0.05
2016-02-17,260.61,1e-06,0.05
2016-02-18,262.13,9.8e-05,0.05
2016-02-19,265.09,0.02594,0.05
2016-02-20,264.63,0.009715,0.05
2016-02-21,262.98,6e-06,0.05
2016-02-22,261.79,2e-06,0.05
2016-02-23,262.16,0.0,0.05
2016-02-24,262.83,2e-06,0.05
2016-02-25,262.35,1e-06,0.05
2016-02-26,262.5,0.0,0.05
2016-02-27,263.18,1e-06,0.05
2016-02-28,263.07,3e-06,0.05
2016-02-29,263.09,1e-06,0.05
2016-03-01,264.27,2e-06,0.05
2016-03-02,266.0,2e-06,0.05
2016-03-03,268.09,0.000157,0.05
2016-03-04,268.09,0.000234,0.05
2016-03-05,267.97,0.001917,0.05
2016-03-06,267.84,0.002089,0.05
2016-03-07,266.44,0.0,0.05
2016-03-08,266.24,4e-06,0.05
2016-03-09,267.79,2e-06,0.05
2016-03-10,269.15,0.000662,0.05
2016-03-11,268.81,0.026621,0.05
2016-03-12,268.58,0.030454,0.05
2016-03-13,268.02,0.015872,0.05
2016-03-14,267.49,0.019833,0.05
2016-03-15,266.1,0.002047,0.05
2016-03-16,267.79,0.008506,0.05
2016-03-17,267.22,0.035882,0.05
2016-03-18,268.39,0.020061,0.05
2016-03-19,267.93,0.008565,0.05
2016-03-20,266.55,0.012468,0.05
2016-03-21,263.88,5.9e-05,0.05
2016-03-22,264.35,3e-06,0.05
2016-03-23,267.72,1e-06,0.05
2016-03-24,269.68,0.017159,0.05
2016-03-25,270.51,0.04631,0.05
2016-03-26,269.98,0.018725,0.05
2016-03-27,270.02,0.000721,0.05
2016-03-28,270.4,2.3e-05,0.05
2016-03-29,271.3,0.0,0.05
2016-03-30,271.26,3e-06,0.05
2016-03-31,270.29,0.012204,0.05
2016-04-01,272.85,0.01281,0.05
2016-04-02,273.21,0.025683,0.05
2016-04-03,273.26,0.023671,0.05
2016-04-04,271.93,0.016615,0.05
2016-04-05,272.21,0.001461,0.05
2016-04-06,271.31,0.005676,0.05
2016-04-07,271.16,0.003012,0.05
2016-04-08,271.47,0.003229,0.05
2016-04-09,270.38,0.015259,0.05
2016-04-10,272.08,0.007674,0.05
2016-04-11,271.06,0.012218,0.05
2016-04-12,271.8,1e-06,0.05
2016-04-13,272.33,7.3e-05,0.05
2016-04-14,272.54,5e-06,0.05
2016-04-15,274.54,0.005491,0.05
2016-04-16,276.57,0.004,0.05
2016-04-17,273.54,0.025374,0.05
2016-04-18,273.85,0.000444,0.05
2016-04-19,272.07,0.013013,0.05
2016-04-20,273.87,0.000294,0.05
2016-04-21,274.03,0.003569,0.05
2016-04-22,271.44,0.010657,0.05
2016-04-23,270.97,0.00428,0.05
2016-04-24,271.46,0.000154,0.05
2016-04-25,272.37,0.000427,0.05
2016-04-26,273.43,0.001105,0.05
2016-04-27,272.44,0.00449,0.05
2016-04-28,271.99,7.8e-05,0.05
2016-04-29,273.4,0.0,0.05
2016-04-30,273.66,0.0,0.05
2016-05-01,274.96,1e-06,0.05
2016-05-02,276.06,2e-06,0.05
2016-05-03,275.43,0.006168,0.05
2016-05-04,274.96,0.012927,0.05
2016-05-05,274.67,0.003461,0.05
2016-05-06,275.89,1e-05,0.05
2016-05-07,276.51,1e-06,0.05
2016-05-08,278.01,0.0,0.05
2016-05-09,278.62,4e-06,0.05
2016-05-10,278.87,0.000105,0.05
2016-05-11,277.36,0.004565,0.05
2016-05-12,276.45,0.0035,0.05
2016-05-13,276.26,0.000965,0.05
2016-05-14,276.94,0.004465,0.05
2016-05-15,277.47,0.00037,0.05
2016-05-16,276.63,0.001603,0.05
2016-05-17,278.6,3.9e-05,0.05
2016-05-18,279.79,2.4e-05,0.05
2016-05-19,278.72,0.000333,0.05
2016-05-20,278.71,0.000495,0.05
2016-05-21,279.33,6e-06,0.05
2016-05-22,279.89,5e-06,0.05
2016-05-23,279.22,0.002776,0.05
2016-05-24,276.64,0.006489,0.05
2016-05-25,276.96,0.00319,0.05
2016-05-26,278.34,0.003338,0.05
2016-05-27,279.61,0.001774,0.05
2016-05-28,279.16,0.005149,0.05
2016-05-29,278.37,0.004787,0.05
2016-05-30,277.29,0.004037,0.05
2016-05-31,279.2,0.00082,0.05
2016-06-01,281.39,5.8e-05,0.05
2016-06-02,280.77,0.002056,0.05
2016-06-03,280.56,0.002544,0.05
2016-06-04,280.74,0.002999,0.05
2016-06-05,280.56,0.002466,0.05
2016-06-06,280.93,0.004075,0.05
2016-06-07,280.87,0.004136,0.05
2016-06-08,281.39,0.001918,0.05
2016-06-09,282.24,0.001706,0.05
2016-06-10,281.22,0.005802,0.05
2016-06-11,281.8,0.007086,0.05
2016-06-12,280.76,0.005803,0.05
2016-06-13,281.76,0.001364,0.05
2016-06-14,283.53,0.001176,0.05
2016-06-15,282.87,0.00429,0.05
2016-06-16,281.9,0.003007,0.05
2016-06-17,282.94,1.3e-05,0.05
2016-06-18,283.65,0.001695,0.05
2016-06-19,283.83,0.001169,0.05
2016-06-20,284.11,0.00284,0.05
2016-06-21,283.95,0.002423,0.05
2016-06-22,282.95,0.002318,0.05
2016-06-23,282.91,0.000519,0.05
2016-06-24,284.01,0.000283,0.05
2016-06-25,284.72,0.000865,0.05
2016-06-26,285.31,0.001532,0.05
2016-06-27,285.9,0.000741,0.05
2016-06-28,285.06,0.000733,0.05
2016-06-29,286.05,0.000774,0.05
2016-06-30,286.55,0.000963,0.05
2016-07-01,286.34,0.004391,0.05
2016-07-02,285.66,0.007862,0.05
2016-07-03,283.59,0.010314,0.05
2016-07-04,284.35,0.002188,0.05
2016-07-05,284.53,0.0017,0.05
2016-07-06,283.76,0.004002,0.05
2016-07-07,283.73,0.002879,0.05
2016-07-08,285.31,0.001022,0.05
2016-07-09,284.43,0.004579,0.05
2016-07-10,285.19,0.00659,0.05
2016-07-11,286.09,0.003337,0.05
2016-07-12,286.46,0.003436,0.05
2016-07-13,286.73,0.0063,0.05
2016-07-14,286.14,0.010131,0.05
2016-07-15,285.94,0.003366,0.05
2016-07-16,284.49,0.008965,0.05
2016-07-17,284.11,0.006697,0.05
2016-07-18,283.3,0.010977,0.05
2016-07-19,283.09,0.003316,0.05
2016-07-20,285.28,0.000174,0.05
2016-07-21,285.23,0.003312,0.05
2016-07-22,284.17,0.002466,0.05
2016-07-23,284.78,0.001789,0.05
2016-07-24,285.56,0.001576,0.05
2016-07-25,285.81,0.002519,0.05
2016-07-26,285.82,0.005173,0.05
2016-07-27,283.62,0.023226,0.05
2016-07-28,284.13,0.005922,0.05
2016-07-29,284.77,0.000968,0.05
2016-07-30,284.51,0.003572,0.05
2016-07-31,284.16,0.001272,0.05
2016-08-01,284.95,3.3e-05,0.05
2016-08-02,284.92,0.001612,0.05
2016-08-03,284.44,0.002388,0.05
2016-08-04,285.67,0.000621,0.05
2016-08-05,286.45,0.000501,0.05
2016-08-06,286.51,0.004702,0.05
2016-08-07,285.36,0.009242,0.05
2016-08-08,285.17,0.004898,0.05
2016-08-09,285.03,0.003222,0.05
2016-08-10,284.55,0.009731,0.05
2016-08-11,284.34,0.007683,0.05
2016-08-12,284.21,0.001494,0.05
2016-08-13,284.12,0.001723,0.05
2016-08-14,284.34,0.001194,0.05
2016-08-15,283.27,0.001266,0.05
2016-08-16,282.72,0.000842,0.05
2016-08-17,282.62,0.001021,0.05
2016-08-18,283.51,0.000495,0.05
2016-08-19,284.74,0.000717,0.05
2016-08-20,284.37,0.001138,0.05
2016-08-21,284.12,0.001362,0.05
2016-08-22,283.21,0.006683,0.05
2016-08-23,283.63,0.001879,0.05
2016-08-24,284.47,0.001365,0.05
2016-08-25,283.27,0.011176,0.05
2016-08-26,283.59,0.006114,0.05
2016-08-27,282.71,0.011852,0.05
2016-08-28,281.53,0.021952,0.05
2016-08-29,282.07,0.004565,0.05
2016-08-30,281.83,0.003729,0.05
2016-08-31,282.04,0.003781,0.05
2016-09-01,281.64,0.003511,0.05
2016-09-02,280.23,0.00578,0.05
2016-09-03,282.17,0.000753,0.05
2016-09-04,283.29,0.001982,0.05
2016-09-05,282.77,0.00179,0.05
2016-09-06,281.75,0.001359,0.05
2016-09-07,282.69,0.000883,0.05
2016-09-08,283.8,0.000398,0.05
2016-09-09,284.05,0.001582,0.05
2016-09-10,283.13,0.003197,0.05
2016-09-11,282.18,0.003025,0.05
2016-09-12,280.55,0.005679,0.05
2016-09-13,280.5,0.000596,0.05
2016-09-14,280.27,0.001575,0.05
2016-09-15,280.57,0.000714,0.05
2016-09-16,280.94,0.001345,0.05
2016-09-17,281.68,0.000639,0.05
2016-09-18,282.21,0.000342,0.05
2016-09-19,283.47,2.9e-05,0.05
2016-09-20,282.94,0.001937,0.05
2016-09-21,281.18,0.00566,0.05
2016-09-22,280.22,0.001873,0.05
2016-09-23,280.33,0.001054,0.05
2016-09-24,280.12,0.001504,0.05
2016-09-25,279.7,0.000909,0.05
2016-09-26,280.4,0.000682,0.05
2016-09-27,281.25,0.000422,0.05
2016-09-28,281.75,0.000478,0.05
2016-09-29,281.29,0.002218,0.05
2016-09-30,282.1,1.5e-05,0.05
2016-10-01,282.82,0.0,0.05
2016-10-02,281.97,0.000281,0.05
2016-10-03,281.05,0.000947,0.05
2016-10-04,280.94,0.000304,0.05
2016-10-05,279.33,0.000652,0.05
2016-10-06,278.44,0.000855,0.05
2016-10-07,278.17,0.000852,0.05
2016-10-08,276.85,0.001961,0.05
2016-10-09,275.84,0.001041,0.05
2016-10-10,275.3,0.000925,0.05
2016-10-11,276.47,5.6e-05,0.05
2016-10-12,276.08,0.000674,0.05
2016-10-13,275.65,0.000875,0.05
2016-10-14,276.4,0.000501,0.05
2016-10-15,277.55,9e-05,0.05
2016-10-16,277.44,4.2e-05,0.05
2016-10-17,276.98,0.000675,0.05
2016-10-18,277.58,2e-06,0.05
2016-10-19,276.01,7e-06,0.05
2016-10-20,275.0,0.000847,0.05
2016-10-21,273.84,0.000226,0.05
2016-10-22,273.81,0.000612,0.05
2016-10-23,274.57,1e-06,0.05
2016-10-24,273.72,0.000324,0.05
2016-10-25,273.23,0.000112,0.05
2016-10-26,272.7,0.000704,0.05
2016-10-27,274.05,3.5e-05,0.05
2016-10-28,274.2,0.001639,0.05
2016-10-29,274.52,0.0,0.05
2016-10-30,274.19,7.1e-05,0.05
2016-10-31,273.8,0.000228,0.05
2016-11-01,273.76,0.000624,0.05
2016-11-02,274.34,0.0001,0.05
2016-11-03,274.46,1.3e-05,0.05
2016-11-04,271.9,0.001268,0.05
2016-11-05,271.7,0.000515,0.05
2016-11-06,270.92,0.00015,0.05
2016-11-07,271.68,1.2e-05,0.05
2016-11-08,273.36,3e-06,0.05
2016-11-09,273.64,1e-06,0.05
2016-11-10,273.28,3e-06,0.05
2016-11-11,270.88,0.00078,0.05
2016-11-12,270.12,0.001524,0.05
2016-11-13,270.77,1e-06,0.05
2016-11-14,270.44,0.0,0.05
2016-11-15,270.3,1e-06,0.05
2016-11-16,270.77,3e-06,0.05
2016-11-17,272.25,0.0,0.05
2016-11-18,272.79,0.0,0.05
2016-11-19,273.25,0.0,0.05
2016-11-20,272.76,0.00014,0.05
2016-11-21,270.76,0.002708,0.05
2016-11-22,271.54,0.000441,0.05
2016-11-23,270.9,0.003927,0.05
2016-11-24,267.55,0.002632,0.05
2016-11-25,269.36,0.000562,0.05
2016-11-26,270.61,0.004125,0.05
2016-11-27,266.75,1e-05,0.05
2016-11-28,266.86,5e-06,0.05
2016-11-29,269.77,0.001049,0.05
2016-11-30,267.91,0.006162,0.05
2016-12-01,264.37,1.2e-05,0.05
2016-12-02,263.78,7e-06,0.05
2016-12-03,267.68,1e-06,0.05
2016-12-04,269.39,0.0,0.05
2016-12-05,268.07,0.0,0.05
2016-12-06,268.45,1e-06,0.05
2016-12-07,269.06,1e-06,0.05
2016-12-08,267.87,2e-06,0.05
2016-12-09,267.41,1e-06,0.05
2016-12-10,267.59,0.016452,0.05
2016-12-11,264.91,0.002121,0.05
2016-12-12,261.55,0.008466,0.05
2016-12-13,261.73,0.000123,0.05
2016-12-14,258.8,4e-06,0.05
2016-12-15,263.94,1e-06,0.05
2016-12-16,263.21,3e-06,0.05
2016-12-17,262.26,0.0,0.05
2016-12-18,261.53,1e-06,0.05
2016-12-19,261.0,0.0,0.05
2016-12-20,262.23,0.0,0.05
2016-12-21,264.86,3e-06,0.05
2016-12-22,265.89,0.0,0.05
2016-12-23,265.24,0.000825,0.05
2016-12-24,263.45,0.002012,0.05
2016-12-25,261.4,7e-06,0.05
2016-12-26,262.11,0.0,0.05
2016-12-27,265.12,1e-06,0.05
2016-12-28,266.23,1e-06,0.05
2016-12-29,266.78,0.000231,0.05
2016-12-30,264.16,6e-06,0.05
2016-12-31,263.57,1.1e-05,0.05
2017-01-01,263.46,0.000305,0.05
2017-01-02,263.64,0.000131,0.05
2017-01-03,265.63,0.016568,0.05
2017-01-04,264.2,0.019795,0.05
2017-01-05,262.21,0.00588,0.05
2017-01-06,262.72,0.022127,0.05
2017-01-07,260.49,0.00716,0.05
2017-01-08,257.6,0.005405,0.05
2017-01-09,256.17,0.000172,0.05
2017-01-10,255.93,4e-06,0.05
2017-01-11,254.39,3e-06,0.05
2017-01-12,252.62,6e-06,0.05
2017-01-13,253.47,0.000163,0.05
2017-01-14,255.95,0.002169,0.05
2017-01-15,260.33,0.00676,0.05
2017-01-16,259.83,0.003788,0.05
2017-01-17,259.34,0.007936,0.05
2017-01-18,259.66,0.008259,0.05
2017-01-19,258.99,0.0009,0.05
2017-01-20,257.72,4.1e-05,0.05
2017-01-21,261.23,0.004483,0.05
2017-01-22,263.25,0.007433,0.05
2017-01-23,263.75,0.011778,0.05
2017-01-24,265.62,0.051722,0.05
2017-01-25,266.45,0.04124,0.05
2017-01-26,266.41,0.034897,0.05
2017-01-27,264.69,0.007851,0.05
2017-01-28,264.75,0.007217,0.05
2017-01-29,266.47,0.007141,0.05
2017-01-30,265.55,0.018449,0.05
2017-01-31,264.73,0.000578,0.05
2017-02-01,261.6,2e-06,0.05
2017-02-02,263.55,0.000423,0.05
2017-02-03,265.66,0.000789,0.05
2017-02-04,265.63,0.032232,0.05
2017-02-05,263.73,0.022887,0.05
2017-02-06,260.92,4.5e-05,0.05
2017-02-07,259.95,0.002124,0.05
2017-02-08,262.46,0.014898,0.05
2017-02-09,261.18,0.000572,0.05
2017-02-10,259.25,0.0,0.05
2017-02-11,260.36,1e-06,0.05
2017-02-12,259.55,0.0,0.05
2017-02-13,261.02,2e-06,0.05
2017-02-14,263.8,4.9e-05,0.05
2017-02-15,266.33,0.006342,0.05
2017-02-16,269.29,0.005147,0.05
2017-02-17,270.92,0.010867,0.05
2017-02-18,270.65,0.03273,0.05
2017-02-19,269.17,0.026822,0.05
2017-02-20,267.09,0.012389,0.05
2017-02-21,265.27,0.017412,0.05
2017-02-22,262.85,0.000609,0.05
2017-02-23,261.45,0.000416,0.05
2017-02-24,262.11,1e-05,0.05
2017-02-25,262.67,2.9e-05,0.05
2017-02-26,260.58,2e-06,0.05
2017-02-27,261.29,5.3e-05,0.05
2017-02-28,265.3,0.00576,0.05
2017-03-01,265.48,0.012432,0.05
2017-03-02,263.8,0.004179,0.05
2017-03-03,262.49,0.000721,0.05
2017-03-04,262.12,4e-05,0.05
2017-03-05,261.44,3e-06,0.05
2017-03-06,262.39,5.5e-05,0.05
2017-03-07,262.78,0.005993,0.05
2017-03-08,264.15,0.020627,0.05
2017-03-09,264.14,0.022438,0.05
2017-03-10,263.75,0.013596,0.05
2017-03-11,262.37,0.012524,0.05
2017-03-12,262.07,0.000276,0.05
2017-03-13,263.14,0.00219,0.05
2017-03-14,263.23,0.000444,0.05
2017-03-15,264.98,0.001234,0.05
2017-03-16,266.13,0.004352,0.05
2017-03-17,265.43,0.001196,0.05
2017-03-18,265.18,2e-06,0.05
2017-03-19,265.18,4.5e-05,0.05
2017-03-20,266.96,2.9e-05,0.05
2017-03-21,269.15,0.013627,0.05
2017-03-22,271.48,0.028232,0.05
2017-03-23,269.53,0.002306,0.05
2017-03-24,269.32,5e-06,0.05
2017-03-25,270.7,0.00105,0.05
2017-03-26,271.32,6e-06,0.05
2017-03-27,272.43,0.000105,0.05
2017-03-28,272.65,0.0071,0.05
2017-03-29,272.6,0.000872,0.05
2017-03-30,272.84,4.1e-05,0.05
2017-03-31,272.79,0.002193,0.05
2017-04-01,271.23,0.000663,0.05
2017-04-02,272.02,0.00132,0.05
2017-04-03,272.94,0.001257,0.05
2017-04-04,272.56,0.025749,0.05
2017-04-05,271.89,0.047327,0.05
2017-04-06,269.06,0.061312,0.05
2017-04-07,267.91,0.019498,0.05
2017-04-08,266.77,0.007827,0.05
2017-04-09,267.15,4e-06,0.05
2017-04-10,266.88,1e-06,0.05
2017-04-11,268.81,0.0,0.05
2017-04-12,270.12,2e-06,0.05
2017-04-13,271.73,1.2e-05,0.05
2017-04-14,272.91,2e-06,0.05
2017-04-15,272.03,1e-06,0.05
2017-04-16,274.01,0.0,0.05
2017-04-17,275.14,3e-06,0.05
2017-04-18,275.72,0.000228,0.05
2017-04-19,276.79,0.00563,0.05
2017-04-20,277.93,0.007981,0.05
2017-04-21,277.38,0.005019,0.05
2017-04-22,275.75,0.008285,0.05
2017-04-23,274.29,0.013338,0.05
2017-04-24,273.31,0.00754,0.05
2017-04-25,273.66,0.002462,0.05
2017-04-26,273.93,0.003611,0.05
2017-04-27,274.18,0.002538,0.05
2017-04-28,274.5,0.000301,0.05
2017-04-29,273.23,0.013437,0.05
2017-04-30,271.76,0.001464,0.05
2017-05-01,272.34,9.4e-05,0.05
2017-05-02,273.8,0.000115,0.05
2017-05-03,273.76,0.009832,0.05
2017-05-04,274.54,0.001276,0.05
2017-05-05,276.17,0.000177,0.05
2017-05-06,276.48,0.000436,0.05
2017-05-07,277.03,0.001047,0.05
2017-05-08,277.2,0.001059,0.05
2017-05-09,275.77,0.000421,0.05
2017-05-10,276.89,0.000192,0.05
2017-05-11,277.22,0.00288,0.05
2017-05-12,278.18,0.000481,0.05
2017-05-13,277.88,0.000668,0.05
2017-05-14,278.25,0.001011,0.05
2017-05-15,278.4,0.004524,0.05
2017-05-16,277.42,0.01838,0.05
2017-05-17,275.66,0.016097,0.05
2017-05-18,276.29,0.002147,0.05
2017-05-19,276.89,0.000235,0.05
2017-05-20,276.52,0.00022,0.05
2017-05-21,277.62,0.00371,0.05
2017-05-22,276.06,0.007975,0.05
2017-05-23,278.56,0.000206,0.05
2017-05-24,279.55,0.000341,0.05
2017-05-25,280.89,0.000464,0.05
2017-05-26,279.16,0.002998,0.05
2017-05-27,280.27,0.001318,0.05
2017-05-28,280.43,0.002549,0.05
2017-05-29,281.33,0.000974,0.05
2017-05-30,280.58,0.003736,0.05
2017-05-31,277.48,0.010352,0.05
2017-06-01,277.46,0.003093,0.05
2017-06-02,279.69,0.000224,0.05
2017-06-03,282.78,4.2e-05,0.05
2017-06-04,284.24,0.000131,0.05
2017-06-05,282.25,0.001602,0.05
2017-06-06,280.75,0.007118,0.05
2017-06-07,278.36,0.004645,0.05
2017-06-08,279.65,0.004405,0.05
2017-06-09,279.31,0.004169,0.05
2017-06-10,278.91,0.005747,0.05
2017-06-11,278.78,0.004508,0.05
2017-06-12,278.84,0.002883,0.05
2017-06-13,279.32,0.004615,0.05
2017-06-14,279.77,0.004636,0.05
2017-06-15,280.6,0.004538,0.05
2017-06-16,283.49,0.000107,0.05
2017-06-17,283.39,0.001556,0.05
2017-06-18,284.34,0.000186,0.05
2017-06-19,283.4,0.005009,0.05
2017-06-20,281.21,0.009212,0.05
2017-06-21,279.88,0.009261,0.05
2017-06-22,281.11,0.00484,0.05
2017-06-23,284.48,0.000292,0.05
2017-06-24,286.1,0.000671,0.05
2017-06-25,284.9,0.002163,0.05
2017-06-26,284.78,0.000836,0.05
2017-06-27,285.37,0.001465,0.05
2017-06-28,283.42,0.008597,0.05
2017-06-29,282.93,0.003215,0.05
2017-06-30,282.86,0.006759,0.05
2017-07-01,283.89,0.002019,0.05
2017-07-02,284.5,0.002842,0.05
2017-07-03,284.2,0.001608,0.05
2017-07-04,283.98,0.002247,0.05
2017-07-05,283.2,0.003099,0.05
2017-07-06,283.17,0.001814,0.05
2017-07-07,284.36,0.001522,0.05
2017-07-08,285.22,0.004097,0.05
2017-07-09,286.08,0.006957,0.05
2017-07-10,287.13,0.013018,0.05
2017-07-11,284.98,0.010529,0.05
2017-07-12,284.22,0.011748,0.05
2017-07-13,284.32,0.004332,0.05
2017-07-14,285.64,0.000845,0.05
2017-07-15,285.67,0.001846,0.05
2017-07-16,286.32,0.001025,0.05
2017-07-17,285.8,0.00498,0.05
2017-07-18,285.42,0.005369,0.05
2017-07-19,285.05,0.002381,0.05
2017-07-20,285.37,0.001039,0.05
2017-07-21,285.66,0.003733,0.05
2017-07-22,285.29,0.002735,0.05
2017-07-23,285.35,0.005081,0.05
2017-07-24,285.26,0.001299,0.05
2017-07-25,285.28,0.004723,0.05
2017-07-26,285.82,0.005956,0.05
2017-07-27,286.29,0.002905,0.05
2017-07-28,286.58,0.004245,0.05
2017-07-29,286.22,0.005198,0.05
2017-07-30,286.69,0.007839,0.05
2017-07-31,287.07,0.005473,0.05
2017-08-01,286.67,0.009879,0.05
2017-08-02,285.61,0.011837,0.05
2017-08-03,285.72,0.007663,0.05
2017-08-04,285.77,0.002035,0.05
2017-08-05,286.3,0.001428,0.05
2017-08-06,286.52,0.001641,0.05
2017-08-07,286.29,0.002952,0.05
2017-08-08,286.55,0.001746,0.05
2017-08-09,285.56,0.00365,0.05
2017-08-10,285.15,0.004457,0.05
2017-08-11,284.45,0.002539,0.05
2017-08-12,284.12,0.004182,0.05
2017-08-13,283.78,0.005724,0.05
2017-08-14,281.42,0.016756,0.05
2017-08-15,282.24,0.00115,0.05
2017-08-16,283.46,0.000471,0.05
2017-08-17,284.08,0.001153,0.05
2017-08-18,284.33,0.001762,0.05
2017-08-19,284.64,0.001607,0.05
2017-08-20,284.19,0.001022,0.05
2017-08-21,284.05,0.000764,0.05
2017-08-22,284.46,0.00054,0.05
2017-08-23,284.54,0.000414,0.05
2017-08-24,283.6,0.001945,0.05
2017-08-25,282.1,0.003714,0.05
2017-08-26,282.0,0.00206,0.05
2017-08-27,282.19,0.002764,0.05
2017-08-28,283.37,0.000614,0.05
2017-08-29,283.9,0.001327,0.05
2017-08-30,283.78,0.003328,0.05
2017-08-31,283.63,0.004497,0.05
2017-09-01,282.74,0.00608,0.05
2017-09-02,281.45,0.004248,0.05
2017-09-03,281.66,0.004294,0.05
2017-09-04,281.72,0.002606,0.05
2017-09-05,282.5,0.001955,0.05
2017-09-06,281.49,0.003754,0.05
2017-09-07,280.58,0.001753,0.05
2017-09-08,282.11,0.001176,0.05
2017-09-09,283.68,0.000781,0.05
2017-09-10,281.73,0.002404,0.05
2017-09-11,280.33,0.002865,0.05
2017-09-12,280.28,0.001224,0.05
2017-09-13,280.59,0.001769,0.05
2017-09-14,279.62,0.001851,0.05
2017-09-15,279.34,0.001674,0.05
2017-09-16,280.24,0.001125,0.05
2017-09-17,280.19,0.002226,0.05
2017-09-18,280.96,0.000228,0.05
2017-09-19,282.11,0.000274,0.05
2017-09-20,281.69,0.001153,0.05
2017-09-21,280.96,0.002358,0.05
2017-09-22,280.47,0.001267,0.05
2017-09-23,281.26,0.0,0.05
2017-09-24,280.4,4.7e-05,0.05
2017-09-25,280.38,0.000244,0.05
2017-09-26,281.01,0.000291,0.05
2017-09-27,281.02,0.001283,0.05
2017-09-28,280.67,0.000494,0.05
2017-09-29,279.57,0.000899,0.05
2017-09-30,280.01,0.0,0.05
2017-10-01,279.47,0.001467,0.05
2017-10-02,279.0,0.00041,0.05
2017-10-03,279.76,0.00021,0.05
2017-10-04,280.23,2e-06,0.05
2017-10-05,279.67,1e-06,0.05
2017-10-06,279.28,2e-06,0.05
2017-10-07,277.84,0.001692,0.05
2017-10-08,277.9,0.000769,0.05
2017-10-09,277.46,0.000801,0.05
2017-10-10,277.22,0.000845,0.05
2017-10-11,277.56,0.001069,0.05
2017-10-12,277.21,0.000462,0.05
2017-10-13,275.96,0.001045,0.05
2017-10-14,275.68,0.000258,0.05
2017-10-15,274.97,0.000817,0.05
2017-10-16,275.81,0.0,0.05
2017-10-17,277.13,1e-06,0.05
2017-10-18,278.19,2e-06,0.05
2017-10-19,277.09,1e-06,0.05
2017-10-20,275.76,0.000742,0.05
2017-10-21,276.92,4e-06,0.05
2017-10-22,273.68,0.003652,0.05
2017-10-23,272.37,0.000696,0.05
2017-10-24,272.43,0.000699,0.05
2017-10-25,274.23,0.0,0.05
2017-10-26,274.15,0.0,0.05
2017-10-27,273.49,0.000338,0.05
2017-10-28,272.63,0.001065,0.05
2017-10-29,273.61,2e-06,0.05
2017-10-30,274.65,2e-06,0.05
2017-10-31,275.17,0.0,0.05
2017-11-01,275.47,1e-06,0.05
2017-11-02,275.04,0.000294,0.05
2017-11-03,276.32,0.0,0.05
2017-11-04,276.01,2e-06,0.05
2017-11-05,276.9,3e-06,0.05
2017-11-06,276.98,4.6e-05,0.05
2017-11-07,275.92,6.5e-05,0.05
2017-11-08,273.86,0.000558,0.05
2017-11-09,273.01,0.000142,0.05
2017-11-10,273.78,0.0,0.05
2017-11-11,273.58,0.000179,0.05
2017-11-12,272.84,1e-06,0.05
2017-11-13,272.93,0.00026,0.05
2017-11-14,271.27,0.00669,0.05
2017-11-15,267.03,0.007426,0.05
2017-11-16,265.23,0.007295,0.05
2017-11-17,264.66,0.005125,0.05
2017-11-18,263.34,0.005158,0.05
2017-11-19,259.26,3.3e-05,0.05
2017-11-20,260.1,5e-06,0.05
2017-11-21,259.44,1e-06,0.05
2017-11-22,259.76,0.0,0.05
2017-11-23,262.12,1e-06,0.05
2017-11-24,265.37,0.000197,0.05
2017-11-25,267.17,0.00349,0.05
2017-11-26,263.86,1.1e-05,0.05
2017-11-27,262.97,2e-06,0.05
2017-11-28,264.67,0.001066,0.05
2017-11-29,265.27,0.001757,0.05
2017-11-30,261.88,6e-06,0.05
2017-12-01,262.37,2.1e-05,0.05
2017-12-02,265.54,0.000514,0.05
2017-12-03,265.07,0.001657,0.05
2017-12-04,265.35,0.001069,0.05
2017-12-05,264.54,0.000449,0.05
2017-12-06,266.21,0.004854,0.05
2017-12-07,262.69,1.1e-05,0.05
2017-12-08,262.3,3e-06,0.05
2017-12-09,267.12,0.0,0.05
2017-12-10,266.03,0.002591,0.05
2017-12-11,266.05,0.031603,0.05
2017-12-12,263.62,0.010708,0.05
2017-12-13,260.22,0.004634,0.05
2017-12-14,259.44,0.004718,0.05
2017-12-15,261.28,0.000999,0.05
2017-12-16,260.93,3.6e-05,0.05
2017-12-17,258.22,5e-06,0.05
2017-12-18,262.8,1.1e-05,0.05
2017-12-19,264.13,0.006778,0.05
2017-12-20,264.84,0.007465,0.05
2017-12-21,262.87,0.00521,0.05
2017-12-22,260.82,3e-06,0.05
2017-12-23,261.34,0.000279,0.05
2017-12-24,262.16,0.000948,0.05
2017-12-25,258.94,4e-06,0.05
2017-12-26,263.85,0.000328,0.05
2017-12-27,265.16,0.004957,0.05
2017-12-28,263.01,0.000749,0.05
2017-12-29,259.84,7e-06,0.05
2017-12-30,256.29,1e-06,0.05
2017-12-31,258.22,0.000143,0.05
2018-01-01,258.25,0.0,0.05
2018-01-02,256.95,1e-06,0.05
2018-01-03,257.55,4e-06,0.05
2018-01-04,258.34,0.002793,0.05
2018-01-05,259.93,0.004166,0.05
2018-01-06,259.05,1e-06,0.05
2018-01-07,256.43,2e-06,0.05
2018-01-08,257.53,2e-06,0.05
2018-01-09,257.9,1e-06,0.05
2018-01-10,259.04,1e-06,0.05
2018-01-11,262.58,3e-06,0.05
2018-01-12,262.69,0.0,0.05
2018-01-13,261.83,0.0,0.05
2018-01-14,260.81,0.001064,0.05
2018-01-15,259.4,3e-06,0.05
2018-01-16,261.1,2e-06,0.05
2018-01-17,261.27,0.008515,0.05
2018-01-18,262.98,5.3e-05,0.05
2018-01-19,261.03,1e-06,0.05
2018-01-20,262.06,0.0,0.05
2018-01-21,261.15,0.0,0.05
2018-01-22,259.9,0.0,0.05
2018-01-23,261.13,0.001217,0.05
2018-01-24,260.06,1e-06,0.05
2018-01-25,259.35,0.000126,0.05
2018-01-26,259.23,8.6e-05,0.05
2018-01-27,259.87,0.000137,0.05
2018-01-28,260.96,0.000443,0.05
2018-01-29,264.48,0.008893,0.05
2018-01-30,265.55,0.01092,0.05
2018-01-31,266.25,0.010294,0.05
2018-02-01,265.45,0.008449,0.05
2018-02-02,262.48,0.003024,0.05
2018-02-03,261.4,0.00303,0.05
2018-02-04,258.91,1e-06,0.05
2018-02-05,259.01,7e-06,0.05
2018-02-06,259.69,0.00011,0.05
2018-02-07,259.62,0.00028,0.05
2018-02-08,259.72,0.000277,0.05
2018-02-09,259.11,4e-06,0.05
2018-02-10,260.65,0.002467,0.05
2018-02-11,262.49,0.005952,0.05
2018-02-12,262.63,0.021326,0.05
2018-02-13,261.75,0.000794,0.05
2018-02-14,264.24,0.002168,0.05
2018-02-15,267.3,0.002907,0.05
2018-02-16,265.15,4.1e-05,0.05
2018-02-17,263.41,7e-06,0.05
2018-02-18,262.6,1e-06,0.05
2018-02-19,264.68,2e-06,0.05
2018-02-20,266.65,0.003393,0.05
2018-02-21,265.72,0.004062,0.05
2018-02-22,264.97,0.000708,0.05
2018-02-23,266.02,0.001407,0.05
2018-02-24,266.18,0.030504,0.05
2018-02-25,267.7,0.000296,0.05
2018-02-26,267.23,0.007647,0.05
2018-02-27,268.91,0.003557,0.05
2018-02-28,268.69,0.000901,0.05
2018-03-01,268.84,0.012652,0.05
2018-03-02,268.14,0.024726,0.05
2018-03-03,267.25,0.016577,0.05
2018-03-04,266.99,0.001535,0.05
2018-03-05,265.84,0.000179,0.05
2018-03-06,263.47,1e-06,0.05
2018-03-07,263.35,0.0,0.05
2018-03-08,265.18,2e-06,0.05
2018-03-09,265.3,0.005095,0.05
2018-03-10,266.48,0.0,0.05
2018-03-11,266.39,2e-06,0.05
2018-03-12,267.86,0.001469,0.05
2018-03-13,268.91,0.013176,0.05
2018-03-14,267.84,0.026569,0.05
2018-03-15,267.28,0.010967,0.05
2018-03-16,266.06,0.000226,0.05
2018-03-17,264.45,9e-06,0.05
2018-03-18,265.69,1e-06,0.05
2018-03-19,267.29,2e-06,0.05
2018-03-20,268.47,0.000972,0.05
2018-03-21,268.49,0.005157,0.05
2018-03-22,268.57,0.000568,0.05
2018-03-23,268.08,0.002066,0.05
2018-03-24,268.22,0.000198,0.05
2018-03-25,268.24,4e-06,0.05
2018-03-26,269.39,1e-06,0.05
2018-03-27,272.03,0.005157,0.05
2018-03-28,270.72,0.00087,0.05
2018-03-29,269.55,4e-06,0.05
2018-03-30,269.89,1e-06,0.05
2018-03-31,272.24,1e-06,0.05
2018-04-01,273.57,0.0,0.05
2018-04-02,274.2,0.000355,0.05
2018-04-03,272.8,0.001306,0.05
2018-04-04,273.4,4.3e-05,0.05
2018-04-05,273.81,1.9e-05,0.05
2018-04-06,275.09,0.000181,0.05
2018-04-07,275.05,0.0,0.05
2018-04-08,274.61,0.008412,0.05
2018-04-09,274.11,0.008963,0.05
2018-04-10,273.35,0.011692,0.05
2018-04-11,272.19,0.036664,0.05
2018-04-12,270.23,0.006926,0.05
2018-04-13,270.11,1.2e-05,0.05
2018-04-14,271.2,0.0,0.05
2018-04-15,274.06,3.5e-05,0.05
2018-04-16,272.67,0.016637,0.05
2018-04-17,272.44,0.007395,0.05
2018-04-18,273.11,0.007868,0.05
2018-04-19,272.17,0.011986,0.05
2018-04-20,270.72,0.043245,0.05
2018-04-21,270.39,0.001144,0.05
2018-04-22,271.1,7e-06,0.05
2018-04-23,271.3,0.0,0.05
2018-04-24,273.53,1e-06,0.05
2018-04-25,274.75,2e-06,0.05
2018-04-26,275.62,0.000154,0.05
2018-04-27,275.16,0.000561,0.05
2018-04-28,274.42,0.000168,0.05
2018-04-29,272.79,1e-06,0.05
2018-04-30,274.34,1e-06,0.05
2018-05-01,275.98,0.0004,0.05
2018-05-02,275.92,0.001411,0.05
2018-05-03,273.97,0.005664,0.05
2018-05-04,274.07,0.000358,0.05
2018-05-05,274.56,0.003784,0.05
2018-05-06,274.72,0.01534,0.05
2018-05-07,273.81,0.009892,0.05
2018-05-08,273.39,0.002436,0.05
2018-05-09,273.21,0.000146,0.05
2018-05-10,274.83,1e-06,0.05
2018-05-11,277.5,2e-06,0.05
2018-05-12,277.0,0.013126,0.05
2018-05-13,274.6,0.002432,0.05
2018-05-14,274.61,0.011749,0.05
2018-05-15,275.57,0.003912,0.05
2018-05-16,274.99,0.003349,0.05
2018-05-17,275.53,0.001819,0.05
2018-05-18,274.24,0.009666,0.05
2018-05-19,274.28,0.004741,0.05
2018-05-20,275.07,0.000975,0.05
2018-05-21,275.5,0.00064,0.05
2018-05-22,275.79,0.001775,0.05
2018-05-23,275.63,0.000536,0.05
2018-05-24,276.49,0.000388,0.05
2018-05-25,276.23,0.00038,0.05
2018-05-26,276.81,0.000467,0.05
2018-05-27,277.14,0.000924,0.05
2018-05-28,277.2,0.000406,0.05
2018-05-29,277.7,0.00356,0.05
2018-05-30,279.32,0.000112,0.05
2018-05-31,280.11,0.000387,0.05
2018-06-01,279.49,0.002109,0.05
2018-06-02,279.58,1.8e-05,0.05
2018-06-03,282.63,1e-06,0.05
2018-06-04,283.51,7.3e-05,0.05
2018-06-05,282.7,0.0044,0.05
2018-06-06,283.26,7e-06,0.05
2018-06-07,283.91,2e-05,0.05
2018-06-08,283.59,0.000991,0.05
2018-06-09,283.01,0.00196,0.05
2018-06-10,282.0,0.006052,0.05
2018-06-11,280.78,0.002552,0.05
2018-06-12,281.6,0.001987,0.05
2018-06-13,283.49,0.000177,0.05
2018-06-14,283.24,0.001465,0.05
2018-06-15,282.07,0.002809,0.05
2018-06-16,281.18,0.004318,0.05
2018-06-17,280.71,0.003707,0.05
2018-06-18,280.29,0.006606,0.05
2018-06-19,281.07,0.005404,0.05
2018-06-20,281.66,0.004068,0.05
2018-06-21,281.17,0.0017,0.05
2018-06-22,280.97,0.00315,0.05
2018-06-23,281.43,0.006317,0.05
2018-06-24,281.85,0.001094,0.05
2018-06-25,281.71,0.003998,0.05
2018-06-26,281.44,0.001732,0.05
2018-06-27,281.79,0.002878,0.05
2018-06-28,281.74,0.008729,0.05
2018-06-29,281.09,0.033113,0.05
2018-06-30,282.16,0.003942,0.05
2018-07-01,284.16,0.001399,0.05
2018-07-02,283.22,0.00822,0.05
2018-07-03,282.29,0.011846,0.05
2018-07-04,280.6,0.010747,0.05
2018-07-05,280.38,0.00921,0.05
2018-07-06,282.83,0.001647,0.05
2018-07-07,284.37,0.000915,0.05
2018-07-08,285.72,0.001279,0.05
2018-07-09,286.39,0.006697,0.05
2018-07-10,286.08,0.004671,0.05
2018-07-11,286.14,0.003969,0.05
2018-07-12,285.76,0.006432,0.05
2018-07-13,284.68,0.009056,0.05
2018-07-14,286.5,0.001206,0.05
2018-07-15,286.81,0.002953,0.05
2018-07-16,285.84,0.006535,0.05
2018-07-17,285.47,0.006713,0.05
2018-07-18,284.97,0.00809,0.05
2018-07-19,285.56,0.006674,0.05
2018-07-20,285.83,0.006819,0.05
2018-07-21,286.51,0.004407,0.05
2018-07-22,286.66,0.008685,0.05
2018-07-23,285.19,0.017775,0.05
2018-07-24,285.7,0.009267,0.05
2018-07-25,286.05,0.008737,0.05
2018-07-26,285.01,0.008344,0.05
2018-07-27,283.3,0.008822,0.05
2018-07-28,284.01,0.00185,0.05
2018-07-29,283.26,0.000647,0.05
2018-07-30,283.06,0.000177,0.05
2018-07-31,283.41,0.000592,0.05
2018-08-01,283.43,0.001513,0.05
2018-08-02,284.18,0.00071,0.05
2018-08-03,285.38,0.000902,0.05
2018-08-04,287.0,0.001753,0.05
2018-08-05,288.09,0.00269,0.05
2018-08-06,287.15,0.00802,0.05
2018-08-07,284.85,0.015887,0.05
2018-08-08,283.97,0.00894,0.05
2018-08-09,284.88,0.006062,0.05
2018-08-10,285.58,0.002626,0.05
2018-08-11,286.57,0.005456,0.05
2018-08-12,286.07,0.003622,0.05
2018-08-13,284.68,0.006191,0.05
2018-08-14,284.19,0.004265,0.05
2018-08-15,284.71,0.005902,0.05
2018-08-16,285.47,0.004847,0.05
2018-08-17,285.21,0.004844,0.05
2018-08-18,284.74,0.003665,0.05
2018-08-19,285.49,0.000441,0.05
2018-08-20,286.13,0.001546,0.05
2018-08-21,286.36,0.0041,0.05
2018-08-22,285.68,0.001807,0.05
2018-08-23,285.54,0.000563,0.05
2018-08-24,284.53,0.002298,0.05
2018-08-25,283.5,0.001116,0.05
2018-08-26,282.61,0.001729,0.05
2018-08-27,283.13,0.000857,0.05
2018-08-28,284.01,5e-06,0.05
2018-08-29,284.58,0.0,0.05
2018-08-30,284.05,0.000115,0.05
2018-08-31,283.98,0.00023,0.05
2018-09-01,284.1,0.000618,0.05
2018-09-02,283.14,0.002317,0.05
2018-09-03,283.13,0.001608,0.05
2018-09-04,283.56,0.000633,0.05
2018-09-05,283.66,0.000712,0.05
2018-09-06,283.8,0.00219,0.05
2018-09-07,282.67,0.007718,0.05
2018-09-08,283.02,0.003327,0.05
2018-09-09,283.3,0.001528,0.05
2018-09-10,283.16,0.001998,0.05
2018-09-11,282.42,0.003067,0.05
2018-09-12,283.37,0.000787,0.05
2018-09-13,280.68,0.006367,0.05
2018-09-14,279.17,0.004871,0.05
2018-09-15,274.19,0.019982,0.05
2018-09-16,274.64,0.000696,0.05
2018-09-17,274.93,8.4e-05,0.05
2018-09-18,276.92,5e-06,0.05
2018-09-19,278.98,3.8e-05,0.05
2018-09-20,279.98,0.000151,0.05
2018-09-21,279.85,0.000572,0.05
2018-09-22,280.38,0.000918,0.05
2018-09-23,280.51,5e-06,0.05
2018-09-24,280.08,0.001157,0.05
2018-09-25,279.36,0.00189,0.05
2018-09-26,279.4,0.00117,0.05
2018-09-27,278.99,0.001783,0.05
2018-09-28,278.41,0.004612,0.05
2018-09-29,277.66,0.006328,0.05
2018-09-30,276.75,0.004641,0.05
2018-10-01,276.16,0.00373,0.05
2018-10-02,276.9,0.001944,0.05
2018-10-03,275.88,0.004545,0.05
2018-10-04,275.3,0.003824,0.05
2018-10-05,274.17,0.005207,0.05
2018-10-06,273.73,0.001852,0.05
2018-10-07,273.93,0.00241,0.05
2018-10-08,274.3,0.004093,0.05
2018-10-09,272.64,0.008247,0.05
2018-10-10,270.67,0.007663,0.05
2018-10-11,270.18,0.002485,0.05
2018-10-12,270.19,0.00068,0.05
2018-10-13,270.05,4.6e-05,0.05
2018-10-14,270.81,0.001153,0.05
2018-10-15,271.78,0.004939,0.05
2018-10-16,270.89,0.015795,0.05
2018-10-17,270.35,0.00392,0.05
2018-10-18,269.95,0.000389,0.05
2018-10-19,266.94,8.4e-05,0.05
2018-10-20,267.4,2e-06,0.05
2018-10-21,267.37,5e-06,0.05
2018-10-22,265.42,2.2e-05,0.05
2018-10-23,264.73,8e-06,0.05
2018-10-24,266.25,2e-06,0.05
2018-10-25,266.96,4e-06,0.05
2018-10-26,265.91,6e-06,0.05
2018-10-27,266.24,2e-06,0.05
2018-10-28,268.83,0.0,0.05
2018-10-29,270.85,1e-06,0.05
2018-10-30,271.75,1e-06,0.05
2018-10-31,272.78,4.5e-05,0.05
2018-11-01,270.39,0.025019,0.05
2018-11-02,269.31,0.014763,0.05
2018-11-03,267.24,0.017177,0.05
2018-11-04,267.08,0.001317,0.05
2018-11-05,264.55,0.000947,0.05
2018-11-06,261.36,2e-06,0.05
2018-11-07,265.07,1e-06,0.05
2018-11-08,266.16,8.3e-05,0.05
2018-11-09,266.6,0.000252,0.05
2018-11-10,267.63,0.002246,0.05
2018-11-11,267.34,0.002432,0.05
2018-11-12,267.31,0.007381,0.05
2018-11-13,267.28,0.008466,0.05
2018-11-14,266.22,0.012117,0.05
2018-11-15,265.85,0.000121,0.05
2018-11-16,262.45,1e-06,0.05
2018-11-17,260.2,1.2e-05,0.05
2018-11-18,264.2,0.000175,0.05
2018-11-19,265.41,0.005455,0.05
2018-11-20,263.72,2e-05,0.05
2018-11-21,263.37,1e-06,0.05
2018-11-22,264.66,0.000725,0.05
2018-11-23,264.0,0.0,0.05
2018-11-24,265.37,0.0,0.05
2018-11-25,267.03,0.0,0.05
2018-11-26,263.92,1e-06,0.05
2018-11-27,266.37,1e-05,0.05
2018-11-28,266.55,2.9e-05,0.05
2018-11-29,265.58,3e-06,0.05
2018-11-30,263.43,3e-06,0.05
2018-12-01,262.93,0.0,0.05
2018-12-02,263.16,0.0,0.05
2018-12-03,261.89,0.0,0.05
2018-12-04,263.09,1e-06,0.05
2018-12-05,263.34,0.001694,0.05
2018-12-06,262.22,0.00174,0.05
2018-12-07,260.85,3e-06,0.05
2018-12-08,263.47,0.000651,0.05
2018-12-09,264.46,0.008772,0.05
2018-12-10,263.76,0.025929,0.05
2018-12-11,262.39,0.006822,0.05
2018-12-12,262.03,0.004127,0.05
2018-12-13,260.96,0.000783,0.05
2018-12-14,256.93,1e-06,0.05
2018-12-15,256.67,1e-06,0.05
2018-12-16,258.88,1e-06,0.05
2018-12-17,258.61,2e-06,0.05
2018-12-18,259.79,1.7e-05,0.05
2018-12-19,259.36,1e-06,0.05
2018-12-20,256.51,1e-06,0.05
2018-12-21,256.89,2e-06,0.05
2018-12-22,256.88,1e-06,0.05
2018-12-23,257.03,7.7e-05,0.05
2018-12-24,256.06,2e-06,0.05
2018-12-25,255.55,1e-06,0.05
2018-12-26,255.48,9.2e-05,0.05
2018-12-27,255.83,1e-06,0.05
2018-12-28,256.99,3e-06,0.05
2018-12-29,259.18,0.000292,0.05
2018-12-30,260.44,0.000513,0.05
2018-12-31,257.87,1.1e-05,0.05
2019-01-01,261.03,0.004818,0.05
2019-01-02,261.23,0.014238,0.05
2019-01-03,259.6,2.4e-05,0.05
2019-01-04,260.93,0.017659,0.05
2019-01-05,261.53,0.016563,0.05
2019-01-06,259.52,0.000107,0.05
2019-01-07,258.97,8.4e-05,0.05
2019-01-08,260.59,0.001514,0.05
2019-01-09,260.18,8e-06,0.05
2019-01-10,259.15,0.008086,0.05
2019-01-11,260.99,0.012014,0.05
2019-01-12,260.77,0.024571,0.05
2019-01-13,258.36,0.007442,0.05
2019-01-14,256.92,1e-06,0.05
2019-01-15,261.12,0.000205,0.05
2019-01-16,262.94,0.020839,0.05
2019-01-17,261.29,1.2e-05,0.05
2019-01-18,259.73,0.001105,0.05
2019-01-19,263.36,0.010378,0.05
2019-01-20,264.66,0.0263,0.05
2019-01-21,264.97,0.044536,0.05
2019-01-22,263.74,0.017872,0.05
2019-01-23,259.92,0.002468,0.05
2019-01-24,257.97,0.001426,0.05
2019-01-25,257.89,0.001133,0.05
2019-01-26,255.13,9.7e-05,0.05
2019-01-27,254.8,1e-06,0.05
2019-01-28,253.97,0.0,0.05
2019-01-29,257.0,0.000314,0.05
2019-01-30,261.3,0.006205,0.05
2019-01-31,263.41,0.017058,0.05
2019-02-01,261.12,0.001741,0.05
2019-02-02,259.65,0.000249,0.05
2019-02-03,260.35,0.0,0.05
2019-02-04,261.85,0.001929,0.05
2019-02-05,263.26,0.008785,0.05
2019-02-06,263.44,0.030734,0.05
2019-02-07,263.21,0.032531,0.05
2019-02-08,260.49,0.00154,0.05
2019-02-09,260.28,1e-06,0.05
2019-02-10,261.67,0.000235,0.05
2019-02-11,262.35,0.000933,0.05
2019-02-12,264.55,0.009329,0.05
2019-02-13,266.87,0.01586,0.05
2019-02-14,265.77,0.026774,0.05
2019-02-15,263.6,0.006999,0.05
2019-02-16,261.99,5.3e-05,0.05
2019-02-17,263.22,0.007896,0.05
2019-02-18,263.35,0.016391,0.05
2019-02-19,262.68,0.00925,0.05
2019-02-20,264.82,0.028833,0.05
2019-02-21,266.02,0.029026,0.05
2019-02-22,263.96,0.007644,0.05
2019-02-23,262.7,0.000281,0.05
2019-02-24,261.87,0.002761,0.05
2019-02-25,260.27,0.002045,0.05
2019-02-26,259.76,0.007249,0.05
2019-02-27,258.85,5.3e-05,0.05
2019-02-28,259.07,8.2e-05,0.05
2019-03-01,262.19,0.00407,0.05
2019-03-02,264.97,0.028431,0.05
2019-03-03,265.32,0.009364,0.05
2019-03-04,264.28,0.007892,0.05
2019-03-05,263.04,2.5e-05,0.05
2019-03-06,262.1,0.001553,0.05
2019-03-07,262.46,0.001985,0.05
2019-03-08,263.35,0.000328,0.05
2019-03-09,263.24,1.7e-05,0.05
2019-03-10,263.64,0.000614,0.05
2019-03-11,263.55,0.01709,0.05
2019-03-12,262.46,5.6e-05,0.05
2019-03-13,263.49,0.007749,0.05
2019-03-14,264.86,0.002849,0.05
2019-03-15,263.91,0.000226,0.05
2019-03-16,264.27,5e-06,0.05
2019-03-17,266.13,0.000128,0.05
2019-03-18,266.91,0.001141,0.05
2019-03-19,267.42,0.009885,0.05
2019-03-20,265.88,0.024561,0.05
2019-03-21,265.69,0.00156,0.05
2019-03-22,265.35,0.000135,0.05
2019-03-23,266.28,0.003982,0.05
2019-03-24,267.09,0.001693,0.05
2019-03-25,267.5,1e-06,0.05
2019-03-26,268.39,0.0,0.05
2019-03-27,270.95,0.000678,0.05
2019-03-28,272.27,0.001637,0.05
2019-03-29,272.29,0.005317,0.05
2019-03-30,269.16,0.014158,0.05
2019-03-31,268.4,3e-06,0.05
2019-04-01,268.99,2e-06,0.05
2019-04-02,269.98,2e-06,0.05
2019-04-03,271.51,1e-06,0.05
2019-04-04,272.76,1e-06,0.05
2019-04-05,272.93,2e-06,0.05
2019-04-06,272.15,3e-06,0.05
2019-04-07,271.41,0.001639,0.05
2019-04-08,271.96,0.000998,0.05
2019-04-09,273.92,0.000455,0.05
2019-04-10,272.47,0.005568,0.05
2019-04-11,273.56,0.006888,0.05
2019-04-12,273.13,0.00735,0.05
2019-04-13,272.61,0.011144,0.05
2019-04-14,273.33,0.006523,0.05
2019-04-15,274.94,0.001162,0.05
2019-04-16,273.34,0.012526,0.05
2019-04-17,272.58,0.01161,0.05
2019-04-18,271.6,0.002531,0.05
2019-04-19,273.41,6e-06,0.05
2019-04-20,273.78,5e-05,0.05
2019-04-21,274.04,0.000261,0.05
2019-04-22,274.6,0.000127,0.05
2019-04-23,276.51,0.010284,0.05
2019-04-24,274.65,0.013976,0.05
2019-04-25,274.34,0.004499,0.05
2019-04-26,274.06,0.001048,0.05
2019-04-27,274.29,0.000124,0.05
2019-04-28,274.38,7.7e-05,0.05
2019-04-29,275.12,0.001822,0.05
2019-04-30,273.04,0.014635,0.05
2019-05-01,273.22,0.001469,0.05
2019-05-02,272.53,0.010765,0.05
2019-05-03,272.48,0.002998,0.05
2019-05-04,272.97,0.000164,0.05
2019-05-05,272.82,0.000118,0.05
2019-05-06,272.55,1e-06,0.05
2019-05-07,273.72,0.000192,0.05
2019-05-08,274.45,1e-06,0.05
2019-05-09,276.27,0.001042,0.05
2019-05-10,275.54,0.00501,0.05
2019-05-11,275.57,0.0035,0.05
2019-05-12,275.3,0.001825,0.05
2019-05-13,275.23,0.00225,0.05
2019-05-14,275.02,0.002473,0.05
2019-05-15,275.91,0.000717,0.05
2019-05-16,275.39,0.006445,0.05
2019-05-17,275.52,0.006845,0.05
2019-05-18,274.75,0.004405,0.05
2019-05-19,276.24,0.002356,0.05
2019-05-20,275.94,0.001449,0.05
2019-05-21,276.55,0.00021,0.05
2019-05-22,276.71,0.000711,0.05
2019-05-23,275.95,0.009817,0.05
2019-05-24,275.25,0.018544,0.05
2019-05-25,276.41,0.001295,0.05
2019-05-26,275.54,0.001146,0.05
2019-05-27,276.14,0.000337,0.05
2019-05-28,276.44,1.7e-05,0.05
2019-05-29,277.63,7e-06,0.05
2019-05-30,279.18,3e-06,0.05
2019-05-31,279.61,0.000147,0.05
2019-06-01,279.03,0.000179,0.05
2019-06-02,279.04,0.000607,0.05
2019-06-03,278.41,0.003673,0.05
2019-06-04,278.28,0.001472,0.05
2019-06-05,278.38,0.008197,0.05
2019-06-06,277.54,0.009099,0.05
2019-06-07,278.4,0.00279,0.05
2019-06-08,279.19,0.003457,0.05
2019-06-09,280.07,0.003131,0.05
2019-06-10,280.57,0.002081,0.05
2019-06-11,278.95,0.019885,0.05
2019-06-12,276.52,0.021976,0.05
2019-06-13,278.17,0.000147,0.05
2019-06-14,279.94,0.00052,0.05
2019-06-15,279.6,0.003378,0.05
2019-06-16,279.68,0.003187,0.05
2019-06-17,278.85,0.005111,0.05
2019-06-18,279.04,0.001092,0.05
2019-06-19,279.93,0.001037,0.05
2019-06-20,279.37,0.005367,0.05
2019-06-21,279.36,0.004718,0.05
2019-06-22,280.16,0.005462,0.05
2019-06-23,281.09,0.005125,0.05
2019-06-24,279.78,0.007743,0.05
2019-06-25,279.95,0.001959,0.05
2019-06-26,279.33,0.003529,0.05
2019-06-27,278.82,0.003043,0.05
2019-06-28,279.94,0.002855,0.05
2019-06-29,282.26,0.006551,0.05
2019-06-30,281.94,0.002354,0.05
2019-07-01,280.96,0.001084,0.05
2019-07-02,282.7,0.000435,0.05
2019-07-03,284.62,0.000898,0.05
2019-07-04,284.39,0.005689,0.05
2019-07-05,283.4,0.004509,0.05
2019-07-06,284.17,0.002043,0.05
2019-07-07,284.48,0.005184,0.05
2019-07-08,286.02,0.001351,0.05
2019-07-09,285.91,0.002262,0.05
2019-07-10,285.15,0.005529,0.05
2019-07-11,285.45,0.001622,0.05
2019-07-12,284.93,0.004467,0.05
2019-07-13,283.93,0.007367,0.05
2019-07-14,283.79,0.003524,0.05
2019-07-15,283.49,0.004585,0.05
2019-07-16,284.11,0.002875,0.05
2019-07-17,285.21,0.001327,0.05
2019-07-18,284.25,0.004498,0.05
2019-07-19,283.5,0.004187,0.05
2019-07-20,285.19,0.004007,0.05
2019-07-21,285.55,0.003225,0.05
2019-07-22,285.59,0.001514,0.05
2019-07-23,287.47,0.001817,0.05
2019-07-24,287.88,0.001209,0.05
2019-07-25,285.21,0.007627,0.05
2019-07-26,285.04,0.009889,0.05
2019-07-27,284.77,0.013917,0.05
2019-07-28,283.97,0.020143,0.05
2019-07-29,285.54,0.007166,0.05
2019-07-30,286.85,0.004041,0.05
2019-07-31,286.52,0.005363,0.05
2019-08-01,285.54,0.008358,0.05
2019-08-02,285.62,0.004228,0.05
2019-08-03,285.1,0.003263,0.05
2019-08-04,285.84,0.001107,0.05
2019-08-05,286.46,0.003125,0.05
2019-08-06,286.47,0.00575,0.05
2019-08-07,286.18,0.003702,0.05
2019-08-08,286.7,0.006627,0.05
2019-08-09,286.12,0.010284,0.05
2019-08-10,284.6,0.011096,0.05
2019-08-11,285.33,0.005732,0.05
2019-08-12,285.56,0.003473,0.05
2019-08-13,285.84,0.006869,0.05
2019-08-14,284.94,0.014246,0.05
2019-08-15,285.27,0.001685,0.05
2019-08-16,284.53,0.003979,0.05
2019-08-17,282.59,0.007433,0.05
2019-08-18,282.51,0.001963,0.05
2019-08-19,281.3,0.003036,0.05
2019-08-20,280.89,0.000782,0.05
2019-08-21,281.7,0.002974,0.05
2019-08-22,282.52,0.000864,0.05
2019-08-23,283.68,0.00082,0.05
2019-08-24,283.78,0.001128,0.05
2019-08-25,284.3,0.001033,0.05
2019-08-26,284.04,0.00151,0.05
2019-08-27,284.54,0.001756,0.05
2019-08-28,284.24,0.004216,0.05
2019-08-29,285.05,0.001873,0.05
2019-08-30,284.99,0.002334,0.05
2019-08-31,284.31,0.006423,0.05
2019-09-01,284.13,0.001885,0.05
2019-09-02,284.14,0.000982,0.05
2019-09-03,284.81,0.001101,0.05
2019-09-04,284.88,0.000477,0.05
2019-09-05,284.51,4.1e-05,0.05
2019-09-06,284.36,0.000135,0.05
2019-09-07,283.27,9e-06,0.05
2019-09-08,283.55,2e-06,0.05
2019-09-09,284.45,8.2e-05,0.05
2019-09-10,284.5,0.000163,0.05
2019-09-11,284.17,4e-06,0.05
2019-09-12,283.98,2e-05,0.05
2019-09-13,283.5,4e-06,0.05
2019-09-14,283.08,1e-06,0.05
2019-09-15,282.69,0.0,0.05
2019-09-16,281.3,0.001155,0.05
2019-09-17,280.38,0.001379,0.05
2019-09-18,282.57,2e-06,0.05
2019-09-19,282.66,0.000391,0.05
2019-09-20,280.86,0.003186,0.05
2019-09-21,280.64,0.001438,0.05
2019-09-22,281.73,0.000433,0.05
2019-09-23,283.89,0.000322,0.05
2019-09-24,283.75,0.000832,0.05
2019-09-25,283.68,0.001135,0.05
2019-09-26,282.48,0.001958,0.05
2019-09-27,282.78,0.001165,0.05
2019-09-28,281.48,0.004268,0.05
2019-09-29,280.58,0.006443,0.05
2019-09-30,279.68,0.003698,0.05
2019-10-01,277.37,0.005528,0.05
2019-10-02,277.23,0.001352,0.05
2019-10-03,276.23,0.00271,0.05
2019-10-04,274.84,0.006318,0.05
2019-10-05,274.72,0.001029,0.05
2019-10-06,275.61,0.009349,0.05
2019-10-07,273.18,0.011898,0.05
2019-10-08,272.09,0.000363,0.05
2019-10-09,271.49,0.000338,0.05
2019-10-10,271.44,7e-06,0.05
2019-10-11,273.19,5.8e-05,0.05
2019-10-12,274.56,0.000271,0.05
2019-10-13,275.74,0.0,0.05
2019-10-14,276.46,2e-06,0.05
2019-10-15,276.47,9e-06,0.05
2019-10-16,277.08,0.000122,0.05
2019-10-17,275.19,0.00602,0.05
2019-10-18,272.55,0.006328,0.05
2019-10-19,270.72,0.003536,0.05
2019-10-20,270.68,0.00085,0.05
2019-10-21,270.71,0.000334,0.05
2019-10-22,272.26,0.000171,0.05
2019-10-23,271.24,0.002316,0.05
2019-10-24,270.39,0.001731,0.05
2019-10-25,270.66,0.000224,0.05
2019-10-26,271.5,4.5e-05,0.05
2019-10-27,272.72,1e-06,0.05
2019-10-28,274.37,0.000176,0.05
2019-10-29,274.54,9.7e-05,0.05
2019-10-30,273.33,0.001099,0.05
2019-10-31,272.84,0.002149,0.05
2019-11-01,273.1,0.002703,0.05
2019-11-02,272.61,0.005399,0.05
2019-11-03,270.44,0.00351,0.05
2019-11-04,269.12,0.000134,0.05
2019-11-05,269.86,0.00537,0.05
2019-11-06,268.09,0.031498,0.05
2019-11-07,267.39,0.024704,0.05
2019-11-08,266.06,0.001635,0.05
2019-11-09,261.95,6e-06,0.05
2019-11-10,261.39,1e-06,0.05
2019-11-11,263.19,1.3e-05,0.05
2019-11-12,266.65,0.001218,0.05
2019-11-13,268.91,0.003479,0.05
2019-11-14,269.97,0.02291,0.05
2019-11-15,269.92,0.017481,0.05
2019-11-16,268.89,0.015179,0.05
2019-11-17,265.25,3e-06,0.05
2019-11-18,264.3,0.0,0.05
2019-11-19,265.48,3e-06,0.05
2019-11-20,266.42,0.000274,0.05
2019-11-21,266.92,0.018528,0.05
2019-11-22,268.81,0.03685,0.05
2019-11-23,268.34,0.009396,0.05
2019-11-24,265.86,0.001173,0.05
2019-11-25,265.1,0.000172,0.05
2019-11-26,264.85,0.006988,0.05
2019-11-27,264.42,0.019356,0.05
2019-11-28,264.01,0.00467,0.05
2019-11-29,262.97,0.000988,0.05
2019-11-30,258.72,1e-06,0.05
2019-12-01,259.28,2e-06,0.05
2019-12-02,259.43,1e-06,0.05
2019-12-03,258.84,2e-06,0.05
2019-12-04,260.32,-0.0,0.05
2019-12-05,259.34,0.0,0.05
2019-12-06,259.5,0.0,0.05
2019-12-07,259.54,0.0,0.05
2019-12-08,259.89,0.0,0.05
2019-12-09,260.73,1e-06,0.05
2019-12-10,261.73,0.00544,0.05
2019-12-11,263.11,0.014783,0.05
2019-12-12,264.38,0.016824,0.05
2019-12-13,264.1,0.026175,0.05
2019-12-14,262.38,0.009892,0.05
2019-12-15,260.35,0.000471,0.05
2019-12-16,257.45,2e-06,0.05
2019-12-17,257.01,1e-06,0.05
2019-12-18,260.54,0.000419,0.05
2019-12-19,262.02,0.002662,0.05
2019-12-20,261.85,0.005571,0.05
2019-12-21,261.26,0.001875,0.05
2019-12-22,259.08,2.3e-05,0.05
2019-12-23,258.65,0.0,0.05
2019-12-24,257.57,0.0,0.05
2019-12-25,256.94,8e-06,0.05
2019-12-26,256.24,0.0,0.05
2019-12-27,258.51,0.0,0.05
2019-12-28,258.19,1e-06,0.05
2019-12-29,257.57,2e-06,0.05
2019-12-30,257.16,0.000115,0.05
2019-12-31,257.75,0.001196,0.05
2020-01-01,258.86,0.001176,0.05
2020-01-02,260.25,0.004675,0.05
2020-01-03,261.8,0.009627,0.05
2020-01-04,259.39,0.00618,0.05
2020-01-05,259.5,0.001563,0.05
2020-01-06,263.18,0.01926,0.05
2020-01-07,262.88,0.019904,0.05
2020-01-08,259.48,0.001939,0.05
2020-01-09,257.15,0.0,0.05
2020-01-10,257.12,0.0,0.05
2020-01-11,259.96,0.003617,0.05
2020-01-12,264.19,0.030333,0.05
2020-01-13,265.02,0.055162,0.05
2020-01-14,261.72,0.001867,0.05
2020-01-15,261.84,0.002026,0.05
2020-01-16,259.07,2.3e-05,0.05
2020-01-17,257.87,0.000166,0.05
2020-01-18,258.14,7.5e-05,0.05
2020-01-19,256.98,0.00028,0.05
2020-01-20,259.62,0.00314,0.05
2020-01-21,260.63,0.017985,0.05
2020-01-22,260.06,0.003601,0.05
2020-01-23,258.82,3e-06,0.05
2020-01-24,260.53,0.001548,0.05
2020-01-25,263.0,0.002642,0.05
2020-01-26,261.72,0.003507,0.05
2020-01-27,260.99,0.001145,0.05
2020-01-28,262.35,0.011498,0.05
2020-01-29,262.11,0.003839,0.05
2020-01-30,259.47,1e-05,0.05
2020-01-31,258.14,0.000621,0.05
2020-02-01,259.17,3.9e-05,0.05
2020-02-02,258.29,0.0,0.05
2020-02-03,257.63,4e-06,0.05
2020-02-04,258.64,0.002962,0.05
2020-02-05,259.7,1.5e-05,0.05
2020-02-06,260.34,0.000284,0.05
2020-02-07,259.37,0.0,0.05
2020-02-08,260.57,1e-06,0.05
2020-02-09,260.4,0.0,0.05
2020-02-10,260.68,4e-06,0.05
2020-02-11,263.39,0.005925,0.05
2020-02-12,268.12,0.009268,0.05
2020-02-13,268.82,0.021785,0.05
2020-02-14,266.85,0.001822,0.05
2020-02-15,264.53,5e-06,0.05
2020-02-16,264.28,1e-06,0.05
2020-02-17,264.46,1e-06,0.05
2020-02-18,264.74,4.7e-05,0.05
2020-02-19,263.66,0.01068,0.05
2020-02-20,263.9,0.003905,0.05
2020-02-21,262.91,1e-06,0.05
2020-02-22,263.84,1e-06,0.05
2020-02-23,264.37,1e-06,0.05
2020-02-24,263.55,3e-06,0.05
2020-02-25,263.85,1e-06,0.05
2020-02-26,264.85,1e-06,0.05
2020-02-27,267.35,0.000416,0.05
2020-02-28,267.78,0.012433,0.05
2020-02-29,267.96,0.003753,0.05
2020-03-01,266.43,0.000369,0.05
2020-03-02,265.3,5e-06,0.05
2020-03-03,265.97,2e-06,0.05
2020-03-04,265.37,5.1e-05,0.05
2020-03-05,265.65,0.007108,0.05
2020-03-06,267.01,0.008903,0.05
2020-03-07,266.06,0.026348,0.05
2020-03-08,265.51,0.00868,0.05
2020-03-09,266.86,3.9e-05,0.05
2020-03-10,266.4,2e-06,0.05
2020-03-11,266.84,0.00533,0.05
2020-03-12,266.83,0.012558,0.05
2020-03-13,267.2,0.004387,0.05
2020-03-14,265.62,0.00223,0.05
2020-03-15,265.63,3e-06,0.05
2020-03-16,266.22,0.0,0.05
2020-03-17,267.28,1e-06,0.05
2020-03-18,266.87,5e-06,0.05
2020-03-19,266.66,2e-06,0.05
2020-03-20,266.99,1.1e-05,0.05
2020-03-21,267.35,0.009944,0.05
2020-03-22,268.14,2.5e-05,0.05
2020-03-23,268.5,0.000166,0.05
2020-03-24,268.57,0.011453,0.05
2020-03-25,269.01,0.003869,0.05
2020-03-26,270.29,0.001517,0.05
2020-03-27,269.27,0.031924,0.05
2020-03-28,268.72,0.012994,0.05
2020-03-29,268.0,0.00058,0.05
2020-03-30,269.12,0.001312,0.05
2020-03-31,270.14,0.020702,0.05
2020-04-01,269.65,0.02007,0.05
2020-04-02,267.58,0.003484,0.05
2020-04-03,267.98,3e-06,0.05
2020-04-04,268.8,2e-06,0.05
2020-04-05,269.67,0.000452,0.05
2020-04-06,269.56,0.006576,0.05
2020-04-07,270.05,0.0051,0.05
2020-04-08,268.98,7.1e-05,0.05
2020-04-09,270.3,0.003868,0.05
2020-04-10,271.46,8.6e-05,0.05
2020-04-11,272.03,0.0,0.05
2020-04-12,274.22,2e-06,0.05
2020-04-13,275.35,6.8e-05,0.05
2020-04-14,274.9,0.017313,0.05
2020-04-15,272.53,0.016109,0.05
2020-04-16,273.21,0.000437,0.05
2020-04-17,272.57,0.019534,0.05
2020-04-18,271.8,0.019817,0.05
2020-04-19,271.38,0.005895,0.05
2020-04-20,271.93,0.000875,0.05
2020-04-21,272.25,0.000631,0.05
2020-04-22,272.9,0.000225,0.05
2020-04-23,272.24,2.2e-05,0.05
2020-04-24,273.49,1e-06,0.05
2020-04-25,275.23,3e-06,0.05
2020-04-26,275.7,0.000145,0.05
2020-04-27,275.73,0.001818,0.05
2020-04-28,275.52,0.000172,0.05
2020-04-29,277.29,0.000241,0.05
2020-04-30,277.45,2.2e-05,0.05
2020-05-01,277.16,0.005458,0.05
2020-05-02,276.53,0.00904,0.05
2020-05-03,275.69,0.008299,0.05
2020-05-04,275.32,0.001139,0.05
2020-05-05,274.24,0.004779,0.05
2020-05-06,273.36,0.003389,0.05
2020-05-07,274.83,8.1e-05,0.05
2020-05-08,276.99,1.6e-05,0.05
2020-05-09,276.91,0.000728,0.05
2020-05-10,276.04,0.001005,0.05
2020-05-11,275.88,0.003029,0.05
2020-05-12,276.69,0.000216,0.05
2020-05-13,276.55,0.002504,0.05
2020-05-14,275.14,0.017932,0.05
2020-05-15,276.07,0.000483,0.05
2020-05-16,275.67,0.000158,0.05
2020-05-17,275.97,0.000828,0.05
2020-05-18,273.91,0.004351,0.05
2020-05-19,274.46,0.000997,0.05
2020-05-20,276.93,2e-06,0.05
2020-05-21,279.44,0.0,0.05
2020-05-22,279.66,0.001911,0.05
2020-05-23,278.01,0.004104,0.05
2020-05-24,278.17,0.00239,0.05
2020-05-25,279.11,0.000646,0.05
2020-05-26,280.59,0.000197,0.05
2020-05-27,281.28,9.4e-05,0.05
2020-05-28,279.64,0.004166,0.05
2020-05-29,278.57,0.0069,0.05
2020-05-30,278.05,0.018254,0.05
2020-05-31,275.92,0.023135,0.05
2020-06-01,276.8,0.003085,0.05
2020-06-02,276.81,0.004167,0.05
2020-06-03,277.34,0.007032,0.05
2020-06-04,278.09,0.004568,0.05
2020-06-05,279.51,0.005762,0.05
2020-06-06,280.16,0.006721,0.05
2020-06-07,281.24,0.00073,0.05
2020-06-08,281.31,0.001398,0.05
2020-06-09,281.17,0.00372,0.05
2020-06-10,281.13,0.003185,0.05
2020-06-11,280.56,0.002875,0.05
2020-06-12,280.7,0.002121,0.05
2020-06-13,280.02,0.003169,0.05
2020-06-14,280.49,0.000851,0.05
2020-06-15,280.7,0.001049,0.05
2020-06-16,281.59,6.8e-05,0.05
2020-06-17,281.36,0.002973,0.05
2020-06-18,281.55,0.001255,0.05
2020-06-19,282.06,0.000452,0.05
2020-06-20,281.32,0.000656,0.05
2020-06-21,282.7,0.000676,0.05
2020-06-22,285.59,7.8e-05,0.05
2020-06-23,285.52,0.002666,0.05
2020-06-24,283.68,0.007285,0.05
2020-06-25,283.39,0.001588,0.05
2020-06-26,283.73,0.002638,0.05
2020-06-27,284.1,0.002666,0.05
2020-06-28,283.03,0.005476,0.05
2020-06-29,282.84,0.003031,0.05
2020-06-30,284.79,0.000405,0.05
2020-07-01,284.6,0.001976,0.05
2020-07-02,284.95,0.001576,0.05
2020-07-03,285.69,0.003048,0.05
2020-07-04,284.32,0.002199,0.05
2020-07-05,282.1,0.002773,0.05
2020-07-06,283.03,0.002954,0.05
2020-07-07,284.95,0.000969,0.05
2020-07-08,285.88,0.001184,0.05
2020-07-09,284.99,0.002541,0.05
2020-07-10,284.54,0.001133,0.05
2020-07-11,284.04,0.003942,0.05
2020-07-12,283.35,0.003566,0.05
2020-07-13,283.81,0.001435,0.05
2020-07-14,284.72,0.001177,0.05
2020-07-15,285.35,0.001074,0.05
2020-07-16,284.86,0.00382,0.05
2020-07-17,285.57,0.005485,0.05
2020-07-18,285.59,0.003663,0.05
2020-07-19,284.6,0.007004,0.05
2020-07-20,283.42,0.010393,0.05
2020-07-21,281.79,0.010112,0.05
2020-07-22,282.13,0.005009,0.05
2020-07-23,285.51,0.000348,0.05
2020-07-24,285.38,0.001517,0.05
2020-07-25,285.92,0.00234,0.05
2020-07-26,286.03,0.005256,0.05
2020-07-27,285.06,0.001561,0.05
2020-07-28,285.56,0.001621,0.05
2020-07-29,285.93,0.005268,0.05
2020-07-30,286.16,0.005519,0.05
2020-07-31,285.4,0.005703,0.05
2020-08-01,284.63,0.007228,0.05
2020-08-02,285.72,0.0008,0.05
2020-08-03,285.38,0.001775,0.05
2020-08-04,284.83,0.00517,0.05
2020-08-05,286.16,0.002564,0.05
2020-08-06,286.78,0.003318,0.05
2020-08-07,287.77,0.00122,0.05
2020-08-08,287.35,0.005743,0.05
2020-08-09,286.33,0.007874,0.05
2020-08-10,286.28,0.001128,0.05
2020-08-11,286.7,0.000745,0.05
2020-08-12,287.22,0.000412,0.05
2020-08-13,287.03,0.000782,0.05
2020-08-14,287.06,0.002626,0.05
2020-08-15,286.74,0.001731,0.05
2020-08-16,288.61,0.000997,0.05
2020-08-17,288.56,0.004046,0.05
2020-08-18,286.83,0.002985,0.05
2020-08-19,285.59,0.002117,0.05
2020-08-20,284.45,0.005534,0.05
2020-08-21,284.32,0.005562,0.05
2020-08-22,284.71,0.001675,0.05
2020-08-23,286.81,0.000593,0.05
2020-08-24,287.82,0.001422,0.05
2020-08-25,286.4,0.003343,0.05
2020-08-26,284.71,0.021666,0.05
2020-08-27,282.31,0.052307,0.05
2020-08-28,282.41,0.005668,0.05
2020-08-29,283.18,0.001066,0.05
2020-08-30,283.74,0.000663,0.05
2020-08-31,283.79,0.002406,0.05
2020-09-01,284.84,0.003651,0.05
2020-09-02,284.73,0.003743,0.05
2020-09-03,283.87,0.011343,0.05
2020-09-04,282.54,0.017506,0.05
2020-09-05,283.18,0.005885,0.05
2020-09-06,282.27,0.001604,0.05
2020-09-07,281.59,0.000863,0.05
2020-09-08,282.17,0.001083,0.05
2020-09-09,282.25,0.000336,0.05
2020-09-10,282.17,1e-06,0.05
2020-09-11,282.16,0.000544,0.05
2020-09-12,282.34,0.000405,0.05
2020-09-13,282.54,0.000143,0.05
2020-09-14,282.12,6.9e-05,0.05
2020-09-15,281.59,0.000447,0.05
2020-09-16,282.12,0.0,0.05
2020-09-17,282.2,0.00049,0.05
2020-09-18,281.62,0.000565,0.05
2020-09-19,281.03,0.0,0.05
2020-09-20,282.27,2e-06,0.05
2020-09-21,283.45,0.0,0.05
2020-09-22,282.74,0.00018,0.05
2020-09-23,281.86,0.0,0.05
2020-09-24,281.4,9.3e-05,0.05
2020-09-25,280.01,0.000759,0.05
2020-09-26,278.48,0.000418,0.05
2020-09-27,277.79,0.000573,0.05
2020-09-28,278.17,0.001337,0.05
2020-09-29,278.12,0.00059,0.05
2020-09-30,278.55,0.000233,0.05
2020-10-01,278.66,5.3e-05,0.05
2020-10-02,279.0,0.000142,0.05
2020-10-03,279.01,1e-06,0.05
2020-10-04,278.58,0.000234,0.05
2020-10-05,278.62,0.0,0.05
2020-10-06,279.64,1e-06,0.05
2020-10-07,278.9,0.0,0.05
2020-10-08,278.59,3e-06,0.05
2020-10-09,278.43,0.0,0.05
2020-10-10,278.68,0.0,0.05
2020-10-11,278.97,0.0,0.05
2020-10-12,277.51,3e-06,0.05
2020-10-13,276.81,3e-06,0.05
2020-10-14,277.35,7e-06,0.05
2020-10-15,277.41,8e-05,0.05
2020-10-16,278.11,1e-06,0.05
2020-10-17,278.34,1e-06,0.05
2020-10-18,277.61,0.0,0.05
2020-10-19,277.89,2e-06,0.05
2020-10-20,277.77,0.0,0.05
2020-10-21,275.57,0.001196,0.05
2020-10-22,275.44,0.000188,0.05
2020-10-23,274.24,0.00157,0.05
2020-10-24,273.64,0.001149,0.05
2020-10-25,271.47,0.004991,0.05
2020-10-26,271.45,2.1e-05,0.05
2020-10-27,272.87,-0.0,0.05
2020-10-28,273.38,7e-06,0.05
2020-10-29,271.28,0.000258,0.05
2020-10-30,270.39,0.00063,0.05
2020-10-31,271.25,2.8e-05,0.05
2020-11-01,271.62,0.000854,0.05
2020-11-02,272.53,0.0,0.05
2020-11-03,272.18,0.000148,0.05
2020-11-04,271.43,0.000557,0.05
2020-11-05,271.26,0.000157,0.05
2020-11-06,271.33,3e-06,0.05
2020-11-07,272.58,2e-06,0.05
2020-11-08,273.5,0.0,0.05
2020-11-09,273.79,2e-06,0.05
2020-11-10,273.07,2e-06,0.05
2020-11-11,272.56,-0.0,0.05
2020-11-12,272.49,1e-06,0.05
2020-11-13,273.35,0.000547,0.05
2020-11-14,269.92,0.024034,0.05
2020-11-15,267.79,0.039872,0.05
2020-11-16,265.46,0.00843,0.05
2020-11-17,261.78,8e-06,0.05
2020-11-18,260.96,0.000424,0.05
2020-11-19,263.26,0.015169,0.05
2020-11-20,261.24,0.000736,0.05
2020-11-21,258.03,2e-06,0.05
2020-11-22,261.31,0.004275,0.05
2020-11-23,265.44,0.020999,0.05
2020-11-24,266.19,0.013564,0.05
2020-11-25,265.92,0.020509,0.05
2020-11-26,264.29,0.002134,0.05
2020-11-27,262.73,0.0,0.05
2020-11-28,265.83,0.0,0.05
2020-11-29,266.15,4.1e-05,0.05
2020-11-30,263.29,3.9e-05,0.05
2020-12-01,266.14,8e-06,0.05
2020-12-02,262.23,6e-06,0.05
2020-12-03,262.91,1.6e-05,0.05
2020-12-04,264.62,0.006753,0.05
2020-12-05,266.16,0.008421,0.05
2020-12-06,265.69,0.001288,0.05
2020-12-07,266.35,0.016733,0.05
2020-12-08,267.47,0.030806,0.05
2020-12-09,267.06,0.008619,0.05
2020-12-10,266.13,0.003978,0.05
2020-12-11,265.04,0.021282,0.05
2020-12-12,263.68,0.011365,0.05
2020-12-13,260.99,0.000194,0.05
2020-12-14,259.67,0.000117,0.05
2020-12-15,259.08,0.00098,0.05
2020-12-16,257.26,0.00021,0.05
2020-12-17,256.29,1e-06,0.05
2020-12-18,256.51,1e-06,0.05
2020-12-19,258.09,0.0,0.05
2020-12-20,259.51,9e-06,0.05
2020-12-21,260.87,0.002592,0.05
2020-12-22,261.05,3.1e-05,0.05
2020-12-23,258.98,4e-06,0.05
2020-12-24,258.15,1e-06,0.05
2020-12-25,259.26,9.2e-05,0.05
2020-12-26,259.33,5e-06,0.05
2020-12-27,259.3,0.001238,0.05
2020-12-28,259.86,0.001127,0.05
2020-12-29,258.98,0.001226,0.05
2020-12-30,256.86,1e-06,0.05
2020-12-31,257.79,1e-06,0.05
2021-01-01,258.73,0.0,0.05
2021-01-02,259.42,0.000799,0.05
2021-01-03,261.72,0.012498,0.05
2021-01-04,263.52,0.009512,0.05
2021-01-05,264.27,0.035014,0.05
2021-01-06,263.81,0.011117,0.05
2021-01-07,263.59,0.000679,0.05
2021-01-08,262.57,0.002682,0.05
2021-01-09,263.49,0.001895,0.05
2021-01-10,263.78,0.000112,0.05
2021-01-11,261.52,2e-06,0.05
2021-01-12,260.7,3e-06,0.05
2021-01-13,261.27,1e-06,0.05
2021-01-14,261.68,1e-06,0.05
2021-01-15,263.18,0.0,0.05
2021-01-16,263.03,0.0,0.05
2021-01-17,262.23,0.0,0.05
2021-01-18,259.99,0.0,0.05
2021-01-19,259.27,0.0,0.05
2021-01-20,259.61,0.0,0.05
2021-01-21,260.67,0.0,0.05
2021-01-22,262.89,0.009777,0.05
2021-01-23,261.81,0.02545,0.05
2021-01-24,259.31,7e-06,0.05
2021-01-25,258.33,2e-06,0.05
2021-01-26,257.31,0.0,0.05
2021-01-27,256.96,0.0,0.05
2021-01-28,256.58,1e-06,0.05
2021-01-29,256.51,1e-06,0.05
2021-01-30,258.42,2e-06,0.05
2021-01-31,259.94,0.001483,0.05
2021-02-01,261.45,0.0003,0.05
2021-02-02,261.11,0.000477,0.05
2021-02-03,262.1,0.00438,0.05
2021-02-04,262.96,0.000867,0.05
2021-02-05,260.99,7e-06,0.05
2021-02-06,262.02,1e-06,0.05
2021-02-07,264.91,1e-06,0.05
2021-02-08,266.15,6e-06,0.05
2021-02-09,265.78,0.002299,0.05
2021-02-10,263.75,1e-06,0.05
2021-02-11,262.69,2e-06,0.05
2021-02-12,264.68,1e-06,0.05
2021-02-13,265.26,9.9e-05,0.05
2021-02-14,262.8,5e-06,0.05
2021-02-15,262.48,2e-06,0.05
2021-02-16,261.82,1e-06,0.05
2021-02-17,263.35,2e-06,0.05
2021-02-18,264.23,0.0,0.05
2021-02-19,266.25,0.0,0.05
2021-02-20,267.89,0.000216,0.05
2021-02-21,268.38,0.000137,0.05
2021-02-22,268.86,0.010637,0.05
2021-02-23,267.49,0.010894,0.05
2021-02-24,267.42,0.005822,0.05
2021-02-25,268.59,0.014507,0.05
2021-02-26,269.1,0.037125,0.05
2021-02-27,267.18,0.031517,0.05
2021-02-28,264.78,3.7e-05,0.05
2021-03-01,264.34,1.3e-05,0.05
2021-03-02,264.59,1.1e-05,0.05
2021-03-03,266.12,0.00156,0.05
2021-03-04,266.3,0.000195,0.05
2021-03-05,265.36,8e-06,0.05
2021-03-06,266.18,0.007889,0.05
2021-03-07,266.55,0.008877,0.05
2021-03-08,267.15,0.002306,0.05
2021-03-09,266.86,0.000446,0.05
2021-03-10,266.74,0.003651,0.05
2021-03-11,267.21,0.023047,0.05
2021-03-12,267.0,0.023015,0.05
2021-03-13,267.74,0.000579,0.05
2021-03-14,267.24,0.006635,0.05
2021-03-15,267.77,0.001594,0.05
2021-03-16,269.28,0.006408,0.05
2021-03-17,269.02,0.003194,0.05
2021-03-18,268.32,5e-06,0.05
2021-03-19,267.02,3.9e-05,0.05
2021-03-20,268.45,1.3e-05,0.05
2021-03-21,269.07,0.017329,0.05
2021-03-22,269.23,0.035513,0.05
2021-03-23,268.82,0.01892,0.05
2021-03-24,267.36,0.008722,0.05
2021-03-25,267.81,1e-06,0.05
2021-03-26,268.99,0.0,0.05
2021-03-27,270.92,0.000271,0.05
2021-03-28,271.96,0.016866,0.05
2021-03-29,271.91,0.017047,0.05
2021-03-30,270.41,0.001327,0.05
2021-03-31,269.84,5.8e-05,0.05
2021-04-01,268.67,0.000507,0.05
2021-04-02,266.26,2.2e-05,0.05
2021-04-03,266.51,2e-06,0.05
2021-04-04,269.15,0.011298,0.05
2021-04-05,270.97,0.005671,0.05
2021-04-06,270.66,0.041898,0.05
2021-04-07,269.22,0.003842,0.05
2021-04-08,267.97,0.002028,0.05
2021-04-09,268.13,0.0001,0.05
2021-04-10,268.78,0.000336,0.05
2021-04-11,269.71,0.00615,0.05
2021-04-12,271.11,0.002188,0.05
2021-04-13,270.73,0.00119,0.05
2021-04-14,272.82,0.000132,0.05
2021-04-15,270.77,0.018583,0.05
2021-04-16,271.64,0.023123,0.05
2021-04-17,272.14,0.022664,0.05
2021-04-18,271.02,0.010036,0.05
2021-04-19,270.14,7.8e-05,0.05
2021-04-20,271.56,0.000221,0.05
2021-04-21,272.13,0.000661,0.05
2021-04-22,270.44,0.020346,0.05
2021-04-23,269.59,0.003606,0.05
2021-04-24,270.19,1e-06,0.05
2021-04-25,271.79,0.0,0.05
2021-04-26,272.74,0.0,0.05
2021-04-27,273.44,1e-06,0.05
2021-04-28,274.22,0.0,0.05
2021-04-29,274.94,5.1e-05,0.05
2021-04-30,275.21,1e-06,0.05
2021-05-01,275.43,5.1e-05,0.05
2021-05-02,276.0,1.4e-05,0.05
2021-05-03,276.57,2e-06,0.05
2021-05-04,276.99,0.001851,0.05
2021-05-05,275.46,0.008655,0.05
2021-05-06,275.75,0.003243,0.05
2021-05-07,275.7,0.002407,0.05
2021-05-08,275.44,0.001539,0.05
2021-05-09,276.26,0.000603,0.05
2021-05-10,277.96,0.000378,0.05
2021-05-11,276.18,0.002973,0.05
2021-05-12,275.52,0.007058,0.05
2021-05-13,273.76,0.006592,0.05
2021-05-14,274.14,0.001357,0.05
2021-05-15,274.92,0.000942,0.05
2021-05-16,276.07,0.000352,0.05
2021-05-17,275.96,0.000967,0.05
2021-05-18,276.44,0.000685,0.05
2021-05-19,276.26,0.001679,0.05
2021-05-20,276.41,0.00344,0.05
2021-05-21,274.67,0.005865,0.05
2021-05-22,275.09,0.001687,0.05
2021-05-23,273.38,0.009155,0.05
2021-05-24,275.03,0.000437,0.05
2021-05-25,276.03,0.000103,0.05
2021-05-26,277.72,2e-06,0.05
2021-05-27,278.75,0.0,0.05
2021-05-28,279.91,0.0,0.05
2021-05-29,279.71,0.00057,0.05
2021-05-30,279.34,0.002682,0.05
2021-05-31,279.22,0.004472,0.05
2021-06-01,278.2,0.005655,0.05
2021-06-02,279.5,0.001089,0.05
2021-06-03,279.31,0.003976,0.05
2021-06-04,280.58,0.000738,0.05
2021-06-05,281.6,0.000525,0.05
2021-06-06,282.85,5.3e-05,0.05
2021-06-07,283.89,0.000352,0.05
2021-06-08,285.67,0.0,0.05
2021-06-09,285.8,8.3e-05,0.05
2021-06-10,285.04,0.000117,0.05
2021-06-11,283.79,0.00017,0.05
2021-06-12,281.27,0.003279,0.05
2021-06-13,280.7,0.006486,0.05
2021-06-14,280.09,0.005166,0.05
2021-06-15,279.49,0.005439,0.05
2021-06-16,279.98,0.002729,0.05
2021-06-17,279.55,0.005901,0.05
2021-06-18,279.45,0.004543,0.05
2021-06-19,281.08,0.001189,0.05
2021-06-20,281.03,0.004844,0.05
2021-06-21,280.75,0.002763,0.05
2021-06-22,279.9,0.003174,0.05
2021-06-23,281.11,0.001558,0.05
2021-06-24,280.36,0.004445,0.05
2021-06-25,281.07,0.00349,0.05
2021-06-26,280.92,0.002217,0.05
2021-06-27,282.79,0.000923,0.05
2021-06-28,284.0,0.001131,0.05
2021-06-29,285.13,0.000252,0.05
2021-06-30,285.18,0.000994,0.05
2021-07-01,283.62,0.002492,0.05
2021-07-02,282.89,0.002818,0.05
2021-07-03,282.17,0.004035,0.05
2021-07-04,282.54,0.002083,0.05
2021-07-05,283.42,0.002857,0.05
2021-07-06,283.75,0.00441,0.05
2021-07-07,283.31,0.003957,0.05
2021-07-08,285.59,0.00185,0.05
2021-07-09,286.75,0.001207,0.05
2021-07-10,286.72,0.002371,0.05
2021-07-11,286.23,0.004608,0.05
2021-07-12,284.84,0.010409,0.05
2021-07-13,283.94,0.003366,0.05
2021-07-14,283.39,0.003478,0.05
2021-07-15,284.96,0.001223,0.05
2021-07-16,286.64,0.000442,0.05
2021-07-17,288.39,0.002026,0.05
2021-07-18,288.46,0.001584,0.05
2021-07-19,286.06,0.009398,0.05
2021-07-20,282.84,0.025341,0.05
2021-07-21,283.25,0.009484,0.05
2021-07-22,284.03,0.003262,0.05
2021-07-23,285.42,0.00028,0.05
2021-07-24,286.97,0.000302,0.05
2021-07-25,288.69,0.001524,0.05
2021-07-26,289.44,0.003149,0.05
2021-07-27,288.74,0.012501,0.05
2021-07-28,286.22,0.016063,0.05
2021-07-29,285.84,0.012221,0.05
2021-07-30,284.95,0.012872,0.05
2021-07-31,285.23,0.007884,0.05
2021-08-01,284.27,0.013493,0.05
2021-08-02,284.74,0.002636,0.05
2021-08-03,285.36,0.001645,0.05
2021-08-04,284.9,0.002226,0.05
2021-08-05,284.28,0.002183,0.05
2021-08-06,283.87,0.00065,0.05
2021-08-07,284.38,0.000804,0.05
2021-08-08,284.37,0.000934,0.05
2021-08-09,283.98,0.001627,0.05
2021-08-10,284.34,0.002752,0.05
2021-08-11,284.71,0.003067,0.05
2021-08-12,284.67,0.001491,0.05
2021-08-13,284.18,0.003997,0.05
2021-08-14,282.91,0.00329,0.05
2021-08-15,280.08,0.007165,0.05
2021-08-16,281.84,0.00105,0.05
2021-08-17,283.59,7.4e-05,0.05
2021-08-18,284.14,0.000592,0.05
2021-08-19,284.01,0.000459,0.05
2021-08-20,284.01,0.000446,0.05
2021-08-21,284.11,0.000526,0.05
2021-08-22,284.75,2.6e-05,0.05
2021-08-23,284.88,2.7e-05,0.05
2021-08-24,285.57,5.7e-05,0.05
2021-08-25,285.98,0.000414,0.05
2021-08-26,285.83,0.000941,0.05
2021-08-27,285.14,0.001081,0.05
2021-08-28,282.79,0.00308,0.05
2021-08-29,281.61,0.001586,0.05
2021-08-30,282.54,0.00101,0.05
2021-08-31,282.01,0.001554,0.05
2021-09-01,281.81,0.00156,0.05
2021-09-02,282.67,0.002587,0.05
2021-09-03,283.22,0.001349,0.05
2021-09-04,283.92,0.001093,0.05
2021-09-05,284.54,0.000895,0.05
2021-09-06,285.33,0.00313,0.05
2021-09-07,285.12,0.002387,0.05
2021-09-08,284.5,0.003054,0.05
2021-09-09,284.26,0.004092,0.05
2021-09-10,283.3,0.010827,0.05
2021-09-11,282.19,0.015162,0.05
2021-09-12,281.47,0.00232,0.05
2021-09-13,282.28,0.000545,0.05
2021-09-14,282.77,0.001532,0.05
2021-09-15,283.3,0.000257,0.05
2021-09-16,284.66,0.000359,0.05
2021-09-17,284.71,0.00013,0.05
2021-09-18,285.5,0.000227,0.05
2021-09-19,285.32,0.000624,0.05
2021-09-20,284.05,0.000594,0.05
2021-09-21,282.16,0.002403,0.05
2021-09-22,281.46,0.0019,0.05
2021-09-23,281.65,0.001801,0.05
2021-09-24,281.55,0.00127,0.05
2021-09-25,281.79,0.001492,0.05
2021-09-26,283.9,0.0,0.05
2021-09-27,283.87,0.000658,0.05
2021-09-28,283.46,0.000859,0.05
2021-09-29,283.52,0.000607,0.05
2021-09-30,283.4,0.000503,0.05
2021-10-01,282.53,0.002038,0.05
2021-10-02,280.94,0.002819,0.05
2021-10-03,280.49,0.002085,0.05
2021-10-04,279.05,0.00255,0.05
2021-10-05,278.53,8e-06,0.05
2021-10-06,279.94,2e-06,0.05
2021-10-07,281.23,0.0,0.05
2021-10-08,280.05,0.0,0.05
2021-10-09,278.81,7.1e-05,0.05
2021-10-10,277.56,0.005124,0.05
2021-10-11,274.63,0.005357,0.05
2021-10-12,274.66,0.000562,0.05
2021-10-13,274.93,0.000553,0.05
2021-10-14,275.94,2e-06,0.05
2021-10-15,277.68,1e-06,0.05
2021-10-16,277.53,0.000429,0.05
2021-10-17,276.13,0.008871,0.05
2021-10-18,275.39,0.004886,0.05
2021-10-19,274.17,1.4e-05,0.05
2021-10-20,274.45,3e-06,0.05
2021-10-21,274.75,0.000153,0.05
2021-10-22,274.0,0.016586,0.05
2021-10-23,271.31,0.012058,0.05
2021-10-24,270.72,0.019307,0.05
2021-10-25,268.69,0.003373,0.05
2021-10-26,266.86,8e-06,0.05
2021-10-27,265.42,1e-06,0.05
2021-10-28,264.28,0.0,0.05
2021-10-29,266.08,0.0,0.05
2021-10-30,265.48,1e-06,0.05
2021-10-31,265.91,0.0,0.05
2021-11-01,267.49,0.001419,0.05
2021-11-02,268.01,0.000896,0.05
2021-11-03,266.15,2e-06,0.05
2021-11-04,266.5,0.000871,0.05
2021-11-05,267.88,0.007764,0.05
2021-11-06,265.87,6e-06,0.05
2021-11-07,263.4,6e-06,0.05
2021-11-08,265.14,2e-06,0.05
2021-11-09,265.51,2e-06,0.05
2021-11-10,265.3,2e-06,0.05
2021-11-11,265.48,2e-06,0.05
2021-11-12,265.76,1e-06,0.05
2021-11-13,265.97,2e-06,0.05
2021-11-14,265.55,0.000182,0.05
2021-11-15,264.62,0.0,0.05
2021-11-16,264.11,1e-06,0.05
2021-11-17,266.33,5e-06,0.05
2021-11-18,267.58,5.7e-05,0.05
2021-11-19,265.54,2e-06,0.05
2021-11-20,264.96,2e-06,0.05
2021-11-21,266.6,0.0,0.05
2021-11-22,266.08,2e-06,0.05
2021-11-23,266.15,1e-06,0.05
2021-11-24,267.79,0.000671,0.05
2021-11-25,266.8,7e-06,0.05
2021-11-26,265.89,4e-06,0.05
2021-11-27,266.86,2e-06,0.05
2021-11-28,265.86,9e-06,0.05
2021-11-29,265.53,2e-06,0.05
2021-11-30,266.08,2e-06,0.05
2021-12-01,266.7,1e-06,0.05
2021-12-02,268.02,2.4e-05,0.05
2021-12-03,267.02,5e-06,0.05
2021-12-04,267.89,0.004845,0.05
2021-12-05,266.97,0.010089,0.05
2021-12-06,263.43,0.001614,0.05
2021-12-07,261.76,0.000129,0.05
2021-12-08,262.64,3e-06,0.05
2021-12-09,262.33,2e-06,0.05
2021-12-10,259.54,3e-06,0.05
2021-12-11,261.22,1e-06,0.05
2021-12-12,262.31,0.0,0.05
2021-12-13,262.07,0.001483,0.05
2021-12-14,260.98,0.007606,0.05
2021-12-15,259.39,0.000216,0.05
2021-12-16,259.01,0.000793,0.05
2021-12-17,258.23,4.5e-05,0.05
2021-12-18,257.89,0.0,0.05
2021-12-19,259.18,0.0,0.05
2021-12-20,261.5,0.000173,0.05
2021-12-21,262.02,7e-06,0.05
2021-12-22,261.7,0.000508,0.05
2021-12-23,263.9,0.003026,0.05
2021-12-24,263.17,0.002709,0.05
2021-12-25,261.39,4.7e-05,0.05
2021-12-26,261.62,0.008531,0.05
2021-12-27,260.69,0.006329,0.05
2021-12-28,256.77,1.4e-05,0.05
2021-12-29,257.18,4e-06,0.05
2021-12-30,256.89,2e-06,0.05
2021-12-31,258.67,4e-05,0.05
2022-01-01,260.14,0.00437,0.05
2022-01-02,261.29,0.000396,0.05
2022-01-03,262.39,0.006548,0.05
2022-01-04,265.5,0.017671,0.05
2022-01-05,265.45,0.038929,0.05
2022-01-06,265.14,0.001373,0.05
2022-01-07,263.33,0.019297,0.05
2022-01-08,264.0,0.021249,0.05
2022-01-09,262.57,0.001553,0.05
2022-01-10,260.8,0.001874,0.05
2022-01-11,257.63,1e-06,0.05
2022-01-12,257.44,1.4e-05,0.05
2022-01-13,258.21,0.000619,0.05
2022-01-14,258.14,2e-06,0.05
2022-01-15,258.17,9.9e-05,0.05
2022-01-16,262.19,0.000504,0.05
2022-01-17,264.03,0.010437,0.05
2022-01-18,264.24,0.00045,0.05
2022-01-19,264.33,0.006525,0.05
2022-01-20,263.2,0.000158,0.05
2022-01-21,261.41,0.005746,0.05
2022-01-22,262.91,0.005368,0.05
2022-01-23,263.08,0.011497,0.05
2022-01-24,261.84,0.000563,0.05
2022-01-25,260.1,0.000645,0.05
2022-01-26,258.5,2.5e-05,0.05
2022-01-27,257.66,3e-06,0.05
2022-01-28,259.33,0.000117,0.05
2022-01-29,260.28,1.2e-05,0.05
2022-01-30,260.64,0.000171,0.05
2022-01-31,261.58,0.005248,0.05
2022-02-01,261.52,0.000112,0.05
2022-02-02,262.59,0.007837,0.05
2022-02-03,263.06,0.00301,0.05
2022-02-04,260.86,0.000153,0.05
2022-02-05,260.1,0.000581,0.05
2022-02-06,263.76,0.012837,0.05
2022-02-07,263.12,0.005086,0.05
2022-02-08,261.37,0.004819,0.05
2022-02-09,260.01,0.002512,0.05
2022-02-10,258.58,3.9e-05,0.05
2022-02-11,259.46,0.0,0.05
2022-02-12,261.13,0.0,0.05
2022-02-13,261.57,0.00026,0.05
2022-02-14,262.9,0.001293,0.05
2022-02-15,262.61,0.000346,0.05
2022-02-16,261.58,0.000127,0.05
2022-02-17,260.85,0.000324,0.05
2022-02-18,261.67,0.001443,0.05
2022-02-19,261.63,2.9e-05,0.05
2022-02-20,260.89,0.0,0.05
2022-02-21,261.65,6.2e-05,0.05
2022-02-22,264.24,0.01827,0.05
2022-02-23,265.49,0.017216,0.05
2022-02-24,265.22,0.010803,0.05
2022-02-25,264.66,0.010423,0.05
2022-02-26,263.22,0.008273,0.05
2022-02-27,262.46,4e-06,0.05
2022-02-28,262.85,0.000327,0.05
2022-03-01,264.51,0.005224,0.05
2022-03-02,265.52,0.000897,0.05
2022-03-03,265.76,0.011773,0.05
2022-03-04,266.38,9.2e-05,0.05
2022-03-05,265.74,0.00188,0.05
2022-03-06,268.89,0.012578,0.05
2022-03-07,267.0,0.013168,0.05
2022-03-08,267.54,1e-06,0.05
2022-03-09,267.67,4e-06,0.05
2022-03-10,267.78,1e-06,0.05
2022-03-11,268.48,1e-06,0.05
2022-03-12,270.31,1e-05,0.05
2022-03-13,270.65,0.0,0.05
2022-03-14,271.88,0.000555,0.05
2022-03-15,272.52,2e-06,0.05
2022-03-16,272.4,0.0,0.05
2022-03-17,272.56,4e-06,0.05
2022-03-18,273.51,0.000378,0.05
2022-03-19,271.85,0.001597,0.05
2022-03-20,269.86,0.004704,0.05
2022-03-21,270.0,3e-06,0.05
2022-03-22,271.31,0.0,0.05
2022-03-23,271.88,0.003947,0.05
2022-03-24,270.73,0.000307,0.05
2022-03-25,269.72,1.2e-05,0.05
2022-03-26,269.32,2e-06,0.05
2022-03-27,272.92,2e-05,0.05
2022-03-28,274.03,2.5e-05,0.05
2022-03-29,274.17,1e-06,0.05
2022-03-30,273.57,0.000578,0.05
2022-03-31,274.14,2e-06,0.05
2022-04-01,274.62,3e-06,0.05
2022-04-02,274.47,0.006033,0.05
2022-04-03,273.24,0.001261,0.05
2022-04-04,274.17,5e-06,0.05
2022-04-05,274.57,3.1e-05,0.05
2022-04-06,275.4,0.000118,0.05
2022-04-07,276.1,1.7e-05,0.05
2022-04-08,276.49,5.3e-05,0.05
2022-04-09,274.74,0.001176,0.05
2022-04-10,274.55,6e-06,0.05
2022-04-11,276.7,2e-06,0.05
2022-04-12,276.91,0.003257,0.05
2022-04-13,274.79,0.010171,0.05
2022-04-14,274.5,0.00236,0.05
2022-04-15,274.33,0.001455,0.05
2022-04-16,274.48,3e-05,0.05
2022-04-17,276.23,2e-06,0.05
2022-04-18,277.58,1.1e-05,0.05
2022-04-19,276.48,0.002756,0.05
2022-04-20,275.98,0.005861,0.05
2022-04-21,273.55,0.016417,0.05
2022-04-22,273.07,0.007827,0.05
2022-04-23,273.83,0.000119,0.05
2022-04-24,274.86,0.000111,0.05
2022-04-25,274.22,0.002795,0.05
2022-04-26,276.45,3.2e-05,0.05
2022-04-27,277.39,3e-06,0.05
2022-04-28,277.94,0.003088,0.05
2022-04-29,277.62,0.000495,0.05
2022-04-30,277.57,5.1e-05,0.05
2022-05-01,278.27,4e-06,0.05
2022-05-02,279.21,6e-06,0.05
2022-05-03,276.55,0.006382,0.05
2022-05-04,275.14,0.015601,0.05
2022-05-05,276.66,0.000688,0.05
2022-05-06,275.67,0.001319,0.05
2022-05-07,277.78,2e-05,0.05
2022-05-08,279.43,0.000822,0.05
2022-05-09,280.21,0.000871,0.05
2022-05-10,280.6,0.003379,0.05
2022-05-11,280.81,0.003165,0.05
2022-05-12,279.5,0.001602,0.05
2022-05-13,279.48,0.00213,0.05
2022-05-14,280.83,0.000189,0.05
2022-05-15,281.37,0.00163,0.05
2022-05-16,279.57,0.002938,0.05
2022-05-17,278.73,0.00352,0.05
2022-05-18,280.03,0.002917,0.05
2022-05-19,280.24,0.005257,0.05
2022-05-20,278.0,0.018135,0.05
2022-05-21,276.7,0.005018,0.05
2022-05-22,276.43,0.004528,0.05
2022-05-23,275.99,0.009586,0.05
2022-05-24,276.37,0.003908,0.05
2022-05-25,279.37,0.000258,0.05
2022-05-26,280.8,0.000333,0.05
2022-05-27,281.72,0.001543,0.05
2022-05-28,280.3,0.005678,0.05
2022-05-29,279.43,0.001719,0.05
2022-05-30,279.29,0.003127,0.05
2022-05-31,279.43,0.005075,0.05
2022-06-01,279.08,0.004553,0.05
2022-06-02,279.22,0.002448,0.05
2022-06-03,279.57,0.002504,0.05
2022-06-04,279.68,0.001576,0.05
2022-06-05,280.84,0.001909,0.05
2022-06-06,281.09,0.002192,0.05
2022-06-07,281.49,0.001523,0.05
2022-06-08,281.44,0.001498,0.05
2022-06-09,280.91,0.003184,0.05
2022-06-10,281.17,0.000869,0.05
2022-06-11,281.61,0.002564,0.05
2022-06-12,281.38,0.004333,0.05
2022-06-13,281.59,0.004247,0.05
2022-06-14,282.36,0.001001,0.05
2022-06-15,282.97,0.001637,0.05
2022-06-16,282.38,0.010056,0.05
2022-06-17,281.42,0.00825,0.05
2022-06-18,279.84,0.009195,0.05
2022-06-19,278.39,0.011337,0.05
2022-06-20,277.68,0.010484,0.05
2022-06-21,276.83,0.025646,0.05
2022-06-22,276.71,0.015411,0.05
2022-06-23,277.97,0.000425,0.05
2022-06-24,281.33,2.3e-05,0.05
2022-06-25,283.41,2e-06,0.05
2022-06-26,284.55,0.000842,0.05
2022-06-27,285.77,0.001575,0.05
2022-06-28,287.24,0.000647,0.05
2022-06-29,287.64,0.000436,0.05
2022-06-30,287.69,0.003928,0.05
2022-07-01,287.79,0.003918,0.05
2022-07-02,288.05,0.002298,0.05
2022-07-03,287.84,0.003702,0.05
2022-07-04,288.3,0.004089,0.05
2022-07-05,286.68,0.016278,0.05
2022-07-06,286.37,0.010634,0.05
2022-07-07,286.55,0.002427,0.05
2022-07-08,287.1,0.003621,0.05
2022-07-09,285.62,0.010784,0.05
2022-07-10,285.57,0.005556,0.05
2022-07-11,284.48,0.003827,0.05
2022-07-12,284.74,0.000859,0.05
2022-07-13,283.7,0.001865,0.05
2022-07-14,282.81,0.018492,0.05
2022-07-15,283.72,0.009669,0.05
2022-07-16,282.34,0.014227,0.05
2022-07-17,285.18,0.001379,0.05
2022-07-18,286.95,0.001146,0.05
2022-07-19,286.76,0.005001,0.05
2022-07-20,286.64,0.007507,0.05
2022-07-21,286.02,0.001148,0.05
2022-07-22,286.47,0.000984,0.05
2022-07-23,286.08,0.002664,0.05
2022-07-24,285.66,0.011036,0.05
2022-07-25,285.54,0.010904,0.05
2022-07-26,286.09,0.006547,0.05
2022-07-27,285.78,0.013514,0.05
2022-07-28,285.19,0.015138,0.05
2022-07-29,284.82,0.011809,0.05
2022-07-30,284.94,0.006424,0.05
2022-07-31,284.26,0.008428,0.05
2022-08-01,282.22,0.007152,0.05
2022-08-02,283.76,0.001794,0.05
2022-08-03,284.53,0.000603,0.05
2022-08-04,285.28,0.00014,0.05
2022-08-05,285.53,0.000713,0.05
2022-08-06,285.53,0.00075,0.05
2022-08-07,286.23,0.000779,0.05
2022-08-08,286.26,0.000829,0.05
2022-08-09,285.93,0.003489,0.05
2022-08-10,286.62,0.001032,0.05
2022-08-11,285.98,0.003384,0.05
2022-08-12,285.22,0.007575,0.05
2022-08-13,286.5,0.000242,0.05
2022-08-14,286.28,0.005175,0.05
2022-08-15,285.58,0.010057,0.05
2022-08-16,284.75,0.012381,0.05
2022-08-17,284.17,0.00858,0.05
2022-08-18,285.26,0.004807,0.05
2022-08-19,286.01,0.000475,0.05
2022-08-20,284.93,0.003923,0.05
2022-08-21,283.57,0.003993,0.05
2022-08-22,284.3,0.001176,0.05
2022-08-23,284.43,0.004188,0.05
2022-08-24,284.31,0.004624,0.05
2022-08-25,283.76,0.018786,0.05
2022-08-26,283.58,0.01076,0.05
2022-08-27,283.59,0.00417,0.05
2022-08-28,283.67,0.004336,0.05
2022-08-29,283.28,0.003744,0.05
2022-08-30,283.45,0.000384,0.05
2022-08-31,283.6,0.00017,0.05
2022-09-01,283.52,0.000544,0.05
2022-09-02,283.24,0.00148,0.05
2022-09-03,283.82,0.00147,0.05
2022-09-04,283.16,0.004573,0.05
2022-09-05,281.67,0.009623,0.05
2022-09-06,282.24,0.001565,0.05
2022-09-07,282.84,0.001443,0.05
2022-09-08,283.97,0.002128,0.05
2022-09-09,283.78,0.005024,0.05
2022-09-10,283.25,0.005331,0.05
2022-09-11,282.01,0.008269,0.05
2022-09-12,281.44,0.002051,0.05
2022-09-13,281.64,0.002021,0.05
2022-09-14,282.08,0.001401,0.05
2022-09-15,282.31,0.001349,0.05
2022-09-16,282.15,0.001266,0.05
2022-09-17,280.17,0.001643,0.05
2022-09-18,281.32,0.000304,0.05
2022-09-19,282.44,0.000121,0.05
2022-09-20,282.32,0.000427,0.05
2022-09-21,280.79,0.000966,0.05
2022-09-22,281.46,0.000532,0.05
2022-09-23,282.28,0.001025,0.05
2022-09-24,281.49,0.003934,0.05
2022-09-25,279.85,0.003761,0.05
2022-09-26,280.36,0.001462,0.05
2022-09-27,280.94,7.7e-05,0.05
2022-09-28,279.25,0.002304,0.05
2022-09-29,279.14,0.000996,0.05
2022-09-30,279.57,0.001335,0.05
2022-10-01,278.88,0.001868,0.05
2022-10-02,278.06,0.001459,0.05
2022-10-03,278.23,0.001546,0.05
2022-10-04,278.75,2.5e-05,0.05
2022-10-05,278.9,0.00024,0.05
2022-10-06,277.92,0.000621,0.05
2022-10-07,277.78,2e-06,0.05
2022-10-08,278.34,0.0,0.05
2022-10-09,279.4,0.000319,0.05
2022-10-10,276.55,0.002556,0.05
2022-10-11,275.97,0.002703,0.05
2022-10-12,274.52,0.005067,0.05
2022-10-13,273.85,0.002713,0.05
2022-10-14,274.44,0.000338,0.05
2022-10-15,275.44,2e-06,0.05
2022-10-16,276.0,1e-06,0.05
2022-10-17,275.54,0.000564,0.05
2022-10-18,273.82,0.001767,0.05
2022-10-19,272.82,0.006126,0.05
2022-10-20,270.0,0.019803,0.05
2022-10-21,267.41,8e-06,0.05
2022-10-22,266.12,0.0,0.05
2022-10-23,266.91,0.0,0.05
2022-10-24,267.68,0.0,0.05
2022-10-25,268.03,2e-06,0.05
2022-10-26,268.09,0.0,0.05
2022-10-27,268.26,2e-06,0.05
2022-10-28,267.9,2e-06,0.05
2022-10-29,269.89,1e-06,0.05
2022-10-30,270.91,1e-06,0.05
2022-10-31,270.9,0.008724,0.05
2022-11-01,269.54,0.001955,0.05
2022-11-02,269.61,0.000951,0.05
2022-11-03,271.21,1.3e-05,0.05
2022-11-04,270.76,4e-06,0.05
2022-11-05,271.38,0.01008,0.05
2022-11-06,270.8,0.01614,0.05
2022-11-07,269.27,0.007257,0.05
2022-11-08,266.14,0.002412,0.05
2022-11-09,267.21,0.007123,0.05
2022-11-10,264.94,0.000409,0.05
2022-11-11,263.42,6e-06,0.05
2022-11-12,262.65,3e-06,0.05
2022-11-13,264.04,0.01373,0.05
2022-11-14,265.31,0.014984,0.05
2022-11-15,262.68,4e-06,0.05
2022-11-16,262.04,7.1e-05,0.05
2022-11-17,260.06,0.0,0.05
2022-11-18,263.37,3.1e-05,0.05
2022-11-19,264.1,0.005432,0.05
2022-11-20,262.93,2.9e-05,0.05
2022-11-21,260.81,4e-06,0.05
2022-11-22,261.58,0.0,0.05
2022-11-23,261.73,2e-06,0.05
2022-11-24,263.48,0.0,0.05
2022-11-25,264.47,2e-06,0.05
2022-11-26,265.43,0.0,0.05
2022-11-27,264.7,0.0,0.05
2022-11-28,263.72,0.0,0.05
2022-11-29,263.57,1e-06,0.05
2022-11-30,264.73,0.0,0.05
2022-12-01,265.53,1e-06,0.05
2022-12-02,265.16,1e-06,0.05
2022-12-03,263.94,0.0,0.05
2022-12-04,262.56,0.0,0.05
2022-12-05,262.61,2e-06,0.05
2022-12-06,263.09,5e-06,0.05
2022-12-07,263.73,0.0,0.05
2022-12-08,265.7,0.009579,0.05
2022-12-09,265.8,0.016409,0.05
2022-12-10,265.01,0.012205,0.05
2022-12-11,264.37,0.0002,0.05
2022-12-12,263.35,0.001637,0.05
2022-12-13,263.48,0.000247,0.05
2022-12-14,262.79,1e-06,0.05
2022-12-15,263.24,-0.0,0.05
2022-12-16,263.18,1e-06,0.05
2022-12-17,263.23,2e-06,0.05
2022-12-18,262.23,2e-06,0.05
2022-12-19,260.2,0.0,0.05
2022-12-20,259.3,1e-06,0.05
2022-12-21,259.85,2e-06,0.05
2022-12-22,259.2,1e-06,0.05
2022-12-23,259.35,1e-05,0.05
2022-12-24,259.2,5e-06,0.05
2022-12-25,259.2,0.000133,0.05
2022-12-26,261.1,0.00082,0.05
2022-12-27,261.15,2e-06,0.05
2022-12-28,260.05,7e-06,0.05
2022-12-29,263.04,0.019976,0.05
2022-12-30,261.2,0.006972,0.05
2022-12-31,259.26,7e-06,0.05
2023-01-01,258.66,1e-06,0.05
2023-01-02,256.48,1e-06,0.05
2023-01-03,256.61,2e-06,0.05
2023-01-04,257.49,2e-06,0.05
2023-01-05,258.6,2e-06,0.05
2023-01-06,259.97,0.00029,0.05
2023-01-07,262.97,0.003861,0.05
2023-01-08,266.02,0.023406,0.05
2023-01-09,265.37,0.011522,0.05
2023-01-10,264.85,0.001506,0.05
2023-01-11,264.21,0.037608,0.05
2023-01-12,262.45,0.019211,0.05
2023-01-13,260.5,0.019252,0.05
2023-01-14,259.09,0.00074,0.05
2023-01-15,257.33,2.8e-05,0.05
2023-01-16,256.38,4.3e-05,0.05
2023-01-17,255.77,1e-06,0.05
2023-01-18,256.63,0.001275,0.05
2023-01-19,259.91,0.006185,0.05
2023-01-20,261.16,0.009369,0.05
2023-01-21,260.72,0.007799,0.05
2023-01-22,261.54,0.005041,0.05
2023-01-23,261.33,0.004021,0.05
2023-01-24,262.02,0.009951,0.05
2023-01-25,261.64,0.016611,0.05
2023-01-26,261.02,0.000165,0.05
2023-01-27,260.54,1.3e-05,0.05
2023-01-28,261.96,0.002998,0.05
2023-01-29,264.09,0.013037,0.05
2023-01-30,263.43,0.02646,0.05
2023-01-31,260.73,9.7e-05,0.05
2023-02-01,261.3,7.4e-05,0.05
2023-02-02,263.59,0.0015,0.05
2023-02-03,265.38,0.00878,0.05
2023-02-04,264.93,0.001333,0.05
2023-02-05,263.56,0.003192,0.05
2023-02-06,263.44,0.01116,0.05
2023-02-07,263.01,7.9e-05,0.05
2023-02-08,260.73,0.001926,0.05
2023-02-09,262.87,0.032079,0.05
2023-02-10,263.35,0.008923,0.05
2023-02-11,260.91,0.016926,0.05
2023-02-12,259.24,7e-05,0.05
2023-02-13,262.52,0.0,0.05
2023-02-14,264.25,2e-06,0.05
2023-02-15,265.79,8e-06,0.05
2023-02-16,267.67,0.0,0.05
2023-02-17,269.14,0.0,0.05
2023-02-18,270.15,0.000165,0.05
2023-02-19,269.41,0.005902,0.05
2023-02-20,267.35,0.014414,0.05
2023-02-21,263.36,2.8e-05,0.05
2023-02-22,263.23,3e-06,0.05
2023-02-23,264.51,1e-06,0.05
2023-02-24,264.61,2e-06,0.05
2023-02-25,265.15,0.000628,0.05
2023-02-26,265.4,0.002509,0.05
2023-02-27,264.9,3.7e-05,0.05
2023-02-28,265.21,0.00393,0.05
2023-03-01,266.94,0.011377,0.05
2023-03-02,267.98,0.019549,0.05
2023-03-03,268.75,0.001655,0.05
2023-03-04,268.23,0.011567,0.05
2023-03-05,268.06,0.005359,0.05
2023-03-06,265.86,5e-06,0.05
2023-03-07,266.99,1e-06,0.05
2023-03-08,266.63,2e-06,0.05
2023-03-09,266.8,0.0,0.05
2023-03-10,267.89,0.0,0.05
2023-03-11,268.34,1e-06,0.05
2023-03-12,268.82,8.7e-05,0.05
2023-03-13,268.78,1e-06,0.05
2023-03-14,266.55,1e-06,0.05
2023-03-15,267.05,1e-06,0.05
2023-03-16,268.89,0.001278,0.05
2023-03-17,269.24,0.016063,0.05
2023-03-18,269.07,0.004186,0.05
2023-03-19,268.96,0.006882,0.05
2023-03-20,268.38,0.000981,0.05
2023-03-21,267.58,0.000491,0.05
2023-03-22,266.83,1.6e-05,0.05
2023-03-23,267.44,0.000851,0.05
2023-03-24,269.16,0.006579,0.05
2023-03-25,268.24,0.008451,0.05
2023-03-26,267.47,0.000278,0.05
2023-03-27,267.09,2e-06,0.05
2023-03-28,269.03,9.2e-05,0.05
2023-03-29,270.12,0.000733,0.05
2023-03-30,270.87,0.000818,0.05
2023-03-31,271.13,0.008804,0.05
2023-04-01,270.82,0.019065,0.05
2023-04-02,270.97,0.005077,0.05
2023-04-03,271.07,0.019655,0.05
2023-04-04,268.95,0.012477,0.05
2023-04-05,268.96,0.006619,0.05
2023-04-06,268.37,0.006286,0.05
2023-04-07,268.6,2e-06,0.05
2023-04-08,269.97,2e-06,0.05
2023-04-09,270.61,1e-06,0.05
2023-04-10,271.14,2.6e-05,0.05
2023-04-11,271.81,6e-05,0.05
2023-04-12,273.03,0.0,0.05
2023-04-13,271.84,0.0,0.05
2023-04-14,271.57,0.0,0.05
2023-04-15,274.27,1.1e-05,0.05
2023-04-16,273.82,0.016822,0.05
2023-04-17,275.5,0.010214,0.05
2023-04-18,273.72,0.035467,0.05
2023-04-19,272.81,0.032733,0.05
2023-04-20,271.61,0.014785,0.05
2023-04-21,270.11,0.014751,0.05
2023-04-22,270.26,0.001229,0.05
2023-04-23,271.2,0.0,0.05
2023-04-24,271.45,7e-06,0.05
2023-04-25,272.43,7.2e-05,0.05
2023-04-26,272.55,0.0102,0.05
2023-04-27,273.09,0.00113,0.05
2023-04-28,272.8,0.003439,0.05
2023-04-29,273.03,1.7e-05,0.05
2023-04-30,273.12,1e-06,0.05
2023-05-01,273.72,0.002324,0.05
2023-05-02,273.54,0.014848,0.05
2023-05-03,272.02,0.002089,0.05
2023-05-04,272.79,0.001359,0.05
2023-05-05,273.89,0.000874,0.05
2023-05-06,272.97,0.004732,0.05
2023-05-07,272.23,0.006318,0.05
2023-05-08,270.84,0.017539,0.05
2023-05-09,271.42,0.00077,0.05
2023-05-10,271.35,2e-06,0.05
2023-05-11,273.53,0.0,0.05
2023-05-12,275.07,3e-06,0.05
2023-05-13,275.28,0.002153,0.05
2023-05-14,274.86,0.001991,0.05
2023-05-15,274.94,0.000303,0.05
2023-05-16,275.79,9e-06,0.05
2023-05-17,276.78,0.000573,0.05
2023-05-18,273.81,0.012056,0.05
2023-05-19,275.19,1.3e-05,0.05
2023-05-20,275.22,3e-06,0.05
2023-05-21,277.87,0.0,0.05
2023-05-22,278.41,1.9e-05,0.05
2023-05-23,277.52,0.016644,0.05
2023-05-24,275.91,0.012772,0.05
2023-05-25,275.58,0.005705,0.05
2023-05-26,274.43,0.008626,0.05
2023-05-27,274.45,0.000676,0.05
2023-05-28,275.46,8.6e-05,0.05
2023-05-29,277.07,0.002198,0.05
2023-05-30,275.89,0.012565,0.05
2023-05-31,275.56,0.021017,0.05
2023-06-01,274.68,0.010549,0.05
2023-06-02,275.04,0.001854,0.05
2023-06-03,275.18,0.000625,0.05
2023-06-04,276.24,2.2e-05,0.05
2023-06-05,276.89,0.000518,0.05
2023-06-06,277.81,0.000341,0.05
2023-06-07,276.75,0.000907,0.05
2023-06-08,279.16,4.5e-05,0.05
2023-06-09,279.4,7e-06,0.05
2023-06-10,280.67,3e-06,0.05
2023-06-11,280.7,0.0,0.05
2023-06-12,280.23,7e-05,0.05
2023-06-13,280.38,0.001526,0.05
2023-06-14,279.87,0.004,0.05
2023-06-15,279.59,0.004794,0.05
2023-06-16,279.82,0.000932,0.05
2023-06-17,281.22,0.001355,0.05
2023-06-18,281.83,0.000513,0.05
2023-06-19,281.98,3e-06,0.05
2023-06-20,283.42,2e-06,0.05
2023-06-21,284.0,3e-06,0.05
2023-06-22,285.83,2e-06,0.05
2023-06-23,286.71,0.000267,0.05
2023-06-24,286.08,0.002594,0.05
2023-06-25,285.01,0.010196,0.05
2023-06-26,283.28,0.013405,0.05
2023-06-27,283.5,0.004171,0.05
2023-06-28,283.54,0.006167,0.05
2023-06-29,282.84,0.002607,0.05
2023-06-30,282.05,0.003258,0.05
2023-07-01,283.24,0.001919,0.05
2023-07-02,285.02,0.000932,0.05
2023-07-03,284.5,0.001732,0.05
2023-07-04,283.61,0.006089,0.05
2023-07-05,282.92,0.005692,0.05
2023-07-06,283.24,0.006774,0.05
2023-07-07,281.67,0.020939,0.05
2023-07-08,281.94,0.012718,0.05
2023-07-09,282.18,0.003891,0.05
2023-07-10,283.1,0.003777,0.05
2023-07-11,284.29,0.001373,0.05
2023-07-12,285.04,0.000847,0.05
2023-07-13,286.59,0.000273,0.05
2023-07-14,286.6,0.000407,0.05
2023-07-15,286.12,0.007894,0.05
2023-07-16,285.42,0.009673,0.05
2023-07-17,286.23,0.003843,0.05
2023-07-18,287.57,0.003419,0.05
2023-07-19,286.38,0.013806,0.05
2023-07-20,286.45,0.013895,0.05
2023-07-21,285.87,0.011789,0.05
2023-07-22,285.16,0.012727,0.05
2023-07-23,284.07,0.005999,0.05
2023-07-24,285.13,0.000875,0.05
2023-07-25,285.33,0.004371,0.05
2023-07-26,285.69,0.004813,0.05
2023-07-27,285.42,0.006739,0.05
2023-07-28,284.27,0.01377,0.05
2023-07-29,283.3,0.005198,0.05
2023-07-30,284.21,0.001362,0.05
2023-07-31,284.65,0.002545,0.05
2023-08-01,285.5,0.005309,0.05
2023-08-02,285.78,0.006423,0.05
2023-08-03,286.28,0.003574,0.05
2023-08-04,286.22,0.005113,0.05
2023-08-05,285.82,0.006748,0.05
2023-08-06,285.1,0.007976,0.05
2023-08-07,284.24,0.003266,0.05
2023-08-08,284.73,0.00087,0.05
2023-08-09,286.19,0.00197,0.05
2023-08-10,286.14,0.005477,0.05
2023-08-11,285.99,0.001727,0.05
2023-08-12,286.37,0.000713,0.05
2023-08-13,286.26,0.00516,0.05
2023-08-14,284.78,0.003097,0.05
2023-08-15,284.63,0.001337,0.05
2023-08-16,284.97,0.001856,0.05
2023-08-17,285.24,0.001404,0.05
2023-08-18,285.33,0.001633,0.05
2023-08-19,285.5,0.001359,0.05
2023-08-20,286.31,0.000671,0.05
2023-08-21,287.72,0.000397,0.05
2023-08-22,287.69,0.001382,0.05
2023-08-23,285.57,0.005388,0.05
2023-08-24,283.96,0.003194,0.05
2023-08-25,282.54,0.003628,0.05
2023-08-26,281.42,0.003558,0.05
2023-08-27,281.88,0.001193,0.05
2023-08-28,281.52,0.001027,0.05
2023-08-29,282.41,0.000961,0.05
2023-08-30,285.18,8.7e-05,0.05
2023-08-31,285.73,0.000427,0.05
2023-09-01,285.22,0.000839,0.05
2023-09-02,283.8,0.002234,0.05
2023-09-03,282.4,0.003009,0.05
2023-09-04,282.81,0.002837,0.05
2023-09-05,282.14,0.00064,0.05
2023-09-06,281.67,0.00119,0.05
2023-09-07,282.8,0.000636,0.05
2023-09-08,283.5,0.000485,0.05
2023-09-09,284.28,0.000226,0.05
2023-09-10,285.36,0.00046,0.05
2023-09-11,286.63,3e-05,0.05
2023-09-12,286.48,0.000364,0.05
2023-09-13,286.76,0.000461,0.05
2023-09-14,285.78,0.001882,0.05
2023-09-15,285.13,0.001694,0.05
2023-09-16,283.96,0.001809,0.05
2023-09-17,283.59,0.001965,0.05
2023-09-18,283.1,0.004339,0.05
2023-09-19,283.27,0.001868,0.05
2023-09-20,283.01,0.001357,0.05
2023-09-21,282.21,0.00047,0.05
2023-09-22,280.88,0.000967,0.05
2023-09-23,280.09,0.002032,0.05
2023-09-24,278.85,0.003522,0.05
2023-09-25,277.47,0.003551,0.05
2023-09-26,277.99,0.001267,0.05
2023-09-27,278.74,0.000434,0.05
2023-09-28,278.57,0.000608,0.05
2023-09-29,277.72,3.5e-05,0.05
2023-09-30,277.66,3e-06,0.05
2023-10-01,278.65,0.002119,0.05
2023-10-02,276.24,0.005103,0.05
2023-10-03,277.04,0.000802,0.05
2023-10-04,278.5,4.9e-05,0.05
2023-10-05,280.19,2e-06,0.05
2023-10-06,281.08,0.000202,0.05
2023-10-07,278.93,0.001716,0.05
2023-10-08,278.54,0.001876,0.05
2023-10-09,276.66,0.009244,0.05
2023-10-10,274.36,0.001394,0.05
2023-10-11,276.13,3e-06,0.05
2023-10-12,277.36,1e-06,0.05
2023-10-13,277.08,0.002102,0.05
2023-10-14,274.22,0.00545,0.05
2023-10-15,273.17,0.005212,0.05
2023-10-16,271.82,0.023642,0.05
2023-10-17,270.52,0.008991,0.05
2023-10-18,268.32,7e-06,0.05
2023-10-19,267.57,2e-06,0.05
2023-10-20,267.82,2e-06,0.05
2023-10-21,268.4,2e-06,0.05
2023-10-22,269.79,0.002218,0.05
2023-10-23,268.14,4e-06,0.05
2023-10-24,266.93,5e-06,0.05
2023-10-25,267.07,2e-06,0.05
2023-10-26,267.79,1e-06,0.05
2023-10-27,269.5,2e-06,0.05
2023-10-28,269.72,0.0,0.05
2023-10-29,270.39,1e-06,0.05
2023-10-30,270.52,2e-06,0.05
2023-10-31,271.17,1e-06,0.05
2023-11-01,271.48,0.00015,0.05
2023-11-02,269.53,0.001539,0.05
2023-11-03,268.42,7e-06,0.05
2023-11-04,267.38,6e-06,0.05
2023-11-05,268.78,2e-06,0.05
2023-11-06,269.48,2e-06,0.05
2023-11-07,270.39,0.0,0.05
2023-11-08,271.14,0.000648,0.05
2023-11-09,271.26,0.018094,0.05
2023-11-10,269.7,0.009252,0.05
2023-11-11,266.03,1.2e-05,0.05
2023-11-12,265.45,-0.0,0.05
2023-11-13,264.89,2e-06,0.05
2023-11-14,265.08,0.0,0.05
2023-11-15,264.38,1e-06,0.05
2023-11-16,265.39,2e-06,0.05
2023-11-17,266.05,2e-06,0.05
2023-11-18,268.73,0.0,0.05
2023-11-19,268.54,3e-06,0.05
2023-11-20,266.19,1e-06,0.05
2023-11-21,265.08,1e-06,0.05
2023-11-22,266.94,2e-06,0.05
2023-11-23,267.31,8.5e-05,0.05
2023-11-24,264.54,5e-06,0.05
2023-11-25,266.86,2e-06,0.05
2023-11-26,269.92,0.000162,0.05
2023-11-27,270.57,0.001105,0.05
2023-11-28,267.48,1.1e-05,0.05
2023-11-29,266.75,0.006562,0.05
2023-11-30,266.98,0.023281,0.05
2023-12-01,265.17,0.003291,0.05
2023-12-02,261.99,4e-06,0.05
2023-12-03,262.2,0.0,0.05
2023-12-04,263.02,0.0,0.05
2023-12-05,261.8,0.0,0.05
2023-12-06,261.13,0.0,0.05
2023-12-07,261.51,0.0,0.05
2023-12-08,260.44,3e-06,0.05
2023-12-09,259.91,0.0,0.05
2023-12-10,260.08,3e-06,0.05
2023-12-11,260.8,0.000158,0.05
2023-12-12,262.17,0.000194,0.05
2023-12-13,261.74,2e-06,0.05
2023-12-14,263.03,1e-06,0.05
2023-12-15,262.15,2e-06,0.05
2023-12-16,262.55,0.005173,0.05
2023-12-17,261.46,0.001031,0.05
2023-12-18,259.61,8e-06,0.05
2023-12-19,261.08,0.0,0.05
2023-12-20,264.27,0.0,0.05
2023-12-21,264.55,0.0,0.05
2023-12-22,265.98,0.000545,0.05
2023-12-23,265.13,0.003604,0.05
2023-12-24,265.45,0.000189,0.05
2023-12-25,263.3,5e-06,0.05
2023-12-26,263.18,4e-06,0.05
2023-12-27,263.87,1e-06,0.05
2023-12-28,262.44,0.0,0.05
2023-12-29,263.51,2e-06,0.05
2023-12-30,264.26,0.000773,0.05
2023-12-31,262.42,3e-06,0.05
2024-01-01,260.92,3e-06,0.05
2024-01-02,260.23,3e-06,0.05
2024-01-03,261.09,2e-06,0.05
2024-01-04,262.22,4e-06,0.05
2024-01-05,262.61,1.5e-05,0.05
2024-01-06,262.62,1e-06,0.05
2024-01-07,262.4,0.0,0.05
2024-01-08,262.74,0.000323,0.05
2024-01-09,263.53,0.000167,0.05
2024-01-10,262.74,2e-06,0.05
2024-01-11,264.46,0.0,0.05
2024-01-12,265.92,0.000348,0.05
2024-01-13,266.61,1.1e-05,0.05
2024-01-14,265.01,1e-06,0.05
2024-01-15,264.18,0.0,0.05
2024-01-16,263.96,0.000112,0.05
2024-01-17,263.44,0.000211,0.05
2024-01-18,262.49,0.0,0.05
2024-01-19,262.69,0.0,0.05
2024-01-20,263.36,0.0,0.05
2024-01-21,263.33,0.0,0.05
2024-01-22,263.95,2e-06,0.05
2024-01-23,263.58,1e-06,0.05
2024-01-24,263.13,0.0,0.05
2024-01-25,264.28,0.001159,0.05
2024-01-26,264.25,0.004636,0.05
2024-01-27,264.76,0.000415,0.05
2024-01-28,266.78,0.015197,0.05
2024-01-29,265.17,0.009541,0.05
2024-01-30,263.52,0.009496,0.05
2024-01-31,264.01,0.028234,0.05
2024-02-01,261.54,0.018065,0.05
2024-02-02,260.02,0.000144,0.05
2024-02-03,262.22,0.007856,0.05
2024-02-04,262.22,0.017567,0.05
2024-02-05,259.13,3.8e-05,0.05
2024-02-06,257.14,7e-06,0.05
2024-02-07,257.14,1e-06,0.05
2024-02-08,258.24,-0.0,0.05
2024-02-09,259.06,1e-06,0.05
2024-02-10,260.07,1e-06,0.05
2024-02-11,260.39,0.0,0.05
2024-02-12,260.97,2e-06,0.05
2024-02-13,261.3,-0.0,0.05
2024-02-14,262.42,2e-06,0.05
2024-02-15,264.21,1e-06,0.05
2024-02-16,264.94,5e-06,0.05
2024-02-17,266.59,0.001824,0.05
2024-02-18,266.53,0.039965,0.05
2024-02-19,265.8,0.042068,0.05
2024-02-20,263.63,0.015412,0.05
2024-02-21,261.68,0.006079,0.05
2024-02-22,259.46,0.00078,0.05
2024-02-23,258.37,2.9e-05,0.05
2024-02-24,258.54,0.000751,0.05
2024-02-25,259.19,4.6e-05,0.05
2024-02-26,260.99,0.003089,0.05
2024-02-27,263.8,0.000333,0.05
2024-02-28,263.99,3.3e-05,0.05
2024-02-29,264.87,0.001577,0.05
2024-03-01,266.5,0.037078,0.05
2024-03-02,266.08,0.057378,0.05
2024-03-03,261.48,0.004115,0.05
2024-03-04,260.09,0.000394,0.05
2024-03-05,261.09,2.3e-05,0.05
2024-03-06,262.97,0.003739,0.05
2024-03-07,264.38,0.006096,0.05
2024-03-08,264.47,0.000624,0.05
2024-03-09,264.29,1e-06,0.05
2024-03-10,265.71,0.000802,0.05
2024-03-11,266.76,0.00497,0.05
2024-03-12,267.47,0.001912,0.05
2024-03-13,266.53,0.018338,0.05
2024-03-14,266.13,0.004681,0.05
2024-03-15,264.64,5e-06,0.05
2024-03-16,264.68,1e-06,0.05
2024-03-17,265.46,1e-06,0.05
2024-03-18,266.36,8e-06,0.05
2024-03-19,267.42,3e-06,0.05
2024-03-20,268.61,4e-06,0.05
2024-03-21,269.67,0.010064,0.05
2024-03-22,269.06,0.005219,0.05
2024-03-23,269.4,0.000105,0.05
2024-03-24,269.97,9e-06,0.05
2024-03-25,269.26,2e-06,0.05
2024-03-26,270.73,0.002805,0.05
2024-03-27,271.75,0.003895,0.05
2024-03-28,272.72,0.019626,0.05
2024-03-29,271.83,0.024835,0.05
2024-03-30,270.66,0.021158,0.05
2024-03-31,269.33,0.003649,0.05
2024-04-01,269.27,2e-06,0.05
2024-04-02,269.99,0.000223,0.05
2024-04-03,268.9,0.007125,0.05
2024-04-04,269.84,0.001487,0.05
2024-04-05,269.21,0.001477,0.05
2024-04-06,268.28,8e-06,0.05
2024-04-07,269.5,4e-06,0.05
2024-04-08,268.55,1e-06,0.05
2024-04-09,268.36,2e-06,0.05
2024-04-10,271.16,0.000674,0.05
2024-04-11,271.4,0.001323,0.05
2024-04-12,272.52,0.000618,0.05
2024-04-13,273.38,0.014513,0.05
2024-04-14,273.38,0.02114,0.05
2024-04-15,273.36,0.038968,0.05
2024-04-16,271.93,0.002546,0.05
2024-04-17,274.03,0.000133,0.05
2024-04-18,273.32,0.014709,0.05
2024-04-19,273.72,0.005776,0.05
2024-04-20,273.28,0.005447,0.05
2024-04-21,273.57,0.003118,0.05
2024-04-22,273.41,0.003199,0.05
2024-04-23,273.22,0.000175,0.05
2024-04-24,273.26,6e-06,0.05
2024-04-25,274.14,2e-06,0.05
2024-04-26,274.45,0.012602,0.05
2024-04-27,272.78,0.032618,0.05
2024-04-28,272.5,0.027241,0.05
2024-04-29,271.52,0.042963,0.05
2024-04-30,271.18,0.006698,0.05
2024-05-01,271.94,0.000682,0.05
2024-05-02,272.7,2e-06,0.05
2024-05-03,275.06,0.005723,0.05
2024-05-04,274.71,0.004749,0.05
2024-05-05,275.23,4.6e-05,0.05
2024-05-06,275.88,1e-05,0.05
2024-05-07,276.29,7.6e-05,0.05
2024-05-08,275.41,1e-06,0.05
2024-05-09,276.52,1e-06,0.05
2024-05-10,277.22,0.001872,0.05
2024-05-11,276.94,0.000281,0.05
2024-05-12,274.17,0.013784,0.05
2024-05-13,274.81,7e-06,0.05
2024-05-14,276.24,0.0,0.05
2024-05-15,278.3,1e-06,0.05
2024-05-16,278.83,3e-06,0.05
2024-05-17,279.17,-0.0,0.05
2024-05-18,279.21,0.001684,0.05
2024-05-19,278.43,0.003442,0.05
2024-05-20,277.94,0.000502,0.05
2024-05-21,279.61,2.1e-05,0.05
2024-05-22,280.07,4e-06,0.05
2024-05-23,279.87,2.4e-05,0.05
2024-05-24,279.67,0.000276,0.05
2024-05-25,280.92,0.000609,0.05
2024-05-26,281.37,0.00114,0.05
2024-05-27,281.87,0.001302,0.05
2024-05-28,281.38,0.001421,0.05
2024-05-29,280.31,0.001429,0.05
2024-05-30,279.73,0.000592,0.05
2024-05-31,279.73,0.001074,0.05
2024-06-01,279.19,0.001059,0.05
2024-06-02,280.49,0.002567,0.05
2024-06-03,281.25,0.00181,0.05
2024-06-04,280.43,0.001076,0.05
2024-06-05,279.93,0.005318,0.05
2024-06-06,278.32,0.006333,0.05
2024-06-07,278.19,0.007206,0.05
2024-06-08,277.83,0.007111,0.05
2024-06-09,279.0,0.001696,0.05
2024-06-10,279.93,0.004401,0.05
2024-06-11,281.41,0.004904,0.05
2024-06-12,281.78,0.001756,0.05
2024-06-13,282.02,0.002065,0.05
2024-06-14,280.7,0.00268,0.05
2024-06-15,281.44,0.000965,0.05
2024-06-16,283.33,0.000449,0.05
2024-06-17,283.2,0.000858,0.05
2024-06-18,281.96,0.006035,0.05
2024-06-19,281.18,0.005757,0.05
2024-06-20,281.08,0.003924,0.05
2024-06-21,280.87,0.007872,0.05
2024-06-22,281.21,0.00752,0.05
2024-06-23,282.22,0.00559,0.05
2024-06-24,282.81,0.003116,0.05
2024-06-25,284.01,0.000669,0.05
2024-06-26,284.98,0.001077,0.05
2024-06-27,285.58,0.001777,0.05
2024-06-28,286.0,0.001107,0.05
2024-06-29,285.92,0.003582,0.05
2024-06-30,286.48,0.003216,0.05
2024-07-01,287.03,0.003134,0.05
2024-07-02,286.83,0.002595,0.05
2024-07-03,287.58,0.002126,0.05
2024-07-04,286.94,0.012704,0.05
2024-07-05,285.32,0.008791,0.05
2024-07-06,284.27,0.002865,0.05
2024-07-07,283.92,0.002601,0.05
2024-07-08,284.58,0.00043,0.05
2024-07-09,285.58,0.000768,0.05
2024-07-10,285.36,0.00209,0.05
2024-07-11,284.46,0.006069,0.05
2024-07-12,283.76,0.001619,0.05
2024-07-13,283.99,0.001354,0.05
2024-07-14,283.51,0.001373,0.05
2024-07-15,285.49,0.000931,0.05
2024-07-16,286.43,0.001282,0.05
2024-07-17,286.41,0.001754,0.05
2024-07-18,285.14,0.001802,0.05
2024-07-19,286.18,0.000384,0.05
2024-07-20,286.52,0.001577,0.05
2024-07-21,286.73,0.003086,0.05
2024-07-22,287.22,0.001798,0.05
2024-07-23,286.68,0.008423,0.05
2024-07-24,286.23,0.002599,0.05
2024-07-25,286.97,0.000783,0.05
2024-07-26,287.89,0.001681,0.05
2024-07-27,288.74,0.003298,0.05
2024-07-28,289.39,0.00261,0.05
2024-07-29,288.02,0.011303,0.05
2024-07-30,288.16,0.00617,0.05
2024-07-31,288.15,0.003319,0.05
2024-08-01,287.14,0.017972,0.05
2024-08-02,286.89,0.004116,0.05
2024-08-03,287.05,0.00649,0.05
2024-08-04,286.39,0.007707,0.05
2024-08-05,286.8,0.005871,0.05
2024-08-06,286.83,0.00353,0.05
2024-08-07,286.1,0.006524,0.05
2024-08-08,286.42,0.003303,0.05
2024-08-09,286.99,0.002088,0.05
2024-08-10,286.77,0.004069,0.05
2024-08-11,285.2,0.008524,0.05
2024-08-12,285.96,0.003383,0.05
2024-08-13,287.96,0.000558,0.05
2024-08-14,288.26,0.003695,0.05
2024-08-15,286.34,0.011928,0.05
2024-08-16,286.29,0.008954,0.05
2024-08-17,285.01,0.010412,0.05
2024-08-18,285.43,0.006164,0.05
2024-08-19,284.89,0.003734,0.05
2024-08-20,283.84,0.002727,0.05
2024-08-21,283.19,0.003378,0.05
2024-08-22,283.49,0.000403,0.05
2024-08-23,283.54,0.001131,0.05
2024-08-24,284.6,0.000906,0.05
2024-08-25,285.04,0.001429,0.05
2024-08-26,284.89,0.000995,0.05
2024-08-27,283.95,0.009721,0.05
2024-08-28,282.65,0.025254,0.05
2024-08-29,283.02,0.030089,0.05
2024-08-30,282.68,0.006936,0.05
2024-08-31,284.58,0.003463,0.05
2024-09-01,285.03,0.001223,0.05
2024-09-02,283.91,0.009806,0.05
2024-09-03,282.07,0.009575,0.05
2024-09-04,283.11,0.001352,0.05
2024-09-05,283.47,0.002109,0.05
2024-09-06,282.99,0.005287,0.05
2024-09-07,282.81,0.001212,0.05
2024-09-08,283.03,0.002136,0.05
2024-09-09,283.03,0.002205,0.05
2024-09-10,282.27,0.002141,0.05
2024-09-11,281.84,0.000422,0.05
2024-09-12,283.23,0.000196,0.05
2024-09-13,283.16,0.000178,0.05
2024-09-14,281.09,0.000516,0.05
2024-09-15,280.89,0.000855,0.05
2024-09-16,281.84,0.000299,0.05
2024-09-17,281.61,3.4e-05,0.05
2024-09-18,282.51,0.000254,0.05
2024-09-19,282.25,0.00237,0.05
2024-09-20,283.71,0.002734,0.05
2024-09-21,284.92,0.000944,0.05
2024-09-22,285.98,3e-05,0.05
2024-09-23,286.5,1e-06,0.05
2024-09-24,286.69,1e-06,0.05
2024-09-25,285.6,0.000699,0.05
2024-09-26,283.48,0.002622,0.05
2024-09-27,280.65,0.004515,0.05
2024-09-28,280.19,0.003009,0.05
2024-09-29,281.45,0.00046,0.05
2024-09-30,281.89,0.000125,0.05
2024-10-01,281.87,0.0,0.05
2024-10-02,281.2,3.8e-05,0.05
2024-10-03,281.76,6.4e-05,0.05
2024-10-04,280.48,0.000368,0.05
2024-10-05,279.31,0.002279,0.05
2024-10-06,278.23,0.001564,0.05
2024-10-07,279.61,0.000479,0.05
2024-10-08,276.15,0.004577,0.05
2024-10-09,275.09,0.001055,0.05
2024-10-10,275.53,0.000648,0.05
2024-10-11,277.71,1e-06,0.05
2024-10-12,278.59,2e-06,0.05
2024-10-13,278.08,1e-06,0.05
2024-10-14,277.32,0.000135,0.05
2024-10-15,278.55,0.0,0.05
2024-10-16,277.44,0.001706,0.05
2024-10-17,276.69,0.000303,0.05
2024-10-18,276.53,0.000961,0.05
2024-10-19,277.78,0.000154,0.05
2024-10-20,277.93,2e-06,0.05
2024-10-21,277.66,0.000454,0.05
2024-10-22,276.91,0.001554,0.05
2024-10-23,275.86,0.000952,0.05
2024-10-24,275.7,0.001106,0.05
2024-10-25,277.53,2e-06,0.05
2024-10-26,278.72,0.0,0.05
2024-10-27,280.26,0.0,0.05
2024-10-28,277.74,0.005619,0.05
2024-10-29,274.63,0.008897,0.05
2024-10-30,272.32,0.001279,0.05
