date,temperature_2m_k,total_precip_m_day,snow_depth_m_we
2016-01-01,252.06,0.000176,0.05
2016-01-02,249.14,0.000209,0.05
2016-01-03,250.13,0.000861,0.05
2016-01-04,253.1,0.008298,0.05
2016-01-05,251.24,0.000702,0.05
2016-01-06,248.2,0.001325,0.05
2016-01-07,251.5,0.002011,0.05
2016-01-08,249.97,0.002474,0.05
2016-01-09,248.56,1e-06,0.05
2016-01-10,251.92,1e-06,0.05
2016-01-11,251.92,0.000227,0.05
2016-01-12,250.67,0.001153,0.05
2016-01-13,248.18,3.6e-05,0.05
2016-01-14,250.36,0.002509,0.05
2016-01-15,248.57,0.000464,0.05
2016-01-16,250.0,0.0,0.05
2016-01-17,249.94,0.000205,0.05
2016-01-18,249.35,0.004637,0.05
2016-01-19,248.21,5.6e-05,0.05
2016-01-20,246.4,0.0,0.05
2016-01-21,247.31,2e-06,0.05
2016-01-22,247.24,0.0,0.05
2016-01-23,247.43,2e-06,0.05
2016-01-24,246.86,1e-06,0.05
2016-01-25,247.7,0.000103,0.05
2016-01-26,248.24,0.001844,0.05
2016-01-27,249.01,0.00209,0.05
2016-01-28,251.34,0.007073,0.05
2016-01-29,253.89,0.010165,0.05
2016-01-30,253.49,0.003736,0.05
2016-01-31,252.4,0.001218,0.05
2016-02-01,248.56,2.9e-05,0.05
2016-02-02,248.93,1e-05,0.05
2016-02-03,248.7,3e-06,0.05
2016-02-04,249.87,0.00127,0.05
2016-02-05,251.28,0.001382,0.05
2016-02-06,252.77,0.00062,0.05
2016-02-07,250.84,1.2e-05,0.05
2016-02-08,252.39,8e-06,0.05
2016-02-09,252.49,0.002827,0.05
2016-02-10,253.5,0.007224,0.05
2016-02-11,253.42,0.005586,0.05
2016-02-12,251.38,0.000768,0.05
2016-02-13,252.14,0.000844,0.05
2016-02-14,251.81,0.00434,0.05
2016-02-15,252.62,0.002934,0.05
2016-02-16,250.72,0.000251,0.05
2016-02-17,250.15,0.00014,0.05
2016-02-18,250.16,0.000162,0.05
2016-02-19,252.9,0.010947,0.05
2016-02-20,255.85,0.006135,0.05
2016-02-21,252.0,0.000294,0.05
2016-02-22,252.29,1.8e-05,0.05
2016-02-23,250.85,0.0,0.05
2016-02-24,250.57,2e-06,0.05
2016-02-25,251.62,1e-06,0.05
2016-02-26,250.72,0.0,0.05
2016-02-27,251.27,1e-06,0.05
2016-02-28,251.97,3e-06,0.05
2016-02-29,251.53,1e-06,0.05
2016-03-01,250.96,2e-06,0.05
2016-03-02,253.43,1.1e-05,0.05
2016-03-03,250.35,0.000105,0.05
2016-03-04,247.52,2.8e-05,0.05
2016-03-05,253.62,3.9e-05,0.05
2016-03-06,254.36,0.000437,0.05
2016-03-07,249.2,5e-05,0.05
2016-03-08,252.18,7e-06,0.05
2016-03-09,253.51,3e-06,0.05
2016-03-10,255.39,0.000181,0.05
2016-03-11,256.56,0.008937,0.05
2016-03-12,258.82,0.008704,0.05
2016-03-13,259.31,0.006476,0.05
2016-03-14,258.06,0.009551,0.05
2016-03-15,255.82,0.003447,0.05
2016-03-16,256.06,0.003577,0.05
2016-03-17,257.83,0.015542,0.05
2016-03-18,259.53,0.014297,0.05
2016-03-19,259.11,0.008428,0.05
2016-03-20,258.15,0.008284,0.05
2016-03-21,256.34,0.000534,0.05
2016-03-22,254.7,3e-06,0.05
2016-03-23,257.85,0.000147,0.05
2016-03-24,259.45,0.009951,0.05
2016-03-25,261.18,0.028049,0.05
2016-03-26,261.52,0.008799,0.05
2016-03-27,259.03,0.000556,0.05
2016-03-28,257.75,0.000144,0.05
2016-03-29,256.58,2.4e-05,0.05
2016-03-30,254.67,2.9e-05,0.05
2016-03-31,258.91,0.004018,0.05
2016-04-01,262.26,0.007696,0.05
2016-04-02,264.81,0.026878,0.05
2016-04-03,265.34,0.034992,0.05
2016-04-04,263.05,0.007296,0.05
2016-04-05,262.54,0.004283,0.05
2016-04-06,263.62,0.006054,0.05
2016-04-07,261.42,0.001061,0.05
2016-04-08,260.11,0.000424,0.05
2016-04-09,260.79,0.007013,0.05
2016-04-10,261.67,0.001684,0.05
2016-04-11,261.74,0.008156,0.05
2016-04-12,261.22,0.000161,0.05
2016-04-13,259.49,0.000367,0.05
2016-04-14,258.92,8e-06,0.05
2016-04-15,262.1,0.000536,0.05
2016-04-16,259.89,0.00086,0.05
2016-04-17,264.07,0.011127,0.05
2016-04-18,262.1,0.000118,0.05
2016-04-19,262.27,0.003121,0.05
2016-04-20,261.42,0.000278,0.05
2016-04-21,261.34,0.003818,0.05
2016-04-22,260.89,0.005633,0.05
2016-04-23,261.88,0.002428,0.05
2016-04-24,257.9,9.5e-05,0.05
2016-04-25,258.82,9e-06,0.05
2016-04-26,261.27,0.000227,0.05
2016-04-27,260.25,0.002011,0.05
2016-04-28,255.78,0.000106,0.05
2016-04-29,259.38,4e-06,0.05
2016-04-30,261.58,0.0,0.05
2016-05-01,261.03,1e-06,0.05
2016-05-02,261.93,2e-06,0.05
2016-05-03,262.63,0.00018,0.05
2016-05-04,262.89,0.00449,0.05
2016-05-05,262.39,0.006562,0.05
2016-05-06,262.37,2.5e-05,0.05
2016-05-07,263.52,0.0,0.05
2016-05-08,264.53,0.0,0.05
2016-05-09,264.96,0.0,0.05
2016-05-10,264.91,0.0,0.05
2016-05-11,264.8,0.001619,0.05
2016-05-12,265.09,0.003695,0.05
2016-05-13,264.86,0.000501,0.05
2016-05-14,264.75,0.004323,0.05
2016-05-15,265.66,0.003372,0.05
2016-05-16,265.45,0.001003,0.05
2016-05-17,264.15,6.3e-05,0.05
2016-05-18,264.83,1.7e-05,0.05
2016-05-19,264.96,0.000111,0.05
2016-05-20,262.82,0.000185,0.05
2016-05-21,264.49,1e-05,0.05
2016-05-22,266.44,1e-06,0.05
2016-05-23,266.47,0.002075,0.05
2016-05-24,267.22,0.00958,0.05
2016-05-25,267.61,0.00255,0.05
2016-05-26,264.98,3.8e-05,0.05
2016-05-27,262.65,4.4e-05,0.05
2016-05-28,264.08,1e-05,0.05
2016-05-29,260.95,6.9e-05,0.05
2016-05-30,261.58,7.5e-05,0.05
2016-05-31,261.5,1.4e-05,0.05
2016-06-01,261.81,6e-06,0.05
2016-06-02,266.25,0.00053,0.05
2016-06-03,266.0,0.000275,0.05
2016-06-04,263.8,2.2e-05,0.05
2016-06-05,264.76,1.3e-05,0.05
2016-06-06,264.79,7.5e-05,0.05
2016-06-07,268.07,5.6e-05,0.05
2016-06-08,268.69,6e-05,0.05
2016-06-09,268.39,5.1e-05,0.05
2016-06-10,270.37,0.000114,0.05
2016-06-11,271.39,0.001425,0.05
2016-06-12,270.95,0.001876,0.05
2016-06-13,269.79,4.5e-05,0.05
2016-06-14,269.9,2.3e-05,0.05
2016-06-15,271.03,3.6e-05,0.05
2016-06-16,271.79,0.003195,0.05
2016-06-17,271.12,8.2e-05,0.05
2016-06-18,267.66,5.6e-05,0.05
2016-06-19,271.15,3.1e-05,0.05
2016-06-20,270.53,0.000147,0.05
2016-06-21,272.92,0.00465,0.05
2016-06-22,273.45,0.006307,0.05
2016-06-23,271.82,0.001362,0.05
2016-06-24,269.21,4.8e-05,0.05
2016-06-25,269.56,6e-06,0.05
2016-06-26,269.38,5.5e-05,0.05
2016-06-27,270.18,0.000161,0.05
2016-06-28,272.4,0.003767,0.05
2016-06-29,273.02,0.000148,0.05
2016-06-30,271.98,3e-05,0.05
2016-07-01,271.8,1.3e-05,0.05
2016-07-02,272.21,2.2e-05,0.05
2016-07-03,273.01,0.0012,0.05
2016-07-04,272.19,0.000193,0.05
2016-07-05,270.0,7.9e-05,0.05
2016-07-06,272.11,0.003616,0.05
2016-07-07,271.46,0.000424,0.05
2016-07-08,268.41,1.9e-05,0.05
2016-07-09,271.28,0.000101,0.05
2016-07-10,273.1,0.000639,0.05
2016-07-11,273.19,0.000201,0.05
2016-07-12,274.19,0.000139,0.05
2016-07-13,275.4,0.000164,0.05
2016-07-14,275.54,0.000788,0.05
2016-07-15,275.82,0.003638,0.05
2016-07-16,273.87,0.002674,0.05
2016-07-17,273.39,0.002844,0.05
2016-07-18,273.94,0.005971,0.05
2016-07-19,272.33,0.002542,0.05
2016-07-20,267.52,1.9e-05,0.05
2016-07-21,272.94,7.3e-05,0.05
2016-07-22,271.88,0.000404,0.05
2016-07-23,267.79,2.3e-05,0.05
2016-07-24,270.51,1e-06,0.05
2016-07-25,269.97,6.1e-05,0.05
2016-07-26,271.73,6.7e-05,0.05
2016-07-27,273.56,0.00414,0.05
2016-07-28,273.77,0.001678,0.05
2016-07-29,272.99,0.000193,0.05
2016-07-30,272.83,0.000442,0.05
2016-07-31,273.53,0.000557,0.05
2016-08-01,272.63,3.5e-05,0.05
2016-08-02,270.72,0.000281,0.05
2016-08-03,272.7,0.000148,0.05
2016-08-04,270.16,3.5e-05,0.05
2016-08-05,272.13,8e-06,0.05
2016-08-06,273.52,1.7e-05,0.05
2016-08-07,274.6,0.000272,0.05
2016-08-08,275.51,0.001516,0.05
2016-08-09,275.68,0.000661,0.05
2016-08-10,274.98,0.001337,0.05
2016-08-11,274.88,0.000826,0.05
2016-08-12,273.95,0.000724,0.05
2016-08-13,273.59,0.002479,0.05
2016-08-14,270.94,0.000331,0.05
2016-08-15,272.0,0.002911,0.05
2016-08-16,271.48,0.000326,0.05
2016-08-17,271.18,0.00307,0.05
2016-08-18,271.47,0.000713,0.05
2016-08-19,271.13,0.001024,0.05
2016-08-20,270.92,0.001009,0.05
2016-08-21,270.68,0.00134,0.05
2016-08-22,270.93,0.003632,0.05
2016-08-23,270.72,0.000477,0.05
2016-08-24,269.23,0.000228,0.05
2016-08-25,270.4,0.00154,0.05
2016-08-26,271.54,0.001932,0.05
2016-08-27,272.62,0.009266,0.05
2016-08-28,271.94,0.005816,0.05
2016-08-29,271.22,0.000888,0.05
2016-08-30,271.91,0.002057,0.05
2016-08-31,271.1,0.001786,0.05
2016-09-01,271.04,0.004422,0.05
2016-09-02,269.61,0.002133,0.05
2016-09-03,269.61,6.2e-05,0.05
2016-09-04,268.76,1.2e-05,0.05
2016-09-05,269.86,3.1e-05,0.05
2016-09-06,270.73,0.002522,0.05
2016-09-07,270.3,0.000365,0.05
2016-09-08,264.93,5e-05,0.05
2016-09-09,268.25,4e-06,0.05
2016-09-10,269.25,4e-06,0.05
2016-09-11,268.24,0.000113,0.05
2016-09-12,267.94,0.005098,0.05
2016-09-13,267.57,0.000839,0.05
2016-09-14,267.13,0.000638,0.05
2016-09-15,266.5,0.000539,0.05
2016-09-16,265.39,0.000109,0.05
2016-09-17,262.71,3.5e-05,0.05
2016-09-18,264.23,1.8e-05,0.05
2016-09-19,262.07,1.8e-05,0.05
2016-09-20,265.34,9e-06,0.05
2016-09-21,264.13,0.000682,0.05
2016-09-22,266.49,0.000483,0.05
2016-09-23,261.37,3.3e-05,0.05
2016-09-24,264.42,8e-06,0.05
2016-09-25,259.08,8.6e-05,0.05
2016-09-26,260.59,1.7e-05,0.05
2016-09-27,263.33,1e-06,0.05
2016-09-28,260.49,8e-06,0.05
2016-09-29,259.13,2.4e-05,0.05
2016-09-30,261.05,4.9e-05,0.05
2016-10-01,261.13,2.4e-05,0.05
2016-10-02,262.66,0.00017,0.05
2016-10-03,264.31,0.000132,0.05
2016-10-04,262.12,0.000323,0.05
2016-10-05,266.14,0.001967,0.05
2016-10-06,266.23,0.001486,0.05
2016-10-07,265.15,0.001281,0.05
2016-10-08,264.03,0.000832,0.05
2016-10-09,261.78,0.001991,0.05
2016-10-10,258.76,4.6e-05,0.05
2016-10-11,260.75,6e-06,0.05
2016-10-12,263.99,1.7e-05,0.05
2016-10-13,257.23,0.000161,0.05
2016-10-14,258.8,0.000167,0.05
2016-10-15,256.41,3.2e-05,0.05
2016-10-16,262.61,7e-06,0.05
2016-10-17,256.06,3.7e-05,0.05
2016-10-18,255.89,0.000596,0.05
2016-10-19,262.38,0.002372,0.05
2016-10-20,262.36,0.002699,0.05
2016-10-21,262.63,0.001887,0.05
2016-10-22,262.16,0.002812,0.05
2016-10-23,260.89,0.000559,0.05
2016-10-24,260.03,0.001396,0.05
2016-10-25,259.94,0.002686,0.05
2016-10-26,258.81,0.001827,0.05
2016-10-27,254.02,0.000348,0.05
2016-10-28,254.02,1.7e-05,0.05
2016-10-29,257.8,1e-06,0.05
2016-10-30,258.43,0.00026,0.05
2016-10-31,253.06,6e-05,0.05
2016-11-01,250.97,2.5e-05,0.05
2016-11-02,256.89,0.0,0.05
2016-11-03,257.19,7.5e-05,0.05
2016-11-04,256.65,0.003595,0.05
2016-11-05,251.6,8.6e-05,0.05
2016-11-06,251.56,0.000177,0.05
2016-11-07,249.48,1.9e-05,0.05
2016-11-08,253.83,3e-06,0.05
2016-11-09,255.32,2e-06,0.05
2016-11-10,250.54,0.000638,0.05
2016-11-11,253.93,0.001682,0.05
2016-11-12,250.22,5.9e-05,0.05
2016-11-13,253.81,1e-06,0.05
2016-11-14,253.82,1.9e-05,0.05
2016-11-15,246.55,7.8e-05,0.05
2016-11-16,248.59,0.000204,0.05
2016-11-17,249.32,0.000118,0.05
2016-11-18,249.46,9.3e-05,0.05
2016-11-19,250.89,0.001668,0.05
2016-11-20,259.22,0.011084,0.05
2016-11-21,259.68,0.017242,0.05
2016-11-22,260.53,0.01119,0.05
2016-11-23,259.75,0.012474,0.05
2016-11-24,259.47,0.005361,0.05
2016-11-25,260.07,0.008487,0.05
2016-11-26,260.74,0.008821,0.05
2016-11-27,258.07,0.000783,0.05
2016-11-28,254.92,0.000324,0.05
2016-11-29,257.55,0.005241,0.05
2016-11-30,258.64,0.008333,0.05
2016-12-01,253.59,0.000154,0.05
2016-12-02,253.09,5e-06,0.05
2016-12-03,257.13,5e-06,0.05
2016-12-04,255.81,0.000166,0.05
2016-12-05,250.32,2.5e-05,0.05
2016-12-06,254.72,4e-06,0.05
2016-12-07,255.82,1e-06,0.05
2016-12-08,254.35,8.8e-05,0.05
2016-12-09,253.36,0.000965,0.05
2016-12-10,255.24,0.009548,0.05
2016-12-11,254.86,0.001444,0.05
2016-12-12,252.19,0.002123,0.05
2016-12-13,249.81,0.000471,0.05
2016-12-14,250.68,3e-06,0.05
2016-12-15,253.93,0.000347,0.05
2016-12-16,251.39,1.1e-05,0.05
2016-12-17,251.96,0.0,0.05
2016-12-18,251.26,0.000143,0.05
2016-12-19,250.81,0.000887,0.05
2016-12-20,249.16,2.3e-05,0.05
2016-12-21,253.47,2.4e-05,0.05
2016-12-22,254.28,8.3e-05,0.05
2016-12-23,253.12,0.005364,0.05
2016-12-24,251.38,0.001032,0.05
2016-12-25,248.94,5e-06,0.05
2016-12-26,249.95,0.0,0.05
2016-12-27,253.31,0.000171,0.05
2016-12-28,249.95,0.00069,0.05
2016-12-29,253.25,0.001899,0.05
2016-12-30,248.27,0.000115,0.05
2016-12-31,246.93,0.000118,0.05
2017-01-01,247.47,9.3e-05,0.05
2017-01-02,248.18,0.000187,0.05
2017-01-03,250.42,0.005576,0.05
2017-01-04,252.44,0.007431,0.05
2017-01-05,251.68,0.003493,0.05
2017-01-06,252.53,0.006713,0.05
2017-01-07,253.34,0.002989,0.05
2017-01-08,251.36,0.002208,0.05
2017-01-09,249.05,0.00051,0.05
2017-01-10,244.76,1e-06,0.05
2017-01-11,243.06,3e-06,0.05
2017-01-12,245.05,0.000271,0.05
2017-01-13,245.17,0.001536,0.05
2017-01-14,245.45,0.000991,0.05
2017-01-15,247.14,0.001036,0.05
2017-01-16,248.82,0.001515,0.05
2017-01-17,248.41,0.001089,0.05
2017-01-18,248.9,0.002526,0.05
2017-01-19,249.57,0.001144,0.05
2017-01-20,248.18,0.000534,0.05
2017-01-21,249.92,0.002993,0.05
2017-01-22,252.67,0.004522,0.05
2017-01-23,254.37,0.009009,0.05
2017-01-24,255.53,0.021373,0.05
2017-01-25,257.87,0.020791,0.05
2017-01-26,257.29,0.015718,0.05
2017-01-27,255.96,0.00409,0.05
2017-01-28,254.94,0.004228,0.05
2017-01-29,256.84,0.005373,0.05
2017-01-30,256.95,0.006677,0.05
2017-01-31,255.31,0.000738,0.05
2017-02-01,252.54,0.000165,0.05
2017-02-02,254.87,0.005087,0.05
2017-02-03,256.72,0.015585,0.05
2017-02-04,258.54,0.020299,0.05
2017-02-05,255.75,0.010013,0.05
2017-02-06,252.07,0.000378,0.05
2017-02-07,252.26,0.001735,0.05
2017-02-08,252.8,0.005727,0.05
2017-02-09,252.03,0.000124,0.05
2017-02-10,250.2,1e-05,0.05
2017-02-11,252.06,0.000464,0.05
2017-02-12,251.99,0.00026,0.05
2017-02-13,250.92,7e-06,0.05
2017-02-14,253.37,0.000821,0.05
2017-02-15,255.91,0.008833,0.05
2017-02-16,257.16,0.003912,0.05
2017-02-17,259.8,0.006607,0.05
2017-02-18,261.18,0.022734,0.05
2017-02-19,260.47,0.013215,0.05
2017-02-20,257.95,0.003075,0.05
2017-02-21,255.95,0.004321,0.05
2017-02-22,253.52,0.000493,0.05
2017-02-23,252.0,0.00023,0.05
2017-02-24,252.15,0.000817,0.05
2017-02-25,252.97,0.001451,0.05
2017-02-26,249.99,9e-06,0.05
2017-02-27,251.55,4.7e-05,0.05
2017-02-28,253.66,0.001943,0.05
2017-03-01,255.64,0.005328,0.05
2017-03-02,254.44,0.002391,0.05
2017-03-03,252.91,0.001798,0.05
2017-03-04,252.21,0.000661,0.05
2017-03-05,252.13,1.3e-05,0.05
2017-03-06,251.66,0.000564,0.05
2017-03-07,253.17,0.003606,0.05
2017-03-08,254.32,0.006409,0.05
2017-03-09,254.87,0.005371,0.05
2017-03-10,254.16,0.004164,0.05
2017-03-11,253.69,0.003499,0.05
2017-03-12,251.37,0.000618,0.05
2017-03-13,252.8,0.002022,0.05
2017-03-14,254.68,0.001327,0.05
2017-03-15,255.99,0.002898,0.05
2017-03-16,256.87,0.001948,0.05
2017-03-17,255.13,0.000296,0.05
2017-03-18,253.71,0.000143,0.05
2017-03-19,253.64,0.00038,0.05
2017-03-20,254.55,0.000455,0.05
2017-03-21,257.56,0.006853,0.05
2017-03-22,260.51,0.020108,0.05
2017-03-23,260.4,0.003066,0.05
2017-03-24,255.39,3.6e-05,0.05
2017-03-25,258.58,0.001191,0.05
2017-03-26,257.59,6.4e-05,0.05
2017-03-27,260.55,0.002413,0.05
2017-03-28,261.93,0.01248,0.05
2017-03-29,262.21,0.002115,0.05
2017-03-30,261.47,0.000554,0.05
2017-03-31,262.8,0.003866,0.05
2017-04-01,261.37,0.002411,0.05
2017-04-02,259.16,0.001102,0.05
2017-04-03,261.23,0.003342,0.05
2017-04-04,261.42,0.020002,0.05
2017-04-05,262.13,0.018486,0.05
2017-04-06,261.93,0.039806,0.05
2017-04-07,259.74,0.007917,0.05
2017-04-08,258.18,0.007212,0.05
2017-04-09,256.62,0.000179,0.05
2017-04-10,255.82,1e-06,0.05
2017-04-11,257.21,0.0,0.05
2017-04-12,257.9,2e-06,0.05
2017-04-13,258.77,0.000727,0.05
2017-04-14,253.13,3.2e-05,0.05
2017-04-15,258.89,2e-06,0.05
2017-04-16,262.25,0.0,0.05
2017-04-17,263.22,3e-06,0.05
2017-04-18,263.47,9.3e-05,0.05
2017-04-19,263.32,0.006621,0.05
2017-04-20,263.58,0.001596,0.05
2017-04-21,265.71,0.005482,0.05
2017-04-22,265.27,0.00889,0.05
2017-04-23,265.15,0.005806,0.05
2017-04-24,264.76,0.004856,0.05
2017-04-25,263.62,0.000468,0.05
2017-04-26,262.24,0.000143,0.05
2017-04-27,262.18,0.000636,0.05
2017-04-28,259.44,0.000121,0.05
2017-04-29,261.37,0.009721,0.05
2017-04-30,261.33,0.001296,0.05
2017-05-01,258.35,1e-05,0.05
2017-05-02,256.28,1.4e-05,0.05
2017-05-03,260.58,0.001905,0.05
2017-05-04,261.73,0.000346,0.05
2017-05-05,261.18,0.000694,0.05
2017-05-06,262.86,1.8e-05,0.05
2017-05-07,263.35,0.000383,0.05
2017-05-08,263.75,4.6e-05,0.05
2017-05-09,261.86,3.2e-05,0.05
2017-05-10,261.7,2.5e-05,0.05
2017-05-11,265.7,0.000127,0.05
2017-05-12,264.69,5e-05,0.05
2017-05-13,265.95,3.6e-05,0.05
2017-05-14,265.54,3.1e-05,0.05
2017-05-15,264.77,5.3e-05,0.05
2017-05-16,267.38,0.000378,0.05
2017-05-17,268.54,0.00549,0.05
2017-05-18,266.96,0.001734,0.05
2017-05-19,265.31,2.4e-05,0.05
2017-05-20,265.45,1.3e-05,0.05
2017-05-21,265.12,0.000112,0.05
2017-05-22,267.21,0.001512,0.05
2017-05-23,264.36,3.9e-05,0.05
2017-05-24,265.09,2.5e-05,0.05
2017-05-25,263.75,2.9e-05,0.05
2017-05-26,266.15,0.000178,0.05
2017-05-27,263.23,3e-05,0.05
2017-05-28,263.76,3.4e-05,0.05
2017-05-29,266.35,3.3e-05,0.05
2017-05-30,262.97,8.5e-05,0.05
2017-05-31,267.37,0.001723,0.05
2017-06-01,266.29,0.004772,0.05
2017-06-02,263.82,2.2e-05,0.05
2017-06-03,266.75,3e-06,0.05
2017-06-04,269.41,1e-06,0.05
2017-06-05,267.72,0.00065,0.05
2017-06-06,267.92,0.010248,0.05
2017-06-07,267.92,0.001664,0.05
2017-06-08,267.18,1e-06,0.05
2017-06-09,268.13,9e-06,0.05
2017-06-10,267.56,0.000106,0.05
2017-06-11,267.33,4.3e-05,0.05
2017-06-12,264.67,3e-05,0.05
2017-06-13,267.77,6.9e-05,0.05
2017-06-14,269.76,0.000349,0.05
2017-06-15,269.43,0.000225,0.05
2017-06-16,268.19,3e-05,0.05
2017-06-17,265.58,3.1e-05,0.05
2017-06-18,265.86,4.5e-05,0.05
2017-06-19,269.55,0.000448,0.05
2017-06-20,270.61,0.005091,0.05
2017-06-21,271.4,0.004765,0.05
2017-06-22,272.61,0.001463,0.05
2017-06-23,268.38,2.5e-05,0.05
2017-06-24,270.1,3e-06,0.05
2017-06-25,272.16,0.002107,0.05
2017-06-26,272.68,0.000551,0.05
2017-06-27,272.91,0.000553,0.05
2017-06-28,273.22,0.004654,0.05
2017-06-29,273.56,0.005415,0.05
2017-06-30,273.27,0.005574,0.05
2017-07-01,271.73,0.000411,0.05
2017-07-02,273.37,0.000823,0.05
2017-07-03,273.74,0.000257,0.05
2017-07-04,273.26,0.001683,0.05
2017-07-05,273.27,0.002499,0.05
2017-07-06,273.16,0.000664,0.05
2017-07-07,273.89,8.6e-05,0.05
2017-07-08,274.37,3.7e-05,0.05
2017-07-09,274.2,5.6e-05,0.05
2017-07-10,273.47,2.2e-05,0.05
2017-07-11,272.76,1.6e-05,0.05
2017-07-12,273.73,0.001113,0.05
2017-07-13,273.96,0.000536,0.05
2017-07-14,271.35,5.1e-05,0.05
2017-07-15,270.57,0.000128,0.05
2017-07-16,273.33,0.000137,0.05
2017-07-17,274.89,0.00069,0.05
2017-07-18,275.28,0.000961,0.05
2017-07-19,275.74,0.000748,0.05
2017-07-20,275.97,0.001203,0.05
2017-07-21,275.36,0.000336,0.05
2017-07-22,275.98,0.000952,0.05
2017-07-23,275.84,0.002843,0.05
2017-07-24,275.79,0.001427,0.05
2017-07-25,274.88,0.000778,0.05
2017-07-26,274.63,7.3e-05,0.05
2017-07-27,275.3,5.3e-05,0.05
2017-07-28,275.5,0.000103,0.05
2017-07-29,276.94,0.000616,0.05
2017-07-30,277.16,0.000464,0.05
2017-07-31,275.99,1.7e-05,0.05
2017-08-01,273.38,7e-06,0.05
2017-08-02,276.01,0.000129,0.05
2017-08-03,276.68,0.001514,0.05
2017-08-04,276.49,0.002803,0.05
2017-08-05,276.24,0.000984,0.05
2017-08-06,276.53,0.000139,0.05
2017-08-07,277.23,0.000313,0.05
2017-08-08,277.53,0.000642,0.05
2017-08-09,276.11,0.003848,0.05
2017-08-10,275.68,0.001093,0.05
2017-08-11,275.27,0.005894,0.05
2017-08-12,274.54,0.001059,0.05
2017-08-13,273.79,0.006041,0.05
2017-08-14,273.52,0.015269,0.05
2017-08-15,272.6,0.001325,0.05
2017-08-16,272.19,0.000961,0.05
2017-08-17,272.01,0.000539,0.05
2017-08-18,272.1,0.000664,0.05
2017-08-19,271.33,0.000715,0.05
2017-08-20,272.81,0.002534,0.05
2017-08-21,273.25,0.001261,0.05
2017-08-22,273.64,0.000685,0.05
2017-08-23,273.8,0.000575,0.05
2017-08-24,273.75,0.00414,0.05
2017-08-25,273.52,0.008039,0.05
2017-08-26,272.44,0.001346,0.05
2017-08-27,271.72,0.000405,0.05
2017-08-28,269.64,0.000149,0.05
2017-08-29,269.85,0.000305,0.05
2017-08-30,271.34,0.000547,0.05
2017-08-31,272.12,0.00228,0.05
2017-09-01,273.34,0.005604,0.05
2017-09-02,271.44,0.003566,0.05
2017-09-03,269.71,0.000221,0.05
2017-09-04,268.04,0.000104,0.05
2017-09-05,269.91,0.001365,0.05
2017-09-06,270.43,0.003939,0.05
2017-09-07,267.47,0.001987,0.05
2017-09-08,268.96,5e-06,0.05
2017-09-09,270.28,0.0,0.05
2017-09-10,270.55,0.001116,0.05
2017-09-11,268.61,0.006594,0.05
2017-09-12,267.18,0.00104,0.05
2017-09-13,266.61,0.000906,0.05
2017-09-14,266.96,0.002644,0.05
2017-09-15,266.57,0.002397,0.05
2017-09-16,264.92,0.000912,0.05
2017-09-17,265.95,0.000937,0.05
2017-09-18,265.14,0.000115,0.05
2017-09-19,263.64,5.9e-05,0.05
2017-09-20,264.84,0.00025,0.05
2017-09-21,266.29,0.002084,0.05
2017-09-22,267.41,0.00142,0.05
2017-09-23,267.61,0.000399,0.05
2017-09-24,268.83,0.000877,0.05
2017-09-25,268.32,0.000542,0.05
2017-09-26,265.82,0.00013,0.05
2017-09-27,266.36,0.000727,0.05
2017-09-28,267.32,0.001462,0.05
2017-09-29,266.84,0.002158,0.05
2017-09-30,267.22,0.000544,0.05
2017-10-01,265.08,0.002306,0.05
2017-10-02,264.33,0.000627,0.05
2017-10-03,263.68,0.000103,0.05
2017-10-04,265.73,0.000434,0.05
2017-10-05,265.94,0.001846,0.05
2017-10-06,265.86,0.00363,0.05
2017-10-07,264.99,0.00279,0.05
2017-10-08,264.0,0.000207,0.05
2017-10-09,262.35,3.6e-05,0.05
2017-10-10,261.19,5e-05,0.05
2017-10-11,261.96,0.000653,0.05
2017-10-12,261.84,0.000487,0.05
2017-10-13,262.92,0.000694,0.05
2017-10-14,261.63,0.002551,0.05
2017-10-15,260.15,0.00146,0.05
2017-10-16,258.03,0.000186,0.05
2017-10-17,258.72,5.7e-05,0.05
2017-10-18,259.03,4.9e-05,0.05
2017-10-19,259.33,0.000376,0.05
2017-10-20,258.11,0.000474,0.05
2017-10-21,257.2,1.9e-05,0.05
2017-10-22,259.9,0.001463,0.05
2017-10-23,259.43,0.001484,0.05
2017-10-24,258.44,0.000366,0.05
2017-10-25,257.24,1e-05,0.05
2017-10-26,259.57,0.0,0.05
2017-10-27,253.71,3e-05,0.05
2017-10-28,255.08,1.3e-05,0.05
2017-10-29,256.19,4e-06,0.05
2017-10-30,258.32,2e-06,0.05
2017-10-31,257.77,0.0,0.05
2017-11-01,258.33,1e-06,0.05
2017-11-02,258.07,0.0,0.05
2017-11-03,257.42,0.0,0.05
2017-11-04,257.4,5e-06,0.05
2017-11-05,251.09,2.6e-05,0.05
2017-11-06,251.73,4.7e-05,0.05
2017-11-07,253.6,4.9e-05,0.05
2017-11-08,257.12,0.001127,0.05
2017-11-09,257.6,0.000996,0.05
2017-11-10,257.18,0.000946,0.05
2017-11-11,256.5,0.000256,0.05
2017-11-12,254.85,0.000479,0.05
2017-11-13,255.17,0.000554,0.05
2017-11-14,256.87,0.00163,0.05
2017-11-15,255.83,0.003972,0.05
2017-11-16,255.14,0.00179,0.05
2017-11-17,254.16,0.001072,0.05
2017-11-18,254.5,0.002174,0.05
2017-11-19,248.84,8.7e-05,0.05
2017-11-20,249.95,1.6e-05,0.05
2017-11-21,248.87,3e-06,0.05
2017-11-22,248.62,0.0,0.05
2017-11-23,251.29,2e-06,0.05
2017-11-24,252.91,0.000147,0.05
2017-11-25,252.89,0.002725,0.05
2017-11-26,253.06,0.000508,0.05
2017-11-27,251.21,0.001182,0.05
2017-11-28,253.02,0.00103,0.05
2017-11-29,254.34,0.001298,0.05
2017-11-30,248.49,8.2e-05,0.05
2017-12-01,251.26,0.001565,0.05
2017-12-02,254.41,0.005227,0.05
2017-12-03,256.1,0.003972,0.05
2017-12-04,255.35,0.001766,0.05
2017-12-05,254.98,0.003341,0.05
2017-12-06,254.59,0.003902,0.05
2017-12-07,250.8,0.000245,0.05
2017-12-08,255.33,6.6e-05,0.05
2017-12-09,258.11,0.000196,0.05
2017-12-10,255.84,0.002019,0.05
2017-12-11,254.71,0.015612,0.05
2017-12-12,255.33,0.004252,0.05
2017-12-13,252.64,0.003529,0.05
2017-12-14,252.0,0.004337,0.05
2017-12-15,252.93,0.006493,0.05
2017-12-16,254.61,0.00527,0.05
2017-12-17,252.09,0.000595,0.05
2017-12-18,254.56,0.002312,0.05
2017-12-19,255.62,0.0049,0.05
2017-12-20,256.95,0.006591,0.05
2017-12-21,255.23,0.003977,0.05
2017-12-22,250.06,7.6e-05,0.05
2017-12-23,252.53,0.002659,0.05
2017-12-24,251.63,0.000967,0.05
2017-12-25,249.48,7e-06,0.05
2017-12-26,253.97,0.006494,0.05
2017-12-27,253.45,0.010025,0.05
2017-12-28,251.26,0.00046,0.05
2017-12-29,249.35,3e-06,0.05
2017-12-30,248.57,1e-06,0.05
2017-12-31,248.87,0.000117,0.05
2018-01-01,245.54,8e-06,0.05
2018-01-02,244.88,1e-06,0.05
2018-01-03,247.12,0.000154,0.05
2018-01-04,248.16,0.002261,0.05
2018-01-05,248.81,0.002027,0.05
2018-01-06,246.35,6.1e-05,0.05
2018-01-07,245.45,3.4e-05,0.05
2018-01-08,245.16,0.000188,0.05
2018-01-09,245.51,0.000278,0.05
2018-01-10,246.99,8e-06,0.05
2018-01-11,250.45,9.4e-05,0.05
2018-01-12,249.72,2e-06,0.05
2018-01-13,251.13,0.000281,0.05
2018-01-14,249.97,0.0016,0.05
2018-01-15,247.39,1.1e-05,0.05
2018-01-16,250.07,0.00047,0.05
2018-01-17,251.89,0.007158,0.05
2018-01-18,252.67,0.00189,0.05
2018-01-19,251.48,0.0003,0.05
2018-01-20,250.25,0.0,0.05
2018-01-21,252.16,0.0,0.05
2018-01-22,248.94,0.0,0.05
2018-01-23,247.8,0.000433,0.05
2018-01-24,247.1,1.9e-05,0.05
2018-01-25,246.86,0.00017,0.05
2018-01-26,246.07,0.000387,0.05
2018-01-27,248.4,0.002602,0.05
2018-01-28,251.18,0.006224,0.05
2018-01-29,253.39,0.010069,0.05
2018-01-30,255.15,0.004949,0.05
2018-01-31,255.84,0.010568,0.05
2018-02-01,256.08,0.003329,0.05
2018-02-02,253.38,0.001057,0.05
2018-02-03,252.31,0.00183,0.05
2018-02-04,248.86,5.8e-05,0.05
2018-02-05,247.8,0.000221,0.05
2018-02-06,248.04,0.000636,0.05
2018-02-07,249.24,0.00298,0.05
2018-02-08,251.47,0.000978,0.05
2018-02-09,248.26,2e-05,0.05
2018-02-10,249.06,0.000977,0.05
2018-02-11,250.0,0.001211,0.05
2018-02-12,251.94,0.005652,0.05
2018-02-13,253.15,0.001471,0.05
2018-02-14,252.83,0.000933,0.05
2018-02-15,255.82,0.004843,0.05
2018-02-16,255.47,0.002209,0.05
2018-02-17,250.83,0.000373,0.05
2018-02-18,250.04,0.000261,0.05
2018-02-19,250.64,9e-06,0.05
2018-02-20,253.46,0.000514,0.05
2018-02-21,254.05,0.00202,0.05
2018-02-22,252.14,0.000472,0.05
2018-02-23,253.19,0.000621,0.05
2018-02-24,255.74,0.010882,0.05
2018-02-25,254.33,0.000916,0.05
2018-02-26,254.68,0.002492,0.05
2018-02-27,258.23,0.004868,0.05
2018-02-28,259.07,0.003811,0.05
2018-03-01,259.73,0.007614,0.05
2018-03-02,259.7,0.011985,0.05
2018-03-03,258.75,0.009875,0.05
2018-03-04,257.57,0.002077,0.05
2018-03-05,256.49,0.000886,0.05
2018-03-06,254.46,5e-06,0.05
2018-03-07,254.62,0.0,0.05
2018-03-08,254.09,2e-06,0.05
2018-03-09,253.79,0.000548,0.05
2018-03-10,250.52,1.5e-05,0.05
2018-03-11,254.17,3e-06,0.05
2018-03-12,254.91,0.001176,0.05
2018-03-13,257.72,0.015234,0.05
2018-03-14,258.56,0.017505,0.05
2018-03-15,257.63,0.005733,0.05
2018-03-16,254.59,0.000136,0.05
2018-03-17,251.64,7e-06,0.05
2018-03-18,255.98,8e-06,0.05
2018-03-19,256.57,2e-06,0.05
2018-03-20,256.11,0.0,0.05
2018-03-21,257.46,0.000188,0.05
2018-03-22,255.41,0.000405,0.05
2018-03-23,254.0,0.001776,0.05
2018-03-24,256.2,0.000445,0.05
2018-03-25,256.02,2e-06,0.05
2018-03-26,258.92,1e-06,0.05
2018-03-27,259.42,0.006412,0.05
2018-03-28,256.54,0.001744,0.05
2018-03-29,252.79,6.2e-05,0.05
2018-03-30,256.02,8e-06,0.05
2018-03-31,259.43,1e-06,0.05
2018-04-01,261.01,0.0,0.05
2018-04-02,261.1,7.8e-05,0.05
2018-04-03,260.61,0.002724,0.05
2018-04-04,256.85,6.9e-05,0.05
2018-04-05,255.49,3.3e-05,0.05
2018-04-06,255.36,3.1e-05,0.05
2018-04-07,259.57,0.0,0.05
2018-04-08,261.37,0.001102,0.05
2018-04-09,262.03,0.007879,0.05
2018-04-10,262.97,0.010384,0.05
2018-04-11,262.51,0.011068,0.05
2018-04-12,260.42,0.003005,0.05
2018-04-13,257.77,2.1e-05,0.05
2018-04-14,259.28,1e-06,0.05
2018-04-15,260.56,3.6e-05,0.05
2018-04-16,261.36,0.003813,0.05
2018-04-17,262.39,0.005738,0.05
2018-04-18,262.29,0.008825,0.05
2018-04-19,261.7,0.008072,0.05
2018-04-20,262.29,0.016535,0.05
2018-04-21,261.3,0.000309,0.05
2018-04-22,257.19,3.3e-05,0.05
2018-04-23,258.06,9e-06,0.05
2018-04-24,260.89,1e-06,0.05
2018-04-25,262.05,2e-06,0.05
2018-04-26,261.87,1.6e-05,0.05
2018-04-27,261.73,3.5e-05,0.05
2018-04-28,256.28,0.000182,0.05
2018-04-29,258.28,8e-06,0.05
2018-04-30,260.41,0.0,0.05
2018-05-01,261.85,1e-06,0.05
2018-05-02,262.8,0.000859,0.05
2018-05-03,262.77,0.004938,0.05
2018-05-04,261.65,0.000226,0.05
2018-05-05,260.25,0.000516,0.05
2018-05-06,263.88,0.009436,0.05
2018-05-07,264.4,0.00911,0.05
2018-05-08,264.01,0.001455,0.05
2018-05-09,261.12,1e-05,0.05
2018-05-10,262.73,1e-06,0.05
2018-05-11,265.74,2e-06,0.05
2018-05-12,266.1,0.003277,0.05
2018-05-13,265.94,0.003297,0.05
2018-05-14,265.58,0.00381,0.05
2018-05-15,266.88,0.002412,0.05
2018-05-16,265.97,0.002737,0.05
2018-05-17,264.89,0.001736,0.05
2018-05-18,264.59,0.006365,0.05
2018-05-19,264.6,0.004244,0.05
2018-05-20,263.35,0.00068,0.05
2018-05-21,263.09,0.000229,0.05
2018-05-22,264.29,0.003045,0.05
2018-05-23,263.86,0.002272,0.05
2018-05-24,263.67,0.000217,0.05
2018-05-25,259.3,0.000131,0.05
2018-05-26,263.62,8e-06,0.05
2018-05-27,265.58,4e-06,0.05
2018-05-28,260.66,1.4e-05,0.05
2018-05-29,259.9,4.7e-05,0.05
2018-05-30,260.32,3.4e-05,0.05
2018-05-31,264.86,5e-06,0.05
2018-06-01,265.05,3e-06,0.05
2018-06-02,262.29,8e-06,0.05
2018-06-03,268.53,1e-06,0.05
2018-06-04,269.57,2e-06,0.05
2018-06-05,267.45,2e-06,0.05
2018-06-06,267.11,1e-06,0.05
2018-06-07,266.61,1e-06,0.05
2018-06-08,266.26,2e-06,0.05
2018-06-09,267.12,6.7e-05,0.05
2018-06-10,267.43,0.00198,0.05
2018-06-11,267.95,0.000215,0.05
2018-06-12,267.06,3e-05,0.05
2018-06-13,266.07,1.1e-05,0.05
2018-06-14,267.03,7e-06,0.05
2018-06-15,268.38,0.003362,0.05
2018-06-16,268.68,0.00291,0.05
2018-06-17,265.91,0.000144,0.05
2018-06-18,266.96,8e-06,0.05
2018-06-19,268.37,0.000261,0.05
2018-06-20,267.93,0.000812,0.05
2018-06-21,268.34,0.002253,0.05
2018-06-22,268.55,0.002733,0.05
2018-06-23,269.56,0.00323,0.05
2018-06-24,269.69,0.001299,0.05
2018-06-25,269.5,0.000285,0.05
2018-06-26,270.22,0.000679,0.05
2018-06-27,269.98,0.003242,0.05
2018-06-28,271.05,0.010519,0.05
2018-06-29,271.85,0.0152,0.05
2018-06-30,272.42,0.001456,0.05
2018-07-01,272.81,0.000158,0.05
2018-07-02,270.01,3e-05,0.05
2018-07-03,271.47,0.000518,0.05
2018-07-04,270.83,0.006961,0.05
2018-07-05,270.45,0.003105,0.05
2018-07-06,269.87,8.6e-05,0.05
2018-07-07,269.89,2.6e-05,0.05
2018-07-08,269.09,1.5e-05,0.05
2018-07-09,271.41,2.4e-05,0.05
2018-07-10,270.52,5.4e-05,0.05
2018-07-11,271.07,3.1e-05,0.05
2018-07-12,270.39,1.3e-05,0.05
2018-07-13,269.81,3.6e-05,0.05
2018-07-14,267.75,1.4e-05,0.05
2018-07-15,267.37,5e-06,0.05
2018-07-16,270.45,3e-06,0.05
2018-07-17,270.35,0.000106,0.05
2018-07-18,271.36,0.000157,0.05
2018-07-19,273.6,0.000172,0.05
2018-07-20,272.27,0.000163,0.05
2018-07-21,275.26,0.000132,0.05
2018-07-22,273.54,0.000145,0.05
2018-07-23,275.67,0.005752,0.05
2018-07-24,275.88,0.001562,0.05
2018-07-25,276.22,0.000328,0.05
2018-07-26,276.11,0.005541,0.05
2018-07-27,275.74,0.007834,0.05
2018-07-28,274.71,0.002665,0.05
2018-07-29,274.26,0.001303,0.05
2018-07-30,273.98,0.000792,0.05
2018-07-31,272.69,0.000708,0.05
2018-08-01,273.75,0.000708,0.05
2018-08-02,274.06,0.001384,0.05
2018-08-03,274.38,0.000188,0.05
2018-08-04,273.73,1.8e-05,0.05
2018-08-05,275.41,4.5e-05,0.05
2018-08-06,276.07,0.000127,0.05
2018-08-07,275.36,8e-05,0.05
2018-08-08,275.57,0.001598,0.05
2018-08-09,275.47,0.007985,0.05
2018-08-10,276.26,0.000476,0.05
2018-08-11,276.54,2.2e-05,0.05
2018-08-12,275.8,0.000151,0.05
2018-08-13,275.41,0.006498,0.05
2018-08-14,274.73,0.000648,0.05
2018-08-15,274.43,4.6e-05,0.05
2018-08-16,274.97,0.000225,0.05
2018-08-17,275.65,0.001325,0.05
2018-08-18,276.01,0.004654,0.05
2018-08-19,276.22,0.000259,0.05
2018-08-20,275.82,0.000189,0.05
2018-08-21,275.83,0.000305,0.05
2018-08-22,276.41,0.000973,0.05
2018-08-23,276.08,0.001451,0.05
2018-08-24,275.88,0.002236,0.05
2018-08-25,275.3,0.005884,0.05
2018-08-26,274.12,0.004641,0.05
2018-08-27,274.13,0.003909,0.05
2018-08-28,274.78,0.000385,0.05
2018-08-29,274.75,0.000167,0.05
2018-08-30,274.58,0.000664,0.05
2018-08-31,274.13,0.000956,0.05
2018-09-01,273.68,0.000156,0.05
2018-09-02,273.01,0.000997,0.05
2018-09-03,272.61,0.001909,0.05
2018-09-04,272.35,0.000267,0.05
2018-09-05,271.34,0.001169,0.05
2018-09-06,271.72,0.001571,0.05
2018-09-07,271.51,0.002624,0.05
2018-09-08,271.08,0.000555,0.05
2018-09-09,270.66,0.000872,0.05
2018-09-10,271.33,0.00045,0.05
2018-09-11,270.53,0.000102,0.05
2018-09-12,270.1,0.000333,0.05
2018-09-13,269.1,0.001201,0.05
2018-09-14,267.51,0.006317,0.05
2018-09-15,265.45,0.008357,0.05
2018-09-16,265.25,0.001164,0.05
2018-09-17,260.67,2.4e-05,0.05
2018-09-18,264.26,1e-06,0.05
2018-09-19,264.83,1e-06,0.05
2018-09-20,265.09,0.0,0.05
2018-09-21,265.08,1e-06,0.05
2018-09-22,264.49,0.000121,0.05
2018-09-23,263.47,0.000963,0.05
2018-09-24,263.35,0.000442,0.05
2018-09-25,265.15,0.00234,0.05
2018-09-26,264.83,0.000572,0.05
2018-09-27,263.7,0.000251,0.05
2018-09-28,263.69,0.000249,0.05
2018-09-29,265.75,0.000831,0.05
2018-09-30,265.37,0.001081,0.05
2018-10-01,262.38,0.000183,0.05
2018-10-02,263.7,0.000345,0.05
2018-10-03,263.73,0.00094,0.05
2018-10-04,262.85,0.001989,0.05
2018-10-05,263.5,0.003177,0.05
2018-10-06,262.42,0.000839,0.05
2018-10-07,259.24,5e-05,0.05
2018-10-08,260.09,0.002123,0.05
2018-10-09,261.66,0.004602,0.05
2018-10-10,260.75,0.003618,0.05
2018-10-11,260.94,0.001843,0.05
2018-10-12,259.26,0.000962,0.05
2018-10-13,259.26,0.000511,0.05
2018-10-14,258.57,0.001705,0.05
2018-10-15,260.13,0.006123,0.05
2018-10-16,261.34,0.023285,0.05
2018-10-17,259.7,0.00431,0.05
2018-10-18,258.13,0.000679,0.05
2018-10-19,256.41,0.000196,0.05
2018-10-20,253.63,1.4e-05,0.05
2018-10-21,254.21,3e-06,0.05
2018-10-22,253.61,0.0,0.05
2018-10-23,253.47,1e-06,0.05
2018-10-24,253.68,7e-06,0.05
2018-10-25,253.7,1e-06,0.05
2018-10-26,253.92,0.0,0.05
2018-10-27,253.52,1e-06,0.05
2018-10-28,254.91,0.0,0.05
2018-10-29,254.9,1e-06,0.05
2018-10-30,257.27,1e-06,0.05
2018-10-31,258.5,0.001859,0.05
2018-11-01,258.54,0.020058,0.05
2018-11-02,257.95,0.003313,0.05
2018-11-03,256.5,0.006047,0.05
2018-11-04,256.07,0.000738,0.05
2018-11-05,251.71,0.000201,0.05
2018-11-06,250.99,1e-06,0.05
2018-11-07,255.77,6.8e-05,0.05
2018-11-08,255.51,0.00338,0.05
2018-11-09,257.18,0.00325,0.05
2018-11-10,257.97,0.005333,0.05
2018-11-11,257.97,0.002148,0.05
2018-11-12,257.69,0.00668,0.05
2018-11-13,257.58,0.002856,0.05
2018-11-14,257.02,0.006812,0.05
2018-11-15,255.76,0.001106,0.05
2018-11-16,249.78,3.4e-05,0.05
2018-11-17,250.03,0.000101,0.05
2018-11-18,253.25,0.00108,0.05
2018-11-19,254.47,0.00289,0.05
2018-11-20,252.49,0.000334,0.05
2018-11-21,251.14,0.000241,0.05
2018-11-22,254.54,0.002272,0.05
2018-11-23,250.42,3.1e-05,0.05
2018-11-24,256.0,0.000181,0.05
2018-11-25,253.54,0.001054,0.05
2018-11-26,250.27,3.4e-05,0.05
2018-11-27,255.73,0.003572,0.05
2018-11-28,257.42,0.005058,0.05
2018-11-29,251.82,0.000173,0.05
2018-11-30,251.01,4e-06,0.05
2018-12-01,252.63,5e-06,0.05
2018-12-02,249.32,1e-06,0.05
2018-12-03,249.66,0.0,0.05
2018-12-04,250.95,2e-06,0.05
2018-12-05,250.99,0.002466,0.05
2018-12-06,248.6,0.001115,0.05
2018-12-07,248.97,1.4e-05,0.05
2018-12-08,251.05,0.002099,0.05
2018-12-09,252.22,0.003946,0.05
2018-12-10,253.08,0.006813,0.05
2018-12-11,252.66,0.003078,0.05
2018-12-12,251.8,0.000757,0.05
2018-12-13,249.5,9.4e-05,0.05
2018-12-14,246.54,2e-06,0.05
2018-12-15,247.18,1e-06,0.05
2018-12-16,248.91,1e-06,0.05
2018-12-17,248.69,3e-06,0.05
2018-12-18,248.98,0.000421,0.05
2018-12-19,247.32,0.001031,0.05
2018-12-20,248.04,0.001338,0.05
2018-12-21,246.9,1.2e-05,0.05
2018-12-22,247.99,1e-06,0.05
2018-12-23,248.09,0.001652,0.05
2018-12-24,246.99,0.000392,0.05
2018-12-25,246.13,7e-06,0.05
2018-12-26,246.31,0.000195,0.05
2018-12-27,244.53,0.000122,0.05
2018-12-28,243.85,3e-06,0.05
2018-12-29,247.45,0.000234,0.05
2018-12-30,248.89,0.001768,0.05
2018-12-31,246.93,0.000149,0.05
2019-01-01,248.11,0.001947,0.05
2019-01-02,249.26,0.0044,0.05
2019-01-03,246.23,0.000129,0.05
2019-01-04,248.21,0.005095,0.05
2019-01-05,249.97,0.004837,0.05
2019-01-06,249.21,0.00023,0.05
2019-01-07,246.37,6.9e-05,0.05
2019-01-08,248.17,0.001318,0.05
2019-01-09,245.75,8.7e-05,0.05
2019-01-10,248.61,0.003728,0.05
2019-01-11,250.69,0.004165,0.05
2019-01-12,250.33,0.008488,0.05
2019-01-13,248.83,0.002137,0.05
2019-01-14,244.73,1e-06,0.05
2019-01-15,250.32,0.001036,0.05
2019-01-16,251.12,0.010404,0.05
2019-01-17,249.06,0.000332,0.05
2019-01-18,248.76,0.000164,0.05
2019-01-19,250.12,0.00229,0.05
2019-01-20,253.51,0.009983,0.05
2019-01-21,254.31,0.011559,0.05
2019-01-22,253.93,0.006052,0.05
2019-01-23,251.89,0.001425,0.05
2019-01-24,251.25,0.001718,0.05
2019-01-25,250.28,0.000856,0.05
2019-01-26,248.58,0.000404,0.05
2019-01-27,245.18,9e-06,0.05
2019-01-28,243.3,0.0,0.05
2019-01-29,245.03,5.2e-05,0.05
2019-01-30,248.78,0.001071,0.05
2019-01-31,251.42,0.003099,0.05
2019-02-01,250.83,0.001072,0.05
2019-02-02,251.07,0.001635,0.05
2019-02-03,250.57,0.000592,0.05
2019-02-04,252.83,0.005453,0.05
2019-02-05,254.04,0.0105,0.05
2019-02-06,253.41,0.011196,0.05
2019-02-07,254.49,0.009646,0.05
2019-02-08,252.34,0.001724,0.05
2019-02-09,249.61,0.000138,0.05
2019-02-10,251.35,0.000368,0.05
2019-02-11,252.98,0.001243,0.05
2019-02-12,254.46,0.002923,0.05
2019-02-13,256.31,0.007509,0.05
2019-02-14,257.24,0.011135,0.05
2019-02-15,255.74,0.003032,0.05
2019-02-16,251.6,0.000293,0.05
2019-02-17,252.52,0.004629,0.05
2019-02-18,253.31,0.005323,0.05
2019-02-19,253.5,0.003932,0.05
2019-02-20,254.51,0.012803,0.05
2019-02-21,256.26,0.010226,0.05
2019-02-22,256.25,0.002453,0.05
2019-02-23,254.31,0.001436,0.05
2019-02-24,254.29,0.002653,0.05
2019-02-25,252.86,0.001103,0.05
2019-02-26,252.86,0.001648,0.05
2019-02-27,251.75,0.000421,0.05
2019-02-28,249.38,0.000109,0.05
2019-03-01,252.06,0.002706,0.05
2019-03-02,255.33,0.009028,0.05
2019-03-03,256.93,0.002714,0.05
2019-03-04,255.71,0.003054,0.05
2019-03-05,254.8,0.001008,0.05
2019-03-06,253.49,0.000403,0.05
2019-03-07,253.64,0.001628,0.05
2019-03-08,253.39,0.000524,0.05
2019-03-09,252.23,0.000173,0.05
2019-03-10,251.91,0.000445,0.05
2019-03-11,254.4,0.006279,0.05
2019-03-12,253.48,0.000547,0.05
2019-03-13,253.26,0.002801,0.05
2019-03-14,255.29,0.0016,0.05
2019-03-15,252.43,6.7e-05,0.05
2019-03-16,252.38,3e-06,0.05
2019-03-17,255.28,0.000177,0.05
2019-03-18,253.72,0.000546,0.05
2019-03-19,256.93,0.003715,0.05
2019-03-20,258.1,0.008332,0.05
2019-03-21,257.79,0.002095,0.05
2019-03-22,255.38,0.000634,0.05
2019-03-23,256.89,0.002188,0.05
2019-03-24,258.14,0.001077,0.05
2019-03-25,256.14,0.000162,0.05
2019-03-26,255.52,1e-05,0.05
2019-03-27,259.12,0.000218,0.05
2019-03-28,258.26,0.002508,0.05
2019-03-29,259.09,0.00725,0.05
2019-03-30,259.99,0.008258,0.05
2019-03-31,256.24,6.3e-05,0.05
2019-04-01,254.2,2.6e-05,0.05
2019-04-02,258.13,2e-06,0.05
2019-04-03,259.77,7e-06,0.05
2019-04-04,261.39,2e-06,0.05
2019-04-05,260.93,6.5e-05,0.05
2019-04-06,257.94,0.000485,0.05
2019-04-07,255.96,0.000176,0.05
2019-04-08,259.07,0.000267,0.05
2019-04-09,259.16,1.5e-05,0.05
2019-04-10,260.31,0.001558,0.05
2019-04-11,262.01,0.00755,0.05
2019-04-12,263.67,0.010285,0.05
2019-04-13,263.81,0.004941,0.05
2019-04-14,264.12,0.002033,0.05
2019-04-15,263.79,0.000245,0.05
2019-04-16,264.2,0.007453,0.05
2019-04-17,265.36,0.003327,0.05
2019-04-18,264.52,0.000982,0.05
2019-04-19,262.74,2e-05,0.05
2019-04-20,263.71,0.0,0.05
2019-04-21,263.49,2e-06,0.05
2019-04-22,261.57,6e-06,0.05
2019-04-23,262.45,0.003335,0.05
2019-04-24,264.19,0.012414,0.05
2019-04-25,265.11,0.004408,0.05
2019-04-26,264.29,0.001392,0.05
2019-04-27,263.81,0.002357,0.05
2019-04-28,262.48,0.000533,0.05
2019-04-29,263.15,0.003486,0.05
2019-04-30,263.96,0.007685,0.05
2019-05-01,262.72,0.0016,0.05
2019-05-02,263.08,0.009389,0.05
2019-05-03,262.07,0.004211,0.05
2019-05-04,259.44,0.000149,0.05
2019-05-05,258.4,1e-05,0.05
2019-05-06,258.89,1e-06,0.05
2019-05-07,259.68,0.0,0.05
2019-05-08,259.46,1e-06,0.05
2019-05-09,260.49,1e-06,0.05
2019-05-10,262.4,0.00306,0.05
2019-05-11,261.98,0.002267,0.05
2019-05-12,260.79,0.000193,0.05
2019-05-13,261.32,1.8e-05,0.05
2019-05-14,259.62,2.7e-05,0.05
2019-05-15,261.15,1e-05,0.05
2019-05-16,264.38,0.003204,0.05
2019-05-17,265.75,0.002443,0.05
2019-05-18,265.14,0.004545,0.05
2019-05-19,265.27,0.001649,0.05
2019-05-20,264.1,0.002306,0.05
2019-05-21,260.13,1.9e-05,0.05
2019-05-22,264.36,3e-06,0.05
2019-05-23,265.91,0.001505,0.05
2019-05-24,265.88,0.007002,0.05
2019-05-25,265.11,0.000566,0.05
2019-05-26,263.89,0.001574,0.05
2019-05-27,264.06,0.001139,0.05
2019-05-28,259.83,2.7e-05,0.05
2019-05-29,262.61,6e-06,0.05
2019-05-30,264.28,1e-06,0.05
2019-05-31,265.18,2e-06,0.05
2019-06-01,265.92,5e-06,0.05
2019-06-02,266.07,7.4e-05,0.05
2019-06-03,265.62,0.002519,0.05
2019-06-04,265.87,0.002681,0.05
2019-06-05,265.7,0.004865,0.05
2019-06-06,266.36,0.008599,0.05
2019-06-07,265.48,0.00245,0.05
2019-06-08,264.98,0.000438,0.05
2019-06-09,263.87,2.9e-05,0.05
2019-06-10,266.19,0.001663,0.05
2019-06-11,266.99,0.021546,0.05
2019-06-12,266.0,0.014215,0.05
2019-06-13,264.46,0.00028,0.05
2019-06-14,264.9,8e-06,0.05
2019-06-15,266.95,0.002006,0.05
2019-06-16,263.24,0.000154,0.05
2019-06-17,263.21,1.3e-05,0.05
2019-06-18,261.45,3e-05,0.05
2019-06-19,261.99,2.3e-05,0.05
2019-06-20,266.07,9e-06,0.05
2019-06-21,265.65,0.000378,0.05
2019-06-22,264.62,6.8e-05,0.05
2019-06-23,265.26,0.000376,0.05
2019-06-24,267.98,0.006325,0.05
2019-06-25,267.89,0.000314,0.05
2019-06-26,265.96,1.7e-05,0.05
2019-06-27,263.45,1.9e-05,0.05
2019-06-28,263.66,1.3e-05,0.05
2019-06-29,266.29,7e-06,0.05
2019-06-30,268.93,8e-06,0.05
2019-07-01,267.16,4.1e-05,0.05
2019-07-02,264.38,3.6e-05,0.05
2019-07-03,265.79,2.4e-05,0.05
2019-07-04,269.99,1e-05,0.05
2019-07-05,268.83,3.4e-05,0.05
2019-07-06,269.18,2.1e-05,0.05
2019-07-07,268.94,9e-06,0.05
2019-07-08,269.96,4.2e-05,0.05
2019-07-09,267.5,2.2e-05,0.05
2019-07-10,270.61,7e-06,0.05
2019-07-11,271.89,2.6e-05,0.05
2019-07-12,270.31,1.6e-05,0.05
2019-07-13,268.02,2.7e-05,0.05
2019-07-14,270.02,3.4e-05,0.05
2019-07-15,271.35,2.4e-05,0.05
2019-07-16,269.71,2.2e-05,0.05
2019-07-17,268.4,2.1e-05,0.05
2019-07-18,268.54,3.7e-05,0.05
2019-07-19,270.93,3.9e-05,0.05
2019-07-20,269.48,2.5e-05,0.05
2019-07-21,268.85,1.8e-05,0.05
2019-07-22,268.38,3.7e-05,0.05
2019-07-23,266.72,5.5e-05,0.05
2019-07-24,268.47,5.1e-05,0.05
2019-07-25,270.37,2.1e-05,0.05
2019-07-26,272.2,0.000126,0.05
2019-07-27,273.72,0.004143,0.05
2019-07-28,274.42,0.003334,0.05
2019-07-29,274.32,0.000265,0.05
2019-07-30,275.05,6.7e-05,0.05
2019-07-31,274.81,1.5e-05,0.05
2019-08-01,273.74,1.1e-05,0.05
2019-08-02,272.19,2.8e-05,0.05
2019-08-03,273.95,5.4e-05,0.05
2019-08-04,274.75,1e-05,0.05
2019-08-05,273.96,5.5e-05,0.05
2019-08-06,274.13,5.3e-05,0.05
2019-08-07,274.38,3.7e-05,0.05
2019-08-08,274.47,0.00012,0.05
2019-08-09,275.17,0.000128,0.05
2019-08-10,275.56,0.003382,0.05
2019-08-11,276.09,0.003076,0.05
2019-08-12,274.26,0.000237,0.05
2019-08-13,276.11,0.000616,0.05
2019-08-14,276.34,0.007167,0.05
2019-08-15,275.94,0.002038,0.05
2019-08-16,274.87,0.002827,0.05
2019-08-17,274.1,0.006632,0.05
2019-08-18,273.23,0.001902,0.05
2019-08-19,271.79,0.002888,0.05
2019-08-20,270.1,0.003119,0.05
2019-08-21,268.38,0.000112,0.05
2019-08-22,268.23,4.9e-05,0.05
2019-08-23,269.64,0.000144,0.05
2019-08-24,270.01,0.000613,0.05
2019-08-25,271.35,0.000458,0.05
2019-08-26,271.74,0.000629,0.05
2019-08-27,272.13,0.000672,0.05
2019-08-28,273.11,0.001341,0.05
2019-08-29,273.7,0.001083,0.05
2019-08-30,273.68,0.005938,0.05
2019-08-31,273.96,0.009181,0.05
2019-09-01,274.44,0.000468,0.05
2019-09-02,274.13,0.000754,0.05
2019-09-03,274.4,0.000411,0.05
2019-09-04,273.27,0.000334,0.05
2019-09-05,271.85,0.000212,0.05
2019-09-06,271.51,0.000624,0.05
2019-09-07,273.34,0.00118,0.05
2019-09-08,271.95,0.000237,0.05
2019-09-09,268.32,0.000229,0.05
2019-09-10,270.42,0.000621,0.05
2019-09-11,270.81,0.000899,0.05
2019-09-12,269.49,0.001449,0.05
2019-09-13,270.37,0.000595,0.05
2019-09-14,271.17,0.000813,0.05
2019-09-15,270.63,0.001055,0.05
2019-09-16,268.45,0.001791,0.05
2019-09-17,266.86,0.00094,0.05
2019-09-18,265.8,3e-06,0.05
2019-09-19,268.44,0.0,0.05
2019-09-20,265.77,0.000114,0.05
2019-09-21,263.35,0.000168,0.05
2019-09-22,266.12,2.8e-05,0.05
2019-09-23,265.08,8e-06,0.05
2019-09-24,267.07,2e-06,0.05
2019-09-25,267.98,1e-06,0.05
2019-09-26,263.24,5.9e-05,0.05
2019-09-27,266.35,6e-06,0.05
2019-09-28,267.25,1e-06,0.05
2019-09-29,267.19,0.000144,0.05
2019-09-30,264.77,0.001614,0.05
2019-10-01,264.74,0.002466,0.05
2019-10-02,263.86,0.000633,0.05
2019-10-03,263.26,0.003215,0.05
2019-10-04,264.22,0.005597,0.05
2019-10-05,261.26,0.00024,0.05
2019-10-06,262.3,0.004315,0.05
2019-10-07,264.13,0.008053,0.05
2019-10-08,260.81,0.000219,0.05
2019-10-09,256.13,5.1e-05,0.05
2019-10-10,255.84,1.2e-05,0.05
2019-10-11,258.65,3e-06,0.05
2019-10-12,258.79,2e-06,0.05
2019-10-13,258.96,-0.0,0.05
2019-10-14,258.49,0.0,0.05
2019-10-15,258.16,-0.0,0.05
2019-10-16,258.33,1e-06,0.05
2019-10-17,259.3,0.000342,0.05
2019-10-18,258.53,0.002517,0.05
2019-10-19,255.91,0.000602,0.05
2019-10-20,252.42,7.6e-05,0.05
2019-10-21,255.02,0.000385,0.05
2019-10-22,257.65,0.003579,0.05
2019-10-23,258.61,0.002686,0.05
2019-10-24,256.96,0.000547,0.05
2019-10-25,253.3,0.000212,0.05
2019-10-26,251.47,7.9e-05,0.05
2019-10-27,253.46,5.6e-05,0.05
2019-10-28,256.01,0.000298,0.05
2019-10-29,253.69,6.1e-05,0.05
2019-10-30,252.94,6.2e-05,0.05
2019-10-31,252.69,8e-05,0.05
2019-11-01,255.37,0.000608,0.05
2019-11-02,257.6,0.001464,0.05
2019-11-03,256.28,0.000589,0.05
2019-11-04,251.67,0.000124,0.05
2019-11-05,255.38,0.003723,0.05
2019-11-06,259.67,0.015741,0.05
2019-11-07,259.71,0.006331,0.05
2019-11-08,255.48,0.002007,0.05
2019-11-09,249.64,3.2e-05,0.05
2019-11-10,252.49,6e-06,0.05
2019-11-11,249.44,6.9e-05,0.05
2019-11-12,253.87,0.002436,0.05
2019-11-13,256.0,0.00398,0.05
2019-11-14,258.74,0.013477,0.05
2019-11-15,259.91,0.012118,0.05
2019-11-16,260.03,0.007632,0.05
2019-11-17,257.01,0.000176,0.05
2019-11-18,250.75,4e-05,0.05
2019-11-19,254.76,0.000524,0.05
2019-11-20,256.73,0.003314,0.05
2019-11-21,258.41,0.014697,0.05
2019-11-22,259.86,0.020106,0.05
2019-11-23,259.7,0.002094,0.05
2019-11-24,257.12,0.001958,0.05
2019-11-25,256.55,0.00484,0.05
2019-11-26,256.45,0.008658,0.05
2019-11-27,256.25,0.010546,0.05
2019-11-28,256.13,0.002935,0.05
2019-11-29,254.13,0.00119,0.05
2019-11-30,251.62,6.1e-05,0.05
2019-12-01,251.54,1.2e-05,0.05
2019-12-02,249.26,2e-06,0.05
2019-12-03,248.83,2e-06,0.05
2019-12-04,252.15,-0.0,0.05
2019-12-05,251.56,0.0,0.05
2019-12-06,249.83,0.0,0.05
2019-12-07,249.38,0.0,0.05
2019-12-08,249.36,0.0,0.05
2019-12-09,251.38,7.8e-05,0.05
2019-12-10,250.74,0.002486,0.05
2019-12-11,250.99,0.005384,0.05
2019-12-12,251.67,0.004286,0.05
2019-12-13,253.27,0.007981,0.05
2019-12-14,253.0,0.002264,0.05
2019-12-15,251.31,0.001309,0.05
2019-12-16,247.14,3.7e-05,0.05
2019-12-17,246.49,1e-06,0.05
2019-12-18,250.1,0.002114,0.05
2019-12-19,250.71,0.005379,0.05
2019-12-20,250.69,0.001187,0.05
2019-12-21,251.61,0.001682,0.05
2019-12-22,248.84,0.000421,0.05
2019-12-23,248.62,4.1e-05,0.05
2019-12-24,248.12,0.000454,0.05
2019-12-25,245.82,7e-06,0.05
2019-12-26,244.0,0.0,0.05
2019-12-27,247.55,0.0,0.05
2019-12-28,249.43,1e-06,0.05
2019-12-29,248.98,2e-06,0.05
2019-12-30,247.96,0.000831,0.05
2019-12-31,248.04,0.00555,0.05
2020-01-01,249.81,0.001944,0.05
2020-01-02,248.45,0.000565,0.05
2020-01-03,249.88,0.003145,0.05
2020-01-04,250.33,0.002428,0.05
2020-01-05,248.96,0.001448,0.05
2020-01-06,252.25,0.007317,0.05
2020-01-07,253.37,0.004447,0.05
2020-01-08,251.32,0.001286,0.05
2020-01-09,246.59,5e-06,0.05
2020-01-10,247.0,1e-06,0.05
2020-01-11,249.71,0.002744,0.05
2020-01-12,254.32,0.016073,0.05
2020-01-13,256.27,0.020834,0.05
2020-01-14,252.56,0.001362,0.05
2020-01-15,252.62,0.002586,0.05
2020-01-16,250.69,0.000196,0.05
2020-01-17,248.79,7.6e-05,0.05
2020-01-18,247.31,4.9e-05,0.05
2020-01-19,245.16,0.000144,0.05
2020-01-20,247.96,0.001441,0.05
2020-01-21,250.32,0.003854,0.05
2020-01-22,249.98,0.001144,0.05
2020-01-23,245.83,1.4e-05,0.05
2020-01-24,249.41,0.0038,0.05
2020-01-25,252.54,0.002967,0.05
2020-01-26,251.2,0.000713,0.05
2020-01-27,250.66,0.00089,0.05
2020-01-28,251.51,0.001998,0.05
2020-01-29,252.24,0.001583,0.05
2020-01-30,247.62,4e-06,0.05
2020-01-31,247.37,0.000112,0.05
2020-02-01,246.73,9e-06,0.05
2020-02-02,246.74,0.0,0.05
2020-02-03,247.38,9.7e-05,0.05
2020-02-04,248.46,0.001097,0.05
2020-02-05,248.01,0.000263,0.05
2020-02-06,248.95,0.000163,0.05
2020-02-07,246.74,7e-06,0.05
2020-02-08,246.74,1e-06,0.05
2020-02-09,250.21,1e-06,0.05
2020-02-10,250.21,0.000143,0.05
2020-02-11,252.28,0.00573,0.05
2020-02-12,255.88,0.010399,0.05
2020-02-13,259.11,0.008313,0.05
2020-02-14,256.12,0.000949,0.05
2020-02-15,252.56,3.7e-05,0.05
2020-02-16,252.78,1.3e-05,0.05
2020-02-17,251.51,1e-06,0.05
2020-02-18,253.56,0.003087,0.05
2020-02-19,254.56,0.00452,0.05
2020-02-20,253.54,3e-06,0.05
2020-02-21,252.58,1e-06,0.05
2020-02-22,252.11,1e-06,0.05
2020-02-23,250.66,1e-06,0.05
2020-02-24,251.14,3e-06,0.05
2020-02-25,250.05,1e-06,0.05
2020-02-26,250.36,1e-06,0.05
2020-02-27,254.47,0.00103,0.05
2020-02-28,254.02,0.001743,0.05
2020-02-29,253.12,0.000225,0.05
2020-03-01,252.07,8.1e-05,0.05
2020-03-02,251.31,1.3e-05,0.05
2020-03-03,252.42,3e-06,0.05
2020-03-04,253.69,5.5e-05,0.05
2020-03-05,254.12,0.000666,0.05
2020-03-06,255.73,0.005243,0.05
2020-03-07,256.54,0.010288,0.05
2020-03-08,256.03,0.002907,0.05
2020-03-09,256.41,0.001762,0.05
2020-03-10,255.8,0.000165,0.05
2020-03-11,254.82,0.000249,0.05
2020-03-12,256.98,0.002998,0.05
2020-03-13,257.8,0.002242,0.05
2020-03-14,256.47,0.000672,0.05
2020-03-15,253.07,1.1e-05,0.05
2020-03-16,254.24,0.0,0.05
2020-03-17,256.44,3e-06,0.05
2020-03-18,255.23,0.00011,0.05
2020-03-19,254.34,2e-06,0.05
2020-03-20,254.32,1e-06,0.05
2020-03-21,256.17,0.00202,0.05
2020-03-22,253.41,0.000126,0.05
2020-03-23,255.72,0.000245,0.05
2020-03-24,258.04,0.005681,0.05
2020-03-25,259.1,0.002327,0.05
2020-03-26,259.57,0.001384,0.05
2020-03-27,260.86,0.011259,0.05
2020-03-28,259.66,0.004944,0.05
2020-03-29,258.59,0.001511,0.05
2020-03-30,258.32,0.001842,0.05
2020-03-31,261.03,0.005627,0.05
2020-04-01,260.51,0.005549,0.05
2020-04-02,258.92,0.001384,0.05
2020-04-03,256.31,9e-06,0.05
2020-04-04,257.18,2e-06,0.05
2020-04-05,257.29,1e-05,0.05
2020-04-06,257.86,0.000654,0.05
2020-04-07,256.59,0.000239,0.05
2020-04-08,256.36,1.5e-05,0.05
2020-04-09,257.45,0.005031,0.05
2020-04-10,258.61,0.000808,0.05
2020-04-11,258.68,1.1e-05,0.05
2020-04-12,262.2,3e-06,0.05
2020-04-13,262.12,0.000841,0.05
2020-04-14,263.4,0.005838,0.05
2020-04-15,263.53,0.013238,0.05
2020-04-16,263.48,0.002307,0.05
2020-04-17,264.07,0.006977,0.05
2020-04-18,264.18,0.006804,0.05
2020-04-19,262.61,0.000292,0.05
2020-04-20,260.56,6.5e-05,0.05
2020-04-21,261.33,0.000222,0.05
2020-04-22,257.46,2.5e-05,0.05
2020-04-23,255.76,3.6e-05,0.05
2020-04-24,259.02,5e-06,0.05
2020-04-25,260.68,3e-06,0.05
2020-04-26,262.26,0.000157,0.05
2020-04-27,262.41,0.000189,0.05
2020-04-28,259.61,4.8e-05,0.05
2020-04-29,263.33,9e-06,0.05
2020-04-30,258.74,1.6e-05,0.05
2020-05-01,263.91,0.002853,0.05
2020-05-02,265.54,0.004608,0.05
2020-05-03,265.52,0.00626,0.05
2020-05-04,263.44,0.002348,0.05
2020-05-05,261.79,0.00251,0.05
2020-05-06,263.69,0.002055,0.05
2020-05-07,262.45,0.000512,0.05
2020-05-08,262.68,3e-05,0.05
2020-05-09,264.74,6.1e-05,0.05
2020-05-10,262.86,0.001448,0.05
2020-05-11,261.84,2.6e-05,0.05
2020-05-12,262.66,9e-06,0.05
2020-05-13,264.26,5.1e-05,0.05
2020-05-14,265.52,0.003116,0.05
2020-05-15,265.12,0.000614,0.05
2020-05-16,262.61,0.000465,0.05
2020-05-17,263.09,0.000518,0.05
2020-05-18,262.48,0.0002,0.05
2020-05-19,260.35,5.7e-05,0.05
2020-05-20,261.68,1.4e-05,0.05
2020-05-21,263.6,2e-06,0.05
2020-05-22,265.82,0.000327,0.05
2020-05-23,267.67,0.00136,0.05
2020-05-24,268.65,0.000271,0.05
2020-05-25,269.64,7.2e-05,0.05
2020-05-26,267.47,2.7e-05,0.05
2020-05-27,263.87,3.5e-05,0.05
2020-05-28,263.54,7.9e-05,0.05
2020-05-29,267.08,4.1e-05,0.05
2020-05-30,268.85,0.001748,0.05
2020-05-31,269.31,0.010876,0.05
2020-06-01,269.42,0.001628,0.05
2020-06-02,269.2,0.000215,0.05
2020-06-03,269.96,0.001276,0.05
2020-06-04,270.4,0.000488,0.05
2020-06-05,270.45,4.1e-05,0.05
2020-06-06,268.68,3.6e-05,0.05
2020-06-07,265.17,3.4e-05,0.05
2020-06-08,267.36,5e-06,0.05
2020-06-09,268.09,0.000191,0.05
2020-06-10,270.3,0.001979,0.05
2020-06-11,270.24,0.003703,0.05
2020-06-12,270.25,0.001397,0.05
2020-06-13,269.65,0.00542,0.05
2020-06-14,268.52,0.000155,0.05
2020-06-15,266.58,2.9e-05,0.05
2020-06-16,265.08,1.9e-05,0.05
2020-06-17,267.16,1e-05,0.05
2020-06-18,267.81,0.000434,0.05
2020-06-19,269.3,0.001461,0.05
2020-06-20,267.31,0.00012,0.05
2020-06-21,265.79,1.2e-05,0.05
2020-06-22,267.76,1e-06,0.05
2020-06-23,270.26,1e-06,0.05
2020-06-24,270.12,0.008663,0.05
2020-06-25,268.56,0.000534,0.05
2020-06-26,269.07,0.000132,0.05
2020-06-27,271.78,0.000359,0.05
2020-06-28,271.82,0.014982,0.05
2020-06-29,269.7,0.000209,0.05
2020-06-30,269.96,2e-05,0.05
2020-07-01,271.43,0.000463,0.05
2020-07-02,271.32,5.4e-05,0.05
2020-07-03,270.5,1.9e-05,0.05
2020-07-04,272.03,0.005378,0.05
2020-07-05,272.24,0.005707,0.05
2020-07-06,271.29,0.001168,0.05
2020-07-07,270.84,0.000755,0.05
2020-07-08,272.45,0.000774,0.05
2020-07-09,273.08,0.006404,0.05
2020-07-10,271.38,0.000646,0.05
2020-07-11,271.75,0.001324,0.05
2020-07-12,273.23,0.005523,0.05
2020-07-13,272.53,0.002549,0.05
2020-07-14,272.29,0.000841,0.05
2020-07-15,272.82,0.000577,0.05
2020-07-16,273.78,0.00272,0.05
2020-07-17,274.52,0.002238,0.05
2020-07-18,275.73,0.006819,0.05
2020-07-19,275.18,0.003493,0.05
2020-07-20,274.88,0.003643,0.05
2020-07-21,273.25,0.013712,0.05
2020-07-22,272.11,0.003045,0.05
2020-07-23,269.66,1.2e-05,0.05
2020-07-24,274.36,0.0,0.05
2020-07-25,274.69,0.000201,0.05
2020-07-26,274.52,0.000941,0.05
2020-07-27,274.23,0.002045,0.05
2020-07-28,272.35,2.5e-05,0.05
2020-07-29,273.25,7e-06,0.05
2020-07-30,273.27,8.3e-05,0.05
2020-07-31,271.74,9.5e-05,0.05
2020-08-01,273.87,0.002913,0.05
2020-08-02,273.95,0.001677,0.05
2020-08-03,271.54,0.000271,0.05
2020-08-04,273.7,0.00294,0.05
2020-08-05,274.55,0.001581,0.05
2020-08-06,274.68,0.000662,0.05
2020-08-07,273.4,0.000137,0.05
2020-08-08,276.42,0.000125,0.05
2020-08-09,277.95,0.006547,0.05
2020-08-10,277.02,0.002668,0.05
2020-08-11,277.18,0.0001,0.05
2020-08-12,276.58,9e-05,0.05
2020-08-13,277.13,0.000231,0.05
2020-08-14,277.68,0.000595,0.05
2020-08-15,277.9,0.00026,0.05
2020-08-16,273.94,9.1e-05,0.05
2020-08-17,273.44,1.2e-05,0.05
2020-08-18,275.97,0.000488,0.05
2020-08-19,275.91,0.005006,0.05
2020-08-20,276.81,0.007283,0.05
2020-08-21,276.45,0.003741,0.05
2020-08-22,275.17,0.000237,0.05
2020-08-23,273.34,4e-06,0.05
2020-08-24,273.06,1e-06,0.05
2020-08-25,275.5,0.0,0.05
2020-08-26,274.49,0.006928,0.05
2020-08-27,273.56,0.023895,0.05
2020-08-28,273.11,0.001785,0.05
2020-08-29,273.49,0.00033,0.05
2020-08-30,273.64,0.000401,0.05
2020-08-31,272.77,0.001848,0.05
2020-09-01,273.38,0.000409,0.05
2020-09-02,274.35,0.001806,0.05
2020-09-03,275.56,0.006609,0.05
2020-09-04,274.91,0.007489,0.05
2020-09-05,274.61,0.004632,0.05
2020-09-06,273.49,0.00322,0.05
2020-09-07,271.86,0.001522,0.05
2020-09-08,269.92,0.001157,0.05
2020-09-09,269.64,0.000831,0.05
2020-09-10,269.24,0.000292,0.05
2020-09-11,269.42,0.000449,0.05
2020-09-12,268.87,0.000305,0.05
2020-09-13,268.7,0.000116,0.05
2020-09-14,269.63,0.002258,0.05
2020-09-15,269.23,0.001037,0.05
2020-09-16,268.82,0.00018,0.05
2020-09-17,268.23,0.001753,0.05
2020-09-18,269.11,0.002659,0.05
2020-09-19,268.4,0.000161,0.05
2020-09-20,263.81,2e-05,0.05
2020-09-21,267.06,0.0,0.05
2020-09-22,267.53,0.0,0.05
2020-09-23,266.34,7.7e-05,0.05
2020-09-24,263.51,0.000114,0.05
2020-09-25,265.33,0.001231,0.05
2020-09-26,266.47,0.004147,0.05
2020-09-27,265.4,0.004941,0.05
2020-09-28,264.15,0.000225,0.05
2020-09-29,262.73,0.001665,0.05
2020-09-30,261.72,0.000478,0.05
2020-10-01,264.08,0.000959,0.05
2020-10-02,262.76,0.001125,0.05
2020-10-03,263.26,0.000226,0.05
2020-10-04,262.08,0.000906,0.05
2020-10-05,263.75,3.4e-05,0.05
2020-10-06,261.32,9.4e-05,0.05
2020-10-07,263.21,8e-05,0.05
2020-10-08,262.88,0.000154,0.05
2020-10-09,262.78,0.00012,0.05
2020-10-10,261.57,0.000147,0.05
2020-10-11,261.96,0.000361,0.05
2020-10-12,262.57,0.00037,0.05
2020-10-13,261.83,0.000975,0.05
2020-10-14,262.9,0.001734,0.05
2020-10-15,262.92,0.000985,0.05
2020-10-16,259.99,8.1e-05,0.05
2020-10-17,259.9,6.9e-05,0.05
2020-10-18,262.35,0.000171,0.05
2020-10-19,260.51,8.2e-05,0.05
2020-10-20,260.37,2.6e-05,0.05
2020-10-21,262.52,0.000329,0.05
2020-10-22,258.95,0.000253,0.05
2020-10-23,259.9,0.002156,0.05
2020-10-24,260.45,0.003207,0.05
2020-10-25,259.09,0.003622,0.05
2020-10-26,254.95,0.000158,0.05
2020-10-27,257.66,0.0,0.05
2020-10-28,259.56,0.001469,0.05
2020-10-29,259.03,0.004284,0.05
2020-10-30,256.51,0.001495,0.05
2020-10-31,252.2,2.2e-05,0.05
2020-11-01,255.05,3.9e-05,0.05
2020-11-02,254.34,7e-06,0.05
2020-11-03,255.7,1e-06,0.05
2020-11-04,253.97,3e-06,0.05
2020-11-05,252.98,-0.0,0.05
2020-11-06,252.5,3e-06,0.05
2020-11-07,253.24,2e-06,0.05
2020-11-08,256.05,0.0,0.05
2020-11-09,257.05,6e-06,0.05
2020-11-10,256.43,0.000102,0.05
2020-11-11,252.9,0.000164,0.05
2020-11-12,251.77,0.000115,0.05
2020-11-13,258.08,0.003584,0.05
2020-11-14,261.26,0.01833,0.05
2020-11-15,260.13,0.022172,0.05
2020-11-16,256.69,0.00439,0.05
2020-11-17,252.98,0.000253,0.05
2020-11-18,253.22,0.003987,0.05
2020-11-19,253.95,0.007701,0.05
2020-11-20,254.05,0.001614,0.05
2020-11-21,251.96,0.00068,0.05
2020-11-22,251.77,0.003208,0.05
2020-11-23,254.63,0.009262,0.05
2020-11-24,256.7,0.004997,0.05
2020-11-25,257.04,0.008039,0.05
2020-11-26,254.19,0.000584,0.05
2020-11-27,251.26,1e-06,0.05
2020-11-28,254.17,6e-06,0.05
2020-11-29,254.25,0.000892,0.05
2020-11-30,249.97,0.000466,0.05
2020-12-01,254.35,0.001056,0.05
2020-12-02,249.62,5.3e-05,0.05
2020-12-03,249.27,0.000254,0.05
2020-12-04,253.66,0.003483,0.05
2020-12-05,255.7,0.003209,0.05
2020-12-06,255.92,0.002333,0.05
2020-12-07,256.53,0.008935,0.05
2020-12-08,258.13,0.012255,0.05
2020-12-09,257.39,0.003249,0.05
2020-12-10,255.3,0.001589,0.05
2020-12-11,255.86,0.006542,0.05
2020-12-12,256.03,0.005774,0.05
2020-12-13,252.35,0.000214,0.05
2020-12-14,249.7,0.000156,0.05
2020-12-15,248.96,0.001215,0.05
2020-12-16,248.0,0.000879,0.05
2020-12-17,245.32,2.6e-05,0.05
2020-12-18,244.17,1e-06,0.05
2020-12-19,247.02,0.0,0.05
2020-12-20,248.73,0.001576,0.05
2020-12-21,250.99,0.005004,0.05
2020-12-22,249.65,0.000599,0.05
2020-12-23,248.06,0.00019,0.05
2020-12-24,249.0,0.000667,0.05
2020-12-25,249.24,0.001605,0.05
2020-12-26,251.54,0.001864,0.05
2020-12-27,250.04,0.000415,0.05
2020-12-28,248.19,0.000529,0.05
2020-12-29,246.48,8.9e-05,0.05
2020-12-30,245.42,1e-06,0.05
2020-12-31,245.91,2e-05,0.05
2021-01-01,247.38,2.4e-05,0.05
2021-01-02,247.43,1.2e-05,0.05
2021-01-03,248.44,0.001283,0.05
2021-01-04,249.87,0.00134,0.05
2021-01-05,251.34,0.010233,0.05
2021-01-06,254.57,0.004444,0.05
2021-01-07,254.02,0.002909,0.05
2021-01-08,253.15,0.00254,0.05
2021-01-09,252.21,0.002759,0.05
2021-01-10,251.94,0.000513,0.05
2021-01-11,249.85,2e-06,0.05
2021-01-12,248.78,3e-06,0.05
2021-01-13,249.8,1e-06,0.05
2021-01-14,250.34,1e-06,0.05
2021-01-15,251.6,5e-06,0.05
2021-01-16,250.32,0.0,0.05
2021-01-17,251.76,0.00031,0.05
2021-01-18,250.22,0.0001,0.05
2021-01-19,247.98,8.7e-05,0.05
2021-01-20,246.09,6e-06,0.05
2021-01-21,248.47,3.9e-05,0.05
2021-01-22,252.37,0.009073,0.05
2021-01-23,251.11,0.00715,0.05
2021-01-24,248.05,0.0,0.05
2021-01-25,247.2,1.5e-05,0.05
2021-01-26,245.0,4e-05,0.05
2021-01-27,245.29,1e-06,0.05
2021-01-28,246.17,1.1e-05,0.05
2021-01-29,244.46,1e-05,0.05
2021-01-30,244.55,2e-06,0.05
2021-01-31,248.79,0.00084,0.05
2021-02-01,248.18,0.000829,0.05
2021-02-02,248.46,0.000538,0.05
2021-02-03,249.14,0.0001,0.05
2021-02-04,248.94,3.6e-05,0.05
2021-02-05,247.98,2e-06,0.05
2021-02-06,248.17,4e-06,0.05
2021-02-07,251.1,1e-06,0.05
2021-02-08,253.95,0.001236,0.05
2021-02-09,251.29,0.001601,0.05
2021-02-10,250.65,1.6e-05,0.05
2021-02-11,251.25,6e-06,0.05
2021-02-12,250.12,1e-06,0.05
2021-02-13,253.27,0.001739,0.05
2021-02-14,252.28,0.000153,0.05
2021-02-15,248.97,7e-06,0.05
2021-02-16,250.04,1e-06,0.05
2021-02-17,250.08,2e-06,0.05
2021-02-18,250.15,0.0,0.05
2021-02-19,252.52,3e-06,0.05
2021-02-20,254.88,0.00385,0.05
2021-02-21,256.9,0.002136,0.05
2021-02-22,258.52,0.015231,0.05
2021-02-23,258.74,0.008074,0.05
2021-02-24,258.23,0.005999,0.05
2021-02-25,259.42,0.009205,0.05
2021-02-26,260.47,0.018509,0.05
2021-02-27,260.12,0.009837,0.05
2021-02-28,255.01,6.1e-05,0.05
2021-03-01,253.55,2.1e-05,0.05
2021-03-02,254.36,0.000806,0.05
2021-03-03,257.03,0.001646,0.05
2021-03-04,256.92,0.000696,0.05
2021-03-05,254.97,0.000195,0.05
2021-03-06,253.99,0.001764,0.05
2021-03-07,257.59,0.005511,0.05
2021-03-08,256.69,0.000714,0.05
2021-03-09,256.05,0.001286,0.05
2021-03-10,256.01,0.002995,0.05
2021-03-11,257.39,0.014317,0.05
2021-03-12,257.31,0.010379,0.05
2021-03-13,256.44,0.000407,0.05
2021-03-14,258.38,0.006762,0.05
2021-03-15,257.76,0.001107,0.05
2021-03-16,259.46,0.005057,0.05
2021-03-17,260.18,0.003059,0.05
2021-03-18,256.98,0.000194,0.05
2021-03-19,255.49,2.6e-05,0.05
2021-03-20,256.3,0.000111,0.05
2021-03-21,259.28,0.008908,0.05
2021-03-22,260.66,0.014223,0.05
2021-03-23,261.08,0.009358,0.05
2021-03-24,260.47,0.004459,0.05
2021-03-25,257.95,1.2e-05,0.05
2021-03-26,259.53,7.1e-05,0.05
2021-03-27,259.54,0.000337,0.05
2021-03-28,259.96,0.018234,0.05
2021-03-29,262.65,0.018016,0.05
2021-03-30,260.31,0.001481,0.05
2021-03-31,257.88,0.000678,0.05
2021-04-01,254.94,1.7e-05,0.05
2021-04-02,252.52,2e-06,0.05
2021-04-03,252.01,3e-06,0.05
2021-04-04,256.59,0.004168,0.05
2021-04-05,259.75,0.003878,0.05
2021-04-06,261.1,0.013798,0.05
2021-04-07,260.65,0.004571,0.05
2021-04-08,259.64,0.003708,0.05
2021-04-09,258.14,0.00123,0.05
2021-04-10,256.73,0.000163,0.05
2021-04-11,259.06,0.001194,0.05
2021-04-12,257.0,8.4e-05,0.05
2021-04-13,258.74,0.000756,0.05
2021-04-14,259.13,3.9e-05,0.05
2021-04-15,260.5,0.004531,0.05
2021-04-16,262.66,0.007549,0.05
2021-04-17,264.31,0.00641,0.05
2021-04-18,262.21,0.006525,0.05
2021-04-19,259.07,0.000138,0.05
2021-04-20,259.12,0.000234,0.05
2021-04-21,259.3,0.000326,0.05
2021-04-22,259.82,0.006362,0.05
2021-04-23,258.94,0.000274,0.05
2021-04-24,258.04,1e-06,0.05
2021-04-25,259.72,0.0,0.05
2021-04-26,259.24,0.0,0.05
2021-04-27,258.77,1e-06,0.05
2021-04-28,260.04,0.0,0.05
2021-04-29,260.38,1e-06,0.05
2021-04-30,260.14,0.0,0.05
2021-05-01,260.9,0.0,0.05
2021-05-02,261.09,0.0,0.05
2021-05-03,261.87,1e-06,0.05
2021-05-04,262.04,1e-06,0.05
2021-05-05,263.32,0.00011,0.05
2021-05-06,260.3,7.1e-05,0.05
2021-05-07,263.34,0.000108,0.05
2021-05-08,261.25,0.000215,0.05
2021-05-09,263.17,0.000849,0.05
2021-05-10,260.69,4.3e-05,0.05
2021-05-11,264.88,0.000659,0.05
2021-05-12,266.33,0.008147,0.05
2021-05-13,265.73,0.002064,0.05
2021-05-14,263.65,0.000499,0.05
2021-05-15,263.53,0.000307,0.05
2021-05-16,265.29,0.002684,0.05
2021-05-17,265.17,0.002611,0.05
2021-05-18,263.84,4.7e-05,0.05
2021-05-19,264.51,9.1e-05,0.05
2021-05-20,263.06,0.000133,0.05
2021-05-21,266.14,0.003537,0.05
2021-05-22,265.21,0.003584,0.05
2021-05-23,266.02,0.002587,0.05
2021-05-24,265.75,0.001261,0.05
2021-05-25,264.75,0.000107,0.05
2021-05-26,261.77,3.6e-05,0.05
2021-05-27,265.43,2e-06,0.05
2021-05-28,264.59,5e-06,0.05
2021-05-29,267.4,0.0,0.05
2021-05-30,267.5,1e-06,0.05
2021-05-31,264.97,5.9e-05,0.05
2021-06-01,267.21,0.000853,0.05
2021-06-02,267.61,0.000105,0.05
2021-06-03,267.47,8.5e-05,0.05
2021-06-04,268.72,3.5e-05,0.05
2021-06-05,266.26,2.9e-05,0.05
2021-06-06,264.26,2e-05,0.05
2021-06-07,268.04,2e-06,0.05
2021-06-08,269.19,1e-06,0.05
2021-06-09,267.55,2e-06,0.05
2021-06-10,270.45,2.7e-05,0.05
2021-06-11,268.36,0.000325,0.05
2021-06-12,268.04,0.000815,0.05
2021-06-13,269.74,0.003292,0.05
2021-06-14,268.96,0.001599,0.05
2021-06-15,268.89,0.003612,0.05
2021-06-16,270.15,0.00207,0.05
2021-06-17,270.24,0.00727,0.05
2021-06-18,269.31,0.00349,0.05
2021-06-19,270.45,0.000163,0.05
2021-06-20,271.41,0.007966,0.05
2021-06-21,270.3,0.006285,0.05
2021-06-22,270.09,0.001793,0.05
2021-06-23,269.37,0.000404,0.05
2021-06-24,269.55,0.001479,0.05
2021-06-25,269.41,0.001235,0.05
2021-06-26,270.04,0.004337,0.05
2021-06-27,269.33,0.000873,0.05
2021-06-28,269.85,0.001262,0.05
2021-06-29,269.75,0.000104,0.05
2021-06-30,271.34,0.000995,0.05
2021-07-01,273.16,0.002111,0.05
2021-07-02,272.62,0.003146,0.05
2021-07-03,272.13,0.004739,0.05
2021-07-04,271.31,0.002447,0.05
2021-07-05,272.68,0.001041,0.05
2021-07-06,273.29,0.004149,0.05
2021-07-07,273.71,0.004268,0.05
2021-07-08,273.45,0.000105,0.05
2021-07-09,271.01,1.9e-05,0.05
2021-07-10,271.98,3.5e-05,0.05
2021-07-11,272.77,3.5e-05,0.05
2021-07-12,274.1,0.003591,0.05
2021-07-13,274.78,0.005788,0.05
2021-07-14,275.15,0.004076,0.05
2021-07-15,275.84,0.000874,0.05
2021-07-16,274.28,0.000134,0.05
2021-07-17,274.62,0.000142,0.05
2021-07-18,276.79,1.3e-05,0.05
2021-07-19,276.53,0.005546,0.05
2021-07-20,274.99,0.012261,0.05
2021-07-21,274.48,0.008392,0.05
2021-07-22,274.75,0.002018,0.05
2021-07-23,275.61,0.000655,0.05
2021-07-24,276.37,9.5e-05,0.05
2021-07-25,278.85,7.1e-05,0.05
2021-07-26,278.63,4.5e-05,0.05
2021-07-27,278.78,0.00011,0.05
2021-07-28,278.13,0.00077,0.05
2021-07-29,277.48,0.001659,0.05
2021-07-30,277.19,0.004625,0.05
2021-07-31,277.64,0.002543,0.05
2021-08-01,276.91,0.00801,0.05
2021-08-02,276.01,0.001844,0.05
2021-08-03,276.04,0.000587,0.05
2021-08-04,276.69,0.003425,0.05
2021-08-05,275.86,0.002463,0.05
2021-08-06,275.43,0.001047,0.05
2021-08-07,275.41,0.002259,0.05
2021-08-08,275.7,0.001228,0.05
2021-08-09,275.38,0.00128,0.05
2021-08-10,275.05,0.000213,0.05
2021-08-11,273.5,0.000185,0.05
2021-08-12,273.21,0.000306,0.05
2021-08-13,273.92,0.000933,0.05
2021-08-14,273.96,0.006498,0.05
2021-08-15,272.09,0.007107,0.05
2021-08-16,270.72,0.001114,0.05
2021-08-17,268.83,1.2e-05,0.05
2021-08-18,271.38,8e-06,0.05
2021-08-19,270.71,6e-05,0.05
2021-08-20,271.52,0.000418,0.05
2021-08-21,272.52,0.000347,0.05
2021-08-22,272.59,0.000305,0.05
2021-08-23,273.2,0.000465,0.05
2021-08-24,274.44,0.000181,0.05
2021-08-25,275.24,0.000157,0.05
2021-08-26,276.36,0.000704,0.05
2021-08-27,275.95,0.003037,0.05
2021-08-28,274.47,0.011853,0.05
2021-08-29,271.12,0.007829,0.05
2021-08-30,270.05,0.000187,0.05
2021-08-31,272.05,0.004878,0.05
2021-09-01,270.75,0.003725,0.05
2021-09-02,269.63,0.000199,0.05
2021-09-03,268.58,0.000264,0.05
2021-09-04,270.54,1.3e-05,0.05
2021-09-05,270.56,2.3e-05,0.05
2021-09-06,270.36,6.9e-05,0.05
2021-09-07,271.55,4.4e-05,0.05
2021-09-08,270.23,5.5e-05,0.05
2021-09-09,268.0,7.2e-05,0.05
2021-09-10,271.43,0.002374,0.05
2021-09-11,273.29,0.005577,0.05
2021-09-12,271.07,0.003943,0.05
2021-09-13,269.37,0.001157,0.05
2021-09-14,267.82,2.7e-05,0.05
2021-09-15,267.36,1.8e-05,0.05
2021-09-16,265.63,4.9e-05,0.05
2021-09-17,268.86,3e-06,0.05
2021-09-18,270.82,0.0,0.05
2021-09-19,270.51,1e-06,0.05
2021-09-20,269.69,0.00019,0.05
2021-09-21,269.58,0.000772,0.05
2021-09-22,269.74,0.00315,0.05
2021-09-23,269.7,0.000702,0.05
2021-09-24,267.62,0.00088,0.05
2021-09-25,268.14,1.2e-05,0.05
2021-09-26,267.6,2e-06,0.05
2021-09-27,269.41,0.0,0.05
2021-09-28,268.2,5e-06,0.05
2021-09-29,265.21,2.6e-05,0.05
2021-09-30,266.09,6.5e-05,0.05
2021-10-01,268.65,0.000511,0.05
2021-10-02,270.42,0.004779,0.05
2021-10-03,269.11,0.003078,0.05
2021-10-04,267.54,0.002844,0.05
2021-10-05,265.47,0.000364,0.05
2021-10-06,263.67,4.8e-05,0.05
2021-10-07,262.21,8.7e-05,0.05
2021-10-08,265.04,0.000894,0.05
2021-10-09,264.13,6.3e-05,0.05
2021-10-10,264.22,0.008063,0.05
2021-10-11,263.93,0.008686,0.05
2021-10-12,261.67,0.000771,0.05
2021-10-13,256.31,3.6e-05,0.05
2021-10-14,254.54,2.4e-05,0.05
2021-10-15,255.62,1.4e-05,0.05
2021-10-16,260.49,0.000162,0.05
2021-10-17,259.75,0.004947,0.05
2021-10-18,260.2,0.002094,0.05
2021-10-19,258.53,0.000192,0.05
2021-10-20,255.63,5e-05,0.05
2021-10-21,257.75,0.000246,0.05
2021-10-22,260.82,0.022447,0.05
2021-10-23,260.86,0.006999,0.05
2021-10-24,261.5,0.009563,0.05
2021-10-25,259.44,0.00243,0.05
2021-10-26,253.85,6.7e-05,0.05
2021-10-27,256.31,3e-06,0.05
2021-10-28,255.0,0.0,0.05
2021-10-29,254.89,3.9e-05,0.05
2021-10-30,251.33,2e-06,0.05
2021-10-31,253.58,6.6e-05,0.05
2021-11-01,254.26,0.000101,0.05
2021-11-02,249.38,3.4e-05,0.05
2021-11-03,247.34,3.2e-05,0.05
2021-11-04,253.15,0.005396,0.05
2021-11-05,256.13,0.006418,0.05
2021-11-06,250.61,7.7e-05,0.05
2021-11-07,251.75,2e-06,0.05
2021-11-08,252.74,2e-06,0.05
2021-11-09,253.03,2e-06,0.05
2021-11-10,252.05,2e-06,0.05
2021-11-11,251.84,2e-06,0.05
2021-11-12,251.8,1e-06,0.05
2021-11-13,251.83,2e-06,0.05
2021-11-14,252.06,0.000238,0.05
2021-11-15,245.94,1e-05,0.05
2021-11-16,250.16,1e-06,0.05
2021-11-17,252.76,0.001488,0.05
2021-11-18,255.22,0.004269,0.05
2021-11-19,251.34,0.00017,0.05
2021-11-20,252.44,3e-06,0.05
2021-11-21,252.77,-0.0,0.05
2021-11-22,251.21,2e-06,0.05
2021-11-23,251.04,0.000147,0.05
2021-11-24,252.87,0.002559,0.05
2021-11-25,248.84,0.000148,0.05
2021-11-26,250.17,0.000309,0.05
2021-11-27,252.7,0.001183,0.05
2021-11-28,247.69,0.000184,0.05
2021-11-29,250.82,0.000432,0.05
2021-11-30,250.92,3.6e-05,0.05
2021-12-01,250.15,1e-06,0.05
2021-12-02,251.22,2e-06,0.05
2021-12-03,252.81,1e-06,0.05
2021-12-04,252.14,0.000623,0.05
2021-12-05,252.85,0.003175,0.05
2021-12-06,251.85,0.000755,0.05
2021-12-07,249.82,0.000447,0.05
2021-12-08,252.06,0.000806,0.05
2021-12-09,248.68,0.000487,0.05
2021-12-10,247.38,1e-06,0.05
2021-12-11,249.62,1e-06,0.05
2021-12-12,249.91,5.9e-05,0.05
2021-12-13,249.24,0.001793,0.05
2021-12-14,249.34,0.003325,0.05
2021-12-15,246.33,0.000178,0.05
2021-12-16,246.65,0.000207,0.05
2021-12-17,245.38,5e-06,0.05
2021-12-18,243.66,0.0,0.05
2021-12-19,247.33,0.0,0.05
2021-12-20,248.51,0.000409,0.05
2021-12-21,245.02,0.000134,0.05
2021-12-22,248.18,0.000373,0.05
2021-12-23,248.39,0.001058,0.05
2021-12-24,247.85,0.000244,0.05
2021-12-25,247.47,0.000338,0.05
2021-12-26,249.33,0.002405,0.05
2021-12-27,250.34,0.00255,0.05
2021-12-28,248.07,0.000283,0.05
2021-12-29,244.83,4e-06,0.05
2021-12-30,245.45,9e-06,0.05
2021-12-31,245.94,5.1e-05,0.05
2022-01-01,247.54,0.003048,0.05
2022-01-02,250.57,0.001849,0.05
2022-01-03,250.81,0.003262,0.05
2022-01-04,254.49,0.006982,0.05
2022-01-05,254.34,0.01166,0.05
2022-01-06,253.82,0.000797,0.05
2022-01-07,252.5,0.003322,0.05
2022-01-08,253.67,0.00273,0.05
2022-01-09,253.77,0.001321,0.05
2022-01-10,253.54,0.001715,0.05
2022-01-11,249.62,2.2e-05,0.05
2022-01-12,247.38,3.6e-05,0.05
2022-01-13,248.98,0.000944,0.05
2022-01-14,246.84,0.000117,0.05
2022-01-15,247.35,8.8e-05,0.05
2022-01-16,247.75,0.00023,0.05
2022-01-17,251.01,0.003238,0.05
2022-01-18,252.62,0.001031,0.05
2022-01-19,253.29,0.002908,0.05
2022-01-20,252.4,0.000317,0.05
2022-01-21,251.86,0.001898,0.05
2022-01-22,252.3,0.001001,0.05
2022-01-23,253.23,0.002701,0.05
2022-01-24,253.03,0.000723,0.05
2022-01-25,250.21,0.000277,0.05
2022-01-26,248.36,0.000185,0.05
2022-01-27,244.83,9e-06,0.05
2022-01-28,247.05,0.000698,0.05
2022-01-29,250.75,0.001842,0.05
2022-01-30,249.39,0.001288,0.05
2022-01-31,251.9,0.002366,0.05
2022-02-01,249.75,0.000335,0.05
2022-02-02,251.61,0.002872,0.05
2022-02-03,253.36,0.00172,0.05
2022-02-04,248.98,0.000361,0.05
2022-02-05,247.9,0.000473,0.05
2022-02-06,252.45,0.007796,0.05
2022-02-07,254.0,0.001354,0.05
2022-02-08,252.34,0.002494,0.05
2022-02-09,251.36,0.001133,0.05
2022-02-10,249.49,0.000155,0.05
2022-02-11,247.12,0.0,0.05
2022-02-12,249.45,0.000268,0.05
2022-02-13,250.78,0.001056,0.05
2022-02-14,253.04,0.00318,0.05
2022-02-15,253.68,0.002534,0.05
2022-02-16,252.9,0.000652,0.05
2022-02-17,252.15,0.000761,0.05
2022-02-18,252.25,0.001551,0.05
2022-02-19,251.96,0.00028,0.05
2022-02-20,251.17,2.4e-05,0.05
2022-02-21,247.55,5.3e-05,0.05
2022-02-22,252.17,0.003766,0.05
2022-02-23,255.53,0.00513,0.05
2022-02-24,255.28,0.001458,0.05
2022-02-25,254.49,0.001837,0.05
2022-02-26,254.69,0.002853,0.05
2022-02-27,251.42,0.000163,0.05
2022-02-28,252.42,0.000507,0.05
2022-03-01,254.78,0.002815,0.05
2022-03-02,253.84,0.00054,0.05
2022-03-03,255.78,0.003111,0.05
2022-03-04,253.16,0.000194,0.05
2022-03-05,254.98,0.001249,0.05
2022-03-06,258.97,0.012612,0.05
2022-03-07,258.6,0.00885,0.05
2022-03-08,257.73,0.000115,0.05
2022-03-09,258.41,0.000977,0.05
2022-03-10,254.91,4.1e-05,0.05
2022-03-11,255.79,3e-06,0.05
2022-03-12,257.14,0.000492,0.05
2022-03-13,256.77,0.00064,0.05
2022-03-14,259.02,0.001964,0.05
2022-03-15,258.89,0.000948,0.05
2022-03-16,259.46,2e-05,0.05
2022-03-17,262.27,1e-06,0.05
2022-03-18,262.14,0.004362,0.05
2022-03-19,262.37,0.01139,0.05
2022-03-20,261.82,0.007782,0.05
2022-03-21,259.54,0.000186,0.05
2022-03-22,258.17,9e-06,0.05
2022-03-23,260.07,0.002893,0.05
2022-03-24,259.57,0.000459,0.05
2022-03-25,254.25,4.7e-05,0.05
2022-03-26,257.62,0.0,0.05
2022-03-27,260.39,0.001787,0.05
2022-03-28,262.53,0.003345,0.05
2022-03-29,261.84,0.000752,0.05
2022-03-30,261.6,0.001795,0.05
2022-03-31,260.36,0.000184,0.05
2022-04-01,259.26,1.1e-05,0.05
2022-04-02,261.47,0.003901,0.05
2022-04-03,261.1,0.002591,0.05
2022-04-04,256.59,4.2e-05,0.05
2022-04-05,257.26,1.4e-05,0.05
2022-04-06,261.67,3e-06,0.05
2022-04-07,261.1,0.0,0.05
2022-04-08,261.58,2e-06,0.05
2022-04-09,260.37,0.002787,0.05
2022-04-10,259.35,1.7e-05,0.05
2022-04-11,262.86,1e-06,0.05
2022-04-12,263.55,0.00167,0.05
2022-04-13,262.18,0.005429,0.05
2022-04-14,261.21,0.002552,0.05
2022-04-15,260.18,0.000128,0.05
2022-04-16,256.07,5.5e-05,0.05
2022-04-17,259.79,2e-06,0.05
2022-04-18,262.5,1e-06,0.05
2022-04-19,263.59,0.000139,0.05
2022-04-20,262.81,0.004013,0.05
2022-04-21,262.52,0.007266,0.05
2022-04-22,262.38,0.003064,0.05
2022-04-23,260.0,0.000246,0.05
2022-04-24,260.47,1.2e-05,0.05
2022-04-25,262.83,0.001022,0.05
2022-04-26,258.03,1.5e-05,0.05
2022-04-27,262.16,7e-06,0.05
2022-04-28,260.46,1.9e-05,0.05
2022-04-29,260.18,3.8e-05,0.05
2022-04-30,261.9,4.5e-05,0.05
2022-05-01,260.02,3.4e-05,0.05
2022-05-02,266.0,0.0,0.05
2022-05-03,266.72,5.5e-05,0.05
2022-05-04,266.01,0.002953,0.05
2022-05-05,264.91,0.000242,0.05
2022-05-06,263.35,1.8e-05,0.05
2022-05-07,264.27,7.5e-05,0.05
2022-05-08,266.2,7.5e-05,0.05
2022-05-09,262.91,9e-06,0.05
2022-05-10,264.01,2e-06,0.05
2022-05-11,265.66,3e-06,0.05
2022-05-12,263.97,0.00012,0.05
2022-05-13,264.56,8.8e-05,0.05
2022-05-14,265.58,8e-06,0.05
2022-05-15,267.32,0.004453,0.05
2022-05-16,265.25,0.000887,0.05
2022-05-17,263.26,2e-05,0.05
2022-05-18,265.23,2e-06,0.05
2022-05-19,266.07,0.000272,0.05
2022-05-20,266.49,0.003601,0.05
2022-05-21,266.31,0.00241,0.05
2022-05-22,266.46,0.00088,0.05
2022-05-23,267.1,0.000174,0.05
2022-05-24,267.56,8.4e-05,0.05
2022-05-25,267.78,1.6e-05,0.05
2022-05-26,266.36,1.9e-05,0.05
2022-05-27,263.62,2.3e-05,0.05
2022-05-28,267.63,0.000623,0.05
2022-05-29,267.68,0.001259,0.05
2022-05-30,267.34,0.000715,0.05
2022-05-31,267.58,0.00135,0.05
2022-06-01,266.98,0.00459,0.05
2022-06-02,266.8,0.000198,0.05
2022-06-03,265.92,8.4e-05,0.05
2022-06-04,264.85,7e-05,0.05
2022-06-05,265.49,4.7e-05,0.05
2022-06-06,265.89,2e-05,0.05
2022-06-07,266.4,0.000111,0.05
2022-06-08,269.09,0.000985,0.05
2022-06-09,268.74,0.00026,0.05
2022-06-10,268.13,0.000968,0.05
2022-06-11,268.31,0.000522,0.05
2022-06-12,269.39,0.001726,0.05
2022-06-13,269.73,0.000825,0.05
2022-06-14,267.41,0.000261,0.05
2022-06-15,269.55,8.3e-05,0.05
2022-06-16,271.0,0.000963,0.05
2022-06-17,271.04,0.005562,0.05
2022-06-18,270.37,0.015087,0.05
2022-06-19,269.77,0.013533,0.05
2022-06-20,269.2,0.005597,0.05
2022-06-21,269.83,0.007098,0.05
2022-06-22,269.2,0.005602,0.05
2022-06-23,267.57,2.4e-05,0.05
2022-06-24,268.54,7e-06,0.05
2022-06-25,269.15,2e-06,0.05
2022-06-26,269.57,0.0,0.05
2022-06-27,271.38,1e-06,0.05
2022-06-28,269.91,1.3e-05,0.05
2022-06-29,271.69,0.000102,0.05
2022-06-30,272.52,5.6e-05,0.05
2022-07-01,272.67,4.3e-05,0.05
2022-07-02,272.57,8.4e-05,0.05
2022-07-03,275.55,5e-05,0.05
2022-07-04,275.11,7e-06,0.05
2022-07-05,276.33,0.006628,0.05
2022-07-06,276.72,0.002224,0.05
2022-07-07,277.12,0.0016,0.05
2022-07-08,276.31,0.000337,0.05
2022-07-09,277.81,0.001421,0.05
2022-07-10,277.93,0.002223,0.05
2022-07-11,276.92,0.004201,0.05
2022-07-12,278.1,0.002857,0.05
2022-07-13,277.47,0.007301,0.05
2022-07-14,275.89,0.008829,0.05
2022-07-15,275.76,0.004023,0.05
2022-07-16,275.53,0.002837,0.05
2022-07-17,276.82,0.000784,0.05
2022-07-18,274.51,6.4e-05,0.05
2022-07-19,277.81,0.000464,0.05
2022-07-20,276.71,1.1e-05,0.05
2022-07-21,275.83,3e-06,0.05
2022-07-22,275.29,2e-05,0.05
2022-07-23,276.36,1.1e-05,0.05
2022-07-24,277.3,0.00473,0.05
2022-07-25,277.75,0.003671,0.05
2022-07-26,278.35,0.001398,0.05
2022-07-27,277.19,0.000144,0.05
2022-07-28,277.44,0.000862,0.05
2022-07-29,276.41,0.001038,0.05
2022-07-30,276.81,0.002623,0.05
2022-07-31,276.41,0.006501,0.05
2022-08-01,275.02,0.005886,0.05
2022-08-02,275.11,0.001413,0.05
2022-08-03,275.19,0.000397,0.05
2022-08-04,275.41,0.000531,0.05
2022-08-05,275.04,0.000668,0.05
2022-08-06,275.55,0.00097,0.05
2022-08-07,273.32,0.00043,0.05
2022-08-08,275.28,0.000381,0.05
2022-08-09,276.94,0.002074,0.05
2022-08-10,277.31,0.001739,0.05
2022-08-11,276.13,0.000108,0.05
2022-08-12,275.66,0.000355,0.05
2022-08-13,277.73,0.001571,0.05
2022-08-14,276.89,0.000419,0.05
2022-08-15,277.74,0.002907,0.05
2022-08-16,278.01,0.008215,0.05
2022-08-17,277.57,0.009567,0.05
2022-08-18,277.13,0.004216,0.05
2022-08-19,276.32,0.000687,0.05
2022-08-20,276.64,0.001024,0.05
2022-08-21,276.21,0.002789,0.05
2022-08-22,275.15,0.002184,0.05
2022-08-23,276.36,0.004974,0.05
2022-08-24,277.18,0.0055,0.05
2022-08-25,277.32,0.010664,0.05
2022-08-26,276.99,0.008687,0.05
2022-08-27,276.75,0.008096,0.05
2022-08-28,276.62,0.006383,0.05
2022-08-29,275.11,0.001703,0.05
2022-08-30,275.09,0.000179,0.05
2022-08-31,274.98,5.3e-05,0.05
2022-09-01,274.42,0.000707,0.05
2022-09-02,273.84,0.000436,0.05
2022-09-03,272.66,7.8e-05,0.05
2022-09-04,271.65,4.5e-05,0.05
2022-09-05,269.32,2.1e-05,0.05
2022-09-06,267.7,0.000119,0.05
2022-09-07,271.22,4.9e-05,0.05
2022-09-08,272.21,0.00034,0.05
2022-09-09,271.1,0.000429,0.05
2022-09-10,271.09,0.000723,0.05
2022-09-11,272.63,0.006378,0.05
2022-09-12,271.61,0.002452,0.05
2022-09-13,269.51,0.000642,0.05
2022-09-14,268.04,0.001077,0.05
2022-09-15,267.01,0.00038,0.05
2022-09-16,269.86,0.000256,0.05
2022-09-17,269.32,0.004755,0.05
2022-09-18,266.59,8.5e-05,0.05
2022-09-19,265.78,6.3e-05,0.05
2022-09-20,268.02,8.8e-05,0.05
2022-09-21,267.88,0.001629,0.05
2022-09-22,265.65,0.000338,0.05
2022-09-23,266.71,0.000184,0.05
2022-09-24,268.16,0.000892,0.05
2022-09-25,269.01,0.005634,0.05
2022-09-26,267.15,6.9e-05,0.05
2022-09-27,265.21,8e-06,0.05
2022-09-28,267.44,0.000205,0.05
2022-09-29,264.28,0.00034,0.05
2022-09-30,264.43,2.2e-05,0.05
2022-10-01,266.48,0.00429,0.05
2022-10-02,266.11,0.002044,0.05
2022-10-03,265.27,0.002245,0.05
2022-10-04,265.75,0.000746,0.05
2022-10-05,262.15,0.000227,0.05
2022-10-06,265.18,0.00409,0.05
2022-10-07,264.61,0.001794,0.05
2022-10-08,261.07,8.3e-05,0.05
2022-10-09,261.95,9e-06,0.05
2022-10-10,263.61,0.002234,0.05
2022-10-11,263.66,0.000537,0.05
2022-10-12,261.55,0.000882,0.05
2022-10-13,261.88,0.000444,0.05
2022-10-14,259.7,1.4e-05,0.05
2022-10-15,261.05,0.0,0.05
2022-10-16,261.09,1e-06,0.05
2022-10-17,261.18,1e-06,0.05
2022-10-18,259.79,4e-06,0.05
2022-10-19,257.11,0.001707,0.05
2022-10-20,258.61,0.009789,0.05
2022-10-21,250.24,3.8e-05,0.05
2022-10-22,253.9,0.0,0.05
2022-10-23,256.52,0.0,0.05
2022-10-24,256.73,0.0,0.05
2022-10-25,256.37,2e-06,0.05
2022-10-26,254.63,1.5e-05,0.05
2022-10-27,251.72,9.7e-05,0.05
2022-10-28,252.98,6e-06,0.05
2022-10-29,256.41,1e-06,0.05
2022-10-30,257.09,4.1e-05,0.05
2022-10-31,256.8,0.005544,0.05
2022-11-01,257.83,0.001458,0.05
2022-11-02,255.34,0.000304,0.05
2022-11-03,254.44,0.000263,0.05
2022-11-04,253.63,0.000142,0.05
2022-11-05,258.31,0.005053,0.05
2022-11-06,260.52,0.010349,0.05
2022-11-07,260.07,0.007924,0.05
2022-11-08,256.98,0.002873,0.05
2022-11-09,257.95,0.008719,0.05
2022-11-10,255.11,0.00064,0.05
2022-11-11,249.29,2.3e-05,0.05
2022-11-12,249.11,2.9e-05,0.05
2022-11-13,250.85,0.004927,0.05
2022-11-14,255.05,0.005664,0.05
2022-11-15,249.63,2.6e-05,0.05
2022-11-16,252.75,0.000468,0.05
2022-11-17,250.5,5e-06,0.05
2022-11-18,253.84,0.000404,0.05
2022-11-19,254.41,0.006635,0.05
2022-11-20,252.24,0.000461,0.05
2022-11-21,249.94,3e-06,0.05
2022-11-22,249.49,0.0,0.05
2022-11-23,249.95,2e-06,0.05
2022-11-24,251.74,0.0,0.05
2022-11-25,253.45,2e-06,0.05
2022-11-26,253.72,1.6e-05,0.05
2022-11-27,251.72,0.0,0.05
2022-11-28,251.79,0.0,0.05
2022-11-29,252.68,0.000118,0.05
2022-11-30,251.81,2.2e-05,0.05
2022-12-01,252.46,0.000201,0.05
2022-12-02,253.15,0.001761,0.05
2022-12-03,253.92,0.001641,0.05
2022-12-04,249.6,1.2e-05,0.05
2022-12-05,251.36,0.000236,0.05
2022-12-06,252.02,0.001927,0.05
2022-12-07,251.26,0.000982,0.05
2022-12-08,255.07,0.007187,0.05
2022-12-09,256.48,0.004404,0.05
2022-12-10,255.73,0.003619,0.05
2022-12-11,255.17,0.002566,0.05
2022-12-12,255.59,0.004544,0.05
2022-12-13,252.41,0.00085,0.05
2022-12-14,252.32,1.9e-05,0.05
2022-12-15,251.59,0.0,0.05
2022-12-16,251.47,7.8e-05,0.05
2022-12-17,250.22,5e-06,0.05
2022-12-18,248.82,1e-05,0.05
2022-12-19,247.57,4.1e-05,0.05
2022-12-20,246.8,1.3e-05,0.05
2022-12-21,246.84,1.3e-05,0.05
2022-12-22,246.53,1e-06,0.05
2022-12-23,246.69,3e-05,0.05
2022-12-24,245.92,3e-06,0.05
2022-12-25,245.05,0.000119,0.05
2022-12-26,246.82,0.000182,0.05
2022-12-27,244.68,4.9e-05,0.05
2022-12-28,245.96,0.000238,0.05
2022-12-29,248.58,0.006356,0.05
2022-12-30,251.05,0.001986,0.05
2022-12-31,247.21,8.9e-05,0.05
2023-01-01,245.92,1e-06,0.05
2023-01-02,246.28,5e-06,0.05
2023-01-03,244.67,2e-06,0.05
2023-01-04,244.39,2e-06,0.05
2023-01-05,246.79,2e-06,0.05
2023-01-06,249.31,0.000288,0.05
2023-01-07,250.51,0.003737,0.05
2023-01-08,254.56,0.012519,0.05
2023-01-09,255.94,0.007566,0.05
2023-01-10,256.2,0.004202,0.05
2023-01-11,255.18,0.01521,0.05
2023-01-12,254.13,0.006414,0.05
2023-01-13,253.58,0.007224,0.05
2023-01-14,251.31,0.000921,0.05
2023-01-15,249.45,0.000553,0.05
2023-01-16,248.05,7.6e-05,0.05
2023-01-17,245.58,1e-06,0.05
2023-01-18,245.88,0.000542,0.05
2023-01-19,248.01,0.001182,0.05
2023-01-20,248.95,0.001068,0.05
2023-01-21,250.15,0.001723,0.05
2023-01-22,249.63,0.001419,0.05
2023-01-23,250.9,0.002323,0.05
2023-01-24,251.18,0.006124,0.05
2023-01-25,252.82,0.004763,0.05
2023-01-26,250.67,0.000882,0.05
2023-01-27,249.81,0.000859,0.05
2023-01-28,253.02,0.005771,0.05
2023-01-29,255.41,0.008483,0.05
2023-01-30,255.83,0.009383,0.05
2023-01-31,253.46,0.00099,0.05
2023-02-01,251.83,0.000537,0.05
2023-02-02,254.44,0.001467,0.05
2023-02-03,256.23,0.005412,0.05
2023-02-04,256.12,0.000918,0.05
2023-02-05,253.88,0.0022,0.05
2023-02-06,254.34,0.005275,0.05
2023-02-07,249.34,5.5e-05,0.05
2023-02-08,251.23,0.001612,0.05
2023-02-09,252.94,0.01077,0.05
2023-02-10,255.2,0.007167,0.05
2023-02-11,253.09,0.004295,0.05
2023-02-12,250.77,0.000197,0.05
2023-02-13,251.89,0.000695,0.05
2023-02-14,255.84,0.001809,0.05
2023-02-15,258.37,0.001576,0.05
2023-02-16,259.89,0.005262,0.05
2023-02-17,262.02,0.007706,0.05
2023-02-18,262.63,0.009919,0.05
2023-02-19,260.94,0.015,0.05
2023-02-20,259.51,0.009009,0.05
2023-02-21,255.13,5.5e-05,0.05
2023-02-22,252.47,3e-05,0.05
2023-02-23,251.85,2e-06,0.05
2023-02-24,253.71,2e-06,0.05
2023-02-25,254.0,0.000422,0.05
2023-02-26,254.21,0.002684,0.05
2023-02-27,254.66,0.000553,0.05
2023-02-28,255.25,0.002185,0.05
2023-03-01,256.71,0.003083,0.05
2023-03-02,258.22,0.00873,0.05
2023-03-03,259.5,0.001537,0.05
2023-03-04,258.21,0.001355,0.05
2023-03-05,256.8,0.002735,0.05
2023-03-06,251.38,3.9e-05,0.05
2023-03-07,254.73,2e-06,0.05
2023-03-08,253.79,2e-06,0.05
2023-03-09,254.44,0.0,0.05
2023-03-10,255.47,0.0,0.05
2023-03-11,255.76,1e-06,0.05
2023-03-12,256.29,0.000385,0.05
2023-03-13,250.65,4.3e-05,0.05
2023-03-14,249.2,1.8e-05,0.05
2023-03-15,254.48,1e-06,0.05
2023-03-16,255.24,1.2e-05,0.05
2023-03-17,256.04,0.000669,0.05
2023-03-18,257.47,0.000789,0.05
2023-03-19,257.9,0.001072,0.05
2023-03-20,258.44,0.000379,0.05
2023-03-21,254.48,6.1e-05,0.05
2023-03-22,252.99,5.3e-05,0.05
2023-03-23,254.76,0.000461,0.05
2023-03-24,257.1,0.001243,0.05
2023-03-25,258.73,0.00336,0.05
2023-03-26,256.6,9.6e-05,0.05
2023-03-27,254.9,8e-06,0.05
2023-03-28,256.07,7e-06,0.05
2023-03-29,257.45,6.9e-05,0.05
2023-03-30,257.58,3e-05,0.05
2023-03-31,260.3,0.001414,0.05
2023-04-01,259.9,0.007548,0.05
2023-04-02,260.82,0.001535,0.05
2023-04-03,261.51,0.004248,0.05
2023-04-04,259.92,0.006705,0.05
2023-04-05,258.31,0.002484,0.05
2023-04-06,258.9,0.00522,0.05
2023-04-07,256.56,1.1e-05,0.05
2023-04-08,256.99,4e-06,0.05
2023-04-09,258.02,1e-06,0.05
2023-04-10,257.83,1e-06,0.05
2023-04-11,257.53,1.3e-05,0.05
2023-04-12,252.01,2e-05,0.05
2023-04-13,257.67,1e-06,0.05
2023-04-14,259.55,0.0,0.05
2023-04-15,260.35,7.3e-05,0.05
2023-04-16,260.31,0.010018,0.05
2023-04-17,262.82,0.006279,0.05
2023-04-18,263.84,0.021046,0.05
2023-04-19,263.38,0.017969,0.05
2023-04-20,262.55,0.006189,0.05
2023-04-21,260.98,0.005803,0.05
2023-04-22,260.45,0.000468,0.05
2023-04-23,260.22,0.0,0.05
2023-04-24,260.07,2e-06,0.05
2023-04-25,259.68,1e-06,0.05
2023-04-26,259.98,0.002025,0.05
2023-04-27,259.81,0.000603,0.05
2023-04-28,258.77,0.000758,0.05
2023-04-29,256.71,4.7e-05,0.05
2023-04-30,259.23,7e-06,0.05
2023-05-01,262.47,1e-06,0.05
2023-05-02,261.54,0.00073,0.05
2023-05-03,256.51,4.9e-05,0.05
2023-05-04,260.02,9.9e-05,0.05
2023-05-05,260.15,0.000439,0.05
2023-05-06,260.83,0.003919,0.05
2023-05-07,261.61,0.002385,0.05
2023-05-08,261.78,0.005885,0.05
2023-05-09,261.41,0.000362,0.05
2023-05-10,257.11,3.2e-05,0.05
2023-05-11,259.93,1e-06,0.05
2023-05-12,262.88,3e-06,0.05
2023-05-13,263.73,9e-06,0.05
2023-05-14,262.02,0.000119,0.05
2023-05-15,259.31,7.6e-05,0.05
2023-05-16,258.76,2.5e-05,0.05
2023-05-17,264.06,2e-06,0.05
2023-05-18,263.19,0.000859,0.05
2023-05-19,261.55,2.4e-05,0.05
2023-05-20,262.66,5e-06,0.05
2023-05-21,263.7,0.0,0.05
2023-05-22,265.23,2e-06,0.05
2023-05-23,265.85,0.005702,0.05
2023-05-24,265.5,0.007089,0.05
2023-05-25,264.99,0.00054,0.05
2023-05-26,264.88,0.003611,0.05
2023-05-27,263.08,0.004077,0.05
2023-05-28,261.22,1.7e-05,0.05
2023-05-29,265.29,0.000167,0.05
2023-05-30,265.85,0.001966,0.05
2023-05-31,267.94,0.001465,0.05
2023-06-01,268.4,0.005514,0.05
2023-06-02,268.33,0.010384,0.05
2023-06-03,266.73,0.001807,0.05
2023-06-04,264.96,1.5e-05,0.05
2023-06-05,265.36,2.3e-05,0.05
2023-06-06,267.05,0.000221,0.05
2023-06-07,267.92,0.000486,0.05
2023-06-08,267.99,7.9e-05,0.05
2023-06-09,267.01,5.3e-05,0.05
2023-06-10,264.85,2.9e-05,0.05
2023-06-11,263.65,1.2e-05,0.05
2023-06-12,264.36,1.4e-05,0.05
2023-06-13,267.06,7e-06,0.05
2023-06-14,266.75,5e-05,0.05
2023-06-15,264.31,7.5e-05,0.05
2023-06-16,264.03,3.2e-05,0.05
2023-06-17,266.31,8e-06,0.05
2023-06-18,265.91,8e-06,0.05
2023-06-19,268.45,1e-06,0.05
2023-06-20,269.78,2e-06,0.05
2023-06-21,269.71,1e-06,0.05
2023-06-22,270.47,2e-06,0.05
2023-06-23,270.51,3e-06,0.05
2023-06-24,270.44,2e-06,0.05
2023-06-25,269.97,1e-06,0.05
2023-06-26,270.41,0.001137,0.05
2023-06-27,269.83,0.000181,0.05
2023-06-28,270.95,0.001414,0.05
2023-06-29,272.64,0.005568,0.05
2023-06-30,271.86,0.005717,0.05
2023-07-01,271.86,0.000282,0.05
2023-07-02,269.26,1.4e-05,0.05
2023-07-03,269.4,4.7e-05,0.05
2023-07-04,272.0,0.001915,0.05
2023-07-05,271.9,0.004641,0.05
2023-07-06,272.45,0.00333,0.05
2023-07-07,271.72,0.011128,0.05
2023-07-08,272.62,0.013074,0.05
2023-07-09,272.21,0.006615,0.05
2023-07-10,272.37,0.001253,0.05
2023-07-11,271.71,0.001933,0.05
2023-07-12,271.88,3.8e-05,0.05
2023-07-13,270.39,2.4e-05,0.05
2023-07-14,268.61,1.8e-05,0.05
2023-07-15,270.58,3.2e-05,0.05
2023-07-16,272.75,0.000407,0.05
2023-07-17,273.86,0.0002,0.05
2023-07-18,273.58,5.2e-05,0.05
2023-07-19,277.03,0.000108,0.05
2023-07-20,277.29,0.002504,0.05
2023-07-21,277.3,0.004441,0.05
2023-07-22,277.93,0.005427,0.05
2023-07-23,276.11,0.00439,0.05
2023-07-24,275.25,0.001941,0.05
2023-07-25,276.04,0.000665,0.05
2023-07-26,275.72,0.000515,0.05
2023-07-27,276.8,0.000636,0.05
2023-07-28,276.12,0.006851,0.05
2023-07-29,275.4,0.004214,0.05
2023-07-30,275.85,0.00149,0.05
2023-07-31,276.47,0.00085,0.05
2023-08-01,277.28,0.000416,0.05
2023-08-02,276.72,0.0006,0.05
2023-08-03,276.84,0.000282,0.05
2023-08-04,276.75,0.000653,0.05
2023-08-05,277.36,0.003059,0.05
2023-08-06,276.97,0.00305,0.05
2023-08-07,276.07,0.005554,0.05
2023-08-08,275.25,4.9e-05,0.05
2023-08-09,276.83,6.1e-05,0.05
2023-08-10,275.81,0.00029,0.05
2023-08-11,275.99,0.000969,0.05
2023-08-12,275.85,0.000664,0.05
2023-08-13,275.81,4.7e-05,0.05
2023-08-14,275.4,0.00474,0.05
2023-08-15,275.49,0.000865,0.05
2023-08-16,274.49,0.000572,0.05
2023-08-17,272.48,0.000735,0.05
2023-08-18,273.63,0.000662,0.05
2023-08-19,273.93,0.000528,0.05
2023-08-20,273.72,0.000124,0.05
2023-08-21,275.49,2.3e-05,0.05
2023-08-22,275.95,0.000353,0.05
2023-08-23,276.29,0.003383,0.05
2023-08-24,275.93,0.010603,0.05
2023-08-25,275.4,0.005795,0.05
2023-08-26,274.63,0.009724,0.05
2023-08-27,273.69,0.007051,0.05
2023-08-28,271.79,0.002443,0.05
2023-08-29,268.5,0.002088,0.05
2023-08-30,270.86,3e-06,0.05
2023-08-31,273.17,0.0,0.05
2023-09-01,272.78,0.000154,0.05
2023-09-02,271.31,0.004185,0.05
2023-09-03,270.57,0.002328,0.05
2023-09-04,270.27,0.001339,0.05
2023-09-05,270.02,0.001721,0.05
2023-09-06,269.54,0.001238,0.05
2023-09-07,268.41,0.000833,0.05
2023-09-08,268.76,0.000201,0.05
2023-09-09,269.58,0.000168,0.05
2023-09-10,267.9,4.5e-05,0.05
2023-09-11,269.99,2e-06,0.05
2023-09-12,271.43,0.0,0.05
2023-09-13,271.09,1e-06,0.05
2023-09-14,269.43,0.000184,0.05
2023-09-15,270.18,0.000787,0.05
2023-09-16,271.3,0.000742,0.05
2023-09-17,272.37,0.003357,0.05
2023-09-18,272.07,0.003881,0.05
2023-09-19,271.29,0.001968,0.05
2023-09-20,270.45,0.000746,0.05
2023-09-21,271.53,0.003318,0.05
2023-09-22,270.01,0.005566,0.05
2023-09-23,268.84,0.003447,0.05
2023-09-24,267.65,0.002064,0.05
2023-09-25,265.78,0.004382,0.05
2023-09-26,265.09,0.000169,0.05
2023-09-27,262.86,0.000169,0.05
2023-09-28,263.94,0.000207,0.05
2023-09-29,264.59,0.002643,0.05
2023-09-30,263.48,0.002302,0.05
2023-10-01,261.48,0.0004,0.05
2023-10-02,264.51,0.001683,0.05
2023-10-03,262.33,0.000142,0.05
2023-10-04,263.27,9e-05,0.05
2023-10-05,261.72,2.3e-05,0.05
2023-10-06,264.82,0.001306,0.05
2023-10-07,264.16,0.001486,0.05
2023-10-08,264.26,0.001671,0.05
2023-10-09,264.0,0.005833,0.05
2023-10-10,262.17,0.002782,0.05
2023-10-11,257.6,2.6e-05,0.05
2023-10-12,261.88,1e-06,0.05
2023-10-13,262.54,0.000727,0.05
2023-10-14,261.32,0.004205,0.05
2023-10-15,258.45,0.000496,0.05
2023-10-16,261.4,0.005184,0.05
2023-10-17,261.6,0.002375,0.05
2023-10-18,255.96,6.6e-05,0.05
2023-10-19,254.29,1.1e-05,0.05
2023-10-20,253.61,8e-06,0.05
2023-10-21,255.94,1e-06,0.05
2023-10-22,257.18,0.000524,0.05
2023-10-23,251.51,5.2e-05,0.05
2023-10-24,251.21,1.1e-05,0.05
2023-10-25,253.32,1e-06,0.05
2023-10-26,255.59,1e-06,0.05
2023-10-27,255.88,2e-06,0.05
2023-10-28,255.2,0.0,0.05
2023-10-29,256.36,1e-06,0.05
2023-10-30,255.68,2e-06,0.05
2023-10-31,256.31,1e-06,0.05
2023-11-01,256.8,0.001147,0.05
2023-11-02,256.98,0.003175,0.05
2023-11-03,253.98,1.4e-05,0.05
2023-11-04,254.16,3e-06,0.05
2023-11-05,254.37,2e-06,0.05
2023-11-06,254.73,2e-06,0.05
2023-11-07,254.24,0.0,0.05
2023-11-08,254.85,1e-05,0.05
2023-11-09,254.64,0.004942,0.05
2023-11-10,254.98,0.004969,0.05
2023-11-11,252.44,4e-06,0.05
2023-11-12,254.3,0.0,0.05
2023-11-13,253.43,2e-06,0.05
2023-11-14,250.47,5e-06,0.05
2023-11-15,249.35,1e-06,0.05
2023-11-16,253.02,2e-06,0.05
2023-11-17,253.8,2e-06,0.05
2023-11-18,255.24,3.5e-05,0.05
2023-11-19,253.88,9.3e-05,0.05
2023-11-20,251.3,4e-06,0.05
2023-11-21,251.81,0.0,0.05
2023-11-22,253.51,2e-06,0.05
2023-11-23,254.29,0.001361,0.05
2023-11-24,247.94,0.000129,0.05
2023-11-25,252.69,1.5e-05,0.05
2023-11-26,253.94,0.00043,0.05
2023-11-27,252.85,0.001045,0.05
2023-11-28,248.84,5e-05,0.05
2023-11-29,249.31,6.5e-05,0.05
2023-11-30,254.9,0.004007,0.05
2023-12-01,253.69,0.001975,0.05
2023-12-02,247.73,3.7e-05,0.05
2023-12-03,251.47,2.7e-05,0.05
2023-12-04,250.51,0.0,0.05
2023-12-05,249.14,0.0,0.05
2023-12-06,249.92,0.0,0.05
2023-12-07,249.98,0.0,0.05
2023-12-08,251.26,6.7e-05,0.05
2023-12-09,248.97,0.000106,0.05
2023-12-10,246.41,1.3e-05,0.05
2023-12-11,249.7,0.000759,0.05
2023-12-12,250.04,0.000684,0.05
2023-12-13,250.03,0.000515,0.05
2023-12-14,247.18,0.000122,0.05
2023-12-15,248.6,0.000194,0.05
2023-12-16,250.83,0.003147,0.05
2023-12-17,249.83,0.000765,0.05
2023-12-18,246.94,4e-06,0.05
2023-12-19,250.28,1e-06,0.05
2023-12-20,251.71,1e-06,0.05
2023-12-21,251.2,0.0,0.05
2023-12-22,252.01,0.00015,0.05
2023-12-23,252.69,0.001769,0.05
2023-12-24,250.04,0.000739,0.05
2023-12-25,246.85,4.6e-05,0.05
2023-12-26,253.13,6e-06,0.05
2023-12-27,247.52,1.5e-05,0.05
2023-12-28,248.47,2e-06,0.05
2023-12-29,251.38,1.9e-05,0.05
2023-12-30,251.32,0.002269,0.05
2023-12-31,247.81,0.000148,0.05
2024-01-01,247.15,3e-06,0.05
2024-01-02,248.12,3e-06,0.05
2024-01-03,248.52,6e-06,0.05
2024-01-04,247.94,8.3e-05,0.05
2024-01-05,249.03,0.001029,0.05
2024-01-06,247.61,9e-06,0.05
2024-01-07,248.62,1.2e-05,0.05
2024-01-08,248.94,0.000444,0.05
2024-01-09,246.31,7.2e-05,0.05
2024-01-10,248.94,2e-06,0.05
2024-01-11,250.49,3e-06,0.05
2024-01-12,252.51,0.001679,0.05
2024-01-13,254.41,0.003138,0.05
2024-01-14,249.52,0.000185,0.05
2024-01-15,249.45,0.000211,0.05
2024-01-16,247.71,0.00025,0.05
2024-01-17,247.52,3.8e-05,0.05
2024-01-18,246.41,5e-06,0.05
2024-01-19,248.0,3.3e-05,0.05
2024-01-20,248.14,4e-05,0.05
2024-01-21,247.11,0.0,0.05
2024-01-22,248.92,2e-06,0.05
2024-01-23,248.46,1e-06,0.05
2024-01-24,246.76,2e-06,0.05
2024-01-25,247.79,0.000232,0.05
2024-01-26,249.24,0.001528,0.05
2024-01-27,248.52,0.000366,0.05
2024-01-28,252.27,0.004911,0.05
2024-01-29,253.42,0.00554,0.05
2024-01-30,253.02,0.004504,0.05
2024-01-31,252.96,0.011284,0.05
2024-02-01,252.62,0.004858,0.05
2024-02-02,248.99,0.000244,0.05
2024-02-03,250.69,0.004447,0.05
2024-02-04,253.13,0.004352,0.05
2024-02-05,251.2,0.00013,0.05
2024-02-06,248.3,8.3e-05,0.05
2024-02-07,246.2,2e-05,0.05
2024-02-08,245.25,-0.0,0.05
2024-02-09,247.96,1e-06,0.05
2024-02-10,247.94,1e-06,0.05
2024-02-11,248.38,0.0,0.05
2024-02-12,249.19,5.9e-05,0.05
2024-02-13,248.58,0.0,0.05
2024-02-14,248.01,2e-06,0.05
2024-02-15,251.56,1e-06,0.05
2024-02-16,253.02,0.000533,0.05
2024-02-17,254.74,0.006851,0.05
2024-02-18,256.95,0.018809,0.05
2024-02-19,258.11,0.020059,0.05
2024-02-20,254.7,0.006768,0.05
2024-02-21,252.7,0.001904,0.05
2024-02-22,251.35,0.000727,0.05
2024-02-23,249.1,4.2e-05,0.05
2024-02-24,250.1,0.000838,0.05
2024-02-25,250.43,0.000496,0.05
2024-02-26,251.68,0.003624,0.05
2024-02-27,253.57,0.000697,0.05
2024-02-28,253.6,0.001142,0.05
2024-02-29,254.42,0.003232,0.05
2024-03-01,257.19,0.015798,0.05
2024-03-02,258.09,0.0145,0.05
2024-03-03,255.33,0.001016,0.05
2024-03-04,252.76,0.000849,0.05
2024-03-05,252.0,5.9e-05,0.05
2024-03-06,253.17,0.001968,0.05
2024-03-07,255.21,0.002859,0.05
2024-03-08,254.84,0.001417,0.05
2024-03-09,252.99,1.1e-05,0.05
2024-03-10,255.07,0.002467,0.05
2024-03-11,256.64,0.003196,0.05
2024-03-12,256.01,0.001013,0.05
2024-03-13,256.83,0.007521,0.05
2024-03-14,256.77,0.002708,0.05
2024-03-15,253.87,9e-05,0.05
2024-03-16,253.42,0.00014,0.05
2024-03-17,252.5,4e-06,0.05
2024-03-18,254.92,5.3e-05,0.05
2024-03-19,254.38,4e-06,0.05
2024-03-20,257.33,2.5e-05,0.05
2024-03-21,258.28,0.005381,0.05
2024-03-22,258.64,0.003076,0.05
2024-03-23,257.38,0.000818,0.05
2024-03-24,258.73,0.000804,0.05
2024-03-25,253.46,4.1e-05,0.05
2024-03-26,259.55,0.000112,0.05
2024-03-27,260.62,0.002792,0.05
2024-03-28,262.67,0.006927,0.05
2024-03-29,262.51,0.015989,0.05
2024-03-30,262.7,0.010838,0.05
2024-03-31,260.66,0.003579,0.05
2024-04-01,257.28,1.9e-05,0.05
2024-04-02,257.96,0.000693,0.05
2024-04-03,259.27,0.005686,0.05
2024-04-04,258.61,0.000878,0.05
2024-04-05,258.48,0.001338,0.05
2024-04-06,256.38,2.3e-05,0.05
2024-04-07,254.4,4e-05,0.05
2024-04-08,255.84,2e-06,0.05
2024-04-09,257.67,2e-06,0.05
2024-04-10,258.28,7.8e-05,0.05
2024-04-11,257.91,0.000958,0.05
2024-04-12,258.05,9.2e-05,0.05
2024-04-13,261.72,0.002533,0.05
2024-04-14,262.61,0.013577,0.05
2024-04-15,264.12,0.018475,0.05
2024-04-16,262.85,0.002276,0.05
2024-04-17,261.02,0.000551,0.05
2024-04-18,263.8,0.006574,0.05
2024-04-19,264.48,0.000796,0.05
2024-04-20,263.43,0.000396,0.05
2024-04-21,260.46,1.9e-05,0.05
2024-04-22,260.81,1.5e-05,0.05
2024-04-23,256.34,2.8e-05,0.05
2024-04-24,259.8,2e-06,0.05
2024-04-25,260.74,1e-06,0.05
2024-04-26,261.64,0.000688,0.05
2024-04-27,262.37,0.010306,0.05
2024-04-28,263.43,0.013185,0.05
2024-04-29,263.38,0.01469,0.05
2024-04-30,263.08,0.002491,0.05
2024-05-01,262.45,0.000593,0.05
2024-05-02,261.43,3e-06,0.05
2024-05-03,263.06,0.003051,0.05
2024-05-04,264.47,0.000771,0.05
2024-05-05,262.93,2.8e-05,0.05
2024-05-06,261.85,1e-05,0.05
2024-05-07,259.68,2.1e-05,0.05
2024-05-08,264.25,1e-06,0.05
2024-05-09,264.64,1e-06,0.05
2024-05-10,264.79,2e-06,0.05
2024-05-11,264.77,0.0,0.05
2024-05-12,263.66,0.005585,0.05
2024-05-13,261.43,0.000284,0.05
2024-05-14,261.96,5e-06,0.05
2024-05-15,265.13,1e-06,0.05
2024-05-16,265.15,3e-06,0.05
2024-05-17,265.54,-0.0,0.05
2024-05-18,266.41,6e-06,0.05
2024-05-19,267.27,5.9e-05,0.05
2024-05-20,265.58,0.00015,0.05
2024-05-21,261.65,1.9e-05,0.05
2024-05-22,265.3,4e-06,0.05
2024-05-23,266.79,0.0,0.05
2024-05-24,266.48,1e-06,0.05
2024-05-25,264.42,1.3e-05,0.05
2024-05-26,262.69,2.5e-05,0.05
2024-05-27,263.3,0.00013,0.05
2024-05-28,266.7,0.000226,0.05
2024-05-29,267.6,0.006819,0.05
2024-05-30,266.77,0.004781,0.05
2024-05-31,267.25,0.004619,0.05
2024-06-01,266.81,0.003653,0.05
2024-06-02,263.42,3.4e-05,0.05
2024-06-03,264.7,1.3e-05,0.05
2024-06-04,268.1,0.000268,0.05
2024-06-05,267.97,0.004854,0.05
2024-06-06,267.38,0.005516,0.05
2024-06-07,267.19,0.002892,0.05
2024-06-08,266.56,0.001843,0.05
2024-06-09,264.68,3e-05,0.05
2024-06-10,266.09,8e-06,0.05
2024-06-11,263.35,1.8e-05,0.05
2024-06-12,264.83,8e-06,0.05
2024-06-13,266.83,5e-06,0.05
2024-06-14,265.04,1.4e-05,0.05
2024-06-15,264.05,2.1e-05,0.05
2024-06-16,266.17,1.4e-05,0.05
2024-06-17,269.82,1e-06,0.05
2024-06-18,267.9,8.2e-05,0.05
2024-06-19,269.03,0.000911,0.05
2024-06-20,269.51,0.002724,0.05
2024-06-21,269.49,0.0008,0.05
2024-06-22,269.82,0.005023,0.05
2024-06-23,270.35,5.3e-05,0.05
2024-06-24,269.62,0.000122,0.05
2024-06-25,267.99,1.9e-05,0.05
2024-06-26,269.71,0.000151,0.05
2024-06-27,270.77,6.7e-05,0.05
2024-06-28,271.25,5.9e-05,0.05
2024-06-29,274.45,3.5e-05,0.05
2024-06-30,275.48,2.7e-05,0.05
2024-07-01,274.85,4.3e-05,0.05
2024-07-02,275.36,0.000202,0.05
2024-07-03,275.07,3.8e-05,0.05
2024-07-04,273.68,0.000308,0.05
2024-07-05,275.53,0.003062,0.05
2024-07-06,274.84,0.008169,0.05
2024-07-07,274.3,0.004319,0.05
2024-07-08,274.3,0.001887,0.05
2024-07-09,274.73,0.000486,0.05
2024-07-10,274.58,0.002669,0.05
2024-07-11,274.94,0.002124,0.05
2024-07-12,274.23,0.001012,0.05
2024-07-13,273.83,0.003302,0.05
2024-07-14,273.7,0.004448,0.05
2024-07-15,274.53,0.001441,0.05
2024-07-16,273.84,0.001183,0.05
2024-07-17,274.19,0.000311,0.05
2024-07-18,274.35,0.003524,0.05
2024-07-19,275.44,0.000808,0.05
2024-07-20,274.88,0.000326,0.05
2024-07-21,275.25,0.000677,0.05
2024-07-22,276.2,0.000414,0.05
2024-07-23,275.83,0.000496,0.05
2024-07-24,276.31,0.001603,0.05
2024-07-25,276.7,0.000175,0.05
2024-07-26,277.48,5.5e-05,0.05
2024-07-27,277.1,1.8e-05,0.05
2024-07-28,277.72,1.8e-05,0.05
2024-07-29,278.21,0.000785,0.05
2024-07-30,278.08,0.001827,0.05
2024-07-31,278.88,0.00078,0.05
2024-08-01,279.98,0.00047,0.05
2024-08-02,278.54,8.5e-05,0.05
2024-08-03,278.53,0.000447,0.05
2024-08-04,278.49,0.001849,0.05
2024-08-05,278.84,0.00068,0.05
2024-08-06,278.23,0.001391,0.05
2024-08-07,277.74,0.001355,0.05
2024-08-08,275.2,9e-06,0.05
2024-08-09,276.58,4e-06,0.05
2024-08-10,276.24,7.6e-05,0.05
2024-08-11,277.91,0.000333,0.05
2024-08-12,277.33,0.000269,0.05
2024-08-13,277.4,3.2e-05,0.05
2024-08-14,276.85,7e-05,0.05
2024-08-15,277.54,0.001233,0.05
2024-08-16,277.14,0.001649,0.05
2024-08-17,277.68,0.004305,0.05
2024-08-18,277.21,0.004622,0.05
2024-08-19,276.88,0.003517,0.05
2024-08-20,275.89,0.004805,0.05
2024-08-21,275.43,0.001874,0.05
2024-08-22,274.75,0.000522,0.05
2024-08-23,274.12,0.000241,0.05
2024-08-24,271.06,0.0003,0.05
2024-08-25,273.77,0.000444,0.05
2024-08-26,273.84,0.000432,0.05
2024-08-27,275.09,0.00347,0.05
2024-08-28,275.03,0.009576,0.05
2024-08-29,275.7,0.016817,0.05
2024-08-30,275.66,0.004654,0.05
2024-08-31,275.47,0.002243,0.05
2024-09-01,275.28,0.002604,0.05
2024-09-02,275.81,0.007945,0.05
2024-09-03,275.5,0.00688,0.05
2024-09-04,275.04,0.000599,0.05
2024-09-05,273.5,1.4e-05,0.05
2024-09-06,274.58,0.005081,0.05
2024-09-07,273.89,0.00748,0.05
2024-09-08,272.98,0.002003,0.05
2024-09-09,271.65,0.001543,0.05
2024-09-10,271.12,0.001095,0.05
2024-09-11,269.85,0.000869,0.05
2024-09-12,266.31,6.5e-05,0.05
2024-09-13,268.28,0.000598,0.05
2024-09-14,268.92,0.001814,0.05
2024-09-15,267.96,0.00073,0.05
2024-09-16,266.05,0.00017,0.05
2024-09-17,267.02,0.000735,0.05
2024-09-18,265.03,0.000151,0.05
2024-09-19,268.68,0.000308,0.05
2024-09-20,269.48,0.001669,0.05
2024-09-21,267.3,3.2e-05,0.05
2024-09-22,265.75,4.3e-05,0.05
2024-09-23,271.63,1e-06,0.05
2024-09-24,271.29,1e-06,0.05
2024-09-25,271.06,0.0,0.05
2024-09-26,270.77,0.001291,0.05
2024-09-27,270.21,0.00691,0.05
2024-09-28,267.8,0.002562,0.05
2024-09-29,265.93,7e-05,0.05
2024-09-30,264.66,4.4e-05,0.05
2024-10-01,264.77,1.7e-05,0.05
2024-10-02,263.66,2.8e-05,0.05
2024-10-03,262.99,5.3e-05,0.05
2024-10-04,263.52,4.1e-05,0.05
2024-10-05,264.72,0.001761,0.05
2024-10-06,264.54,0.004159,0.05
2024-10-07,262.17,7.1e-05,0.05
2024-10-08,264.93,0.006395,0.05
2024-10-09,263.05,0.000862,0.05
2024-10-10,260.08,7.3e-05,0.05
2024-10-11,260.06,1.3e-05,0.05
2024-10-12,262.42,0.0,0.05
2024-10-13,262.52,1e-06,0.05
2024-10-14,260.45,5e-06,0.05
2024-10-15,260.43,4e-06,0.05
2024-10-16,260.88,0.002652,0.05
2024-10-17,262.48,0.001168,0.05
2024-10-18,259.77,0.000337,0.05
2024-10-19,259.33,5e-06,0.05
2024-10-20,260.91,2e-06,0.05
2024-10-21,260.96,1e-06,0.05
2024-10-22,261.23,1e-06,0.05
2024-10-23,259.23,0.00182,0.05
2024-10-24,260.55,0.001929,0.05
2024-10-25,258.11,9.5e-05,0.05
2024-10-26,257.77,3.6e-05,0.05
2024-10-27,261.38,0.000451,0.05
2024-10-28,264.74,0.006659,0.05
2024-10-29,261.71,0.009015,0.05
2024-10-30,261.51,0.001922,0.05
