date,temperature_2m_k,total_precip_m_day,snow_depth_m_we
2016-01-01,265.05,1.2e-05,0.05
2016-01-02,263.75,8.7e-05,0.05
2016-01-03,263.93,0.001246,0.05
2016-01-04,265.78,0.000116,0.05
2016-01-05,263.95,0.001761,0.05
2016-01-06,265.31,0.000216,0.05
2016-01-07,264.77,0.000288,0.05
2016-01-08,261.4,0.000492,0.05
2016-01-09,261.52,0.000828,0.05
2016-01-10,265.26,0.000283,0.05
2016-01-11,266.55,5e-05,0.05
2016-01-12,266.26,9.6e-05,0.05
2016-01-13,262.77,0.000377,0.05
2016-01-14,263.95,0.000139,0.05
2016-01-15,261.44,0.000218,0.05
2016-01-16,263.91,0.00043,0.05
2016-01-17,263.33,0.000205,0.05
2016-01-18,262.76,0.000646,0.05
2016-01-19,262.53,0.011054,0.05
2016-01-20,257.69,0.001049,0.05
2016-01-21,258.93,0.000526,0.05
2016-01-22,259.67,0.00053,0.05
2016-01-23,259.15,0.000228,0.05
2016-01-24,260.14,0.000287,0.05
2016-01-25,258.38,0.000258,0.05
2016-01-26,259.43,0.001993,0.05
2016-01-27,257.86,0.000749,0.05
2016-01-28,261.96,6.2e-05,0.05
2016-01-29,263.65,9.8e-05,0.05
2016-01-30,264.76,0.000223,0.05
2016-01-31,266.08,0.000547,0.05
2016-02-01,264.5,8.4e-05,0.05
2016-02-02,266.17,8.8e-05,0.05
2016-02-03,266.22,7e-06,0.05
2016-02-04,269.48,1e-06,0.05
2016-02-05,271.43,0.0,0.05
2016-02-06,270.96,1e-06,0.05
2016-02-07,266.76,0.001704,0.05
2016-02-08,260.72,0.011837,0.05
2016-02-09,260.34,0.000174,0.05
2016-02-10,262.38,0.000128,0.05
2016-02-11,260.29,5.2e-05,0.05
2016-02-12,263.71,3.4e-05,0.05
2016-02-13,262.5,3.5e-05,0.05
2016-02-14,262.18,9e-06,0.05
2016-02-15,263.38,3e-06,0.05
2016-02-16,265.48,3e-06,0.05
2016-02-17,267.06,1e-06,0.05
2016-02-18,269.73,0.0,0.05
2016-02-19,272.16,4.6e-05,0.05
2016-02-20,270.14,0.00252,0.05
2016-02-21,267.34,2.3e-05,0.05
2016-02-22,267.57,0.000104,0.05
2016-02-23,266.44,0.000147,0.05
2016-02-24,264.11,0.000622,0.05
2016-02-25,263.75,0.000608,0.05
2016-02-26,263.91,0.00077,0.05
2016-02-27,264.4,0.00475,0.05
2016-02-28,264.09,0.005064,0.05
2016-02-29,264.05,0.000933,0.05
2016-03-01,264.39,0.00097,0.05
2016-03-02,265.76,0.001188,0.05
2016-03-03,265.68,0.00169,0.05
2016-03-04,266.0,0.00252,0.05
2016-03-05,265.78,0.001247,0.05
2016-03-06,265.4,0.000417,0.05
2016-03-07,265.14,1.3e-05,0.05
2016-03-08,265.23,0.000134,0.05
2016-03-09,265.72,0.000139,0.05
2016-03-10,266.81,7.7e-05,0.05
2016-03-11,268.11,0.000137,0.05
2016-03-12,268.2,0.000575,0.05
2016-03-13,267.4,0.002445,0.05
2016-03-14,264.84,0.002892,0.05
2016-03-15,264.94,0.000418,0.05
2016-03-16,264.72,0.000171,0.05
2016-03-17,266.36,0.000897,0.05
2016-03-18,267.13,0.001474,0.05
2016-03-19,267.2,0.001615,0.05
2016-03-20,267.18,0.00079,0.05
2016-03-21,266.01,0.000441,0.05
2016-03-22,264.88,0.000119,0.05
2016-03-23,267.7,0.000193,0.05
2016-03-24,270.41,0.000166,0.05
2016-03-25,272.83,0.0005,0.05
2016-03-26,272.98,0.000476,0.05
2016-03-27,271.13,0.002459,0.05
2016-03-28,265.49,0.012462,0.05
2016-03-29,268.82,0.000146,0.05
2016-03-30,268.2,0.00331,0.05
2016-03-31,267.67,0.004706,0.05
2016-04-01,269.86,0.001197,0.05
2016-04-02,272.85,0.001399,0.05
2016-04-03,273.55,0.001853,0.05
2016-04-04,273.16,0.001292,0.05
2016-04-05,272.08,0.001053,0.05
2016-04-06,271.21,0.000106,0.05
2016-04-07,270.49,0.001241,0.05
2016-04-08,269.37,0.000125,0.05
2016-04-09,270.48,1e-06,0.05
2016-04-10,272.06,0.000759,0.05
2016-04-11,271.23,0.001317,0.05
2016-04-12,271.15,3.4e-05,0.05
2016-04-13,270.33,0.000679,0.05
2016-04-14,269.4,0.004426,0.05
2016-04-15,272.26,0.001816,0.05
2016-04-16,272.24,0.002338,0.05
2016-04-17,273.02,0.002496,0.05
2016-04-18,272.34,0.002916,0.05
2016-04-19,273.24,0.001076,0.05
2016-04-20,273.31,0.001051,0.05
2016-04-21,272.53,0.002061,0.05
2016-04-22,271.68,0.000916,0.05
2016-04-23,270.07,0.000892,0.05
2016-04-24,269.77,3e-05,0.05
2016-04-25,270.8,1e-06,0.05
2016-04-26,272.06,2.5e-05,0.05
2016-04-27,271.67,7.8e-05,0.05
2016-04-28,270.85,0.000135,0.05
2016-04-29,271.03,6e-06,0.05
2016-04-30,271.06,2.3e-05,0.05
2016-05-01,271.41,0.001621,0.05
2016-05-02,272.81,0.001008,0.05
2016-05-03,272.75,0.000412,0.05
2016-05-04,271.9,0.005364,0.05
2016-05-05,271.28,0.004754,0.05
2016-05-06,272.1,0.004434,0.05
2016-05-07,271.78,0.00336,0.05
2016-05-08,272.6,0.004625,0.05
2016-05-09,273.84,0.005272,0.05
2016-05-10,273.69,0.004911,0.05
2016-05-11,274.04,0.007699,0.05
2016-05-12,273.64,0.006975,0.05
2016-05-13,273.68,0.006296,0.05
2016-05-14,274.45,0.00487,0.05
2016-05-15,274.21,0.001737,0.05
2016-05-16,274.41,0.002098,0.05
2016-05-17,273.77,0.001396,0.05
2016-05-18,274.84,0.001853,0.05
2016-05-19,275.41,0.0036,0.05
2016-05-20,274.89,0.011808,0.05
2016-05-21,274.57,0.007984,0.05
2016-05-22,276.58,0.00407,0.05
2016-05-23,275.35,0.004953,0.05
2016-05-24,274.74,0.010496,0.05
2016-05-25,272.88,0.001681,0.05
2016-05-26,272.68,0.00374,0.05
2016-05-27,274.8,0.005419,0.05
2016-05-28,273.96,0.013791,0.05
2016-05-29,273.06,0.004378,0.05
2016-05-30,273.76,0.002411,0.05
2016-05-31,273.4,0.003942,0.05
2016-06-01,275.36,0.002037,0.05
2016-06-02,276.19,0.00635,0.05
2016-06-03,276.46,0.002311,0.05
2016-06-04,276.41,0.007238,0.05
2016-06-05,276.53,0.007742,0.05
2016-06-06,276.86,0.00704,0.05
2016-06-07,276.71,0.002403,0.05
2016-06-08,276.76,0.002899,0.05
2016-06-09,276.54,0.006338,0.05
2016-06-10,276.93,0.008247,0.05
2016-06-11,277.5,0.006244,0.05
2016-06-12,277.65,0.006529,0.05
2016-06-13,277.76,0.006299,0.05
2016-06-14,278.44,0.004652,0.05
2016-06-15,278.14,0.012384,0.05
2016-06-16,277.61,0.012724,0.05
2016-06-17,277.86,0.01108,0.05
2016-06-18,278.32,0.020505,0.05
2016-06-19,277.77,0.021708,0.05
2016-06-20,278.17,0.009106,0.05
2016-06-21,278.14,0.010469,0.05
2016-06-22,278.19,0.00723,0.05
2016-06-23,278.2,0.00789,0.05
2016-06-24,278.36,0.00644,0.05
2016-06-25,278.12,0.029774,0.05
2016-06-26,278.69,0.01921,0.05
2016-06-27,278.87,0.012846,0.05
2016-06-28,278.92,0.013611,0.05
2016-06-29,279.18,0.01099,0.05
2016-06-30,279.07,0.018547,0.05
2016-07-01,277.76,0.02608,0.05
2016-07-02,277.66,0.011815,0.05
2016-07-03,278.71,0.016176,0.05
2016-07-04,278.93,0.013251,0.05
2016-07-05,278.96,0.020073,0.05
2016-07-06,279.04,0.011807,0.05
2016-07-07,279.31,0.017043,0.05
2016-07-08,279.19,0.01489,0.05
2016-07-09,279.53,0.02167,0.05
2016-07-10,279.36,0.031662,0.05
2016-07-11,278.25,0.020527,0.05
2016-07-12,279.05,0.011194,0.05
2016-07-13,279.22,0.01585,0.05
2016-07-14,279.64,0.02944,0.05
2016-07-15,279.08,0.040778,0.05
2016-07-16,279.03,0.015576,0.05
2016-07-17,278.17,0.012377,0.05
2016-07-18,278.67,0.010445,0.05
2016-07-19,278.35,0.025447,0.05
2016-07-20,278.55,0.024091,0.05
2016-07-21,277.72,0.036778,0.05
2016-07-22,277.01,0.019896,0.05
2016-07-23,277.48,0.02151,0.05
2016-07-24,277.51,0.029157,0.05
2016-07-25,277.54,0.046062,0.05
2016-07-26,277.08,0.020452,0.05
2016-07-27,276.94,0.018273,0.05
2016-07-28,276.59,0.017371,0.05
2016-07-29,276.79,0.010398,0.05
2016-07-30,276.89,0.021222,0.05
2016-07-31,276.48,0.019178,0.05
2016-08-01,276.57,0.012142,0.05
2016-08-02,276.96,0.009061,0.05
2016-08-03,277.53,0.005829,0.05
2016-08-04,278.55,0.004961,0.05
2016-08-05,278.88,0.008851,0.05
2016-08-06,278.55,0.009443,0.05
2016-08-07,278.26,0.008772,0.05
2016-08-08,278.24,0.008454,0.05
2016-08-09,277.83,0.009012,0.05
2016-08-10,277.84,0.008042,0.05
2016-08-11,278.01,0.01155,0.05
2016-08-12,278.41,0.012031,0.05
2016-08-13,278.8,0.008022,0.05
2016-08-14,278.58,0.011401,0.05
2016-08-15,278.25,0.008985,0.05
2016-08-16,278.02,0.011498,0.05
2016-08-17,278.25,0.009422,0.05
2016-08-18,278.36,0.00998,0.05
2016-08-19,278.42,0.00815,0.05
2016-08-20,278.95,0.001388,0.05
2016-08-21,278.69,0.009355,0.05
2016-08-22,277.91,0.013761,0.05
2016-08-23,278.02,0.006287,0.05
2016-08-24,277.63,0.007122,0.05
2016-08-25,277.55,0.008776,0.05
2016-08-26,277.42,0.008466,0.05
2016-08-27,277.2,0.004935,0.05
2016-08-28,277.79,0.007855,0.05
2016-08-29,278.35,0.003891,0.05
2016-08-30,278.12,0.014305,0.05
2016-08-31,278.31,0.016339,0.05
2016-09-01,278.45,0.010472,0.05
2016-09-02,278.63,0.014136,0.05
2016-09-03,277.38,0.045437,0.05
2016-09-04,277.47,0.014024,0.05
2016-09-05,277.44,0.016949,0.05
2016-09-06,277.71,0.005843,0.05
2016-09-07,277.9,0.007584,0.05
2016-09-08,277.68,0.005802,0.05
2016-09-09,278.13,0.007417,0.05
2016-09-10,277.81,0.008419,0.05
2016-09-11,277.34,0.019447,0.05
2016-09-12,276.15,0.029423,0.05
2016-09-13,275.93,0.009676,0.05
2016-09-14,276.53,0.004945,0.05
2016-09-15,276.99,0.004564,0.05
2016-09-16,277.32,0.005318,0.05
2016-09-17,276.89,0.009108,0.05
2016-09-18,276.89,0.003815,0.05
2016-09-19,277.49,0.004891,0.05
2016-09-20,276.89,0.0095,0.05
2016-09-21,275.89,0.020208,0.05
2016-09-22,275.51,0.006849,0.05
2016-09-23,275.22,0.002578,0.05
2016-09-24,275.61,0.010926,0.05
2016-09-25,275.17,0.0143,0.05
2016-09-26,275.43,0.003623,0.05
2016-09-27,275.98,0.003996,0.05
2016-09-28,275.58,0.008972,0.05
2016-09-29,275.83,0.007798,0.05
2016-09-30,276.5,0.00587,0.05
2016-10-01,276.83,0.006763,0.05
2016-10-02,276.19,0.006288,0.05
2016-10-03,275.74,0.003378,0.05
2016-10-04,276.21,0.005134,0.05
2016-10-05,275.73,0.007172,0.05
2016-10-06,275.73,0.005054,0.05
2016-10-07,275.96,0.004804,0.05
2016-10-08,275.93,0.017256,0.05
2016-10-09,274.9,0.004383,0.05
2016-10-10,273.75,0.005124,0.05
2016-10-11,273.75,0.000748,0.05
2016-10-12,273.98,0.002089,0.05
2016-10-13,274.25,0.003476,0.05
2016-10-14,273.88,0.002139,0.05
2016-10-15,273.76,0.002735,0.05
2016-10-16,273.01,0.001126,0.05
2016-10-17,273.0,0.001454,0.05
2016-10-18,272.72,0.002071,0.05
2016-10-19,271.67,0.003848,0.05
2016-10-20,273.14,0.001185,0.05
2016-10-21,272.94,0.001182,0.05
2016-10-22,272.49,0.002005,0.05
2016-10-23,272.95,0.001258,0.05
2016-10-24,273.65,0.000615,0.05
2016-10-25,271.8,0.000469,0.05
2016-10-26,270.39,0.000217,0.05
2016-10-27,270.02,3.1e-05,0.05
2016-10-28,270.29,0.000615,0.05
2016-10-29,269.2,0.000277,0.05
2016-10-30,269.19,0.000247,0.05
2016-10-31,269.63,0.000484,0.05
2016-11-01,268.93,0.000489,0.05
2016-11-02,268.98,3.5e-05,0.05
2016-11-03,268.56,0.000582,0.05
2016-11-04,268.7,1e-06,0.05
2016-11-05,269.03,0.000131,0.05
2016-11-06,269.14,0.000154,0.05
2016-11-07,269.09,0.000125,0.05
2016-11-08,270.99,0.00026,0.05
2016-11-09,272.41,2.8e-05,0.05
2016-11-10,272.52,8.9e-05,0.05
2016-11-11,272.14,0.000217,0.05
2016-11-12,271.23,4.2e-05,0.05
2016-11-13,270.58,1e-06,0.05
2016-11-14,270.08,0.0,0.05
2016-11-15,267.71,1e-06,0.05
2016-11-16,266.98,3e-06,0.05
2016-11-17,268.53,3e-06,0.05
2016-11-18,269.88,0.0,0.05
2016-11-19,269.74,2.3e-05,0.05
2016-11-20,270.26,5.3e-05,0.05
2016-11-21,270.75,1e-06,0.05
2016-11-22,272.51,3e-06,0.05
2016-11-23,271.55,1e-06,0.05
2016-11-24,271.27,2e-06,0.05
2016-11-25,271.48,0.0,0.05
2016-11-26,271.21,1e-06,0.05
2016-11-27,271.41,0.000284,0.05
2016-11-28,270.56,0.000302,0.05
2016-11-29,270.44,0.000152,0.05
2016-11-30,270.11,0.000537,0.05
2016-12-01,269.2,0.000462,0.05
2016-12-02,268.53,0.001604,0.05
2016-12-03,268.06,0.00037,0.05
2016-12-04,269.78,1e-06,0.05
2016-12-05,270.01,0.0,0.05
2016-12-06,270.12,5e-06,0.05
2016-12-07,271.67,8e-06,0.05
2016-12-08,271.12,2e-06,0.05
2016-12-09,270.92,1e-06,0.05
2016-12-10,271.96,-0.0,0.05
2016-12-11,271.63,0.0,0.05
2016-12-12,272.79,1e-06,0.05
2016-12-13,272.14,0.0,0.05
2016-12-14,269.08,1e-06,0.05
2016-12-15,270.3,1e-06,0.05
2016-12-16,271.02,5e-06,0.05
2016-12-17,271.49,8e-06,0.05
2016-12-18,271.0,9e-06,0.05
2016-12-19,272.56,0.0,0.05
2016-12-20,274.26,0.0,0.05
2016-12-21,274.68,3e-06,0.05
2016-12-22,272.7,6.7e-05,0.05
2016-12-23,270.81,0.001018,0.05
2016-12-24,269.11,0.000233,0.05
2016-12-25,265.31,0.000521,0.05
2016-12-26,263.33,0.000294,0.05
2016-12-27,266.75,2.4e-05,0.05
2016-12-28,268.03,3.2e-05,0.05
2016-12-29,267.6,0.000221,0.05
2016-12-30,264.89,0.000725,0.05
2016-12-31,263.16,0.000539,0.05
2017-01-01,261.87,0.001607,0.05
2017-01-02,260.79,0.001072,0.05
2017-01-03,261.17,0.00058,0.05
2017-01-04,261.88,0.000204,0.05
2017-01-05,260.55,6.6e-05,0.05
2017-01-06,262.92,5e-05,0.05
2017-01-07,261.81,0.000193,0.05
2017-01-08,261.73,0.000108,0.05
2017-01-09,260.38,0.000124,0.05
2017-01-10,259.39,0.000199,0.05
2017-01-11,259.27,0.000223,0.05
2017-01-12,258.68,0.000479,0.05
2017-01-13,258.35,2.8e-05,0.05
2017-01-14,262.12,3e-06,0.05
2017-01-15,263.49,8e-05,0.05
2017-01-16,263.39,2.4e-05,0.05
2017-01-17,262.59,0.000153,0.05
2017-01-18,262.69,1.5e-05,0.05
2017-01-19,263.5,2e-06,0.05
2017-01-20,265.23,1e-06,0.05
2017-01-21,267.51,0.0,0.05
2017-01-22,266.54,2e-06,0.05
2017-01-23,265.84,2e-06,0.05
2017-01-24,268.19,1e-06,0.05
2017-01-25,268.49,9e-06,0.05
2017-01-26,267.89,0.001918,0.05
2017-01-27,262.39,0.015514,0.05
2017-01-28,259.81,0.0,0.05
2017-01-29,263.16,5.9e-05,0.05
2017-01-30,262.75,0.000158,0.05
2017-01-31,261.34,0.000123,0.05
2017-02-01,261.25,0.000123,0.05
2017-02-02,263.36,2e-05,0.05
2017-02-03,267.49,1.1e-05,0.05
2017-02-04,269.43,3e-06,0.05
2017-02-05,268.54,0.0,0.05
2017-02-06,264.0,0.000266,0.05
2017-02-07,265.15,2.7e-05,0.05
2017-02-08,266.84,2.8e-05,0.05
2017-02-09,265.11,3.9e-05,0.05
2017-02-10,263.74,5e-06,0.05
2017-02-11,264.01,3e-06,0.05
2017-02-12,262.81,0.000117,0.05
2017-02-13,262.85,0.000345,0.05
2017-02-14,264.36,0.000975,0.05
2017-02-15,265.92,0.000347,0.05
2017-02-16,267.61,0.001556,0.05
2017-02-17,269.57,0.000137,0.05
2017-02-18,270.23,0.000326,0.05
2017-02-19,270.4,0.001243,0.05
2017-02-20,267.08,0.000581,0.05
2017-02-21,264.97,0.000108,0.05
2017-02-22,264.71,0.000308,0.05
2017-02-23,264.97,9.9e-05,0.05
2017-02-24,266.39,9.2e-05,0.05
2017-02-25,267.35,0.000799,0.05
2017-02-26,267.03,0.000575,0.05
2017-02-27,266.67,0.001169,0.05
2017-02-28,267.46,0.000404,0.05
2017-03-01,266.84,0.000718,0.05
2017-03-02,264.84,0.000249,0.05
2017-03-03,264.45,0.001151,0.05
2017-03-04,263.79,6e-05,0.05
2017-03-05,262.75,9.4e-05,0.05
2017-03-06,263.51,3.5e-05,0.05
2017-03-07,264.28,0.000287,0.05
2017-03-08,263.62,0.000887,0.05
2017-03-09,263.93,0.002012,0.05
2017-03-10,263.54,0.022777,0.05
2017-03-11,261.82,0.019331,0.05
2017-03-12,258.04,0.000245,0.05
2017-03-13,262.19,8e-06,0.05
2017-03-14,260.11,4.7e-05,0.05
2017-03-15,263.07,5e-06,0.05
2017-03-16,261.87,0.000421,0.05
2017-03-17,260.43,0.001245,0.05
2017-03-18,258.24,0.000109,0.05
2017-03-19,260.65,0.00011,0.05
2017-03-20,261.32,0.001298,0.05
2017-03-21,266.28,6e-06,0.05
2017-03-22,269.25,0.000115,0.05
2017-03-23,269.82,0.000393,0.05
2017-03-24,268.62,0.001035,0.05
2017-03-25,269.55,0.00064,0.05
2017-03-26,269.75,0.001588,0.05
2017-03-27,271.77,0.001914,0.05
2017-03-28,272.2,0.001399,0.05
2017-03-29,272.61,0.002509,0.05
2017-03-30,272.89,0.00193,0.05
2017-03-31,272.44,0.00107,0.05
2017-04-01,271.18,0.000723,0.05
2017-04-02,269.18,0.000603,0.05
2017-04-03,268.92,0.001515,0.05
2017-04-04,270.09,0.000395,0.05
2017-04-05,269.97,0.002646,0.05
2017-04-06,270.82,8.5e-05,0.05
2017-04-07,270.02,9.4e-05,0.05
2017-04-08,268.52,0.000131,0.05
2017-04-09,268.04,0.0,0.05
2017-04-10,267.17,6.2e-05,0.05
2017-04-11,268.16,0.001457,0.05
2017-04-12,268.97,0.000801,0.05
2017-04-13,269.44,0.004153,0.05
2017-04-14,269.98,0.005897,0.05
2017-04-15,268.69,0.006549,0.05
2017-04-16,269.22,0.001575,0.05
2017-04-17,272.12,0.002516,0.05
2017-04-18,274.52,0.000932,0.05
2017-04-19,273.22,0.005346,0.05
2017-04-20,272.98,0.008308,0.05
2017-04-21,273.99,0.00426,0.05
2017-04-22,273.67,0.003565,0.05
2017-04-23,272.53,0.005613,0.05
2017-04-24,272.76,0.002129,0.05
2017-04-25,271.29,0.00067,0.05
2017-04-26,270.55,0.001852,0.05
2017-04-27,269.39,0.000486,0.05
2017-04-28,269.75,0.003415,0.05
2017-04-29,270.89,0.002019,0.05
2017-04-30,270.69,0.002037,0.05
2017-05-01,269.73,0.002846,0.05
2017-05-02,270.74,0.000908,0.05
2017-05-03,271.98,0.00142,0.05
2017-05-04,270.93,0.002496,0.05
2017-05-05,271.83,0.002632,0.05
2017-05-06,272.04,0.001904,0.05
2017-05-07,273.48,0.002591,0.05
2017-05-08,273.79,0.001328,0.05
2017-05-09,273.02,0.007793,0.05
2017-05-10,272.76,0.007029,0.05
2017-05-11,273.83,0.00641,0.05
2017-05-12,274.24,0.005691,0.05
2017-05-13,274.41,0.006449,0.05
2017-05-14,274.9,0.00471,0.05
2017-05-15,274.42,0.008494,0.05
2017-05-16,274.38,0.00809,0.05
2017-05-17,273.29,0.005768,0.05
2017-05-18,273.87,0.000616,0.05
2017-05-19,273.63,0.001793,0.05
2017-05-20,274.06,0.003117,0.05
2017-05-21,274.05,0.001811,0.05
2017-05-22,274.7,0.001835,0.05
2017-05-23,275.02,0.000323,0.05
2017-05-24,274.86,0.000737,0.05
2017-05-25,275.48,0.002746,0.05
2017-05-26,274.9,0.011279,0.05
2017-05-27,274.02,0.011095,0.05
2017-05-28,274.17,0.009378,0.05
2017-05-29,274.17,0.009368,0.05
2017-05-30,274.6,0.005575,0.05
2017-05-31,274.6,0.006279,0.05
2017-06-01,275.48,0.002948,0.05
2017-06-02,275.1,0.000273,0.05
2017-06-03,276.48,0.002845,0.05
2017-06-04,277.36,0.001106,0.05
2017-06-05,277.09,0.008773,0.05
2017-06-06,276.12,0.00496,0.05
2017-06-07,276.13,0.00433,0.05
2017-06-08,276.18,0.004903,0.05
2017-06-09,276.67,0.006797,0.05
2017-06-10,276.5,0.003657,0.05
2017-06-11,276.89,0.002442,0.05
2017-06-12,277.35,0.001118,0.05
2017-06-13,277.37,0.000555,0.05
2017-06-14,277.21,0.007061,0.05
2017-06-15,276.76,0.004568,0.05
2017-06-16,276.73,0.011098,0.05
2017-06-17,276.94,0.002782,0.05
2017-06-18,277.79,0.003534,0.05
2017-06-19,278.0,0.008566,0.05
2017-06-20,277.72,0.004987,0.05
2017-06-21,277.74,0.011017,0.05
2017-06-22,277.11,0.021226,0.05
2017-06-23,277.68,0.003546,0.05
2017-06-24,277.87,0.010369,0.05
2017-06-25,278.44,0.008007,0.05
2017-06-26,278.58,0.012523,0.05
2017-06-27,278.99,0.015237,0.05
2017-06-28,278.29,0.011205,0.05
2017-06-29,278.7,0.011551,0.05
2017-06-30,278.75,0.006612,0.05
2017-07-01,278.93,0.023233,0.05
2017-07-02,278.51,0.019599,0.05
2017-07-03,278.77,0.019155,0.05
2017-07-04,278.39,0.032363,0.05
2017-07-05,278.38,0.02225,0.05
2017-07-06,278.72,0.010598,0.05
2017-07-07,278.89,0.009017,0.05
2017-07-08,279.29,0.027167,0.05
2017-07-09,277.25,0.06398,0.05
2017-07-10,276.6,0.048912,0.05
2017-07-11,276.46,0.01444,0.05
2017-07-12,276.69,0.007974,0.05
2017-07-13,277.34,0.007269,0.05
2017-07-14,277.79,0.014882,0.05
2017-07-15,277.62,0.020351,0.05
2017-07-16,277.79,0.013422,0.05
2017-07-17,278.09,0.01431,0.05
2017-07-18,278.29,0.012461,0.05
2017-07-19,278.43,0.008211,0.05
2017-07-20,278.63,0.009129,0.05
2017-07-21,278.34,0.009008,0.05
2017-07-22,277.91,0.011344,0.05
2017-07-23,278.0,0.010609,0.05
2017-07-24,278.24,0.00975,0.05
2017-07-25,278.4,0.011718,0.05
2017-07-26,278.0,0.010411,0.05
2017-07-27,278.07,0.007669,0.05
2017-07-28,278.49,0.011716,0.05
2017-07-29,278.13,0.018827,0.05
2017-07-30,277.45,0.012923,0.05
2017-07-31,278.33,0.008675,0.05
2017-08-01,279.26,0.011847,0.05
2017-08-02,279.12,0.009942,0.05
2017-08-03,279.17,0.016266,0.05
2017-08-04,279.22,0.011602,0.05
2017-08-05,279.4,0.010647,0.05
2017-08-06,279.52,0.007902,0.05
2017-08-07,279.66,0.013925,0.05
2017-08-08,279.35,0.024027,0.05
2017-08-09,278.3,0.032934,0.05
2017-08-10,278.8,0.012189,0.05
2017-08-11,279.51,0.045122,0.05
2017-08-12,276.84,0.069563,0.05
2017-08-13,276.94,0.016447,0.05
2017-08-14,277.35,0.010113,0.05
2017-08-15,278.07,0.004576,0.05
2017-08-16,278.08,0.024048,0.05
2017-08-17,278.08,0.02041,0.05
2017-08-18,277.74,0.034543,0.05
2017-08-19,277.44,0.023488,0.05
2017-08-20,277.46,0.015733,0.05
2017-08-21,277.32,0.013087,0.05
2017-08-22,277.26,0.015007,0.05
2017-08-23,277.49,0.01226,0.05
2017-08-24,276.92,0.007197,0.05
2017-08-25,277.09,0.006987,0.05
2017-08-26,277.36,0.007431,0.05
2017-08-27,277.3,0.008944,0.05
2017-08-28,277.74,0.007199,0.05
2017-08-29,277.63,0.008316,0.05
2017-08-30,278.14,0.005685,0.05
2017-08-31,278.14,0.008968,0.05
2017-09-01,278.08,0.010224,0.05
2017-09-02,277.42,0.01477,0.05
2017-09-03,277.13,0.006014,0.05
2017-09-04,277.22,0.001146,0.05
2017-09-05,277.47,0.003047,0.05
2017-09-06,277.14,0.00524,0.05
2017-09-07,276.86,0.003357,0.05
2017-09-08,277.37,0.000659,0.05
2017-09-09,277.87,0.001306,0.05
2017-09-10,277.49,0.003317,0.05
2017-09-11,277.22,0.002549,0.05
2017-09-12,277.14,0.001688,0.05
2017-09-13,277.38,0.001815,0.05
2017-09-14,277.46,0.002408,0.05
2017-09-15,277.26,0.003722,0.05
2017-09-16,277.45,0.005535,0.05
2017-09-17,277.5,0.00684,0.05
2017-09-18,277.17,0.00732,0.05
2017-09-19,277.29,0.008145,0.05
2017-09-20,277.49,0.016478,0.05
2017-09-21,276.14,0.009323,0.05
2017-09-22,276.44,0.005039,0.05
2017-09-23,277.18,0.00061,0.05
2017-09-24,277.52,0.000472,0.05
2017-09-25,276.77,0.000399,0.05
2017-09-26,276.86,0.000492,0.05
2017-09-27,276.88,0.002756,0.05
2017-09-28,276.3,0.007082,0.05
2017-09-29,276.11,0.004731,0.05
2017-09-30,276.64,0.003371,0.05
2017-10-01,276.43,0.003111,0.05
2017-10-02,275.51,0.00269,0.05
2017-10-03,276.0,0.000768,0.05
2017-10-04,276.38,0.00279,0.05
2017-10-05,276.22,0.003397,0.05
2017-10-06,275.84,0.005437,0.05
2017-10-07,275.9,0.000995,0.05
2017-10-08,275.05,0.000998,0.05
2017-10-09,274.68,0.000661,0.05
2017-10-10,275.43,0.009375,0.05
2017-10-11,274.76,0.005555,0.05
2017-10-12,275.01,0.000347,0.05
2017-10-13,274.66,0.00019,0.05
2017-10-14,273.65,0.000144,0.05
2017-10-15,273.65,0.000125,0.05
2017-10-16,273.0,0.00173,0.05
2017-10-17,274.21,0.001844,0.05
2017-10-18,274.94,0.001055,0.05
2017-10-19,275.09,0.001013,0.05
2017-10-20,274.18,0.001811,0.05
2017-10-21,274.05,0.000654,0.05
2017-10-22,274.28,0.000556,0.05
2017-10-23,271.18,0.000774,0.05
2017-10-24,270.08,0.00019,0.05
2017-10-25,270.21,0.001279,0.05
2017-10-26,271.25,0.000857,0.05
2017-10-27,270.73,0.001944,0.05
2017-10-28,268.07,0.002765,0.05
2017-10-29,266.72,0.006067,0.05
2017-10-30,266.92,0.003009,0.05
2017-10-31,267.95,0.000815,0.05
2017-11-01,268.43,0.000466,0.05
2017-11-02,268.6,0.001484,0.05
2017-11-03,267.89,0.000406,0.05
2017-11-04,267.53,0.001008,0.05
2017-11-05,269.09,0.000628,0.05
2017-11-06,269.9,0.000319,0.05
2017-11-07,269.32,0.000421,0.05
2017-11-08,268.3,0.000845,0.05
2017-11-09,267.52,0.000714,0.05
2017-11-10,268.26,9.7e-05,0.05
2017-11-11,268.91,0.000214,0.05
2017-11-12,269.79,2.2e-05,0.05
2017-11-13,271.04,1.2e-05,0.05
2017-11-14,271.13,0.0,0.05
2017-11-15,270.6,2.6e-05,0.05
2017-11-16,269.77,0.00114,0.05
2017-11-17,269.85,6.6e-05,0.05
2017-11-18,269.4,0.000187,0.05
2017-11-19,268.9,0.000137,0.05
2017-11-20,268.22,2e-06,0.05
2017-11-21,269.33,2e-05,0.05
2017-11-22,266.72,6.6e-05,0.05
2017-11-23,266.85,2.7e-05,0.05
2017-11-24,267.08,1.3e-05,0.05
2017-11-25,268.15,0.000303,0.05
2017-11-26,267.29,0.000667,0.05
2017-11-27,265.69,0.0022,0.05
2017-11-28,266.19,0.000425,0.05
2017-11-29,265.85,0.000292,0.05
2017-11-30,266.29,0.00013,0.05
2017-12-01,267.95,1.8e-05,0.05
2017-12-02,269.71,9e-06,0.05
2017-12-03,272.64,2e-06,0.05
2017-12-04,273.69,0.0,0.05
2017-12-05,272.89,5.3e-05,0.05
2017-12-06,272.79,0.000303,0.05
2017-12-07,272.54,2e-06,0.05
2017-12-08,271.93,0.000205,0.05
2017-12-09,270.69,0.0,0.05
2017-12-10,270.49,6e-05,0.05
2017-12-11,270.7,0.000397,0.05
2017-12-12,267.66,0.000307,0.05
2017-12-13,267.73,5e-06,0.05
2017-12-14,266.74,9e-06,0.05
2017-12-15,267.85,0.0,0.05
2017-12-16,267.84,1e-06,0.05
2017-12-17,268.52,2e-06,0.05
2017-12-18,270.14,0.0,0.05
2017-12-19,271.84,0.0,0.05
2017-12-20,270.89,3.3e-05,0.05
2017-12-21,269.78,1.2e-05,0.05
2017-12-22,269.36,4.2e-05,0.05
2017-12-23,269.76,1.3e-05,0.05
2017-12-24,266.88,3.3e-05,0.05
2017-12-25,263.16,0.001707,0.05
2017-12-26,264.95,0.000249,0.05
2017-12-27,268.14,2e-06,0.05
2017-12-28,268.35,1e-06,0.05
2017-12-29,266.66,1e-06,0.05
2017-12-30,264.94,1e-06,0.05
2017-12-31,263.72,0.000213,0.05
2018-01-01,262.28,0.000605,0.05
2018-01-02,259.73,0.000392,0.05
2018-01-03,261.35,1e-06,0.05
2018-01-04,263.48,5e-06,0.05
2018-01-05,260.52,0.000126,0.05
2018-01-06,261.99,7.4e-05,0.05
2018-01-07,265.09,0.000107,0.05
2018-01-08,269.56,6e-06,0.05
2018-01-09,271.68,0.0,0.05
2018-01-10,273.92,1e-06,0.05
2018-01-11,274.81,0.0,0.05
2018-01-12,272.89,5e-06,0.05
2018-01-13,269.04,4.4e-05,0.05
2018-01-14,268.68,0.000116,0.05
2018-01-15,267.11,8.3e-05,0.05
2018-01-16,269.15,0.0,0.05
2018-01-17,269.45,0.0,0.05
2018-01-18,269.83,2e-06,0.05
2018-01-19,270.32,1e-06,0.05
2018-01-20,269.27,6e-06,0.05
2018-01-21,269.38,1.5e-05,0.05
2018-01-22,271.76,0.0,0.05
2018-01-23,267.98,8e-05,0.05
2018-01-24,259.21,0.009804,0.05
2018-01-25,260.13,1.4e-05,0.05
2018-01-26,259.21,5.1e-05,0.05
2018-01-27,261.29,0.000202,0.05
2018-01-28,266.45,3.6e-05,0.05
2018-01-29,269.04,0.0,0.05
2018-01-30,269.96,1e-06,0.05
2018-01-31,271.09,1e-06,0.05
2018-02-01,269.43,5.6e-05,0.05
2018-02-02,267.56,4.1e-05,0.05
2018-02-03,266.4,9.5e-05,0.05
2018-02-04,267.27,2.7e-05,0.05
2018-02-05,268.8,0.000559,0.05
2018-02-06,267.51,0.001228,0.05
2018-02-07,265.84,0.000484,0.05
2018-02-08,264.09,0.000348,0.05
2018-02-09,261.5,0.000699,0.05
2018-02-10,262.59,0.0,0.05
2018-02-11,263.38,0.000129,0.05
2018-02-12,263.87,0.002805,0.05
2018-02-13,262.41,0.004564,0.05
2018-02-14,261.33,0.000274,0.05
2018-02-15,265.26,2e-06,0.05
2018-02-16,265.07,0.000385,0.05
2018-02-17,264.41,0.000308,0.05
2018-02-18,264.64,9.8e-05,0.05
2018-02-19,265.04,0.000595,0.05
2018-02-20,264.85,0.001377,0.05
2018-02-21,264.19,0.002471,0.05
2018-02-22,263.06,0.001346,0.05
2018-02-23,264.03,0.000362,0.05
2018-02-24,265.41,0.001255,0.05
2018-02-25,264.41,0.000815,0.05
2018-02-26,265.25,0.001115,0.05
2018-02-27,268.68,3e-06,0.05
2018-02-28,267.92,7.6e-05,0.05
2018-03-01,267.2,0.000469,0.05
2018-03-02,265.5,0.00058,0.05
2018-03-03,266.87,0.000334,0.05
2018-03-04,265.99,0.000149,0.05
2018-03-05,264.21,0.001044,0.05
2018-03-06,263.02,0.000216,0.05
2018-03-07,264.98,0.000251,0.05
2018-03-08,264.71,0.000467,0.05
2018-03-09,264.01,0.000776,0.05
2018-03-10,264.68,0.000755,0.05
2018-03-11,264.85,0.005372,0.05
2018-03-12,264.27,0.003006,0.05
2018-03-13,266.83,0.000879,0.05
2018-03-14,267.99,0.001215,0.05
2018-03-15,267.06,0.002572,0.05
2018-03-16,265.79,0.000212,0.05
2018-03-17,264.03,0.000918,0.05
2018-03-18,266.0,0.000357,0.05
2018-03-19,268.2,0.000486,0.05
2018-03-20,268.33,0.001015,0.05
2018-03-21,268.85,0.001295,0.05
2018-03-22,267.09,0.001132,0.05
2018-03-23,266.82,0.000997,0.05
2018-03-24,268.53,0.001473,0.05
2018-03-25,268.21,0.000694,0.05
2018-03-26,267.32,0.002301,0.05
2018-03-27,269.77,0.001268,0.05
2018-03-28,269.2,0.001964,0.05
2018-03-29,268.33,0.004183,0.05
2018-03-30,266.01,0.002036,0.05
2018-03-31,266.64,0.006733,0.05
2018-04-01,267.7,0.003729,0.05
2018-04-02,268.87,0.005143,0.05
2018-04-03,269.48,0.003696,0.05
2018-04-04,269.46,0.007805,0.05
2018-04-05,269.53,0.003162,0.05
2018-04-06,270.21,0.004393,0.05
2018-04-07,270.64,0.008224,0.05
2018-04-08,269.05,0.003304,0.05
2018-04-09,269.89,0.002441,0.05
2018-04-10,270.6,0.002608,0.05
2018-04-11,270.43,0.003544,0.05
2018-04-12,269.58,0.003411,0.05
2018-04-13,268.41,9.5e-05,0.05
2018-04-14,270.06,0.002746,0.05
2018-04-15,269.8,0.005447,0.05
2018-04-16,270.77,0.003663,0.05
2018-04-17,270.87,0.005821,0.05
2018-04-18,270.1,0.001552,0.05
2018-04-19,270.99,0.00341,0.05
2018-04-20,270.87,0.001148,0.05
2018-04-21,270.67,3.4e-05,0.05
2018-04-22,270.65,5.5e-05,0.05
2018-04-23,270.13,0.001582,0.05
2018-04-24,269.7,0.000675,0.05
2018-04-25,270.42,0.01165,0.05
2018-04-26,270.32,0.005321,0.05
2018-04-27,269.92,0.006198,0.05
2018-04-28,270.15,0.005581,0.05
2018-04-29,270.73,0.007869,0.05
2018-04-30,270.46,0.006854,0.05
2018-05-01,270.41,0.005227,0.05
2018-05-02,271.3,0.004809,0.05
2018-05-03,271.11,0.007181,0.05
2018-05-04,270.2,0.005567,0.05
2018-05-05,271.66,0.00254,0.05
2018-05-06,272.32,0.003565,0.05
2018-05-07,272.35,0.001577,0.05
2018-05-08,272.15,0.000488,0.05
2018-05-09,270.08,0.002028,0.05
2018-05-10,269.55,0.003265,0.05
2018-05-11,271.88,0.003263,0.05
2018-05-12,273.17,0.007532,0.05
2018-05-13,273.62,0.002171,0.05
2018-05-14,272.54,0.006392,0.05
2018-05-15,271.78,0.0037,0.05
2018-05-16,273.69,0.002465,0.05
2018-05-17,273.89,0.007449,0.05
2018-05-18,274.26,0.006157,0.05
2018-05-19,274.28,0.005879,0.05
2018-05-20,275.65,0.004031,0.05
2018-05-21,277.35,0.004457,0.05
2018-05-22,275.91,0.014362,0.05
2018-05-23,276.38,0.00279,0.05
2018-05-24,275.91,0.005223,0.05
2018-05-25,276.47,0.0008,0.05
2018-05-26,275.89,0.000779,0.05
2018-05-27,274.78,0.000327,0.05
2018-05-28,273.11,0.002414,0.05
2018-05-29,273.7,0.002484,0.05
2018-05-30,274.38,0.005957,0.05
2018-05-31,275.41,0.003153,0.05
2018-06-01,275.25,0.010694,0.05
2018-06-02,274.75,0.006383,0.05
2018-06-03,275.75,0.01009,0.05
2018-06-04,276.19,0.010315,0.05
2018-06-05,276.56,0.01154,0.05
2018-06-06,277.37,0.010832,0.05
2018-06-07,277.79,0.01072,0.05
2018-06-08,277.53,0.012457,0.05
2018-06-09,277.35,0.009541,0.05
2018-06-10,277.65,0.012935,0.05
2018-06-11,278.39,0.007399,0.05
2018-06-12,278.27,0.008495,0.05
2018-06-13,277.52,0.003257,0.05
2018-06-14,277.27,0.009444,0.05
2018-06-15,277.23,0.00974,0.05
2018-06-16,277.08,0.008251,0.05
2018-06-17,277.12,0.004505,0.05
2018-06-18,277.25,0.001395,0.05
2018-06-19,277.52,0.000395,0.05
2018-06-20,277.97,0.000958,0.05
2018-06-21,278.28,0.000912,0.05
2018-06-22,278.54,0.000817,0.05
2018-06-23,278.77,0.003102,0.05
2018-06-24,278.48,0.00389,0.05
2018-06-25,277.61,0.014634,0.05
2018-06-26,277.91,0.008977,0.05
2018-06-27,278.54,0.011385,0.05
2018-06-28,278.55,0.021701,0.05
2018-06-29,277.5,0.02022,0.05
2018-06-30,278.27,0.009106,0.05
2018-07-01,278.01,0.012075,0.05
2018-07-02,277.38,0.033785,0.05
2018-07-03,277.06,0.046138,0.05
2018-07-04,277.78,0.00378,0.05
2018-07-05,278.06,0.00447,0.05
2018-07-06,279.09,0.005422,0.05
2018-07-07,279.38,0.029306,0.05
2018-07-08,279.12,0.020345,0.05
2018-07-09,278.92,0.024291,0.05
2018-07-10,278.42,0.021818,0.05
2018-07-11,278.6,0.022908,0.05
2018-07-12,278.48,0.025329,0.05
2018-07-13,278.43,0.023014,0.05
2018-07-14,278.97,0.018814,0.05
2018-07-15,278.89,0.029644,0.05
2018-07-16,278.9,0.017773,0.05
2018-07-17,279.22,0.005603,0.05
2018-07-18,278.95,0.008478,0.05
2018-07-19,279.14,0.01087,0.05
2018-07-20,279.24,0.016221,0.05
2018-07-21,278.52,0.013748,0.05
2018-07-22,279.18,0.011599,0.05
2018-07-23,279.0,0.015167,0.05
2018-07-24,278.87,0.013759,0.05
2018-07-25,278.74,0.017782,0.05
2018-07-26,278.62,0.011736,0.05
2018-07-27,278.47,0.014803,0.05
2018-07-28,278.49,0.008574,0.05
2018-07-29,278.52,0.009921,0.05
2018-07-30,278.31,0.012854,0.05
2018-07-31,278.02,0.01834,0.05
2018-08-01,277.26,0.043551,0.05
2018-08-02,277.25,0.015186,0.05
2018-08-03,277.58,0.01438,0.05
2018-08-04,278.15,0.013691,0.05
2018-08-05,277.72,0.030683,0.05
2018-08-06,277.67,0.011109,0.05
2018-08-07,277.63,0.007369,0.05
2018-08-08,278.37,0.009764,0.05
2018-08-09,278.36,0.017954,0.05
2018-08-10,278.33,0.015524,0.05
2018-08-11,278.51,0.022511,0.05
2018-08-12,278.16,0.017255,0.05
2018-08-13,278.08,0.023413,0.05
2018-08-14,278.57,0.009714,0.05
2018-08-15,278.52,0.012375,0.05
2018-08-16,278.72,0.012962,0.05
2018-08-17,278.91,0.021196,0.05
2018-08-18,278.67,0.014153,0.05
2018-08-19,278.88,0.014722,0.05
2018-08-20,278.74,0.014204,0.05
2018-08-21,278.79,0.01075,0.05
2018-08-22,278.75,0.010478,0.05
2018-08-23,278.72,0.016544,0.05
2018-08-24,277.84,0.060366,0.05
2018-08-25,277.59,0.013542,0.05
2018-08-26,278.32,0.023288,0.05
2018-08-27,277.42,0.044341,0.05
2018-08-28,276.99,0.032778,0.05
2018-08-29,277.66,0.02281,0.05
2018-08-30,277.76,0.035503,0.05
2018-08-31,277.15,0.01487,0.05
2018-09-01,277.7,0.008391,0.05
2018-09-02,277.54,0.011467,0.05
2018-09-03,277.85,0.00845,0.05
2018-09-04,277.51,0.007526,0.05
2018-09-05,277.7,0.007049,0.05
2018-09-06,278.03,0.006827,0.05
2018-09-07,277.21,0.005937,0.05
2018-09-08,277.8,0.003884,0.05
2018-09-09,278.26,0.005269,0.05
2018-09-10,277.88,0.00792,0.05
2018-09-11,277.3,0.008708,0.05
2018-09-12,276.52,0.00326,0.05
2018-09-13,276.44,0.000643,0.05
2018-09-14,276.34,0.002095,0.05
2018-09-15,276.33,0.003719,0.05
2018-09-16,275.77,0.006115,0.05
2018-09-17,275.81,0.000947,0.05
2018-09-18,275.98,0.000541,0.05
2018-09-19,276.01,0.002106,0.05
2018-09-20,276.41,0.007341,0.05
2018-09-21,275.95,0.007992,0.05
2018-09-22,275.75,0.005479,0.05
2018-09-23,276.35,0.001834,0.05
2018-09-24,276.65,0.000636,0.05
2018-09-25,277.01,0.00031,0.05
2018-09-26,276.08,0.001061,0.05
2018-09-27,275.97,0.001193,0.05
2018-09-28,275.58,0.000772,0.05
2018-09-29,275.59,0.001004,0.05
2018-09-30,275.67,0.001353,0.05
2018-10-01,275.27,0.00018,0.05
2018-10-02,274.66,0.00058,0.05
2018-10-03,273.58,0.00039,0.05
2018-10-04,272.44,0.000946,0.05
2018-10-05,271.93,0.00064,0.05
2018-10-06,270.95,0.001246,0.05
2018-10-07,270.08,0.000649,0.05
2018-10-08,270.05,0.000828,0.05
2018-10-09,271.97,0.000726,0.05
2018-10-10,272.45,0.001338,0.05
2018-10-11,272.85,0.002394,0.05
2018-10-12,271.66,0.001256,0.05
2018-10-13,271.66,0.000208,0.05
2018-10-14,271.52,0.000206,0.05
2018-10-15,271.45,0.000134,0.05
2018-10-16,272.97,0.000262,0.05
2018-10-17,271.94,0.000244,0.05
2018-10-18,270.56,2.8e-05,0.05
2018-10-19,270.48,0.000148,0.05
2018-10-20,270.21,0.000175,0.05
2018-10-21,269.71,0.000227,0.05
2018-10-22,268.43,8.7e-05,0.05
2018-10-23,267.66,0.000463,0.05
2018-10-24,267.52,0.00054,0.05
2018-10-25,267.22,0.001339,0.05
2018-10-26,267.89,0.00071,0.05
2018-10-27,268.03,0.00073,0.05
2018-10-28,267.69,0.000544,0.05
2018-10-29,268.57,0.002073,0.05
2018-10-30,269.18,0.001345,0.05
2018-10-31,269.54,0.000117,0.05
2018-11-01,269.69,8.5e-05,0.05
2018-11-02,269.57,0.000184,0.05
2018-11-03,268.84,0.000308,0.05
2018-11-04,267.96,4.9e-05,0.05
2018-11-05,268.1,6e-06,0.05
2018-11-06,268.09,2e-06,0.05
2018-11-07,268.95,0.00028,0.05
2018-11-08,268.33,0.000318,0.05
2018-11-09,268.14,0.000618,0.05
2018-11-10,266.9,0.002167,0.05
2018-11-11,268.28,0.000225,0.05
2018-11-12,268.97,0.000352,0.05
2018-11-13,267.12,0.001047,0.05
2018-11-14,266.19,0.000222,0.05
2018-11-15,266.58,5.6e-05,0.05
2018-11-16,268.16,6.3e-05,0.05
2018-11-17,267.8,9.1e-05,0.05
2018-11-18,268.55,0.000466,0.05
2018-11-19,268.67,0.000187,0.05
2018-11-20,267.75,0.000372,0.05
2018-11-21,268.89,0.0,0.05
2018-11-22,271.6,6.8e-05,0.05
2018-11-23,270.32,0.0002,0.05
2018-11-24,270.67,0.000105,0.05
2018-11-25,270.63,1e-06,0.05
2018-11-26,270.14,0.000483,0.05
2018-11-27,271.09,0.0,0.05
2018-11-28,271.73,3e-06,0.05
2018-11-29,269.91,8.9e-05,0.05
2018-11-30,268.47,5e-05,0.05
2018-12-01,267.11,0.000418,0.05
2018-12-02,267.06,0.000316,0.05
2018-12-03,268.28,0.000107,0.05
2018-12-04,269.8,3.9e-05,0.05
2018-12-05,267.25,0.000124,0.05
2018-12-06,264.83,0.000157,0.05
2018-12-07,263.63,0.000379,0.05
2018-12-08,264.89,0.000245,0.05
2018-12-09,264.29,0.000335,0.05
2018-12-10,262.9,0.00039,0.05
2018-12-11,261.12,0.000503,0.05
2018-12-12,262.05,0.000245,0.05
2018-12-13,261.53,0.001379,0.05
2018-12-14,261.52,0.001291,0.05
2018-12-15,263.56,1e-06,0.05
2018-12-16,266.57,1e-06,0.05
2018-12-17,267.5,0.006038,0.05
2018-12-18,264.64,0.003591,0.05
2018-12-19,266.81,1e-06,0.05
2018-12-20,266.52,1e-06,0.05
2018-12-21,264.29,1.3e-05,0.05
2018-12-22,265.73,7e-06,0.05
2018-12-23,267.85,1e-06,0.05
2018-12-24,266.54,4e-06,0.05
2018-12-25,265.09,4e-06,0.05
2018-12-26,265.38,5.5e-05,0.05
2018-12-27,259.84,0.000857,0.05
2018-12-28,257.47,0.000726,0.05
2018-12-29,260.5,2e-06,0.05
2018-12-30,262.38,1.5e-05,0.05
2018-12-31,262.56,3.9e-05,0.05
2019-01-01,263.68,1.9e-05,0.05
2019-01-02,259.95,0.000393,0.05
2019-01-03,258.13,0.000309,0.05
2019-01-04,263.34,4.1e-05,0.05
2019-01-05,262.49,4.2e-05,0.05
2019-01-06,260.74,0.000728,0.05
2019-01-07,258.0,0.010316,0.05
2019-01-08,257.73,0.000396,0.05
2019-01-09,256.59,0.000779,0.05
2019-01-10,260.02,3.6e-05,0.05
2019-01-11,260.16,4.3e-05,0.05
2019-01-12,260.68,5e-06,0.05
2019-01-13,259.33,8.2e-05,0.05
2019-01-14,257.56,8e-06,0.05
2019-01-15,260.85,0.0,0.05
2019-01-16,263.81,2.3e-05,0.05
2019-01-17,260.57,0.000733,0.05
2019-01-18,258.67,3e-06,0.05
2019-01-19,260.23,0.000556,0.05
2019-01-20,262.25,3e-06,0.05
2019-01-21,262.13,7e-06,0.05
2019-01-22,261.64,0.008699,0.05
2019-01-23,260.57,0.020076,0.05
2019-01-24,258.11,0.000127,0.05
2019-01-25,259.39,0.006976,0.05
2019-01-26,259.44,0.001595,0.05
2019-01-27,256.8,0.000193,0.05
2019-01-28,255.12,0.000361,0.05
2019-01-29,255.23,1.1e-05,0.05
2019-01-30,261.65,2e-06,0.05
2019-01-31,262.39,0.002763,0.05
2019-02-01,260.74,0.00426,0.05
2019-02-02,259.25,1e-06,0.05
2019-02-03,259.92,0.0,0.05
2019-02-04,262.19,2e-06,0.05
2019-02-05,263.66,0.0,0.05
2019-02-06,262.01,0.000183,0.05
2019-02-07,262.94,0.034312,0.05
2019-02-08,262.16,0.00897,0.05
2019-02-09,258.68,0.005638,0.05
2019-02-10,262.11,7.8e-05,0.05
2019-02-11,260.29,0.000401,0.05
2019-02-12,262.1,8e-06,0.05
2019-02-13,264.13,1.3e-05,0.05
2019-02-14,263.58,0.002003,0.05
2019-02-15,261.77,0.000945,0.05
2019-02-16,258.7,0.00035,0.05
2019-02-17,259.99,6.4e-05,0.05
2019-02-18,260.56,0.000537,0.05
2019-02-19,259.4,0.00038,0.05
2019-02-20,263.3,4.5e-05,0.05
2019-02-21,263.64,0.000118,0.05
2019-02-22,263.2,0.000422,0.05
2019-02-23,263.37,3.2e-05,0.05
2019-02-24,262.09,0.003425,0.05
2019-02-25,258.88,0.002439,0.05
2019-02-26,257.7,0.001803,0.05
2019-02-27,259.44,0.020579,0.05
2019-02-28,255.14,0.001162,0.05
2019-03-01,258.05,3e-06,0.05
2019-03-02,262.81,6e-05,0.05
2019-03-03,261.13,0.00196,0.05
2019-03-04,259.76,0.000154,0.05
2019-03-05,258.78,0.000534,0.05
2019-03-06,260.03,5.6e-05,0.05
2019-03-07,261.47,4.5e-05,0.05
2019-03-08,259.75,0.000435,0.05
2019-03-09,262.38,0.000918,0.05
2019-03-10,263.49,0.000624,0.05
2019-03-11,263.61,0.000185,0.05
2019-03-12,264.38,1e-06,0.05
2019-03-13,266.95,0.000108,0.05
2019-03-14,266.25,0.001166,0.05
2019-03-15,263.75,7e-05,0.05
2019-03-16,264.42,2e-06,0.05
2019-03-17,265.79,0.000629,0.05
2019-03-18,263.13,0.001082,0.05
2019-03-19,263.87,0.001881,0.05
2019-03-20,262.73,0.000346,0.05
2019-03-21,263.51,1.5e-05,0.05
2019-03-22,263.83,3.2e-05,0.05
2019-03-23,265.08,1.6e-05,0.05
2019-03-24,265.96,3e-05,0.05
2019-03-25,266.62,0.000782,0.05
2019-03-26,264.04,0.003426,0.05
2019-03-27,265.78,0.000267,0.05
2019-03-28,268.44,7.8e-05,0.05
2019-03-29,269.83,0.000388,0.05
2019-03-30,267.97,0.001106,0.05
2019-03-31,267.27,0.000602,0.05
2019-04-01,265.88,0.000263,0.05
2019-04-02,266.1,0.001547,0.05
2019-04-03,268.38,0.001411,0.05
2019-04-04,269.46,0.002212,0.05
2019-04-05,269.51,0.002924,0.05
2019-04-06,269.22,0.005372,0.05
2019-04-07,267.53,0.003413,0.05
2019-04-08,268.47,0.001925,0.05
2019-04-09,268.29,0.004077,0.05
2019-04-10,270.2,0.000644,0.05
2019-04-11,270.33,0.000361,0.05
2019-04-12,271.17,0.000804,0.05
2019-04-13,270.81,0.001449,0.05
2019-04-14,270.13,0.003807,0.05
2019-04-15,271.29,0.001495,0.05
2019-04-16,272.29,0.006325,0.05
2019-04-17,270.17,0.005957,0.05
2019-04-18,268.07,0.001145,0.05
2019-04-19,267.68,0.003413,0.05
2019-04-20,268.07,0.00082,0.05
2019-04-21,269.0,0.004451,0.05
2019-04-22,269.74,0.00584,0.05
2019-04-23,270.5,0.004055,0.05
2019-04-24,271.64,0.002448,0.05
2019-04-25,272.29,0.002548,0.05
2019-04-26,273.48,0.003586,0.05
2019-04-27,273.15,0.003589,0.05
2019-04-28,273.89,0.001165,0.05
2019-04-29,273.6,0.001458,0.05
2019-04-30,272.7,0.001162,0.05
2019-05-01,272.75,8e-06,0.05
2019-05-02,272.62,0.000159,0.05
2019-05-03,273.83,0.001894,0.05
2019-05-04,273.97,0.004185,0.05
2019-05-05,272.11,0.000208,0.05
2019-05-06,272.04,0.000382,0.05
2019-05-07,273.04,0.00047,0.05
2019-05-08,273.41,0.001016,0.05
2019-05-09,273.26,0.000891,0.05
2019-05-10,273.61,0.000313,0.05
2019-05-11,272.84,0.000472,0.05
2019-05-12,271.8,0.001639,0.05
2019-05-13,271.61,0.004334,0.05
2019-05-14,272.12,0.003635,0.05
2019-05-15,272.72,0.004386,0.05
2019-05-16,272.99,0.001925,0.05
2019-05-17,273.26,0.001698,0.05
2019-05-18,272.8,0.001508,0.05
2019-05-19,272.58,0.001927,0.05
2019-05-20,273.55,0.002453,0.05
2019-05-21,274.2,0.002273,0.05
2019-05-22,274.34,0.001835,0.05
2019-05-23,274.36,0.002571,0.05
2019-05-24,275.54,0.00125,0.05
2019-05-25,274.74,0.001057,0.05
2019-05-26,274.21,0.001564,0.05
2019-05-27,274.51,0.001731,0.05
2019-05-28,274.63,0.001496,0.05
2019-05-29,274.22,0.002615,0.05
2019-05-30,274.53,0.007,0.05
2019-05-31,275.23,0.009521,0.05
2019-06-01,274.84,0.006991,0.05
2019-06-02,274.22,0.010483,0.05
2019-06-03,274.51,0.008527,0.05
2019-06-04,276.36,0.003848,0.05
2019-06-05,277.45,0.003244,0.05
2019-06-06,277.45,0.004102,0.05
2019-06-07,276.7,0.008968,0.05
2019-06-08,276.38,0.000896,0.05
2019-06-09,275.8,0.00099,0.05
2019-06-10,276.24,0.001695,0.05
2019-06-11,277.09,0.005913,0.05
2019-06-12,277.45,0.00643,0.05
2019-06-13,277.88,0.004985,0.05
2019-06-14,278.2,0.002438,0.05
2019-06-15,278.2,0.000691,0.05
2019-06-16,278.03,0.001281,0.05
2019-06-17,277.19,0.00082,0.05
2019-06-18,276.69,0.001145,0.05
2019-06-19,277.63,0.003322,0.05
2019-06-20,278.13,0.00094,0.05
2019-06-21,278.16,0.003455,0.05
2019-06-22,277.78,0.008251,0.05
2019-06-23,277.76,0.005026,0.05
2019-06-24,278.76,0.001267,0.05
2019-06-25,279.3,0.002892,0.05
2019-06-26,278.98,0.001525,0.05
2019-06-27,278.82,0.004907,0.05
2019-06-28,278.55,0.003861,0.05
2019-06-29,278.59,0.003247,0.05
2019-06-30,278.1,0.015116,0.05
2019-07-01,278.66,0.010578,0.05
2019-07-02,279.3,0.007635,0.05
2019-07-03,279.75,0.009804,0.05
2019-07-04,279.44,0.019545,0.05
2019-07-05,278.96,0.012293,0.05
2019-07-06,278.63,0.008402,0.05
2019-07-07,278.7,0.015573,0.05
2019-07-08,279.06,0.017532,0.05
2019-07-09,278.0,0.029932,0.05
2019-07-10,278.44,0.031085,0.05
2019-07-11,278.07,0.038211,0.05
2019-07-12,276.77,0.093618,0.05
2019-07-13,276.88,0.046451,0.05
2019-07-14,276.7,0.017016,0.05
2019-07-15,276.43,0.007636,0.05
2019-07-16,276.57,0.006447,0.05
2019-07-17,276.88,0.004423,0.05
2019-07-18,277.34,0.002765,0.05
2019-07-19,277.49,0.004732,0.05
2019-07-20,277.79,0.00552,0.05
2019-07-21,278.22,0.004286,0.05
2019-07-22,278.76,0.005548,0.05
2019-07-23,278.61,0.020098,0.05
2019-07-24,278.16,0.038517,0.05
2019-07-25,278.01,0.015309,0.05
2019-07-26,278.43,0.012077,0.05
2019-07-27,278.57,0.013522,0.05
2019-07-28,279.09,0.010058,0.05
2019-07-29,278.92,0.012184,0.05
2019-07-30,278.87,0.009487,0.05
2019-07-31,278.75,0.01093,0.05
2019-08-01,278.39,0.014131,0.05
2019-08-02,278.3,0.022636,0.05
2019-08-03,278.68,0.018738,0.05
2019-08-04,279.22,0.011329,0.05
2019-08-05,278.54,0.024652,0.05
2019-08-06,278.52,0.011718,0.05
2019-08-07,278.94,0.006591,0.05
2019-08-08,279.16,0.011021,0.05
2019-08-09,278.6,0.008774,0.05
2019-08-10,279.33,0.007467,0.05
2019-08-11,278.55,0.010885,0.05
2019-08-12,278.86,0.011293,0.05
2019-08-13,278.75,0.009859,0.05
2019-08-14,279.02,0.010007,0.05
2019-08-15,278.61,0.009469,0.05
2019-08-16,278.68,0.008826,0.05
2019-08-17,278.37,0.015816,0.05
2019-08-18,278.21,0.006963,0.05
2019-08-19,278.19,0.006322,0.05
2019-08-20,278.58,0.006308,0.05
2019-08-21,278.31,0.013428,0.05
2019-08-22,278.15,0.008084,0.05
2019-08-23,278.35,0.009189,0.05
2019-08-24,278.14,0.014542,0.05
2019-08-25,277.73,0.011258,0.05
2019-08-26,277.93,0.008498,0.05
2019-08-27,278.08,0.004031,0.05
2019-08-28,278.81,0.009998,0.05
2019-08-29,278.64,0.011853,0.05
2019-08-30,278.99,0.007467,0.05
2019-08-31,278.45,0.021327,0.05
2019-09-01,277.67,0.013721,0.05
2019-09-02,278.08,0.009266,0.05
2019-09-03,278.34,0.020208,0.05
2019-09-04,278.27,0.015452,0.05
2019-09-05,278.5,0.020165,0.05
2019-09-06,277.88,0.018317,0.05
2019-09-07,277.86,0.006093,0.05
2019-09-08,278.44,0.003592,0.05
2019-09-09,278.46,0.002729,0.05
2019-09-10,278.78,0.006909,0.05
2019-09-11,278.84,0.01285,0.05
2019-09-12,277.79,0.025009,0.05
2019-09-13,277.52,0.010883,0.05
2019-09-14,277.73,0.007536,0.05
2019-09-15,277.91,0.006871,0.05
2019-09-16,277.46,0.005839,0.05
2019-09-17,276.39,0.023301,0.05
2019-09-18,275.25,0.023563,0.05
2019-09-19,274.67,0.004524,0.05
2019-09-20,275.18,0.003815,0.05
2019-09-21,275.37,0.005261,0.05
2019-09-22,275.35,0.006657,0.05
2019-09-23,275.95,0.010801,0.05
2019-09-24,275.84,0.01743,0.05
2019-09-25,274.91,0.014614,0.05
2019-09-26,275.13,0.006546,0.05
2019-09-27,274.69,0.008604,0.05
2019-09-28,273.64,0.027183,0.05
2019-09-29,273.59,0.014648,0.05
2019-09-30,273.94,0.003036,0.05
2019-10-01,274.49,0.003279,0.05
2019-10-02,274.46,0.000562,0.05
2019-10-03,273.99,0.002606,0.05
2019-10-04,274.64,0.000621,0.05
2019-10-05,274.63,0.001246,0.05
2019-10-06,275.13,0.001104,0.05
2019-10-07,274.7,0.001083,0.05
2019-10-08,273.5,0.002368,0.05
2019-10-09,272.68,0.000786,0.05
2019-10-10,272.73,7.4e-05,0.05
2019-10-11,273.12,0.000496,0.05
2019-10-12,272.88,0.000696,0.05
2019-10-13,273.39,0.000415,0.05
2019-10-14,273.21,0.000769,0.05
2019-10-15,273.13,0.000625,0.05
2019-10-16,272.31,0.000629,0.05
2019-10-17,272.51,0.000333,0.05
2019-10-18,272.48,0.000205,0.05
2019-10-19,272.63,0.000509,0.05
2019-10-20,272.04,0.003462,0.05
2019-10-21,271.39,0.000211,0.05
2019-10-22,272.28,4.7e-05,0.05
2019-10-23,271.77,0.000841,0.05
2019-10-24,271.38,0.00212,0.05
2019-10-25,271.74,0.001652,0.05
2019-10-26,270.85,0.000308,0.05
2019-10-27,271.93,4e-06,0.05
2019-10-28,272.44,0.000111,0.05
2019-10-29,271.92,0.000157,0.05
2019-10-30,271.25,0.001181,0.05
2019-10-31,270.15,0.000295,0.05
2019-11-01,270.36,0.000318,0.05
2019-11-02,270.93,0.00017,0.05
2019-11-03,270.02,0.000637,0.05
2019-11-04,268.77,0.00047,0.05
2019-11-05,269.9,0.000572,0.05
2019-11-06,271.97,0.000186,0.05
2019-11-07,270.98,8.7e-05,0.05
2019-11-08,270.41,0.000352,0.05
2019-11-09,270.69,0.00033,0.05
2019-11-10,271.34,0.001021,0.05
2019-11-11,271.71,2.9e-05,0.05
2019-11-12,273.15,0.0,0.05
2019-11-13,273.79,0.0,0.05
2019-11-14,272.76,2.6e-05,0.05
2019-11-15,272.66,1e-05,0.05
2019-11-16,272.68,1.7e-05,0.05
2019-11-17,271.22,1e-06,0.05
2019-11-18,270.95,3.2e-05,0.05
2019-11-19,270.0,0.000148,0.05
2019-11-20,270.46,3.3e-05,0.05
2019-11-21,271.41,2.4e-05,0.05
2019-11-22,273.01,8.7e-05,0.05
2019-11-23,272.61,2e-06,0.05
2019-11-24,271.75,7e-06,0.05
2019-11-25,269.57,0.000248,0.05
2019-11-26,268.18,6e-06,0.05
2019-11-27,267.95,3.4e-05,0.05
2019-11-28,266.67,3e-05,0.05
2019-11-29,265.21,0.000396,0.05
2019-11-30,265.09,1e-06,0.05
2019-12-01,266.47,6e-06,0.05
2019-12-02,265.05,0.000146,0.05
2019-12-03,265.0,0.000261,0.05
2019-12-04,267.32,9.7e-05,0.05
2019-12-05,268.64,0.000199,0.05
2019-12-06,268.05,0.000765,0.05
2019-12-07,267.91,2.8e-05,0.05
2019-12-08,266.7,4.4e-05,0.05
2019-12-09,267.99,2e-05,0.05
2019-12-10,267.54,0.000376,0.05
2019-12-11,266.47,0.000858,0.05
2019-12-12,266.09,0.002881,0.05
2019-12-13,263.02,0.023807,0.05
2019-12-14,260.66,0.000757,0.05
2019-12-15,258.55,0.002144,0.05
2019-12-16,258.85,2e-06,0.05
2019-12-17,259.04,1e-06,0.05
2019-12-18,262.85,9e-06,0.05
2019-12-19,263.67,5e-05,0.05
2019-12-20,265.08,1.1e-05,0.05
2019-12-21,263.68,4.5e-05,0.05
2019-12-22,261.89,1.8e-05,0.05
2019-12-23,261.63,1e-06,0.05
2019-12-24,259.99,0.0,0.05
2019-12-25,259.99,4e-06,0.05
2019-12-26,258.01,2.6e-05,0.05
2019-12-27,257.08,2.2e-05,0.05
2019-12-28,260.73,1e-06,0.05
2019-12-29,260.76,2e-06,0.05
2019-12-30,260.93,2e-06,0.05
2019-12-31,258.8,2.4e-05,0.05
2020-01-01,258.85,0.000268,0.05
2020-01-02,259.05,0.001233,0.05
2020-01-03,259.69,0.015547,0.05
2020-01-04,256.95,0.000139,0.05
2020-01-05,256.33,2.3e-05,0.05
2020-01-06,262.03,4e-06,0.05
2020-01-07,262.43,0.007136,0.05
2020-01-08,261.23,0.008651,0.05
2020-01-09,258.46,0.000406,0.05
2020-01-10,257.57,2.4e-05,0.05
2020-01-11,261.47,1.6e-05,0.05
2020-01-12,265.57,1e-06,0.05
2020-01-13,266.08,1e-06,0.05
2020-01-14,262.26,8e-06,0.05
2020-01-15,263.1,1e-05,0.05
2020-01-16,263.55,0.016749,0.05
2020-01-17,263.4,0.035405,0.05
2020-01-18,258.4,9.1e-05,0.05
2020-01-19,255.85,0.000128,0.05
2020-01-20,257.63,0.000179,0.05
2020-01-21,258.53,0.000486,0.05
2020-01-22,257.33,7.1e-05,0.05
2020-01-23,254.76,0.000211,0.05
2020-01-24,258.02,1e-06,0.05
2020-01-25,258.17,9.6e-05,0.05
2020-01-26,256.85,0.000529,0.05
2020-01-27,258.47,0.000241,0.05
2020-01-28,258.96,9.4e-05,0.05
2020-01-29,258.15,0.000173,0.05
2020-01-30,257.96,1.9e-05,0.05
2020-01-31,259.0,1.2e-05,0.05
2020-02-01,256.95,0.000233,0.05
2020-02-02,257.85,0.000119,0.05
2020-02-03,258.89,3.7e-05,0.05
2020-02-04,259.08,6.5e-05,0.05
2020-02-05,258.11,5.1e-05,0.05
2020-02-06,258.84,0.000225,0.05
2020-02-07,258.2,2.6e-05,0.05
2020-02-08,256.77,0.000363,0.05
2020-02-09,259.51,9.6e-05,0.05
2020-02-10,261.01,4e-05,0.05
2020-02-11,265.25,2.7e-05,0.05
2020-02-12,267.26,2.3e-05,0.05
2020-02-13,269.68,1.2e-05,0.05
2020-02-14,267.6,0.000213,0.05
2020-02-15,266.97,6.4e-05,0.05
2020-02-16,267.71,9e-06,0.05
2020-02-17,265.53,0.000182,0.05
2020-02-18,265.37,7e-06,0.05
2020-02-19,265.42,0.000137,0.05
2020-02-20,265.69,5e-05,0.05
2020-02-21,265.36,0.009599,0.05
2020-02-22,262.93,0.000197,0.05
2020-02-23,261.64,7.2e-05,0.05
2020-02-24,260.83,0.000706,0.05
2020-02-25,261.68,0.003045,0.05
2020-02-26,261.11,0.007414,0.05
2020-02-27,262.51,0.000369,0.05
2020-02-28,263.05,1.7e-05,0.05
2020-02-29,262.67,2.6e-05,0.05
2020-03-01,262.38,0.000205,0.05
2020-03-02,261.68,0.000215,0.05
2020-03-03,261.26,0.000519,0.05
2020-03-04,260.8,0.001287,0.05
2020-03-05,260.64,0.000348,0.05
2020-03-06,261.51,0.001938,0.05
2020-03-07,261.12,0.006737,0.05
2020-03-08,261.81,2e-06,0.05
2020-03-09,264.15,0.000204,0.05
2020-03-10,264.9,6.7e-05,0.05
2020-03-11,264.71,8.7e-05,0.05
2020-03-12,264.68,1.5e-05,0.05
2020-03-13,265.5,0.008399,0.05
2020-03-14,264.89,0.006718,0.05
2020-03-15,260.82,0.000573,0.05
2020-03-16,263.5,0.000154,0.05
2020-03-17,264.76,0.000586,0.05
2020-03-18,264.59,0.000432,0.05
2020-03-19,264.1,0.000997,0.05
2020-03-20,262.47,0.00161,0.05
2020-03-21,263.7,0.002212,0.05
2020-03-22,265.31,0.004149,0.05
2020-03-23,265.54,0.002922,0.05
2020-03-24,267.42,0.000719,0.05
2020-03-25,266.83,0.001282,0.05
2020-03-26,269.74,0.00052,0.05
2020-03-27,271.45,0.002182,0.05
2020-03-28,269.31,2.1e-05,0.05
2020-03-29,267.59,4e-05,0.05
2020-03-30,268.81,0.000194,0.05
2020-03-31,267.94,0.000235,0.05
2020-04-01,266.01,0.001504,0.05
2020-04-02,265.68,9.7e-05,0.05
2020-04-03,265.45,8.7e-05,0.05
2020-04-04,265.3,0.000394,0.05
2020-04-05,265.44,0.001197,0.05
2020-04-06,266.44,0.002909,0.05
2020-04-07,267.08,0.000593,0.05
2020-04-08,267.09,0.00114,0.05
2020-04-09,265.2,0.00187,0.05
2020-04-10,267.42,0.000908,0.05
2020-04-11,267.75,0.001779,0.05
2020-04-12,269.88,0.002504,0.05
2020-04-13,271.42,0.001217,0.05
2020-04-14,270.87,0.004475,0.05
2020-04-15,271.02,0.003109,0.05
2020-04-16,269.86,0.005493,0.05
2020-04-17,271.88,0.001897,0.05
2020-04-18,270.28,0.001248,0.05
2020-04-19,269.79,0.001476,0.05
2020-04-20,269.36,0.002124,0.05
2020-04-21,267.69,0.00609,0.05
2020-04-22,266.16,0.002656,0.05
2020-04-23,267.95,0.00349,0.05
2020-04-24,267.47,0.002978,0.05
2020-04-25,268.83,0.0029,0.05
2020-04-26,269.85,0.006191,0.05
2020-04-27,269.44,0.006905,0.05
2020-04-28,269.54,0.002695,0.05
2020-04-29,269.78,0.00315,0.05
2020-04-30,271.26,0.006793,0.05
2020-05-01,271.7,0.007392,0.05
2020-05-02,271.84,0.006295,0.05
2020-05-03,272.38,0.005225,0.05
2020-05-04,271.7,0.004706,0.05
2020-05-05,271.31,0.003801,0.05
2020-05-06,269.9,0.003567,0.05
2020-05-07,269.19,0.00213,0.05
2020-05-08,270.54,0.0012,0.05
2020-05-09,271.34,0.003157,0.05
2020-05-10,271.19,0.005812,0.05
2020-05-11,270.99,0.003895,0.05
2020-05-12,270.84,0.002973,0.05
2020-05-13,272.17,0.000751,0.05
2020-05-14,273.26,0.001654,0.05
2020-05-15,273.24,0.002053,0.05
2020-05-16,273.92,0.001388,0.05
2020-05-17,274.52,0.001203,0.05
2020-05-18,273.3,0.001926,0.05
2020-05-19,273.76,0.001209,0.05
2020-05-20,275.15,0.017449,0.05
2020-05-21,276.71,0.00874,0.05
2020-05-22,276.41,0.007429,0.05
2020-05-23,275.81,0.002753,0.05
2020-05-24,275.29,0.00417,0.05
2020-05-25,274.39,0.000896,0.05
2020-05-26,273.55,0.002156,0.05
2020-05-27,272.43,0.00498,0.05
2020-05-28,272.43,0.00806,0.05
2020-05-29,272.36,0.007433,0.05
2020-05-30,273.19,0.00564,0.05
2020-05-31,273.84,0.003222,0.05
2020-06-01,274.01,0.001201,0.05
2020-06-02,274.62,0.00053,0.05
2020-06-03,274.82,0.001376,0.05
2020-06-04,274.98,0.011855,0.05
2020-06-05,274.9,0.017022,0.05
2020-06-06,275.2,0.008405,0.05
2020-06-07,275.41,0.004066,0.05
2020-06-08,276.37,0.003136,0.05
2020-06-09,277.5,0.008352,0.05
2020-06-10,277.52,0.006505,0.05
2020-06-11,277.89,0.011066,0.05
2020-06-12,277.85,0.008632,0.05
2020-06-13,278.62,0.009734,0.05
2020-06-14,278.52,0.013246,0.05
2020-06-15,278.44,0.017871,0.05
2020-06-16,277.55,0.026907,0.05
2020-06-17,278.5,0.008182,0.05
2020-06-18,278.47,0.018307,0.05
2020-06-19,278.69,0.018175,0.05
2020-06-20,278.33,0.016803,0.05
2020-06-21,278.32,0.010135,0.05
2020-06-22,278.08,0.006596,0.05
2020-06-23,278.27,0.010603,0.05
2020-06-24,278.74,0.006255,0.05
2020-06-25,278.22,0.021954,0.05
2020-06-26,277.99,0.021794,0.05
2020-06-27,278.09,0.005268,0.05
2020-06-28,278.28,0.016985,0.05
2020-06-29,277.6,0.014071,0.05
2020-06-30,278.12,0.004513,0.05
2020-07-01,279.39,0.009369,0.05
2020-07-02,279.41,0.010788,0.05
2020-07-03,278.54,0.014015,0.05
2020-07-04,278.06,0.01381,0.05
2020-07-05,278.66,0.010746,0.05
2020-07-06,279.11,0.006557,0.05
2020-07-07,279.2,0.006379,0.05
2020-07-08,279.66,0.009808,0.05
2020-07-09,279.42,0.022485,0.05
2020-07-10,277.71,0.05564,0.05
2020-07-11,277.76,0.03066,0.05
2020-07-12,278.44,0.012855,0.05
2020-07-13,277.86,0.059917,0.05
2020-07-14,278.53,0.009813,0.05
2020-07-15,278.38,0.018413,0.05
2020-07-16,278.69,0.017165,0.05
2020-07-17,278.51,0.020549,0.05
2020-07-18,277.95,0.016044,0.05
2020-07-19,278.14,0.018576,0.05
2020-07-20,276.64,0.077872,0.05
2020-07-21,277.14,0.015665,0.05
2020-07-22,277.49,0.005065,0.05
2020-07-23,278.12,0.030609,0.05
2020-07-24,277.94,0.011065,0.05
2020-07-25,278.01,0.008377,0.05
2020-07-26,278.38,0.007019,0.05
2020-07-27,278.84,0.020901,0.05
2020-07-28,277.71,0.040377,0.05
2020-07-29,277.97,0.028037,0.05
2020-07-30,277.96,0.008361,0.05
2020-07-31,278.4,0.00991,0.05
2020-08-01,278.65,0.017114,0.05
2020-08-02,279.49,0.00748,0.05
2020-08-03,278.63,0.025452,0.05
2020-08-04,279.32,0.01029,0.05
2020-08-05,280.16,0.011785,0.05
2020-08-06,279.54,0.009387,0.05
2020-08-07,280.04,0.009137,0.05
2020-08-08,280.57,0.042412,0.05
2020-08-09,279.06,0.030305,0.05
2020-08-10,278.47,0.016161,0.05
2020-08-11,279.25,0.011849,0.05
2020-08-12,279.19,0.025499,0.05
2020-08-13,278.94,0.019695,0.05
2020-08-14,279.07,0.025499,0.05
2020-08-15,278.79,0.020818,0.05
2020-08-16,279.61,0.011324,0.05
2020-08-17,279.49,0.017753,0.05
2020-08-18,279.49,0.010939,0.05
2020-08-19,278.5,0.017894,0.05
2020-08-20,278.06,0.009299,0.05
2020-08-21,278.1,0.009757,0.05
2020-08-22,278.12,0.010546,0.05
2020-08-23,278.25,0.010899,0.05
2020-08-24,279.03,0.014289,0.05
2020-08-25,278.77,0.012554,0.05
2020-08-26,278.54,0.010669,0.05
2020-08-27,277.86,0.009591,0.05
2020-08-28,277.44,0.005835,0.05
2020-08-29,277.74,0.003161,0.05
2020-08-30,278.85,0.001336,0.05
2020-08-31,279.51,0.009147,0.05
2020-09-01,279.03,0.009186,0.05
2020-09-02,278.64,0.009068,0.05
2020-09-03,278.02,0.007801,0.05
2020-09-04,278.3,0.003335,0.05
2020-09-05,278.7,0.003585,0.05
2020-09-06,278.58,0.002422,0.05
2020-09-07,278.19,0.005327,0.05
2020-09-08,278.19,0.004928,0.05
2020-09-09,278.21,0.003796,0.05
2020-09-10,278.35,0.006102,0.05
2020-09-11,278.19,0.005988,0.05
2020-09-12,277.98,0.012473,0.05
2020-09-13,278.31,0.005654,0.05
2020-09-14,278.05,0.005769,0.05
2020-09-15,278.0,0.006197,0.05
2020-09-16,278.1,0.004647,0.05
2020-09-17,278.62,0.011094,0.05
2020-09-18,277.77,0.010218,0.05
2020-09-19,277.44,0.003566,0.05
2020-09-20,277.57,0.004562,0.05
2020-09-21,277.56,0.00676,0.05
2020-09-22,277.57,0.030063,0.05
2020-09-23,276.59,0.028621,0.05
2020-09-24,276.49,0.027796,0.05
2020-09-25,276.11,0.030001,0.05
2020-09-26,275.17,0.005717,0.05
2020-09-27,275.42,0.000427,0.05
2020-09-28,275.83,0.000372,0.05
2020-09-29,276.18,0.000436,0.05
2020-09-30,275.92,0.000451,0.05
2020-10-01,276.31,0.001322,0.05
2020-10-02,276.2,0.001295,0.05
2020-10-03,276.68,0.000645,0.05
2020-10-04,276.3,0.001228,0.05
2020-10-05,276.56,0.000647,0.05
2020-10-06,276.09,0.000183,0.05
2020-10-07,276.03,0.000253,0.05
2020-10-08,276.72,0.000378,0.05
2020-10-09,276.85,0.000826,0.05
2020-10-10,276.99,0.000905,0.05
2020-10-11,276.8,0.00123,0.05
2020-10-12,276.33,0.002454,0.05
2020-10-13,275.88,0.000941,0.05
2020-10-14,275.56,0.001259,0.05
2020-10-15,276.06,0.001513,0.05
2020-10-16,275.85,0.001478,0.05
2020-10-17,275.99,0.001106,0.05
2020-10-18,275.48,0.002926,0.05
2020-10-19,273.8,0.001563,0.05
2020-10-20,273.64,0.000183,0.05
2020-10-21,273.9,0.001934,0.05
2020-10-22,272.58,0.001785,0.05
2020-10-23,272.43,0.000423,0.05
2020-10-24,274.19,0.001025,0.05
2020-10-25,273.4,0.000569,0.05
2020-10-26,271.59,0.000128,0.05
2020-10-27,270.72,4.9e-05,0.05
2020-10-28,271.67,1e-05,0.05
2020-10-29,272.07,6.4e-05,0.05
2020-10-30,272.82,0.000921,0.05
2020-10-31,272.38,0.000668,0.05
2020-11-01,272.83,0.000169,0.05
2020-11-02,272.02,8.1e-05,0.05
2020-11-03,269.85,0.001066,0.05
2020-11-04,267.32,0.000677,0.05
2020-11-05,268.14,2.8e-05,0.05
2020-11-06,269.57,3e-06,0.05
2020-11-07,270.38,0.000411,0.05
2020-11-08,270.48,0.00029,0.05
2020-11-09,269.93,0.000471,0.05
2020-11-10,268.94,0.000375,0.05
2020-11-11,269.91,0.000253,0.05
2020-11-12,270.49,2.4e-05,0.05
2020-11-13,270.31,1.7e-05,0.05
2020-11-14,270.77,1.9e-05,0.05
2020-11-15,270.86,7.6e-05,0.05
2020-11-16,267.11,0.002777,0.05
2020-11-17,265.85,7e-06,0.05
2020-11-18,266.42,2e-06,0.05
2020-11-19,266.94,1.6e-05,0.05
2020-11-20,266.38,1.4e-05,0.05
2020-11-21,264.31,0.000128,0.05
2020-11-22,265.87,1.3e-05,0.05
2020-11-23,266.71,3.3e-05,0.05
2020-11-24,266.62,2.3e-05,0.05
2020-11-25,268.28,2.9e-05,0.05
2020-11-26,268.37,5e-05,0.05
2020-11-27,266.61,0.000609,0.05
2020-11-28,268.78,1.7e-05,0.05
2020-11-29,269.6,0.0,0.05
2020-11-30,268.24,0.000112,0.05
2020-12-01,268.92,0.000205,0.05
2020-12-02,268.22,0.000762,0.05
2020-12-03,267.03,0.001562,0.05
2020-12-04,266.55,0.001737,0.05
2020-12-05,266.37,0.000536,0.05
2020-12-06,267.28,0.000337,0.05
2020-12-07,268.48,4.7e-05,0.05
2020-12-08,270.61,9e-06,0.05
2020-12-09,270.5,1e-06,0.05
2020-12-10,269.26,2e-06,0.05
2020-12-11,269.96,0.001673,0.05
2020-12-12,267.19,0.001198,0.05
2020-12-13,265.64,6e-06,0.05
2020-12-14,265.98,1e-06,0.05
2020-12-15,266.12,0.0,0.05
2020-12-16,264.5,5e-06,0.05
2020-12-17,263.66,2e-05,0.05
2020-12-18,263.8,6.7e-05,0.05
2020-12-19,265.84,3e-05,0.05
2020-12-20,269.2,1e-06,0.05
2020-12-21,269.74,2e-06,0.05
2020-12-22,268.76,2e-06,0.05
2020-12-23,267.8,2.3e-05,0.05
2020-12-24,265.0,0.000603,0.05
2020-12-25,263.7,2e-06,0.05
2020-12-26,267.45,3e-06,0.05
2020-12-27,267.59,3e-06,0.05
2020-12-28,265.23,6e-06,0.05
2020-12-29,266.29,1e-06,0.05
2020-12-30,265.17,2e-06,0.05
2020-12-31,267.05,1e-06,0.05
2021-01-01,268.16,0.0,0.05
2021-01-02,268.21,0.0,0.05
2021-01-03,269.13,0.000231,0.05
2021-01-04,268.53,0.003335,0.05
2021-01-05,268.26,0.003949,0.05
2021-01-06,266.62,9e-06,0.05
2021-01-07,266.47,3e-06,0.05
2021-01-08,268.83,1e-06,0.05
2021-01-09,269.88,4e-06,0.05
2021-01-10,270.21,2.8e-05,0.05
2021-01-11,269.98,7.4e-05,0.05
2021-01-12,270.13,0.000136,0.05
2021-01-13,271.51,0.000139,0.05
2021-01-14,271.69,1.8e-05,0.05
2021-01-15,271.64,0.0,0.05
2021-01-16,269.38,5e-06,0.05
2021-01-17,268.39,5e-06,0.05
2021-01-18,266.63,0.000207,0.05
2021-01-19,266.3,0.000684,0.05
2021-01-20,265.15,0.000575,0.05
2021-01-21,267.26,9.7e-05,0.05
2021-01-22,268.92,1.4e-05,0.05
2021-01-23,267.97,5e-06,0.05
2021-01-24,265.87,4.5e-05,0.05
2021-01-25,265.22,1.4e-05,0.05
2021-01-26,264.07,5e-06,0.05
2021-01-27,265.0,0.0,0.05
2021-01-28,264.57,2.9e-05,0.05
2021-01-29,259.93,0.000778,0.05
2021-01-30,260.56,7e-05,0.05
2021-01-31,263.57,0.000273,0.05
2021-02-01,264.78,0.000234,0.05
2021-02-02,265.01,0.000409,0.05
2021-02-03,263.66,9.7e-05,0.05
2021-02-04,263.61,2.5e-05,0.05
2021-02-05,262.41,0.00864,0.05
2021-02-06,258.93,0.000998,0.05
2021-02-07,261.69,0.000163,0.05
2021-02-08,264.95,1e-06,0.05
2021-02-09,266.36,1.1e-05,0.05
2021-02-10,265.34,0.001754,0.05
2021-02-11,265.01,6e-06,0.05
2021-02-12,266.08,0.000246,0.05
2021-02-13,266.05,9.4e-05,0.05
2021-02-14,265.04,0.000139,0.05
2021-02-15,263.36,0.000516,0.05
2021-02-16,262.42,0.000121,0.05
2021-02-17,262.93,0.000817,0.05
2021-02-18,261.78,0.00232,0.05
2021-02-19,262.38,0.000925,0.05
2021-02-20,265.67,0.000707,0.05
2021-02-21,268.39,0.000361,0.05
2021-02-22,268.56,0.000764,0.05
2021-02-23,267.95,0.001822,0.05
2021-02-24,267.64,0.002343,0.05
2021-02-25,269.45,0.001,0.05
2021-02-26,270.8,0.001016,0.05
2021-02-27,271.06,0.000917,0.05
2021-02-28,270.59,0.000818,0.05
2021-03-01,269.14,0.000101,0.05
2021-03-02,268.83,0.000359,0.05
2021-03-03,268.95,0.000489,0.05
2021-03-04,267.22,0.002947,0.05
2021-03-05,265.83,0.000482,0.05
2021-03-06,266.66,0.000937,0.05
2021-03-07,267.65,0.003012,0.05
2021-03-08,267.14,0.001172,0.05
2021-03-09,267.04,0.000963,0.05
2021-03-10,267.14,0.00067,0.05
2021-03-11,267.36,0.000122,0.05
2021-03-12,268.8,0.000273,0.05
2021-03-13,268.14,0.00513,0.05
2021-03-14,268.81,0.001302,0.05
2021-03-15,268.33,0.000237,0.05
2021-03-16,267.78,0.000644,0.05
2021-03-17,268.22,0.000495,0.05
2021-03-18,268.2,0.000822,0.05
2021-03-19,269.12,0.000342,0.05
2021-03-20,267.7,0.002479,0.05
2021-03-21,267.68,0.001545,0.05
2021-03-22,268.36,0.001316,0.05
2021-03-23,269.63,0.000445,0.05
2021-03-24,267.78,0.002718,0.05
2021-03-25,267.15,3.3e-05,0.05
2021-03-26,268.9,0.000358,0.05
2021-03-27,269.4,0.000481,0.05
2021-03-28,268.4,0.001608,0.05
2021-03-29,269.5,0.00889,0.05
2021-03-30,268.88,0.002263,0.05
2021-03-31,269.51,0.002335,0.05
2021-04-01,267.45,0.000308,0.05
2021-04-02,266.05,0.000632,0.05
2021-04-03,264.9,2.8e-05,0.05
2021-04-04,265.58,0.00077,0.05
2021-04-05,268.81,0.00041,0.05
2021-04-06,269.55,0.001777,0.05
2021-04-07,269.09,0.002036,0.05
2021-04-08,269.08,0.000682,0.05
2021-04-09,268.57,3.5e-05,0.05
2021-04-10,268.32,1.3e-05,0.05
2021-04-11,268.92,0.000165,0.05
2021-04-12,268.18,0.00215,0.05
2021-04-13,268.45,0.001231,0.05
2021-04-14,269.57,0.001669,0.05
2021-04-15,270.03,0.001537,0.05
2021-04-16,269.85,0.003143,0.05
2021-04-17,270.19,0.004262,0.05
2021-04-18,268.73,3.7e-05,0.05
2021-04-19,269.19,0.002736,0.05
2021-04-20,270.79,0.000687,0.05
2021-04-21,270.4,0.008747,0.05
2021-04-22,266.8,0.004765,0.05
2021-04-23,267.97,0.000161,0.05
2021-04-24,267.75,0.00063,0.05
2021-04-25,267.8,1.7e-05,0.05
2021-04-26,268.62,0.001105,0.05
2021-04-27,269.35,0.001093,0.05
2021-04-28,269.77,0.002624,0.05
2021-04-29,269.92,0.006665,0.05
2021-04-30,270.52,0.005622,0.05
2021-05-01,270.28,0.008464,0.05
2021-05-02,271.15,0.00327,0.05
2021-05-03,271.81,0.005851,0.05
2021-05-04,272.06,0.005911,0.05
2021-05-05,272.08,0.006557,0.05
2021-05-06,270.78,0.004539,0.05
2021-05-07,271.84,0.004597,0.05
2021-05-08,270.74,0.002835,0.05
2021-05-09,271.14,0.003509,0.05
2021-05-10,271.29,0.004978,0.05
2021-05-11,271.78,0.003422,0.05
2021-05-12,271.01,0.013318,0.05
2021-05-13,270.77,0.003145,0.05
2021-05-14,270.32,0.001467,0.05
2021-05-15,272.13,0.000333,0.05
2021-05-16,274.02,0.000869,0.05
2021-05-17,276.03,0.006065,0.05
2021-05-18,275.95,0.004796,0.05
2021-05-19,275.32,0.017144,0.05
2021-05-20,274.72,0.02821,0.05
2021-05-21,275.63,0.00048,0.05
2021-05-22,275.52,0.000584,0.05
2021-05-23,276.06,0.002064,0.05
2021-05-24,275.82,0.00491,0.05
2021-05-25,276.34,0.01133,0.05
2021-05-26,276.7,0.014824,0.05
2021-05-27,277.09,0.023456,0.05
2021-05-28,275.73,0.051546,0.05
2021-05-29,275.86,0.004633,0.05
2021-05-30,276.38,0.003463,0.05
2021-05-31,275.76,0.005896,0.05
2021-06-01,275.34,0.002095,0.05
2021-06-02,275.21,0.001512,0.05
2021-06-03,276.59,0.000872,0.05
2021-06-04,276.7,0.002663,0.05
2021-06-05,276.99,0.00296,0.05
2021-06-06,277.33,0.003287,0.05
2021-06-07,277.51,0.001807,0.05
2021-06-08,277.44,0.007221,0.05
2021-06-09,277.89,0.014129,0.05
2021-06-10,277.4,0.009486,0.05
2021-06-11,277.61,0.011262,0.05
2021-06-12,277.02,0.020162,0.05
2021-06-13,277.7,0.008694,0.05
2021-06-14,278.47,0.008706,0.05
2021-06-15,277.88,0.011636,0.05
2021-06-16,278.07,0.006217,0.05
2021-06-17,278.16,0.012646,0.05
2021-06-18,278.07,0.016856,0.05
2021-06-19,277.45,0.012571,0.05
2021-06-20,277.45,0.014022,0.05
2021-06-21,277.88,0.008637,0.05
2021-06-22,278.23,0.012602,0.05
2021-06-23,277.72,0.012863,0.05
2021-06-24,277.57,0.008729,0.05
2021-06-25,278.01,0.008603,0.05
2021-06-26,277.47,0.006609,0.05
2021-06-27,278.34,0.007923,0.05
2021-06-28,278.98,0.006743,0.05
2021-06-29,279.35,0.012557,0.05
2021-06-30,279.46,0.036334,0.05
2021-07-01,277.29,0.053241,0.05
2021-07-02,276.33,0.035839,0.05
2021-07-03,277.12,0.006262,0.05
2021-07-04,277.84,0.010402,0.05
2021-07-05,278.15,0.003482,0.05
2021-07-06,279.13,0.003855,0.05
2021-07-07,279.36,0.011897,0.05
2021-07-08,278.17,0.018782,0.05
2021-07-09,278.79,0.016003,0.05
2021-07-10,278.66,0.030503,0.05
2021-07-11,278.28,0.026304,0.05
2021-07-12,277.93,0.015763,0.05
2021-07-13,278.04,0.012351,0.05
2021-07-14,278.57,0.015225,0.05
2021-07-15,277.84,0.028689,0.05
2021-07-16,278.17,0.012858,0.05
2021-07-17,278.97,0.013389,0.05
2021-07-18,279.01,0.016633,0.05
2021-07-19,278.75,0.018809,0.05
2021-07-20,278.19,0.018404,0.05
2021-07-21,278.36,0.019256,0.05
2021-07-22,278.43,0.011786,0.05
2021-07-23,279.42,0.012202,0.05
2021-07-24,279.76,0.009737,0.05
2021-07-25,280.01,0.030897,0.05
2021-07-26,278.6,0.031762,0.05
2021-07-27,278.64,0.026646,0.05
2021-07-28,278.45,0.013759,0.05
2021-07-29,278.67,0.009913,0.05
2021-07-30,279.04,0.012284,0.05
2021-07-31,278.99,0.00806,0.05
2021-08-01,278.96,0.008342,0.05
2021-08-02,278.89,0.011273,0.05
2021-08-03,278.55,0.021453,0.05
2021-08-04,277.53,0.030908,0.05
2021-08-05,277.78,0.010198,0.05
2021-08-06,277.88,0.024665,0.05
2021-08-07,278.02,0.014862,0.05
2021-08-08,278.38,0.012423,0.05
2021-08-09,278.62,0.009902,0.05
2021-08-10,279.21,0.005395,0.05
2021-08-11,279.35,0.008881,0.05
2021-08-12,279.03,0.015509,0.05
2021-08-13,278.89,0.019185,0.05
2021-08-14,278.93,0.019379,0.05
2021-08-15,278.45,0.018761,0.05
2021-08-16,278.63,0.01913,0.05
2021-08-17,278.73,0.011472,0.05
2021-08-18,278.75,0.013795,0.05
2021-08-19,278.55,0.019944,0.05
2021-08-20,278.08,0.013332,0.05
2021-08-21,278.27,0.014038,0.05
2021-08-22,278.43,0.010321,0.05
2021-08-23,278.49,0.00719,0.05
2021-08-24,278.96,0.01035,0.05
2021-08-25,278.4,0.026641,0.05
2021-08-26,278.51,0.040601,0.05
2021-08-27,277.1,0.041884,0.05
2021-08-28,276.67,0.045813,0.05
2021-08-29,276.23,0.032283,0.05
2021-08-30,276.31,0.008474,0.05
2021-08-31,276.46,0.003576,0.05
2021-09-01,277.16,0.003348,0.05
2021-09-02,277.21,0.005649,0.05
2021-09-03,276.63,0.021922,0.05
2021-09-04,277.66,0.005152,0.05
2021-09-05,277.97,0.008307,0.05
2021-09-06,277.58,0.02565,0.05
2021-09-07,277.16,0.015157,0.05
2021-09-08,276.65,0.007667,0.05
2021-09-09,276.54,0.011384,0.05
2021-09-10,276.26,0.007543,0.05
2021-09-11,276.51,0.004664,0.05
2021-09-12,276.97,0.007058,0.05
2021-09-13,276.68,0.010771,0.05
2021-09-14,277.21,0.008557,0.05
2021-09-15,276.25,0.020849,0.05
2021-09-16,276.12,0.007483,0.05
2021-09-17,276.15,0.007124,0.05
2021-09-18,276.57,0.007284,0.05
2021-09-19,277.06,0.001669,0.05
2021-09-20,276.97,0.010863,0.05
2021-09-21,275.96,0.012232,0.05
2021-09-22,275.9,0.008876,0.05
2021-09-23,276.17,0.007296,0.05
2021-09-24,276.67,0.007605,0.05
2021-09-25,276.57,0.008038,0.05
2021-09-26,275.88,0.007777,0.05
2021-09-27,276.33,0.006054,0.05
2021-09-28,276.57,0.008563,0.05
2021-09-29,276.47,0.007843,0.05
2021-09-30,276.31,0.009275,0.05
2021-10-01,276.12,0.00577,0.05
2021-10-02,276.07,0.005936,0.05
2021-10-03,275.6,0.010735,0.05
2021-10-04,275.49,0.003294,0.05
2021-10-05,276.14,0.000881,0.05
2021-10-06,276.09,0.00155,0.05
2021-10-07,276.37,0.002586,0.05
2021-10-08,276.33,0.003355,0.05
2021-10-09,275.95,0.002516,0.05
2021-10-10,275.63,0.000489,0.05
2021-10-11,275.73,0.000454,0.05
2021-10-12,275.47,0.000461,0.05
2021-10-13,275.4,0.000461,0.05
2021-10-14,275.18,0.000415,0.05
2021-10-15,275.53,0.001511,0.05
2021-10-16,275.65,0.002522,0.05
2021-10-17,275.94,0.0081,0.05
2021-10-18,275.9,0.022308,0.05
2021-10-19,275.59,0.050824,0.05
2021-10-20,274.25,0.014585,0.05
2021-10-21,273.61,0.000499,0.05
2021-10-22,273.98,0.001073,0.05
2021-10-23,273.34,0.000627,0.05
2021-10-24,271.21,0.000551,0.05
2021-10-25,269.64,0.000565,0.05
2021-10-26,270.19,0.000935,0.05
2021-10-27,269.92,0.001065,0.05
2021-10-28,269.31,0.000274,0.05
2021-10-29,270.78,0.0,0.05
2021-10-30,271.0,0.000203,0.05
2021-10-31,270.02,0.000629,0.05
2021-11-01,268.53,0.000374,0.05
2021-11-02,267.56,6.2e-05,0.05
2021-11-03,267.42,2.3e-05,0.05
2021-11-04,267.0,1.7e-05,0.05
2021-11-05,269.28,1.2e-05,0.05
2021-11-06,270.51,7e-06,0.05
2021-11-07,272.55,8.6e-05,0.05
2021-11-08,272.1,7.3e-05,0.05
2021-11-09,271.95,1.9e-05,0.05
2021-11-10,273.09,2.9e-05,0.05
2021-11-11,273.33,3.4e-05,0.05
2021-11-12,272.91,3e-06,0.05
2021-11-13,271.37,4e-06,0.05
2021-11-14,271.44,3e-06,0.05
2021-11-15,269.41,6e-06,0.05
2021-11-16,270.51,2e-06,0.05
2021-11-17,272.6,2e-06,0.05
2021-11-18,273.28,4.5e-05,0.05
2021-11-19,272.16,0.0012,0.05
2021-11-20,272.07,0.001946,0.05
2021-11-21,270.7,4.4e-05,0.05
2021-11-22,269.16,0.000189,0.05
2021-11-23,267.98,0.00081,0.05
2021-11-24,268.64,0.000216,0.05
2021-11-25,267.87,0.000767,0.05
2021-11-26,267.05,0.000994,0.05
2021-11-27,267.01,0.000291,0.05
2021-11-28,269.07,3.6e-05,0.05
2021-11-29,269.68,1e-06,0.05
2021-11-30,270.68,2e-06,0.05
2021-12-01,272.59,3e-06,0.05
2021-12-02,273.27,0.000352,0.05
2021-12-03,272.38,0.00529,0.05
2021-12-04,270.96,0.000338,0.05
2021-12-05,269.7,0.000527,0.05
2021-12-06,267.05,0.000648,0.05
2021-12-07,266.73,5e-06,0.05
2021-12-08,268.2,1e-06,0.05
2021-12-09,266.18,4.2e-05,0.05
2021-12-10,264.16,2.9e-05,0.05
2021-12-11,264.5,4.6e-05,0.05
2021-12-12,266.12,2.6e-05,0.05
2021-12-13,266.87,2e-06,0.05
2021-12-14,265.37,6e-06,0.05
2021-12-15,265.27,1e-06,0.05
2021-12-16,266.36,0.0,0.05
2021-12-17,265.61,8e-06,0.05
2021-12-18,263.47,2.9e-05,0.05
2021-12-19,262.82,0.000143,0.05
2021-12-20,263.41,0.00043,0.05
2021-12-21,262.59,0.002244,0.05
2021-12-22,261.18,0.002858,0.05
2021-12-23,262.01,5.7e-05,0.05
2021-12-24,260.89,0.000597,0.05
2021-12-25,259.71,0.00042,0.05
2021-12-26,261.25,0.000277,0.05
2021-12-27,261.17,0.000552,0.05
2021-12-28,262.71,0.013195,0.05
2021-12-29,261.01,0.022325,0.05
2021-12-30,258.24,4.1e-05,0.05
2021-12-31,259.83,1e-06,0.05
2022-01-01,259.99,4e-06,0.05
2022-01-02,259.83,2e-06,0.05
2022-01-03,260.1,1.2e-05,0.05
2022-01-04,262.82,3e-06,0.05
2022-01-05,263.58,3.4e-05,0.05
2022-01-06,262.8,0.002082,0.05
2022-01-07,264.06,0.001663,0.05
2022-01-08,263.61,0.002088,0.05
2022-01-09,262.27,0.000619,0.05
2022-01-10,260.25,0.000273,0.05
2022-01-11,259.05,2.8e-05,0.05
2022-01-12,257.27,0.000428,0.05
2022-01-13,258.82,8e-06,0.05
2022-01-14,259.8,5.6e-05,0.05
2022-01-15,258.76,-0.0,0.05
2022-01-16,259.95,3e-06,0.05
2022-01-17,262.17,0.000421,0.05
2022-01-18,260.73,0.001978,0.05
2022-01-19,260.12,0.000573,0.05
2022-01-20,258.04,0.001131,0.05
2022-01-21,258.5,0.000166,0.05
2022-01-22,260.04,0.001471,0.05
2022-01-23,258.89,0.000193,0.05
2022-01-24,258.07,0.000437,0.05
2022-01-25,258.86,6.2e-05,0.05
2022-01-26,256.08,0.00046,0.05
2022-01-27,255.05,4.1e-05,0.05
2022-01-28,259.34,0.000128,0.05
2022-01-29,262.18,8.1e-05,0.05
2022-01-30,262.2,0.00018,0.05
2022-01-31,261.96,0.00044,0.05
2022-02-01,258.84,0.000535,0.05
2022-02-02,262.03,0.000367,0.05
2022-02-03,260.83,0.012111,0.05
2022-02-04,259.15,0.015715,0.05
2022-02-05,256.7,0.000179,0.05
2022-02-06,261.03,1e-05,0.05
2022-02-07,260.29,0.000188,0.05
2022-02-08,259.59,0.000214,0.05
2022-02-09,258.96,0.000376,0.05
2022-02-10,257.26,7.9e-05,0.05
2022-02-11,256.97,2.3e-05,0.05
2022-02-12,258.1,0.0,0.05
2022-02-13,260.81,5.8e-05,0.05
2022-02-14,262.3,4e-06,0.05
2022-02-15,260.24,1.6e-05,0.05
2022-02-16,258.08,0.000271,0.05
2022-02-17,260.63,0.000174,0.05
2022-02-18,262.76,0.000161,0.05
2022-02-19,258.25,0.000186,0.05
2022-02-20,257.22,0.002293,0.05
2022-02-21,257.51,0.000974,0.05
2022-02-22,262.43,7e-05,0.05
2022-02-23,262.72,0.000246,0.05
2022-02-24,261.85,1.7e-05,0.05
2022-02-25,260.49,0.000659,0.05
2022-02-26,260.72,7e-06,0.05
2022-02-27,261.57,7.2e-05,0.05
2022-02-28,262.79,0.000174,0.05
2022-03-01,263.04,0.000122,0.05
2022-03-02,262.92,0.000533,0.05
2022-03-03,264.19,1.6e-05,0.05
2022-03-04,264.08,3.3e-05,0.05
2022-03-05,265.32,0.000966,0.05
2022-03-06,268.38,0.000249,0.05
2022-03-07,266.96,0.00046,0.05
2022-03-08,266.82,0.000154,0.05
2022-03-09,266.88,0.000262,0.05
2022-03-10,266.27,0.001301,0.05
2022-03-11,265.46,0.001369,0.05
2022-03-12,266.99,0.000545,0.05
2022-03-13,268.9,0.002446,0.05
2022-03-14,270.37,0.001309,0.05
2022-03-15,269.05,0.000368,0.05
2022-03-16,270.33,0.001038,0.05
2022-03-17,272.31,0.001499,0.05
2022-03-18,272.92,0.004169,0.05
2022-03-19,273.03,8.2e-05,0.05
2022-03-20,271.94,0.000279,0.05
2022-03-21,270.74,0.000192,0.05
2022-03-22,271.32,0.003525,0.05
2022-03-23,270.87,0.003797,0.05
2022-03-24,269.93,0.002135,0.05
2022-03-25,270.18,6.9e-05,0.05
2022-03-26,271.54,0.00062,0.05
2022-03-27,273.55,0.000399,0.05
2022-03-28,274.89,0.000399,0.05
2022-03-29,275.98,0.000609,0.05
2022-03-30,275.2,0.005092,0.05
2022-03-31,274.37,0.006793,0.05
2022-04-01,275.1,0.002355,0.05
2022-04-02,274.07,0.003039,0.05
2022-04-03,272.84,0.002994,0.05
2022-04-04,273.38,0.002286,0.05
2022-04-05,273.71,0.002828,0.05
2022-04-06,273.64,0.002847,0.05
2022-04-07,272.85,0.003019,0.05
2022-04-08,272.41,0.003539,0.05
2022-04-09,272.48,0.005531,0.05
2022-04-10,272.53,0.005493,0.05
2022-04-11,274.35,0.001567,0.05
2022-04-12,274.42,0.00057,0.05
2022-04-13,274.11,0.000847,0.05
2022-04-14,271.57,1.3e-05,0.05
2022-04-15,270.58,0.000129,0.05
2022-04-16,269.96,2e-05,0.05
2022-04-17,270.39,0.000871,0.05
2022-04-18,272.24,0.000532,0.05
2022-04-19,272.87,0.002031,0.05
2022-04-20,272.93,0.00577,0.05
2022-04-21,273.53,0.003232,0.05
2022-04-22,272.38,0.002348,0.05
2022-04-23,272.3,0.001027,0.05
2022-04-24,271.38,5.1e-05,0.05
2022-04-25,272.0,0.000432,0.05
2022-04-26,271.54,0.001839,0.05
2022-04-27,272.45,0.003101,0.05
2022-04-28,273.35,0.000767,0.05
2022-04-29,273.06,0.005117,0.05
2022-04-30,272.94,0.010994,0.05
2022-05-01,271.77,0.009134,0.05
2022-05-02,271.76,0.004768,0.05
2022-05-03,273.32,0.002777,0.05
2022-05-04,273.33,0.003809,0.05
2022-05-05,273.78,0.004216,0.05
2022-05-06,273.26,0.008618,0.05
2022-05-07,273.3,0.010885,0.05
2022-05-08,273.38,0.010143,0.05
2022-05-09,274.25,0.011465,0.05
2022-05-10,274.58,0.006314,0.05
2022-05-11,275.01,0.005774,0.05
2022-05-12,275.71,0.009827,0.05
2022-05-13,276.16,0.003693,0.05
2022-05-14,276.86,0.002003,0.05
2022-05-15,277.29,0.015174,0.05
2022-05-16,275.81,0.006193,0.05
2022-05-17,274.85,1.6e-05,0.05
2022-05-18,273.96,0.000541,0.05
2022-05-19,274.6,0.002741,0.05
2022-05-20,274.58,0.003337,0.05
2022-05-21,274.43,0.006838,0.05
2022-05-22,272.77,0.005693,0.05
2022-05-23,272.67,0.0082,0.05
2022-05-24,273.52,0.010247,0.05
2022-05-25,273.08,0.009254,0.05
2022-05-26,272.63,0.004485,0.05
2022-05-27,274.0,0.008309,0.05
2022-05-28,275.48,0.002766,0.05
2022-05-29,276.45,0.00982,0.05
2022-05-30,276.51,0.006531,0.05
2022-05-31,276.6,0.010428,0.05
2022-06-01,276.9,0.010379,0.05
2022-06-02,277.03,0.004251,0.05
2022-06-03,277.19,0.001272,0.05
2022-06-04,277.17,0.00323,0.05
2022-06-05,277.54,0.007312,0.05
2022-06-06,278.02,0.008858,0.05
2022-06-07,277.75,0.011466,0.05
2022-06-08,278.05,0.007705,0.05
2022-06-09,277.99,0.007342,0.05
2022-06-10,277.88,0.001967,0.05
2022-06-11,277.74,0.001143,0.05
2022-06-12,277.39,0.00308,0.05
2022-06-13,278.19,0.005013,0.05
2022-06-14,278.51,0.006214,0.05
2022-06-15,278.17,0.023061,0.05
2022-06-16,277.42,0.008181,0.05
2022-06-17,276.79,0.013182,0.05
2022-06-18,276.74,0.004027,0.05
2022-06-19,276.95,0.003411,0.05
2022-06-20,277.18,0.00439,0.05
2022-06-21,277.14,0.010485,0.05
2022-06-22,277.77,0.007363,0.05
2022-06-23,278.7,0.007449,0.05
2022-06-24,278.84,0.034088,0.05
2022-06-25,277.53,0.060787,0.05
2022-06-26,277.36,0.020783,0.05
2022-06-27,277.29,0.02687,0.05
2022-06-28,277.7,0.014925,0.05
2022-06-29,277.8,0.023056,0.05
2022-06-30,277.96,0.008223,0.05
2022-07-01,278.67,0.0131,0.05
2022-07-02,278.45,0.015462,0.05
2022-07-03,278.77,0.009364,0.05
2022-07-04,279.77,0.008283,0.05
2022-07-05,279.79,0.008309,0.05
2022-07-06,279.63,0.010086,0.05
2022-07-07,279.69,0.012949,0.05
2022-07-08,279.73,0.019,0.05
2022-07-09,278.39,0.011329,0.05
2022-07-10,278.5,0.01161,0.05
2022-07-11,278.9,0.015657,0.05
2022-07-12,278.99,0.012331,0.05
2022-07-13,279.09,0.015716,0.05
2022-07-14,278.03,0.008591,0.05
2022-07-15,278.45,0.008727,0.05
2022-07-16,279.14,0.01069,0.05
2022-07-17,279.44,0.010602,0.05
2022-07-18,279.49,0.017675,0.05
2022-07-19,279.1,0.016574,0.05
2022-07-20,278.24,0.033229,0.05
2022-07-21,278.45,0.016572,0.05
2022-07-22,277.91,0.02839,0.05
2022-07-23,277.14,0.021636,0.05
2022-07-24,277.3,0.013598,0.05
2022-07-25,277.34,0.015658,0.05
2022-07-26,277.53,0.017838,0.05
2022-07-27,277.75,0.011521,0.05
2022-07-28,278.22,0.011471,0.05
2022-07-29,278.13,0.009969,0.05
2022-07-30,278.36,0.018261,0.05
2022-07-31,277.44,0.067793,0.05
2022-08-01,278.03,0.01309,0.05
2022-08-02,278.21,0.012904,0.05
2022-08-03,278.79,0.014304,0.05
2022-08-04,278.23,0.019581,0.05
2022-08-05,279.13,0.020543,0.05
2022-08-06,277.75,0.018769,0.05
2022-08-07,278.14,0.007691,0.05
2022-08-08,278.86,0.010406,0.05
2022-08-09,279.77,0.004266,0.05
2022-08-10,279.14,0.016382,0.05
2022-08-11,278.61,0.008727,0.05
2022-08-12,279.48,0.006313,0.05
2022-08-13,279.42,0.019863,0.05
2022-08-14,277.76,0.016664,0.05
2022-08-15,278.06,0.00522,0.05
2022-08-16,278.41,0.004647,0.05
2022-08-17,278.82,0.005308,0.05
2022-08-18,279.45,0.01001,0.05
2022-08-19,278.32,0.013959,0.05
2022-08-20,278.12,0.007126,0.05
2022-08-21,278.14,0.01157,0.05
2022-08-22,278.22,0.007924,0.05
2022-08-23,278.42,0.008907,0.05
2022-08-24,278.53,0.006098,0.05
2022-08-25,279.36,0.008156,0.05
2022-08-26,279.21,0.016073,0.05
2022-08-27,278.75,0.016426,0.05
2022-08-28,278.33,0.017851,0.05
2022-08-29,278.14,0.009255,0.05
2022-08-30,278.44,0.00695,0.05
2022-08-31,278.39,0.012473,0.05
2022-09-01,277.64,0.014446,0.05
2022-09-02,278.02,0.012555,0.05
2022-09-03,277.67,0.006895,0.05
2022-09-04,277.22,0.002946,0.05
2022-09-05,277.56,0.00173,0.05
2022-09-06,277.79,0.006445,0.05
2022-09-07,277.41,0.015976,0.05
2022-09-08,277.5,0.011144,0.05
2022-09-09,276.93,0.012814,0.05
2022-09-10,276.68,0.010819,0.05
2022-09-11,276.52,0.008216,0.05
2022-09-12,276.99,0.0128,0.05
2022-09-13,276.63,0.005662,0.05
2022-09-14,277.19,0.008509,0.05
2022-09-15,277.0,0.005972,0.05
2022-09-16,277.04,0.006019,0.05
2022-09-17,276.35,0.023654,0.05
2022-09-18,276.34,0.008584,0.05
2022-09-19,276.64,0.006269,0.05
2022-09-20,276.67,0.007162,0.05
2022-09-21,276.64,0.003989,0.05
2022-09-22,276.54,0.001039,0.05
2022-09-23,276.51,0.001723,0.05
2022-09-24,276.45,0.004565,0.05
2022-09-25,276.14,0.003256,0.05
2022-09-26,276.06,0.002653,0.05
2022-09-27,275.78,0.001858,0.05
2022-09-28,275.57,0.001021,0.05
2022-09-29,275.34,0.000912,0.05
2022-09-30,275.32,0.003153,0.05
2022-10-01,275.39,0.002195,0.05
2022-10-02,275.74,0.002698,0.05
2022-10-03,276.41,0.00715,0.05
2022-10-04,275.92,0.026515,0.05
2022-10-05,275.02,0.015935,0.05
2022-10-06,274.31,0.008553,0.05
2022-10-07,274.79,0.002435,0.05
2022-10-08,274.93,0.003758,0.05
2022-10-09,274.5,0.002499,0.05
2022-10-10,275.0,0.003193,0.05
2022-10-11,274.42,0.007418,0.05
2022-10-12,273.4,0.004406,0.05
2022-10-13,272.35,0.000352,0.05
2022-10-14,271.78,0.000196,0.05
2022-10-15,272.25,0.000118,0.05
2022-10-16,271.3,2.4e-05,0.05
2022-10-17,271.03,4.3e-05,0.05
2022-10-18,269.58,3.2e-05,0.05
2022-10-19,268.12,0.000426,0.05
2022-10-20,268.52,0.000552,0.05
2022-10-21,269.24,0.000502,0.05
2022-10-22,268.78,0.000277,0.05
2022-10-23,268.41,0.000859,0.05
2022-10-24,270.11,0.001261,0.05
2022-10-25,272.74,0.000392,0.05
2022-10-26,270.66,0.000292,0.05
2022-10-27,271.96,0.000226,0.05
2022-10-28,270.57,0.000538,0.05
2022-10-29,270.09,0.000364,0.05
2022-10-30,271.14,0.00041,0.05
2022-10-31,271.47,0.000308,0.05
2022-11-01,270.23,0.000404,0.05
2022-11-02,268.66,0.000207,0.05
2022-11-03,269.27,0.000556,0.05
2022-11-04,269.9,7.7e-05,0.05
2022-11-05,269.62,0.000674,0.05
2022-11-06,269.25,5.1e-05,0.05
2022-11-07,270.39,0.000241,0.05
2022-11-08,270.32,9.6e-05,0.05
2022-11-09,269.17,0.000253,0.05
2022-11-10,268.42,0.00028,0.05
2022-11-11,266.82,0.000155,0.05
2022-11-12,267.19,9e-06,0.05
2022-11-13,269.03,4.3e-05,0.05
2022-11-14,269.22,3.7e-05,0.05
2022-11-15,267.94,9e-06,0.05
2022-11-16,267.91,0.000334,0.05
2022-11-17,267.22,0.00067,0.05
2022-11-18,269.08,0.000513,0.05
2022-11-19,270.6,4e-05,0.05
2022-11-20,269.87,3.8e-05,0.05
2022-11-21,270.87,1e-06,0.05
2022-11-22,270.83,0.0,0.05
2022-11-23,270.42,3e-06,0.05
2022-11-24,270.66,0.000327,0.05
2022-11-25,270.93,2e-06,0.05
2022-11-26,272.05,4.7e-05,0.05
2022-11-27,271.12,7.6e-05,0.05
2022-11-28,270.75,1e-06,0.05
2022-11-29,270.28,1e-06,0.05
2022-11-30,269.45,0.0,0.05
2022-12-01,268.43,1e-06,0.05
2022-12-02,270.15,1e-06,0.05
2022-12-03,268.5,0.0,0.05
2022-12-04,269.16,0.0,0.05
2022-12-05,268.21,4e-06,0.05
2022-12-06,268.26,1e-06,0.05
2022-12-07,268.35,9e-06,0.05
2022-12-08,268.03,3e-06,0.05
2022-12-09,269.17,3e-06,0.05
2022-12-10,269.02,2e-06,0.05
2022-12-11,270.64,1e-06,0.05
2022-12-12,271.59,2e-06,0.05
2022-12-13,270.36,-0.0,0.05
2022-12-14,270.05,1e-06,0.05
2022-12-15,269.67,2.7e-05,0.05
2022-12-16,268.54,1.3e-05,0.05
2022-12-17,268.26,0.000245,0.05
2022-12-18,267.48,0.000354,0.05
2022-12-19,268.05,0.000375,0.05
2022-12-20,270.16,7e-05,0.05
2022-12-21,268.86,4.1e-05,0.05
2022-12-22,266.0,1.5e-05,0.05
2022-12-23,267.2,9e-06,0.05
2022-12-24,263.58,0.000158,0.05
2022-12-25,263.58,1.7e-05,0.05
2022-12-26,262.11,0.000264,0.05
2022-12-27,262.58,5.2e-05,0.05
2022-12-28,265.76,5.9e-05,0.05
2022-12-29,267.41,0.000224,0.05
2022-12-30,265.69,0.000502,0.05
2022-12-31,264.96,0.000753,0.05
2023-01-01,265.13,0.000143,0.05
2023-01-02,264.07,1.5e-05,0.05
2023-01-03,264.53,1e-05,0.05
2023-01-04,262.89,0.0002,0.05
2023-01-05,263.35,0.000358,0.05
2023-01-06,263.96,0.000411,0.05
2023-01-07,265.59,3e-06,0.05
2023-01-08,265.76,1e-06,0.05
2023-01-09,266.25,1e-06,0.05
2023-01-10,264.55,5.2e-05,0.05
2023-01-11,265.92,1e-05,0.05
2023-01-12,264.15,9e-06,0.05
2023-01-13,265.14,2.7e-05,0.05
2023-01-14,265.93,4.2e-05,0.05
2023-01-15,264.85,3.1e-05,0.05
2023-01-16,263.27,2.4e-05,0.05
2023-01-17,260.76,2.4e-05,0.05
2023-01-18,263.46,2.6e-05,0.05
2023-01-19,263.64,0.000219,0.05
2023-01-20,263.62,0.000137,0.05
2023-01-21,264.7,2e-06,0.05
2023-01-22,265.85,0.0,0.05
2023-01-23,266.92,1e-06,0.05
2023-01-24,267.38,0.0,0.05
2023-01-25,267.93,1.1e-05,0.05
2023-01-26,268.75,2.8e-05,0.05
2023-01-27,269.25,4e-06,0.05
2023-01-28,270.17,1e-06,0.05
2023-01-29,269.78,1.1e-05,0.05
2023-01-30,269.16,0.000186,0.05
2023-01-31,266.61,0.000274,0.05
2023-02-01,265.02,0.000266,0.05
2023-02-02,265.96,1.8e-05,0.05
2023-02-03,265.59,7.3e-05,0.05
2023-02-04,266.2,0.000611,0.05
2023-02-05,267.4,0.000866,0.05
2023-02-06,265.64,0.000449,0.05
2023-02-07,263.49,0.00135,0.05
2023-02-08,265.43,0.000255,0.05
2023-02-09,267.09,0.000373,0.05
2023-02-10,267.41,0.000129,0.05
2023-02-11,267.0,5e-05,0.05
2023-02-12,265.07,6.7e-05,0.05
2023-02-13,268.58,3.6e-05,0.05
2023-02-14,269.42,4.7e-05,0.05
2023-02-15,268.4,0.000712,0.05
2023-02-16,268.11,0.003977,0.05
2023-02-17,269.74,0.00051,0.05
2023-02-18,270.69,0.000458,0.05
2023-02-19,270.67,0.000372,0.05
2023-02-20,270.46,0.000689,0.05
2023-02-21,267.95,0.001568,0.05
2023-02-22,266.01,4.6e-05,0.05
2023-02-23,265.19,1.2e-05,0.05
2023-02-24,266.42,0.000292,0.05
2023-02-25,266.1,0.001378,0.05
2023-02-26,264.2,0.000693,0.05
2023-02-27,264.2,0.000559,0.05
2023-02-28,265.55,0.000196,0.05
2023-03-01,265.95,0.000329,0.05
2023-03-02,266.32,0.000839,0.05
2023-03-03,267.57,0.00119,0.05
2023-03-04,267.47,0.000277,0.05
2023-03-05,267.44,0.000797,0.05
2023-03-06,266.97,0.00044,0.05
2023-03-07,268.07,0.000228,0.05
2023-03-08,265.38,0.011162,0.05
2023-03-09,263.16,0.000309,0.05
2023-03-10,264.31,0.002202,0.05
2023-03-11,264.68,0.002213,0.05
2023-03-12,266.53,0.001568,0.05
2023-03-13,266.46,0.000384,0.05
2023-03-14,266.01,0.000556,0.05
2023-03-15,265.43,0.000352,0.05
2023-03-16,266.42,0.001729,0.05
2023-03-17,266.54,0.002933,0.05
2023-03-18,266.72,0.004416,0.05
2023-03-19,266.5,0.003507,0.05
2023-03-20,266.54,0.009594,0.05
2023-03-21,263.96,0.005651,0.05
2023-03-22,261.77,0.000295,0.05
2023-03-23,263.5,0.001071,0.05
2023-03-24,265.39,0.001734,0.05
2023-03-25,266.54,0.001182,0.05
2023-03-26,265.32,0.000234,0.05
2023-03-27,264.4,0.000344,0.05
2023-03-28,265.05,0.000804,0.05
2023-03-29,265.87,0.001367,0.05
2023-03-30,266.38,0.001655,0.05
2023-03-31,267.1,0.006476,0.05
2023-04-01,265.35,0.007276,0.05
2023-04-02,263.89,0.001819,0.05
2023-04-03,265.64,0.00103,0.05
2023-04-04,266.52,0.000429,0.05
2023-04-05,265.51,4.6e-05,0.05
2023-04-06,265.98,8.2e-05,0.05
2023-04-07,266.82,0.001085,0.05
2023-04-08,268.25,0.001129,0.05
2023-04-09,267.37,0.002727,0.05
2023-04-10,267.41,0.000491,0.05
2023-04-11,268.55,0.000146,0.05
2023-04-12,269.46,0.000675,0.05
2023-04-13,269.83,0.001539,0.05
2023-04-14,270.78,0.000663,0.05
2023-04-15,271.52,0.000578,0.05
2023-04-16,270.76,0.001656,0.05
2023-04-17,271.58,0.001179,0.05
2023-04-18,271.79,0.001135,0.05
2023-04-19,271.41,0.000433,0.05
2023-04-20,270.91,0.001334,0.05
2023-04-21,269.23,0.002277,0.05
2023-04-22,267.66,0.00324,0.05
2023-04-23,267.55,0.001898,0.05
2023-04-24,267.41,0.005901,0.05
2023-04-25,267.06,0.003807,0.05
2023-04-26,269.0,0.001421,0.05
2023-04-27,269.26,0.002789,0.05
2023-04-28,269.85,0.002371,0.05
2023-04-29,270.18,0.003502,0.05
2023-04-30,270.43,0.011589,0.05
2023-05-01,268.8,0.010924,0.05
2023-05-02,267.91,0.003823,0.05
2023-05-03,269.61,0.008282,0.05
2023-05-04,268.12,0.006184,0.05
2023-05-05,269.06,0.00015,0.05
2023-05-06,269.99,0.000671,0.05
2023-05-07,269.99,0.000723,0.05
2023-05-08,269.57,0.001504,0.05
2023-05-09,269.5,5.4e-05,0.05
2023-05-10,269.23,0.000224,0.05
2023-05-11,269.53,0.003101,0.05
2023-05-12,270.31,0.002138,0.05
2023-05-13,271.68,0.002512,0.05
2023-05-14,272.33,0.006079,0.05
2023-05-15,271.53,0.002557,0.05
2023-05-16,271.75,0.004058,0.05
2023-05-17,272.97,0.005158,0.05
2023-05-18,273.69,0.004468,0.05
2023-05-19,271.98,0.002798,0.05
2023-05-20,271.78,0.002181,0.05
2023-05-21,272.43,0.003624,0.05
2023-05-22,274.3,0.002251,0.05
2023-05-23,273.44,0.005133,0.05
2023-05-24,274.68,0.006868,0.05
2023-05-25,273.25,0.006605,0.05
2023-05-26,272.7,0.00417,0.05
2023-05-27,272.73,0.005391,0.05
2023-05-28,273.17,0.003035,0.05
2023-05-29,274.77,0.004421,0.05
2023-05-30,275.47,0.00177,0.05
2023-05-31,275.81,0.001215,0.05
2023-06-01,275.64,0.001043,0.05
2023-06-02,274.46,0.002668,0.05
2023-06-03,273.85,0.001451,0.05
2023-06-04,275.45,0.001375,0.05
2023-06-05,274.92,0.003477,0.05
2023-06-06,274.33,0.00383,0.05
2023-06-07,275.02,0.002265,0.05
2023-06-08,275.6,0.003628,0.05
2023-06-09,276.6,0.003243,0.05
2023-06-10,276.88,0.005178,0.05
2023-06-11,277.44,0.00508,0.05
2023-06-12,277.81,0.006258,0.05
2023-06-13,277.54,0.006951,0.05
2023-06-14,277.29,0.031908,0.05
2023-06-15,276.43,0.001198,0.05
2023-06-16,276.93,0.000347,0.05
2023-06-17,277.2,0.003157,0.05
2023-06-18,277.98,0.003536,0.05
2023-06-19,277.63,0.004738,0.05
2023-06-20,278.11,0.005612,0.05
2023-06-21,278.83,0.007028,0.05
2023-06-22,279.47,0.006534,0.05
2023-06-23,279.98,0.01982,0.05
2023-06-24,279.1,0.012813,0.05
2023-06-25,278.65,0.016427,0.05
2023-06-26,278.06,0.01158,0.05
2023-06-27,278.19,0.008991,0.05
2023-06-28,278.31,0.010389,0.05
2023-06-29,278.03,0.014636,0.05
2023-06-30,277.76,0.012878,0.05
2023-07-01,278.05,0.010075,0.05
2023-07-02,278.62,0.007672,0.05
2023-07-03,278.47,0.019936,0.05
2023-07-04,277.83,0.01404,0.05
2023-07-05,277.57,0.007957,0.05
2023-07-06,278.45,0.007307,0.05
2023-07-07,278.78,0.012692,0.05
2023-07-08,279.11,0.017485,0.05
2023-07-09,279.27,0.016074,0.05
2023-07-10,279.22,0.007062,0.05
2023-07-11,279.27,0.00748,0.05
2023-07-12,278.63,0.023982,0.05
2023-07-13,278.78,0.011742,0.05
2023-07-14,278.76,0.014372,0.05
2023-07-15,279.31,0.023527,0.05
2023-07-16,279.25,0.025341,0.05
2023-07-17,278.57,0.031996,0.05
2023-07-18,277.31,0.025066,0.05
2023-07-19,278.04,0.013587,0.05
2023-07-20,279.29,0.013241,0.05
2023-07-21,278.88,0.014267,0.05
2023-07-22,278.59,0.010033,0.05
2023-07-23,278.12,0.016799,0.05
2023-07-24,277.6,0.011047,0.05
2023-07-25,277.89,0.017873,0.05
2023-07-26,278.28,0.009992,0.05
2023-07-27,278.61,0.010697,0.05
2023-07-28,278.9,0.011001,0.05
2023-07-29,278.68,0.018278,0.05
2023-07-30,279.03,0.006527,0.05
2023-07-31,279.39,0.01195,0.05
2023-08-01,279.57,0.013082,0.05
2023-08-02,279.53,0.012233,0.05
2023-08-03,279.43,0.009581,0.05
2023-08-04,278.98,0.009301,0.05
2023-08-05,279.09,0.019278,0.05
2023-08-06,278.85,0.009831,0.05
2023-08-07,279.08,0.027104,0.05
2023-08-08,278.17,0.020358,0.05
2023-08-09,278.88,0.011861,0.05
2023-08-10,279.19,0.00866,0.05
2023-08-11,279.45,0.009328,0.05
2023-08-12,279.53,0.015047,0.05
2023-08-13,278.37,0.033078,0.05
2023-08-14,278.47,0.009036,0.05
2023-08-15,279.23,0.007024,0.05
2023-08-16,279.31,0.007696,0.05
2023-08-17,279.01,0.019829,0.05
2023-08-18,279.26,0.009406,0.05
2023-08-19,279.64,0.010764,0.05
2023-08-20,279.52,0.02547,0.05
2023-08-21,278.86,0.013376,0.05
2023-08-22,278.93,0.00816,0.05
2023-08-23,278.27,0.017031,0.05
2023-08-24,277.66,0.057904,0.05
2023-08-25,277.39,0.035807,0.05
2023-08-26,277.35,0.019485,0.05
2023-08-27,277.51,0.006276,0.05
2023-08-28,276.9,0.016679,0.05
2023-08-29,277.53,0.005419,0.05
2023-08-30,278.5,0.007026,0.05
2023-08-31,278.66,0.008328,0.05
2023-09-01,278.9,0.005356,0.05
2023-09-02,278.73,0.003173,0.05
2023-09-03,277.84,0.00564,0.05
2023-09-04,276.79,0.007423,0.05
2023-09-05,276.53,0.005353,0.05
2023-09-06,276.97,0.004521,0.05
2023-09-07,277.61,0.00737,0.05
2023-09-08,277.99,0.007482,0.05
2023-09-09,277.48,0.006784,0.05
2023-09-10,277.6,0.007769,0.05
2023-09-11,278.27,0.006142,0.05
2023-09-12,278.45,0.010046,0.05
2023-09-13,278.37,0.008801,0.05
2023-09-14,278.35,0.003518,0.05
2023-09-15,277.65,0.005216,0.05
2023-09-16,276.78,0.001965,0.05
2023-09-17,276.72,0.004748,0.05
2023-09-18,276.66,0.009079,0.05
2023-09-19,276.9,0.008039,0.05
2023-09-20,277.43,0.010565,0.05
2023-09-21,277.22,0.018209,0.05
2023-09-22,276.68,0.011382,0.05
2023-09-23,275.62,0.015846,0.05
2023-09-24,276.02,0.005184,0.05
2023-09-25,275.58,0.002504,0.05
2023-09-26,276.11,0.001855,0.05
2023-09-27,276.18,0.001147,0.05
2023-09-28,276.15,0.003374,0.05
2023-09-29,276.03,0.004814,0.05
2023-09-30,276.38,0.008028,0.05
2023-10-01,276.91,0.012368,0.05
2023-10-02,276.73,0.010942,0.05
2023-10-03,276.4,0.008932,0.05
2023-10-04,276.2,0.014122,0.05
2023-10-05,275.81,0.002437,0.05
2023-10-06,275.12,0.001473,0.05
2023-10-07,275.46,0.000612,0.05
2023-10-08,275.44,0.001132,0.05
2023-10-09,275.86,0.000772,0.05
2023-10-10,274.1,0.001159,0.05
2023-10-11,273.22,0.000344,0.05
2023-10-12,272.96,0.002658,0.05
2023-10-13,272.39,0.001235,0.05
2023-10-14,272.55,0.000891,0.05
2023-10-15,272.29,0.000482,0.05
2023-10-16,271.35,0.000683,0.05
2023-10-17,269.71,0.003886,0.05
2023-10-18,268.81,0.000784,0.05
2023-10-19,268.99,0.000587,0.05
2023-10-20,269.65,0.000238,0.05
2023-10-21,270.33,0.000989,0.05
2023-10-22,270.09,0.000811,0.05
2023-10-23,269.31,0.000837,0.05
2023-10-24,269.05,0.000912,0.05
2023-10-25,269.19,0.00074,0.05
2023-10-26,269.66,0.001766,0.05
2023-10-27,269.95,0.000782,0.05
2023-10-28,271.05,0.001434,0.05
2023-10-29,271.18,0.000534,0.05
2023-10-30,270.0,0.000709,0.05
2023-10-31,270.33,0.000438,0.05
2023-11-01,270.24,0.000131,0.05
2023-11-02,269.77,0.000115,0.05
2023-11-03,268.5,7.8e-05,0.05
2023-11-04,267.69,0.000161,0.05
2023-11-05,268.76,0.000533,0.05
2023-11-06,269.17,0.000211,0.05
2023-11-07,268.51,0.001169,0.05
2023-11-08,267.95,0.000601,0.05
2023-11-09,269.31,0.000388,0.05
2023-11-10,269.16,0.000143,0.05
2023-11-11,267.59,0.000438,0.05
2023-11-12,268.41,0.001582,0.05
2023-11-13,269.58,0.000124,0.05
2023-11-14,270.36,0.000377,0.05
2023-11-15,270.36,0.000456,0.05
2023-11-16,270.35,0.000355,0.05
2023-11-17,269.36,0.000377,0.05
2023-11-18,270.35,9e-05,0.05
2023-11-19,272.25,6.9e-05,0.05
2023-11-20,270.67,3e-05,0.05
2023-11-21,268.62,0.000126,0.05
2023-11-22,268.49,0.000217,0.05
2023-11-23,267.86,0.000464,0.05
2023-11-24,267.54,0.000461,0.05
2023-11-25,268.25,0.000178,0.05
2023-11-26,270.5,2e-06,0.05
2023-11-27,270.66,0.000247,0.05
2023-11-28,267.66,0.003154,0.05
2023-11-29,265.84,0.000238,0.05
2023-11-30,266.06,0.000177,0.05
2023-12-01,266.47,0.000266,0.05
2023-12-02,265.82,9e-06,0.05
2023-12-03,267.01,1e-06,0.05
2023-12-04,267.49,0.002157,0.05
2023-12-05,267.93,0.0002,0.05
2023-12-06,269.35,0.000173,0.05
2023-12-07,268.03,0.00321,0.05
2023-12-08,266.42,6.5e-05,0.05
2023-12-09,266.79,1.5e-05,0.05
2023-12-10,266.7,0.00012,0.05
2023-12-11,266.26,0.000236,0.05
2023-12-12,263.29,0.001098,0.05
2023-12-13,261.89,0.000111,0.05
2023-12-14,267.18,1.1e-05,0.05
2023-12-15,271.14,2e-06,0.05
2023-12-16,270.21,8e-06,0.05
2023-12-17,267.07,2e-06,0.05
2023-12-18,266.35,2e-06,0.05
2023-12-19,268.15,8.9e-05,0.05
2023-12-20,268.8,1.4e-05,0.05
2023-12-21,268.72,7e-06,0.05
2023-12-22,270.48,2.7e-05,0.05
2023-12-23,267.77,0.000846,0.05
2023-12-24,265.54,0.001846,0.05
2023-12-25,266.22,0.000116,0.05
2023-12-26,267.5,3.7e-05,0.05
2023-12-27,265.94,0.000717,0.05
2023-12-28,266.04,0.001661,0.05
2023-12-29,264.69,0.000183,0.05
2023-12-30,264.15,0.000206,0.05
2023-12-31,263.12,0.000127,0.05
2024-01-01,262.0,1.4e-05,0.05
2024-01-02,261.87,7.1e-05,0.05
2024-01-03,261.2,2.1e-05,0.05
2024-01-04,261.5,0.00012,0.05
2024-01-05,262.33,0.000442,0.05
2024-01-06,262.0,0.00045,0.05
2024-01-07,262.91,0.000632,0.05
2024-01-08,264.92,0.000254,0.05
2024-01-09,265.68,3.5e-05,0.05
2024-01-10,265.93,2.6e-05,0.05
2024-01-11,266.29,2e-06,0.05
2024-01-12,266.41,1.7e-05,0.05
2024-01-13,267.96,0.000192,0.05
2024-01-14,265.94,0.000193,0.05
2024-01-15,263.4,0.004721,0.05
2024-01-16,261.9,0.001632,0.05
2024-01-17,260.31,0.000234,0.05
2024-01-18,260.59,2.5e-05,0.05
2024-01-19,263.52,0.000118,0.05
2024-01-20,263.25,0.000293,0.05
2024-01-21,262.52,0.000786,0.05
2024-01-22,264.97,0.000146,0.05
2024-01-23,261.54,0.000779,0.05
2024-01-24,260.12,0.000496,0.05
2024-01-25,260.12,6.6e-05,0.05
2024-01-26,259.9,0.001321,0.05
2024-01-27,261.89,0.000551,0.05
2024-01-28,263.61,0.000255,0.05
2024-01-29,262.86,0.000834,0.05
2024-01-30,262.68,0.00093,0.05
2024-01-31,262.71,0.000358,0.05
2024-02-01,261.49,0.001322,0.05
2024-02-02,260.58,9.6e-05,0.05
2024-02-03,263.43,3.4e-05,0.05
2024-02-04,263.88,0.001684,0.05
2024-02-05,262.76,0.000261,0.05
2024-02-06,262.29,9.2e-05,0.05
2024-02-07,264.13,0.000249,0.05
2024-02-08,264.54,0.000234,0.05
2024-02-09,263.85,0.000205,0.05
2024-02-10,263.08,0.000342,0.05
2024-02-11,262.28,0.000223,0.05
2024-02-12,263.94,1e-05,0.05
2024-02-13,264.59,0.000299,0.05
2024-02-14,263.76,0.003821,0.05
2024-02-15,263.41,0.001134,0.05
2024-02-16,264.74,0.000397,0.05
2024-02-17,266.4,0.00029,0.05
2024-02-18,266.89,0.000748,0.05
2024-02-19,266.27,0.000522,0.05
2024-02-20,264.13,0.000608,0.05
2024-02-21,262.5,0.001074,0.05
2024-02-22,261.07,0.002997,0.05
2024-02-23,259.12,0.000692,0.05
2024-02-24,259.28,0.000204,0.05
2024-02-25,262.27,8.1e-05,0.05
2024-02-26,266.3,6e-05,0.05
2024-02-27,265.46,0.000774,0.05
2024-02-28,265.22,0.000249,0.05
2024-02-29,266.27,0.000173,0.05
2024-03-01,268.5,0.000148,0.05
2024-03-02,267.67,0.002022,0.05
2024-03-03,265.86,0.014365,0.05
2024-03-04,261.99,8.8e-05,0.05
2024-03-05,262.28,1.6e-05,0.05
2024-03-06,263.13,0.000195,0.05
2024-03-07,262.19,0.000169,0.05
2024-03-08,263.23,0.000301,0.05
2024-03-09,264.74,0.000332,0.05
2024-03-10,268.1,0.000232,0.05
2024-03-11,268.0,0.000273,0.05
2024-03-12,266.45,1.8e-05,0.05
2024-03-13,265.81,0.001275,0.05
2024-03-14,265.22,1.7e-05,0.05
2024-03-15,265.5,0.000691,0.05
2024-03-16,265.15,8.6e-05,0.05
2024-03-17,265.71,2.8e-05,0.05
2024-03-18,265.36,0.000559,0.05
2024-03-19,264.95,0.003158,0.05
2024-03-20,266.25,0.011727,0.05
2024-03-21,266.03,0.008634,0.05
2024-03-22,266.59,0.001321,0.05
2024-03-23,264.5,0.003329,0.05
2024-03-24,267.32,0.000478,0.05
2024-03-25,265.54,0.00079,0.05
2024-03-26,267.02,0.001332,0.05
2024-03-27,269.23,0.004315,0.05
2024-03-28,271.06,0.002721,0.05
2024-03-29,271.61,0.002877,0.05
2024-03-30,270.8,0.000957,0.05
2024-03-31,269.04,3e-05,0.05
2024-04-01,269.86,0.000126,0.05
2024-04-02,270.45,0.000346,0.05
2024-04-03,269.67,0.000985,0.05
2024-04-04,269.74,0.000526,0.05
2024-04-05,269.43,0.000264,0.05
2024-04-06,268.68,0.001388,0.05
2024-04-07,268.47,0.001029,0.05
2024-04-08,267.24,0.003481,0.05
2024-04-09,266.78,0.000482,0.05
2024-04-10,266.85,0.001197,0.05
2024-04-11,267.56,0.001694,0.05
2024-04-12,268.85,0.003262,0.05
2024-04-13,269.74,0.003669,0.05
2024-04-14,270.76,0.001662,0.05
2024-04-15,272.8,0.002315,0.05
2024-04-16,272.29,0.003557,0.05
2024-04-17,273.11,0.000387,0.05
2024-04-18,273.47,0.004764,0.05
2024-04-19,273.31,0.002594,0.05
2024-04-20,272.24,0.000132,0.05
2024-04-21,272.57,1e-06,0.05
2024-04-22,272.04,3.3e-05,0.05
2024-04-23,270.45,0.000594,0.05
2024-04-24,270.41,0.001205,0.05
2024-04-25,271.59,2.3e-05,0.05
2024-04-26,271.94,0.00055,0.05
2024-04-27,272.31,0.000202,0.05
2024-04-28,272.55,0.000231,0.05
2024-04-29,273.07,0.000186,0.05
2024-04-30,272.76,1e-06,0.05
2024-05-01,269.97,0.00116,0.05
2024-05-02,269.75,3.5e-05,0.05
2024-05-03,273.48,0.000551,0.05
2024-05-04,272.81,0.000916,0.05
2024-05-05,272.01,0.004666,0.05
2024-05-06,272.19,0.004725,0.05
2024-05-07,271.6,0.010451,0.05
2024-05-08,271.25,0.008443,0.05
2024-05-09,271.47,0.007661,0.05
2024-05-10,271.92,0.004331,0.05
2024-05-11,273.91,0.006454,0.05
2024-05-12,272.23,0.009382,0.05
2024-05-13,273.29,0.004402,0.05
2024-05-14,274.01,0.001475,0.05
2024-05-15,274.25,0.001494,0.05
2024-05-16,274.73,0.001416,0.05
2024-05-17,275.66,0.002969,0.05
2024-05-18,275.25,0.001213,0.05
2024-05-19,274.96,0.007171,0.05
2024-05-20,275.35,0.011218,0.05
2024-05-21,275.34,0.009252,0.05
2024-05-22,275.47,0.011816,0.05
2024-05-23,275.57,0.010316,0.05
2024-05-24,276.55,0.008307,0.05
2024-05-25,277.44,0.010582,0.05
2024-05-26,277.85,0.015091,0.05
2024-05-27,278.31,0.009341,0.05
2024-05-28,277.88,0.01058,0.05
2024-05-29,276.81,0.000293,0.05
2024-05-30,277.01,0.000138,0.05
2024-05-31,277.0,0.001207,0.05
2024-06-01,276.23,0.000234,0.05
2024-06-02,276.13,0.001742,0.05
2024-06-03,276.03,0.004765,0.05
2024-06-04,275.81,0.002598,0.05
2024-06-05,276.54,0.001068,0.05
2024-06-06,277.38,0.001088,0.05
2024-06-07,277.28,0.001432,0.05
2024-06-08,277.88,0.001657,0.05
2024-06-09,278.9,0.001237,0.05
2024-06-10,279.9,0.000443,0.05
2024-06-11,279.45,0.004831,0.05
2024-06-12,279.01,0.00448,0.05
2024-06-13,279.24,0.001356,0.05
2024-06-14,279.43,0.00199,0.05
2024-06-15,279.53,0.000737,0.05
2024-06-16,279.61,0.005973,0.05
2024-06-17,279.9,0.011513,0.05
2024-06-18,279.42,0.017558,0.05
2024-06-19,278.35,0.056165,0.05
2024-06-20,277.95,0.007829,0.05
2024-06-21,278.35,0.005425,0.05
2024-06-22,278.54,0.009915,0.05
2024-06-23,279.32,0.008529,0.05
2024-06-24,279.48,0.008026,0.05
2024-06-25,279.86,0.009497,0.05
2024-06-26,278.03,0.049116,0.05
2024-06-27,278.69,0.010898,0.05
2024-06-28,279.26,0.011859,0.05
2024-06-29,278.92,0.028572,0.05
2024-06-30,279.2,0.031959,0.05
2024-07-01,279.76,0.022469,0.05
2024-07-02,279.4,0.023837,0.05
2024-07-03,279.14,0.021236,0.05
2024-07-04,279.3,0.015493,0.05
2024-07-05,278.79,0.035831,0.05
2024-07-06,277.31,0.053201,0.05
2024-07-07,277.76,0.007854,0.05
2024-07-08,278.52,0.003618,0.05
2024-07-09,279.58,0.007933,0.05
2024-07-10,279.47,0.017498,0.05
2024-07-11,279.46,0.094706,0.05
2024-07-12,277.74,0.033132,0.05
2024-07-13,278.48,0.007464,0.05
2024-07-14,279.21,0.013794,0.05
2024-07-15,280.09,0.017732,0.05
2024-07-16,279.69,0.021861,0.05
2024-07-17,279.14,0.014513,0.05
2024-07-18,280.09,0.032783,0.05
2024-07-19,279.31,0.024434,0.05
2024-07-20,280.11,0.017214,0.05
2024-07-21,279.46,0.023352,0.05
2024-07-22,279.62,0.012401,0.05
2024-07-23,279.64,0.016734,0.05
2024-07-24,280.11,0.011802,0.05
2024-07-25,280.11,0.014437,0.05
2024-07-26,280.14,0.009831,0.05
2024-07-27,280.67,0.017716,0.05
2024-07-28,280.91,0.022666,0.05
2024-07-29,280.59,0.025706,0.05
2024-07-30,280.71,0.017965,0.05
2024-07-31,279.7,0.012752,0.05
2024-08-01,279.27,0.011113,0.05
2024-08-02,279.04,0.018118,0.05
2024-08-03,279.0,0.014288,0.05
2024-08-04,278.91,0.007286,0.05
2024-08-05,279.36,0.020104,0.05
2024-08-06,277.86,0.062809,0.05
2024-08-07,278.02,0.024212,0.05
2024-08-08,277.81,0.018169,0.05
2024-08-09,277.87,0.014826,0.05
2024-08-10,277.81,0.015386,0.05
2024-08-11,277.65,0.018734,0.05
2024-08-12,278.65,0.007565,0.05
2024-08-13,278.95,0.018873,0.05
2024-08-14,278.48,0.019875,0.05
2024-08-15,279.22,0.023768,0.05
2024-08-16,278.96,0.013869,0.05
2024-08-17,278.94,0.009063,0.05
2024-08-18,278.63,0.010127,0.05
2024-08-19,278.43,0.01781,0.05
2024-08-20,278.11,0.014398,0.05
2024-08-21,278.08,0.010264,0.05
2024-08-22,278.11,0.008439,0.05
2024-08-23,278.02,0.012037,0.05
2024-08-24,278.2,0.011559,0.05
2024-08-25,277.93,0.007136,0.05
2024-08-26,277.57,0.006911,0.05
2024-08-27,277.85,0.01149,0.05
2024-08-28,277.92,0.007716,0.05
2024-08-29,277.32,0.008416,0.05
2024-08-30,277.89,0.005387,0.05
2024-08-31,279.22,0.009815,0.05
2024-09-01,277.93,0.037519,0.05
2024-09-02,277.88,0.010713,0.05
2024-09-03,277.86,0.011767,0.05
2024-09-04,277.98,0.017562,0.05
2024-09-05,278.0,0.017832,0.05
2024-09-06,278.05,0.014446,0.05
2024-09-07,278.17,0.012173,0.05
2024-09-08,278.22,0.007692,0.05
2024-09-09,278.29,0.006634,0.05
2024-09-10,278.24,0.003132,0.05
2024-09-11,278.17,0.008147,0.05
2024-09-12,277.5,0.010794,0.05
2024-09-13,277.5,0.008077,0.05
2024-09-14,277.21,0.013443,0.05
2024-09-15,276.99,0.014289,0.05
2024-09-16,276.59,0.012695,0.05
2024-09-17,276.77,0.003765,0.05
2024-09-18,277.1,0.00315,0.05
2024-09-19,278.25,0.00621,0.05
2024-09-20,278.27,0.013495,0.05
2024-09-21,277.63,0.009667,0.05
2024-09-22,277.45,0.003075,0.05
2024-09-23,277.73,0.007235,0.05
2024-09-24,277.77,0.018543,0.05
2024-09-25,277.16,0.014604,0.05
2024-09-26,276.16,0.060666,0.05
2024-09-27,275.52,0.064472,0.05
2024-09-28,275.3,0.036436,0.05
2024-09-29,276.05,0.003068,0.05
2024-09-30,277.21,0.000525,0.05
2024-10-01,277.65,0.000906,0.05
2024-10-02,277.06,0.013149,0.05
2024-10-03,275.53,0.024444,0.05
2024-10-04,275.97,0.000833,0.05
2024-10-05,275.02,0.010435,0.05
2024-10-06,274.77,0.003027,0.05
2024-10-07,273.95,0.000354,0.05
2024-10-08,274.37,0.000207,0.05
2024-10-09,273.87,0.000217,0.05
2024-10-10,273.98,0.000323,0.05
2024-10-11,273.26,4e-06,0.05
2024-10-12,272.59,0.000128,0.05
2024-10-13,272.63,0.000148,0.05
2024-10-14,273.3,0.000552,0.05
2024-10-15,272.46,0.001209,0.05
2024-10-16,272.68,0.001164,0.05
2024-10-17,272.41,0.002069,0.05
2024-10-18,270.89,0.000271,0.05
2024-10-19,270.64,0.000445,0.05
2024-10-20,270.36,0.000549,0.05
2024-10-21,270.75,0.003028,0.05
2024-10-22,270.62,0.000571,0.05
2024-10-23,270.81,0.000901,0.05
2024-10-24,272.66,0.000403,0.05
2024-10-25,273.78,0.000963,0.05
2024-10-26,273.89,0.000479,0.05
2024-10-27,274.51,0.000698,0.05
2024-10-28,274.42,0.0,0.05
2024-10-29,273.9,2.7e-05,0.05
2024-10-30,274.71,0.000572,0.05
